Copyright 1986-2022 Xilinx, Inc. All Rights Reserved. Copyright 2022-2024 Advanced Micro Devices, Inc. All Rights Reserved.
---------------------------------------------------------------------------------------------------------------------------------------------------------------------------
| Tool Version : Vivado v.2024.1 (win64) Build 5076996 Wed May 22 18:37:14 MDT 2024
| Date         : Tue Sep 15 22:57:53 2026
| Host         : SRIKARVELA8715 running 64-bit major release  (build 9200)
| Command      : report_timing_summary -max_paths 20 -report_unconstrained -file C:/work/ptp-timestamping-unit/synth/reports/xc7z020clg400-1/post_route_timing_summary.rpt
| Design       : ptp_tsu_top
| Device       : 7z020-clg400
| Speed File   : -1  PRODUCTION 1.12 2019-11-22
| Design State : Routed
---------------------------------------------------------------------------------------------------------------------------------------------------------------------------

Timing Summary Report

------------------------------------------------------------------------------------------------
| Timer Settings
| --------------
------------------------------------------------------------------------------------------------

  Enable Multi Corner Analysis               :  Yes
  Enable Pessimism Removal                   :  Yes
  Pessimism Removal Resolution               :  Nearest Common Node
  Enable Input Delay Default Clock           :  No
  Enable Preset / Clear Arcs                 :  No
  Disable Flight Delays                      :  No
  Ignore I/O Paths                           :  No
  Timing Early Launch at Borrowing Latches   :  No
  Borrow Time for Max Delay Exceptions       :  Yes
  Merge Timing Exceptions                    :  Yes
  Inter-SLR Compensation                     :  Conservative

  Corner  Analyze    Analyze    
  Name    Max Paths  Min Paths  
  ------  ---------  ---------  
  Slow    Yes        Yes        
  Fast    Yes        Yes        


------------------------------------------------------------------------------------------------
| Report Methodology
| ------------------
------------------------------------------------------------------------------------------------

Rule       Severity  Description                    Violations  
---------  --------  -----------------------------  ----------  
TIMING-16  Warning   Large setup violation          110         
TIMING-18  Warning   Missing input or output delay  183         

Note: This report is based on the most recent report_methodology run and may not be up-to-date. Run report_methodology on the current design for the latest report.



check_timing report

Table of Contents
-----------------
1. checking no_clock (0)
2. checking constant_clock (0)
3. checking pulse_width_clock (0)
4. checking unconstrained_internal_endpoints (0)
5. checking no_input_delay (65)
6. checking no_output_delay (118)
7. checking multiple_clock (0)
8. checking generated_clocks (0)
9. checking loops (0)
10. checking partial_input_delay (0)
11. checking partial_output_delay (0)
12. checking latch_loops (0)

1. checking no_clock (0)
------------------------
 There are 0 register/latch pins with no clock.


2. checking constant_clock (0)
------------------------------
 There are 0 register/latch pins with constant_clock.


3. checking pulse_width_clock (0)
---------------------------------
 There are 0 register/latch pins which need pulse_width check


4. checking unconstrained_internal_endpoints (0)
------------------------------------------------
 There are 0 pins that are not constrained for maximum delay.

 There are 0 pins that are not constrained for maximum delay due to constant clock.


5. checking no_input_delay (65)
-------------------------------
 There are 65 input ports with no input delay specified. (HIGH)

 There are 0 input ports with no input delay but user has a false path constraint.


6. checking no_output_delay (118)
---------------------------------
 There are 118 ports with no output delay specified. (HIGH)

 There are 0 ports with no output delay but user has a false path constraint

 There are 0 ports with no output delay but with a timing clock defined on it or propagating through it


7. checking multiple_clock (0)
------------------------------
 There are 0 register/latch pins with multiple clocks.


8. checking generated_clocks (0)
--------------------------------
 There are 0 generated clocks that are not connected to a clock source.


9. checking loops (0)
---------------------
 There are 0 combinational loops in the design.


10. checking partial_input_delay (0)
------------------------------------
 There are 0 input ports with partial input delay specified.


11. checking partial_output_delay (0)
-------------------------------------
 There are 0 ports with partial output delay specified.


12. checking latch_loops (0)
----------------------------
 There are 0 combinational latch loops in the design through latch input



------------------------------------------------------------------------------------------------
| Design Timing Summary
| ---------------------
------------------------------------------------------------------------------------------------

    WNS(ns)      TNS(ns)  TNS Failing Endpoints  TNS Total Endpoints      WHS(ns)      THS(ns)  THS Failing Endpoints  THS Total Endpoints     WPWS(ns)     TPWS(ns)  TPWS Failing Endpoints  TPWS Total Endpoints  
    -------      -------  ---------------------  -------------------      -------      -------  ---------------------  -------------------     --------     --------  ----------------------  --------------------  
     -1.701     -160.607                    150                 4043        0.097        0.000                      0                 3886        1.950        0.000                       0                  1669  


Timing constraints are not met.


------------------------------------------------------------------------------------------------
| Clock Summary
| -------------
------------------------------------------------------------------------------------------------

Clock    Waveform(ns)         Period(ns)      Frequency(MHz)
-----    ------------         ----------      --------------
aclk     {0.000 5.000}        10.000          100.000         
net_clk  {0.000 3.200}        6.400           156.250         


------------------------------------------------------------------------------------------------
| Intra Clock Table
| -----------------
------------------------------------------------------------------------------------------------

Clock             WNS(ns)      TNS(ns)  TNS Failing Endpoints  TNS Total Endpoints      WHS(ns)      THS(ns)  THS Failing Endpoints  THS Total Endpoints     WPWS(ns)     TPWS(ns)  TPWS Failing Endpoints  TPWS Total Endpoints  
-----             -------      -------  ---------------------  -------------------      -------      -------  ---------------------  -------------------     --------     --------  ----------------------  --------------------  
aclk                3.943        0.000                      0                  577        0.098        0.000                      0                  577        4.500        0.000                       0                   377  
net_clk            -1.701     -160.607                    150                 3309        0.097        0.000                      0                 3309        1.950        0.000                       0                  1292  


------------------------------------------------------------------------------------------------
| Inter Clock Table
| -----------------
------------------------------------------------------------------------------------------------

From Clock    To Clock          WNS(ns)      TNS(ns)  TNS Failing Endpoints  TNS Total Endpoints      WHS(ns)      THS(ns)  THS Failing Endpoints  THS Total Endpoints  
----------    --------          -------      -------  ---------------------  -------------------      -------      -------  ---------------------  -------------------  
net_clk       aclk                4.518        0.000                      0                  112                                                                        
aclk          net_clk             4.564        0.000                      0                   45                                                                        


------------------------------------------------------------------------------------------------
| Other Path Groups Table
| -----------------------
------------------------------------------------------------------------------------------------

Path Group    From Clock    To Clock          WNS(ns)      TNS(ns)  TNS Failing Endpoints  TNS Total Endpoints      WHS(ns)      THS(ns)  THS Failing Endpoints  THS Total Endpoints  
----------    ----------    --------          -------      -------  ---------------------  -------------------      -------      -------  ---------------------  -------------------  


------------------------------------------------------------------------------------------------
| User Ignored Path Table
| -----------------------
------------------------------------------------------------------------------------------------

Path Group    From Clock    To Clock    
----------    ----------    --------    
(none)        net_clk       aclk          
(none)        aclk          net_clk       


------------------------------------------------------------------------------------------------
| Unconstrained Path Table
| ------------------------
------------------------------------------------------------------------------------------------

Path Group    From Clock    To Clock    
----------    ----------    --------    
(none)        aclk                        
(none)        net_clk                     
(none)                      aclk          
(none)                      net_clk       


------------------------------------------------------------------------------------------------
| Timing Details
| --------------
------------------------------------------------------------------------------------------------


---------------------------------------------------------------------------------------------------
From Clock:  aclk
  To Clock:  aclk

Setup :            0  Failing Endpoints,  Worst Slack        3.943ns,  Total Violation        0.000ns
Hold  :            0  Failing Endpoints,  Worst Slack        0.098ns,  Total Violation        0.000ns
PW    :            0  Failing Endpoints,  Worst Slack        4.500ns,  Total Violation        0.000ns
---------------------------------------------------------------------------------------------------


Max Delay Paths
--------------------------------------------------------------------------------------
Slack (MET) :             3.943ns  (required time - arrival time)
  Source:                 u_axi/addr_q_reg[1]/C
                            (rising edge-triggered cell FDRE clocked by aclk  {rise@0.000ns fall@5.000ns period=10.000ns})
  Destination:            u_axi/s_axi_rdata_reg[23]/D
                            (rising edge-triggered cell FDRE clocked by aclk  {rise@0.000ns fall@5.000ns period=10.000ns})
  Path Group:             aclk
  Path Type:              Setup (Max at Slow Process Corner)
  Requirement:            10.000ns  (aclk rise@10.000ns - aclk rise@0.000ns)
  Data Path Delay:        6.002ns  (logic 1.120ns (18.660%)  route 4.882ns (81.340%))
  Logic Levels:           3  (LUT5=1 LUT6=2)
  Clock Path Skew:        -0.049ns (DCD - SCD + CPR)
    Destination Clock Delay (DCD):    0.924ns = ( 10.924 - 10.000 ) 
    Source Clock Delay      (SCD):    0.973ns
    Clock Pessimism Removal (CPR):    0.000ns
  Clock Uncertainty:      0.035ns  ((TSJ^2 + TIJ^2)^1/2 + DJ) / 2 + PE
    Total System Jitter     (TSJ):    0.071ns
    Total Input Jitter      (TIJ):    0.000ns
    Discrete Jitter          (DJ):    0.000ns
    Phase Error              (PE):    0.000ns

    Location             Delay type                Incr(ns)  Path(ns)    Netlist Resource(s)
  -------------------------------------------------------------------    -------------------
                         (clock aclk rise edge)       0.000     0.000 r  
                                                      0.000     0.000 r  aclk (IN)
                         net (fo=376, unset)          0.973     0.973    u_axi/aclk
    SLICE_X58Y35         FDRE                                         r  u_axi/addr_q_reg[1]/C
  -------------------------------------------------------------------    -------------------
    SLICE_X58Y35         FDRE (Prop_fdre_C_Q)         0.518     1.491 f  u_axi/addr_q_reg[1]/Q
                         net (fo=15, routed)          1.759     3.250    u_axi/addr_q_reg_n_0_[1]
    SLICE_X59Y37         LUT5 (Prop_lut5_I0_O)        0.152     3.402 r  u_axi/s_axi_rdata[31]_i_6/O
                         net (fo=16, routed)          1.046     4.449    u_axi/s_axi_rdata[31]_i_6_n_0
    SLICE_X56Y32         LUT6 (Prop_lut6_I0_O)        0.326     4.775 r  u_axi/s_axi_rdata[31]_i_5/O
                         net (fo=10, routed)          2.077     6.851    u_axi/s_axi_rdata[31]_i_5_n_0
    SLICE_X56Y44         LUT6 (Prop_lut6_I5_O)        0.124     6.975 r  u_axi/s_axi_rdata[23]_i_1/O
                         net (fo=1, routed)           0.000     6.975    u_axi/s_axi_rdata[23]_i_1_n_0
    SLICE_X56Y44         FDRE                                         r  u_axi/s_axi_rdata_reg[23]/D
  -------------------------------------------------------------------    -------------------

                         (clock aclk rise edge)      10.000    10.000 r  
                                                      0.000    10.000 r  aclk (IN)
                         net (fo=376, unset)          0.924    10.924    u_axi/aclk
    SLICE_X56Y44         FDRE                                         r  u_axi/s_axi_rdata_reg[23]/C
                         clock pessimism              0.000    10.924    
                         clock uncertainty           -0.035    10.889    
    SLICE_X56Y44         FDRE (Setup_fdre_C_D)        0.029    10.918    u_axi/s_axi_rdata_reg[23]
  -------------------------------------------------------------------
                         required time                         10.918    
                         arrival time                          -6.975    
  -------------------------------------------------------------------
                         slack                                  3.943    

Slack (MET) :             4.138ns  (required time - arrival time)
  Source:                 u_axi/addr_q_reg[1]/C
                            (rising edge-triggered cell FDRE clocked by aclk  {rise@0.000ns fall@5.000ns period=10.000ns})
  Destination:            u_axi/s_axi_rdata_reg[27]/D
                            (rising edge-triggered cell FDRE clocked by aclk  {rise@0.000ns fall@5.000ns period=10.000ns})
  Path Group:             aclk
  Path Type:              Setup (Max at Slow Process Corner)
  Requirement:            10.000ns  (aclk rise@10.000ns - aclk rise@0.000ns)
  Data Path Delay:        5.809ns  (logic 1.120ns (19.282%)  route 4.689ns (80.718%))
  Logic Levels:           3  (LUT5=1 LUT6=2)
  Clock Path Skew:        -0.049ns (DCD - SCD + CPR)
    Destination Clock Delay (DCD):    0.924ns = ( 10.924 - 10.000 ) 
    Source Clock Delay      (SCD):    0.973ns
    Clock Pessimism Removal (CPR):    0.000ns
  Clock Uncertainty:      0.035ns  ((TSJ^2 + TIJ^2)^1/2 + DJ) / 2 + PE
    Total System Jitter     (TSJ):    0.071ns
    Total Input Jitter      (TIJ):    0.000ns
    Discrete Jitter          (DJ):    0.000ns
    Phase Error              (PE):    0.000ns

    Location             Delay type                Incr(ns)  Path(ns)    Netlist Resource(s)
  -------------------------------------------------------------------    -------------------
                         (clock aclk rise edge)       0.000     0.000 r  
                                                      0.000     0.000 r  aclk (IN)
                         net (fo=376, unset)          0.973     0.973    u_axi/aclk
    SLICE_X58Y35         FDRE                                         r  u_axi/addr_q_reg[1]/C
  -------------------------------------------------------------------    -------------------
    SLICE_X58Y35         FDRE (Prop_fdre_C_Q)         0.518     1.491 f  u_axi/addr_q_reg[1]/Q
                         net (fo=15, routed)          1.759     3.250    u_axi/addr_q_reg_n_0_[1]
    SLICE_X59Y37         LUT5 (Prop_lut5_I0_O)        0.152     3.402 r  u_axi/s_axi_rdata[31]_i_6/O
                         net (fo=16, routed)          1.046     4.449    u_axi/s_axi_rdata[31]_i_6_n_0
    SLICE_X56Y32         LUT6 (Prop_lut6_I0_O)        0.326     4.775 r  u_axi/s_axi_rdata[31]_i_5/O
                         net (fo=10, routed)          1.883     6.658    u_axi/s_axi_rdata[31]_i_5_n_0
    SLICE_X56Y44         LUT6 (Prop_lut6_I5_O)        0.124     6.782 r  u_axi/s_axi_rdata[27]_i_1/O
                         net (fo=1, routed)           0.000     6.782    u_axi/s_axi_rdata[27]_i_1_n_0
    SLICE_X56Y44         FDRE                                         r  u_axi/s_axi_rdata_reg[27]/D
  -------------------------------------------------------------------    -------------------

                         (clock aclk rise edge)      10.000    10.000 r  
                                                      0.000    10.000 r  aclk (IN)
                         net (fo=376, unset)          0.924    10.924    u_axi/aclk
    SLICE_X56Y44         FDRE                                         r  u_axi/s_axi_rdata_reg[27]/C
                         clock pessimism              0.000    10.924    
                         clock uncertainty           -0.035    10.889    
    SLICE_X56Y44         FDRE (Setup_fdre_C_D)        0.031    10.920    u_axi/s_axi_rdata_reg[27]
  -------------------------------------------------------------------
                         required time                         10.920    
                         arrival time                          -6.782    
  -------------------------------------------------------------------
                         slack                                  4.138    

Slack (MET) :             4.344ns  (required time - arrival time)
  Source:                 u_axi/addr_q_reg[1]/C
                            (rising edge-triggered cell FDRE clocked by aclk  {rise@0.000ns fall@5.000ns period=10.000ns})
  Destination:            u_axi/s_axi_rdata_reg[24]/D
                            (rising edge-triggered cell FDRE clocked by aclk  {rise@0.000ns fall@5.000ns period=10.000ns})
  Path Group:             aclk
  Path Type:              Setup (Max at Slow Process Corner)
  Requirement:            10.000ns  (aclk rise@10.000ns - aclk rise@0.000ns)
  Data Path Delay:        5.603ns  (logic 1.120ns (19.988%)  route 4.483ns (80.012%))
  Logic Levels:           3  (LUT5=1 LUT6=2)
  Clock Path Skew:        -0.049ns (DCD - SCD + CPR)
    Destination Clock Delay (DCD):    0.924ns = ( 10.924 - 10.000 ) 
    Source Clock Delay      (SCD):    0.973ns
    Clock Pessimism Removal (CPR):    0.000ns
  Clock Uncertainty:      0.035ns  ((TSJ^2 + TIJ^2)^1/2 + DJ) / 2 + PE
    Total System Jitter     (TSJ):    0.071ns
    Total Input Jitter      (TIJ):    0.000ns
    Discrete Jitter          (DJ):    0.000ns
    Phase Error              (PE):    0.000ns

    Location             Delay type                Incr(ns)  Path(ns)    Netlist Resource(s)
  -------------------------------------------------------------------    -------------------
                         (clock aclk rise edge)       0.000     0.000 r  
                                                      0.000     0.000 r  aclk (IN)
                         net (fo=376, unset)          0.973     0.973    u_axi/aclk
    SLICE_X58Y35         FDRE                                         r  u_axi/addr_q_reg[1]/C
  -------------------------------------------------------------------    -------------------
    SLICE_X58Y35         FDRE (Prop_fdre_C_Q)         0.518     1.491 f  u_axi/addr_q_reg[1]/Q
                         net (fo=15, routed)          1.759     3.250    u_axi/addr_q_reg_n_0_[1]
    SLICE_X59Y37         LUT5 (Prop_lut5_I0_O)        0.152     3.402 r  u_axi/s_axi_rdata[31]_i_6/O
                         net (fo=16, routed)          1.046     4.449    u_axi/s_axi_rdata[31]_i_6_n_0
    SLICE_X56Y32         LUT6 (Prop_lut6_I0_O)        0.326     4.775 r  u_axi/s_axi_rdata[31]_i_5/O
                         net (fo=10, routed)          1.678     6.452    u_axi/s_axi_rdata[31]_i_5_n_0
    SLICE_X56Y44         LUT6 (Prop_lut6_I5_O)        0.124     6.576 r  u_axi/s_axi_rdata[24]_i_1/O
                         net (fo=1, routed)           0.000     6.576    u_axi/s_axi_rdata[24]_i_1_n_0
    SLICE_X56Y44         FDRE                                         r  u_axi/s_axi_rdata_reg[24]/D
  -------------------------------------------------------------------    -------------------

                         (clock aclk rise edge)      10.000    10.000 r  
                                                      0.000    10.000 r  aclk (IN)
                         net (fo=376, unset)          0.924    10.924    u_axi/aclk
    SLICE_X56Y44         FDRE                                         r  u_axi/s_axi_rdata_reg[24]/C
                         clock pessimism              0.000    10.924    
                         clock uncertainty           -0.035    10.889    
    SLICE_X56Y44         FDRE (Setup_fdre_C_D)        0.031    10.920    u_axi/s_axi_rdata_reg[24]
  -------------------------------------------------------------------
                         required time                         10.920    
                         arrival time                          -6.576    
  -------------------------------------------------------------------
                         slack                                  4.344    

Slack (MET) :             4.500ns  (required time - arrival time)
  Source:                 u_axi/addr_q_reg[1]/C
                            (rising edge-triggered cell FDRE clocked by aclk  {rise@0.000ns fall@5.000ns period=10.000ns})
  Destination:            u_axi/s_axi_rdata_reg[14]/D
                            (rising edge-triggered cell FDRE clocked by aclk  {rise@0.000ns fall@5.000ns period=10.000ns})
  Path Group:             aclk
  Path Type:              Setup (Max at Slow Process Corner)
  Requirement:            10.000ns  (aclk rise@10.000ns - aclk rise@0.000ns)
  Data Path Delay:        5.445ns  (logic 1.120ns (20.568%)  route 4.325ns (79.432%))
  Logic Levels:           3  (LUT5=2 LUT6=1)
  Clock Path Skew:        -0.049ns (DCD - SCD + CPR)
    Destination Clock Delay (DCD):    0.924ns = ( 10.924 - 10.000 ) 
    Source Clock Delay      (SCD):    0.973ns
    Clock Pessimism Removal (CPR):    0.000ns
  Clock Uncertainty:      0.035ns  ((TSJ^2 + TIJ^2)^1/2 + DJ) / 2 + PE
    Total System Jitter     (TSJ):    0.071ns
    Total Input Jitter      (TIJ):    0.000ns
    Discrete Jitter          (DJ):    0.000ns
    Phase Error              (PE):    0.000ns

    Location             Delay type                Incr(ns)  Path(ns)    Netlist Resource(s)
  -------------------------------------------------------------------    -------------------
                         (clock aclk rise edge)       0.000     0.000 r  
                                                      0.000     0.000 r  aclk (IN)
                         net (fo=376, unset)          0.973     0.973    u_axi/aclk
    SLICE_X58Y35         FDRE                                         r  u_axi/addr_q_reg[1]/C
  -------------------------------------------------------------------    -------------------
    SLICE_X58Y35         FDRE (Prop_fdre_C_Q)         0.518     1.491 f  u_axi/addr_q_reg[1]/Q
                         net (fo=15, routed)          1.759     3.250    u_axi/addr_q_reg_n_0_[1]
    SLICE_X59Y37         LUT5 (Prop_lut5_I0_O)        0.152     3.402 r  u_axi/s_axi_rdata[31]_i_6/O
                         net (fo=16, routed)          1.549     4.951    u_axi/s_axi_rdata[31]_i_6_n_0
    SLICE_X58Y40         LUT5 (Prop_lut5_I1_O)        0.326     5.277 r  u_axi/s_axi_rdata[14]_i_2/O
                         net (fo=1, routed)           1.017     6.294    u_axi/s_axi_rdata[14]_i_2_n_0
    SLICE_X56Y39         LUT6 (Prop_lut6_I2_O)        0.124     6.418 r  u_axi/s_axi_rdata[14]_i_1/O
                         net (fo=1, routed)           0.000     6.418    u_axi/s_axi_rdata[14]_i_1_n_0
    SLICE_X56Y39         FDRE                                         r  u_axi/s_axi_rdata_reg[14]/D
  -------------------------------------------------------------------    -------------------

                         (clock aclk rise edge)      10.000    10.000 r  
                                                      0.000    10.000 r  aclk (IN)
                         net (fo=376, unset)          0.924    10.924    u_axi/aclk
    SLICE_X56Y39         FDRE                                         r  u_axi/s_axi_rdata_reg[14]/C
                         clock pessimism              0.000    10.924    
                         clock uncertainty           -0.035    10.889    
    SLICE_X56Y39         FDRE (Setup_fdre_C_D)        0.029    10.918    u_axi/s_axi_rdata_reg[14]
  -------------------------------------------------------------------
                         required time                         10.918    
                         arrival time                          -6.418    
  -------------------------------------------------------------------
                         slack                                  4.500    

Slack (MET) :             4.569ns  (required time - arrival time)
  Source:                 u_axi/addr_q_reg[1]/C
                            (rising edge-triggered cell FDRE clocked by aclk  {rise@0.000ns fall@5.000ns period=10.000ns})
  Destination:            u_axi/s_axi_rdata_reg[25]/D
                            (rising edge-triggered cell FDRE clocked by aclk  {rise@0.000ns fall@5.000ns period=10.000ns})
  Path Group:             aclk
  Path Type:              Setup (Max at Slow Process Corner)
  Requirement:            10.000ns  (aclk rise@10.000ns - aclk rise@0.000ns)
  Data Path Delay:        5.424ns  (logic 0.890ns (16.408%)  route 4.534ns (83.592%))
  Logic Levels:           3  (LUT5=1 LUT6=2)
  Clock Path Skew:        -0.049ns (DCD - SCD + CPR)
    Destination Clock Delay (DCD):    0.924ns = ( 10.924 - 10.000 ) 
    Source Clock Delay      (SCD):    0.973ns
    Clock Pessimism Removal (CPR):    0.000ns
  Clock Uncertainty:      0.035ns  ((TSJ^2 + TIJ^2)^1/2 + DJ) / 2 + PE
    Total System Jitter     (TSJ):    0.071ns
    Total Input Jitter      (TIJ):    0.000ns
    Discrete Jitter          (DJ):    0.000ns
    Phase Error              (PE):    0.000ns

    Location             Delay type                Incr(ns)  Path(ns)    Netlist Resource(s)
  -------------------------------------------------------------------    -------------------
                         (clock aclk rise edge)       0.000     0.000 r  
                                                      0.000     0.000 r  aclk (IN)
                         net (fo=376, unset)          0.973     0.973    u_axi/aclk
    SLICE_X58Y35         FDRE                                         r  u_axi/addr_q_reg[1]/C
  -------------------------------------------------------------------    -------------------
    SLICE_X58Y35         FDRE (Prop_fdre_C_Q)         0.518     1.491 f  u_axi/addr_q_reg[1]/Q
                         net (fo=15, routed)          1.759     3.250    u_axi/addr_q_reg_n_0_[1]
    SLICE_X59Y37         LUT5 (Prop_lut5_I0_O)        0.124     3.374 r  u_axi/s_axi_rdata[30]_i_4/O
                         net (fo=21, routed)          1.227     4.602    u_axi/s_axi_rdata[30]_i_4_n_0
    SLICE_X56Y32         LUT6 (Prop_lut6_I0_O)        0.124     4.726 r  u_axi/s_axi_rdata[31]_i_4/O
                         net (fo=10, routed)          1.547     6.273    u_axi/s_axi_rdata[31]_i_4_n_0
    SLICE_X54Y44         LUT6 (Prop_lut6_I2_O)        0.124     6.397 r  u_axi/s_axi_rdata[25]_i_1/O
                         net (fo=1, routed)           0.000     6.397    u_axi/s_axi_rdata[25]_i_1_n_0
    SLICE_X54Y44         FDRE                                         r  u_axi/s_axi_rdata_reg[25]/D
  -------------------------------------------------------------------    -------------------

                         (clock aclk rise edge)      10.000    10.000 r  
                                                      0.000    10.000 r  aclk (IN)
                         net (fo=376, unset)          0.924    10.924    u_axi/aclk
    SLICE_X54Y44         FDRE                                         r  u_axi/s_axi_rdata_reg[25]/C
                         clock pessimism              0.000    10.924    
                         clock uncertainty           -0.035    10.889    
    SLICE_X54Y44         FDRE (Setup_fdre_C_D)        0.077    10.966    u_axi/s_axi_rdata_reg[25]
  -------------------------------------------------------------------
                         required time                         10.966    
                         arrival time                          -6.397    
  -------------------------------------------------------------------
                         slack                                  4.569    

Slack (MET) :             4.583ns  (required time - arrival time)
  Source:                 u_axi/addr_q_reg[1]/C
                            (rising edge-triggered cell FDRE clocked by aclk  {rise@0.000ns fall@5.000ns period=10.000ns})
  Destination:            u_axi/s_axi_rdata_reg[26]/D
                            (rising edge-triggered cell FDRE clocked by aclk  {rise@0.000ns fall@5.000ns period=10.000ns})
  Path Group:             aclk
  Path Type:              Setup (Max at Slow Process Corner)
  Requirement:            10.000ns  (aclk rise@10.000ns - aclk rise@0.000ns)
  Data Path Delay:        5.414ns  (logic 0.890ns (16.439%)  route 4.524ns (83.561%))
  Logic Levels:           3  (LUT5=1 LUT6=2)
  Clock Path Skew:        -0.049ns (DCD - SCD + CPR)
    Destination Clock Delay (DCD):    0.924ns = ( 10.924 - 10.000 ) 
    Source Clock Delay      (SCD):    0.973ns
    Clock Pessimism Removal (CPR):    0.000ns
  Clock Uncertainty:      0.035ns  ((TSJ^2 + TIJ^2)^1/2 + DJ) / 2 + PE
    Total System Jitter     (TSJ):    0.071ns
    Total Input Jitter      (TIJ):    0.000ns
    Discrete Jitter          (DJ):    0.000ns
    Phase Error              (PE):    0.000ns

    Location             Delay type                Incr(ns)  Path(ns)    Netlist Resource(s)
  -------------------------------------------------------------------    -------------------
                         (clock aclk rise edge)       0.000     0.000 r  
                                                      0.000     0.000 r  aclk (IN)
                         net (fo=376, unset)          0.973     0.973    u_axi/aclk
    SLICE_X58Y35         FDRE                                         r  u_axi/addr_q_reg[1]/C
  -------------------------------------------------------------------    -------------------
    SLICE_X58Y35         FDRE (Prop_fdre_C_Q)         0.518     1.491 f  u_axi/addr_q_reg[1]/Q
                         net (fo=15, routed)          1.759     3.250    u_axi/addr_q_reg_n_0_[1]
    SLICE_X59Y37         LUT5 (Prop_lut5_I0_O)        0.124     3.374 r  u_axi/s_axi_rdata[30]_i_4/O
                         net (fo=21, routed)          1.227     4.602    u_axi/s_axi_rdata[30]_i_4_n_0
    SLICE_X56Y32         LUT6 (Prop_lut6_I0_O)        0.124     4.726 r  u_axi/s_axi_rdata[31]_i_4/O
                         net (fo=10, routed)          1.537     6.263    u_axi/s_axi_rdata[31]_i_4_n_0
    SLICE_X54Y44         LUT6 (Prop_lut6_I2_O)        0.124     6.387 r  u_axi/s_axi_rdata[26]_i_1/O
                         net (fo=1, routed)           0.000     6.387    u_axi/s_axi_rdata[26]_i_1_n_0
    SLICE_X54Y44         FDRE                                         r  u_axi/s_axi_rdata_reg[26]/D
  -------------------------------------------------------------------    -------------------

                         (clock aclk rise edge)      10.000    10.000 r  
                                                      0.000    10.000 r  aclk (IN)
                         net (fo=376, unset)          0.924    10.924    u_axi/aclk
    SLICE_X54Y44         FDRE                                         r  u_axi/s_axi_rdata_reg[26]/C
                         clock pessimism              0.000    10.924    
                         clock uncertainty           -0.035    10.889    
    SLICE_X54Y44         FDRE (Setup_fdre_C_D)        0.081    10.970    u_axi/s_axi_rdata_reg[26]
  -------------------------------------------------------------------
                         required time                         10.970    
                         arrival time                          -6.387    
  -------------------------------------------------------------------
                         slack                                  4.583    

Slack (MET) :             4.681ns  (required time - arrival time)
  Source:                 u_axi/addr_q_reg[1]/C
                            (rising edge-triggered cell FDRE clocked by aclk  {rise@0.000ns fall@5.000ns period=10.000ns})
  Destination:            u_axi/s_axi_rdata_reg[21]/D
                            (rising edge-triggered cell FDRE clocked by aclk  {rise@0.000ns fall@5.000ns period=10.000ns})
  Path Group:             aclk
  Path Type:              Setup (Max at Slow Process Corner)
  Requirement:            10.000ns  (aclk rise@10.000ns - aclk rise@0.000ns)
  Data Path Delay:        5.264ns  (logic 1.120ns (21.276%)  route 4.144ns (78.724%))
  Logic Levels:           3  (LUT5=1 LUT6=2)
  Clock Path Skew:        -0.049ns (DCD - SCD + CPR)
    Destination Clock Delay (DCD):    0.924ns = ( 10.924 - 10.000 ) 
    Source Clock Delay      (SCD):    0.973ns
    Clock Pessimism Removal (CPR):    0.000ns
  Clock Uncertainty:      0.035ns  ((TSJ^2 + TIJ^2)^1/2 + DJ) / 2 + PE
    Total System Jitter     (TSJ):    0.071ns
    Total Input Jitter      (TIJ):    0.000ns
    Discrete Jitter          (DJ):    0.000ns
    Phase Error              (PE):    0.000ns

    Location             Delay type                Incr(ns)  Path(ns)    Netlist Resource(s)
  -------------------------------------------------------------------    -------------------
                         (clock aclk rise edge)       0.000     0.000 r  
                                                      0.000     0.000 r  aclk (IN)
                         net (fo=376, unset)          0.973     0.973    u_axi/aclk
    SLICE_X58Y35         FDRE                                         r  u_axi/addr_q_reg[1]/C
  -------------------------------------------------------------------    -------------------
    SLICE_X58Y35         FDRE (Prop_fdre_C_Q)         0.518     1.491 f  u_axi/addr_q_reg[1]/Q
                         net (fo=15, routed)          1.759     3.250    u_axi/addr_q_reg_n_0_[1]
    SLICE_X59Y37         LUT5 (Prop_lut5_I0_O)        0.152     3.402 r  u_axi/s_axi_rdata[31]_i_6/O
                         net (fo=16, routed)          1.046     4.449    u_axi/s_axi_rdata[31]_i_6_n_0
    SLICE_X56Y32         LUT6 (Prop_lut6_I0_O)        0.326     4.775 r  u_axi/s_axi_rdata[31]_i_5/O
                         net (fo=10, routed)          1.339     6.113    u_axi/s_axi_rdata[31]_i_5_n_0
    SLICE_X55Y42         LUT6 (Prop_lut6_I5_O)        0.124     6.237 r  u_axi/s_axi_rdata[21]_i_1/O
                         net (fo=1, routed)           0.000     6.237    u_axi/s_axi_rdata[21]_i_1_n_0
    SLICE_X55Y42         FDRE                                         r  u_axi/s_axi_rdata_reg[21]/D
  -------------------------------------------------------------------    -------------------

                         (clock aclk rise edge)      10.000    10.000 r  
                                                      0.000    10.000 r  aclk (IN)
                         net (fo=376, unset)          0.924    10.924    u_axi/aclk
    SLICE_X55Y42         FDRE                                         r  u_axi/s_axi_rdata_reg[21]/C
                         clock pessimism              0.000    10.924    
                         clock uncertainty           -0.035    10.889    
    SLICE_X55Y42         FDRE (Setup_fdre_C_D)        0.029    10.918    u_axi/s_axi_rdata_reg[21]
  -------------------------------------------------------------------
                         required time                         10.918    
                         arrival time                          -6.237    
  -------------------------------------------------------------------
                         slack                                  4.681    

Slack (MET) :             4.725ns  (required time - arrival time)
  Source:                 u_axi/addr_q_reg[1]/C
                            (rising edge-triggered cell FDRE clocked by aclk  {rise@0.000ns fall@5.000ns period=10.000ns})
  Destination:            u_axi/s_axi_rdata_reg[31]/D
                            (rising edge-triggered cell FDRE clocked by aclk  {rise@0.000ns fall@5.000ns period=10.000ns})
  Path Group:             aclk
  Path Type:              Setup (Max at Slow Process Corner)
  Requirement:            10.000ns  (aclk rise@10.000ns - aclk rise@0.000ns)
  Data Path Delay:        5.270ns  (logic 0.890ns (16.888%)  route 4.380ns (83.112%))
  Logic Levels:           3  (LUT5=1 LUT6=2)
  Clock Path Skew:        -0.049ns (DCD - SCD + CPR)
    Destination Clock Delay (DCD):    0.924ns = ( 10.924 - 10.000 ) 
    Source Clock Delay      (SCD):    0.973ns
    Clock Pessimism Removal (CPR):    0.000ns
  Clock Uncertainty:      0.035ns  ((TSJ^2 + TIJ^2)^1/2 + DJ) / 2 + PE
    Total System Jitter     (TSJ):    0.071ns
    Total Input Jitter      (TIJ):    0.000ns
    Discrete Jitter          (DJ):    0.000ns
    Phase Error              (PE):    0.000ns

    Location             Delay type                Incr(ns)  Path(ns)    Netlist Resource(s)
  -------------------------------------------------------------------    -------------------
                         (clock aclk rise edge)       0.000     0.000 r  
                                                      0.000     0.000 r  aclk (IN)
                         net (fo=376, unset)          0.973     0.973    u_axi/aclk
    SLICE_X58Y35         FDRE                                         r  u_axi/addr_q_reg[1]/C
  -------------------------------------------------------------------    -------------------
    SLICE_X58Y35         FDRE (Prop_fdre_C_Q)         0.518     1.491 f  u_axi/addr_q_reg[1]/Q
                         net (fo=15, routed)          1.759     3.250    u_axi/addr_q_reg_n_0_[1]
    SLICE_X59Y37         LUT5 (Prop_lut5_I0_O)        0.124     3.374 r  u_axi/s_axi_rdata[30]_i_4/O
                         net (fo=21, routed)          1.227     4.602    u_axi/s_axi_rdata[30]_i_4_n_0
    SLICE_X56Y32         LUT6 (Prop_lut6_I0_O)        0.124     4.726 r  u_axi/s_axi_rdata[31]_i_4/O
                         net (fo=10, routed)          1.393     6.119    u_axi/s_axi_rdata[31]_i_4_n_0
    SLICE_X54Y44         LUT6 (Prop_lut6_I2_O)        0.124     6.243 r  u_axi/s_axi_rdata[31]_i_2/O
                         net (fo=1, routed)           0.000     6.243    u_axi/s_axi_rdata[31]_i_2_n_0
    SLICE_X54Y44         FDRE                                         r  u_axi/s_axi_rdata_reg[31]/D
  -------------------------------------------------------------------    -------------------

                         (clock aclk rise edge)      10.000    10.000 r  
                                                      0.000    10.000 r  aclk (IN)
                         net (fo=376, unset)          0.924    10.924    u_axi/aclk
    SLICE_X54Y44         FDRE                                         r  u_axi/s_axi_rdata_reg[31]/C
                         clock pessimism              0.000    10.924    
                         clock uncertainty           -0.035    10.889    
    SLICE_X54Y44         FDRE (Setup_fdre_C_D)        0.079    10.968    u_axi/s_axi_rdata_reg[31]
  -------------------------------------------------------------------
                         required time                         10.968    
                         arrival time                          -6.243    
  -------------------------------------------------------------------
                         slack                                  4.725    

Slack (MET) :             4.734ns  (required time - arrival time)
  Source:                 u_axi/addr_q_reg[1]/C
                            (rising edge-triggered cell FDRE clocked by aclk  {rise@0.000ns fall@5.000ns period=10.000ns})
  Destination:            u_axi/s_axi_rdata_reg[29]/D
                            (rising edge-triggered cell FDRE clocked by aclk  {rise@0.000ns fall@5.000ns period=10.000ns})
  Path Group:             aclk
  Path Type:              Setup (Max at Slow Process Corner)
  Requirement:            10.000ns  (aclk rise@10.000ns - aclk rise@0.000ns)
  Data Path Delay:        5.261ns  (logic 0.890ns (16.917%)  route 4.371ns (83.083%))
  Logic Levels:           3  (LUT5=1 LUT6=2)
  Clock Path Skew:        -0.049ns (DCD - SCD + CPR)
    Destination Clock Delay (DCD):    0.924ns = ( 10.924 - 10.000 ) 
    Source Clock Delay      (SCD):    0.973ns
    Clock Pessimism Removal (CPR):    0.000ns
  Clock Uncertainty:      0.035ns  ((TSJ^2 + TIJ^2)^1/2 + DJ) / 2 + PE
    Total System Jitter     (TSJ):    0.071ns
    Total Input Jitter      (TIJ):    0.000ns
    Discrete Jitter          (DJ):    0.000ns
    Phase Error              (PE):    0.000ns

    Location             Delay type                Incr(ns)  Path(ns)    Netlist Resource(s)
  -------------------------------------------------------------------    -------------------
                         (clock aclk rise edge)       0.000     0.000 r  
                                                      0.000     0.000 r  aclk (IN)
                         net (fo=376, unset)          0.973     0.973    u_axi/aclk
    SLICE_X58Y35         FDRE                                         r  u_axi/addr_q_reg[1]/C
  -------------------------------------------------------------------    -------------------
    SLICE_X58Y35         FDRE (Prop_fdre_C_Q)         0.518     1.491 f  u_axi/addr_q_reg[1]/Q
                         net (fo=15, routed)          1.759     3.250    u_axi/addr_q_reg_n_0_[1]
    SLICE_X59Y37         LUT5 (Prop_lut5_I0_O)        0.124     3.374 r  u_axi/s_axi_rdata[30]_i_4/O
                         net (fo=21, routed)          1.227     4.602    u_axi/s_axi_rdata[30]_i_4_n_0
    SLICE_X56Y32         LUT6 (Prop_lut6_I0_O)        0.124     4.726 r  u_axi/s_axi_rdata[31]_i_4/O
                         net (fo=10, routed)          1.384     6.110    u_axi/s_axi_rdata[31]_i_4_n_0
    SLICE_X54Y44         LUT6 (Prop_lut6_I2_O)        0.124     6.234 r  u_axi/s_axi_rdata[29]_i_1/O
                         net (fo=1, routed)           0.000     6.234    u_axi/s_axi_rdata[29]_i_1_n_0
    SLICE_X54Y44         FDRE                                         r  u_axi/s_axi_rdata_reg[29]/D
  -------------------------------------------------------------------    -------------------

                         (clock aclk rise edge)      10.000    10.000 r  
                                                      0.000    10.000 r  aclk (IN)
                         net (fo=376, unset)          0.924    10.924    u_axi/aclk
    SLICE_X54Y44         FDRE                                         r  u_axi/s_axi_rdata_reg[29]/C
                         clock pessimism              0.000    10.924    
                         clock uncertainty           -0.035    10.889    
    SLICE_X54Y44         FDRE (Setup_fdre_C_D)        0.079    10.968    u_axi/s_axi_rdata_reg[29]
  -------------------------------------------------------------------
                         required time                         10.968    
                         arrival time                          -6.234    
  -------------------------------------------------------------------
                         slack                                  4.734    

Slack (MET) :             4.778ns  (required time - arrival time)
  Source:                 u_axi/addr_q_reg[1]/C
                            (rising edge-triggered cell FDRE clocked by aclk  {rise@0.000ns fall@5.000ns period=10.000ns})
  Destination:            u_axi/s_axi_rdata_reg[4]/D
                            (rising edge-triggered cell FDRE clocked by aclk  {rise@0.000ns fall@5.000ns period=10.000ns})
  Path Group:             aclk
  Path Type:              Setup (Max at Slow Process Corner)
  Requirement:            10.000ns  (aclk rise@10.000ns - aclk rise@0.000ns)
  Data Path Delay:        5.169ns  (logic 1.120ns (21.670%)  route 4.049ns (78.330%))
  Logic Levels:           3  (LUT5=2 LUT6=1)
  Clock Path Skew:        -0.049ns (DCD - SCD + CPR)
    Destination Clock Delay (DCD):    0.924ns = ( 10.924 - 10.000 ) 
    Source Clock Delay      (SCD):    0.973ns
    Clock Pessimism Removal (CPR):    0.000ns
  Clock Uncertainty:      0.035ns  ((TSJ^2 + TIJ^2)^1/2 + DJ) / 2 + PE
    Total System Jitter     (TSJ):    0.071ns
    Total Input Jitter      (TIJ):    0.000ns
    Discrete Jitter          (DJ):    0.000ns
    Phase Error              (PE):    0.000ns

    Location             Delay type                Incr(ns)  Path(ns)    Netlist Resource(s)
  -------------------------------------------------------------------    -------------------
                         (clock aclk rise edge)       0.000     0.000 r  
                                                      0.000     0.000 r  aclk (IN)
                         net (fo=376, unset)          0.973     0.973    u_axi/aclk
    SLICE_X58Y35         FDRE                                         r  u_axi/addr_q_reg[1]/C
  -------------------------------------------------------------------    -------------------
    SLICE_X58Y35         FDRE (Prop_fdre_C_Q)         0.518     1.491 f  u_axi/addr_q_reg[1]/Q
                         net (fo=15, routed)          1.759     3.250    u_axi/addr_q_reg_n_0_[1]
    SLICE_X59Y37         LUT5 (Prop_lut5_I0_O)        0.152     3.402 r  u_axi/s_axi_rdata[31]_i_6/O
                         net (fo=16, routed)          1.190     4.592    u_axi/s_axi_rdata[31]_i_6_n_0
    SLICE_X57Y39         LUT5 (Prop_lut5_I1_O)        0.326     4.918 r  u_axi/s_axi_rdata[4]_i_2/O
                         net (fo=1, routed)           1.099     6.018    u_axi/s_axi_rdata[4]_i_2_n_0
    SLICE_X56Y36         LUT6 (Prop_lut6_I2_O)        0.124     6.142 r  u_axi/s_axi_rdata[4]_i_1/O
                         net (fo=1, routed)           0.000     6.142    u_axi/s_axi_rdata[4]_i_1_n_0
    SLICE_X56Y36         FDRE                                         r  u_axi/s_axi_rdata_reg[4]/D
  -------------------------------------------------------------------    -------------------

                         (clock aclk rise edge)      10.000    10.000 r  
                                                      0.000    10.000 r  aclk (IN)
                         net (fo=376, unset)          0.924    10.924    u_axi/aclk
    SLICE_X56Y36         FDRE                                         r  u_axi/s_axi_rdata_reg[4]/C
                         clock pessimism              0.000    10.924    
                         clock uncertainty           -0.035    10.889    
    SLICE_X56Y36         FDRE (Setup_fdre_C_D)        0.031    10.920    u_axi/s_axi_rdata_reg[4]
  -------------------------------------------------------------------
                         required time                         10.920    
                         arrival time                          -6.142    
  -------------------------------------------------------------------
                         slack                                  4.778    

Slack (MET) :             4.995ns  (required time - arrival time)
  Source:                 u_axi/addr_q_reg[1]/C
                            (rising edge-triggered cell FDRE clocked by aclk  {rise@0.000ns fall@5.000ns period=10.000ns})
  Destination:            u_axi/s_axi_rdata_reg[17]/D
                            (rising edge-triggered cell FDRE clocked by aclk  {rise@0.000ns fall@5.000ns period=10.000ns})
  Path Group:             aclk
  Path Type:              Setup (Max at Slow Process Corner)
  Requirement:            10.000ns  (aclk rise@10.000ns - aclk rise@0.000ns)
  Data Path Delay:        4.952ns  (logic 1.120ns (22.616%)  route 3.832ns (77.384%))
  Logic Levels:           3  (LUT5=1 LUT6=2)
  Clock Path Skew:        -0.049ns (DCD - SCD + CPR)
    Destination Clock Delay (DCD):    0.924ns = ( 10.924 - 10.000 ) 
    Source Clock Delay      (SCD):    0.973ns
    Clock Pessimism Removal (CPR):    0.000ns
  Clock Uncertainty:      0.035ns  ((TSJ^2 + TIJ^2)^1/2 + DJ) / 2 + PE
    Total System Jitter     (TSJ):    0.071ns
    Total Input Jitter      (TIJ):    0.000ns
    Discrete Jitter          (DJ):    0.000ns
    Phase Error              (PE):    0.000ns

    Location             Delay type                Incr(ns)  Path(ns)    Netlist Resource(s)
  -------------------------------------------------------------------    -------------------
                         (clock aclk rise edge)       0.000     0.000 r  
                                                      0.000     0.000 r  aclk (IN)
                         net (fo=376, unset)          0.973     0.973    u_axi/aclk
    SLICE_X58Y35         FDRE                                         r  u_axi/addr_q_reg[1]/C
  -------------------------------------------------------------------    -------------------
    SLICE_X58Y35         FDRE (Prop_fdre_C_Q)         0.518     1.491 f  u_axi/addr_q_reg[1]/Q
                         net (fo=15, routed)          1.759     3.250    u_axi/addr_q_reg_n_0_[1]
    SLICE_X59Y37         LUT5 (Prop_lut5_I0_O)        0.152     3.402 r  u_axi/s_axi_rdata[31]_i_6/O
                         net (fo=16, routed)          1.046     4.449    u_axi/s_axi_rdata[31]_i_6_n_0
    SLICE_X56Y32         LUT6 (Prop_lut6_I0_O)        0.326     4.775 r  u_axi/s_axi_rdata[31]_i_5/O
                         net (fo=10, routed)          1.027     5.801    u_axi/s_axi_rdata[31]_i_5_n_0
    SLICE_X56Y40         LUT6 (Prop_lut6_I5_O)        0.124     5.925 r  u_axi/s_axi_rdata[17]_i_1/O
                         net (fo=1, routed)           0.000     5.925    u_axi/s_axi_rdata[17]_i_1_n_0
    SLICE_X56Y40         FDRE                                         r  u_axi/s_axi_rdata_reg[17]/D
  -------------------------------------------------------------------    -------------------

                         (clock aclk rise edge)      10.000    10.000 r  
                                                      0.000    10.000 r  aclk (IN)
                         net (fo=376, unset)          0.924    10.924    u_axi/aclk
    SLICE_X56Y40         FDRE                                         r  u_axi/s_axi_rdata_reg[17]/C
                         clock pessimism              0.000    10.924    
                         clock uncertainty           -0.035    10.889    
    SLICE_X56Y40         FDRE (Setup_fdre_C_D)        0.031    10.920    u_axi/s_axi_rdata_reg[17]
  -------------------------------------------------------------------
                         required time                         10.920    
                         arrival time                          -5.925    
  -------------------------------------------------------------------
                         slack                                  4.995    

Slack (MET) :             5.001ns  (required time - arrival time)
  Source:                 u_axi/addr_q_reg[1]/C
                            (rising edge-triggered cell FDRE clocked by aclk  {rise@0.000ns fall@5.000ns period=10.000ns})
  Destination:            u_axi/s_axi_rdata_reg[19]/D
                            (rising edge-triggered cell FDRE clocked by aclk  {rise@0.000ns fall@5.000ns period=10.000ns})
  Path Group:             aclk
  Path Type:              Setup (Max at Slow Process Corner)
  Requirement:            10.000ns  (aclk rise@10.000ns - aclk rise@0.000ns)
  Data Path Delay:        4.947ns  (logic 1.120ns (22.641%)  route 3.827ns (77.359%))
  Logic Levels:           3  (LUT5=1 LUT6=2)
  Clock Path Skew:        -0.049ns (DCD - SCD + CPR)
    Destination Clock Delay (DCD):    0.924ns = ( 10.924 - 10.000 ) 
    Source Clock Delay      (SCD):    0.973ns
    Clock Pessimism Removal (CPR):    0.000ns
  Clock Uncertainty:      0.035ns  ((TSJ^2 + TIJ^2)^1/2 + DJ) / 2 + PE
    Total System Jitter     (TSJ):    0.071ns
    Total Input Jitter      (TIJ):    0.000ns
    Discrete Jitter          (DJ):    0.000ns
    Phase Error              (PE):    0.000ns

    Location             Delay type                Incr(ns)  Path(ns)    Netlist Resource(s)
  -------------------------------------------------------------------    -------------------
                         (clock aclk rise edge)       0.000     0.000 r  
                                                      0.000     0.000 r  aclk (IN)
                         net (fo=376, unset)          0.973     0.973    u_axi/aclk
    SLICE_X58Y35         FDRE                                         r  u_axi/addr_q_reg[1]/C
  -------------------------------------------------------------------    -------------------
    SLICE_X58Y35         FDRE (Prop_fdre_C_Q)         0.518     1.491 f  u_axi/addr_q_reg[1]/Q
                         net (fo=15, routed)          1.759     3.250    u_axi/addr_q_reg_n_0_[1]
    SLICE_X59Y37         LUT5 (Prop_lut5_I0_O)        0.152     3.402 r  u_axi/s_axi_rdata[31]_i_6/O
                         net (fo=16, routed)          1.046     4.449    u_axi/s_axi_rdata[31]_i_6_n_0
    SLICE_X56Y32         LUT6 (Prop_lut6_I0_O)        0.326     4.775 r  u_axi/s_axi_rdata[31]_i_5/O
                         net (fo=10, routed)          1.021     5.796    u_axi/s_axi_rdata[31]_i_5_n_0
    SLICE_X56Y40         LUT6 (Prop_lut6_I5_O)        0.124     5.920 r  u_axi/s_axi_rdata[19]_i_1/O
                         net (fo=1, routed)           0.000     5.920    u_axi/s_axi_rdata[19]_i_1_n_0
    SLICE_X56Y40         FDRE                                         r  u_axi/s_axi_rdata_reg[19]/D
  -------------------------------------------------------------------    -------------------

                         (clock aclk rise edge)      10.000    10.000 r  
                                                      0.000    10.000 r  aclk (IN)
                         net (fo=376, unset)          0.924    10.924    u_axi/aclk
    SLICE_X56Y40         FDRE                                         r  u_axi/s_axi_rdata_reg[19]/C
                         clock pessimism              0.000    10.924    
                         clock uncertainty           -0.035    10.889    
    SLICE_X56Y40         FDRE (Setup_fdre_C_D)        0.032    10.921    u_axi/s_axi_rdata_reg[19]
  -------------------------------------------------------------------
                         required time                         10.921    
                         arrival time                          -5.920    
  -------------------------------------------------------------------
                         slack                                  5.001    

Slack (MET) :             5.016ns  (required time - arrival time)
  Source:                 u_axi/addr_q_reg[1]/C
                            (rising edge-triggered cell FDRE clocked by aclk  {rise@0.000ns fall@5.000ns period=10.000ns})
  Destination:            u_axi/s_axi_rdata_reg[8]/D
                            (rising edge-triggered cell FDRE clocked by aclk  {rise@0.000ns fall@5.000ns period=10.000ns})
  Path Group:             aclk
  Path Type:              Setup (Max at Slow Process Corner)
  Requirement:            10.000ns  (aclk rise@10.000ns - aclk rise@0.000ns)
  Data Path Delay:        4.929ns  (logic 1.120ns (22.724%)  route 3.809ns (77.276%))
  Logic Levels:           3  (LUT5=2 LUT6=1)
  Clock Path Skew:        -0.049ns (DCD - SCD + CPR)
    Destination Clock Delay (DCD):    0.924ns = ( 10.924 - 10.000 ) 
    Source Clock Delay      (SCD):    0.973ns
    Clock Pessimism Removal (CPR):    0.000ns
  Clock Uncertainty:      0.035ns  ((TSJ^2 + TIJ^2)^1/2 + DJ) / 2 + PE
    Total System Jitter     (TSJ):    0.071ns
    Total Input Jitter      (TIJ):    0.000ns
    Discrete Jitter          (DJ):    0.000ns
    Phase Error              (PE):    0.000ns

    Location             Delay type                Incr(ns)  Path(ns)    Netlist Resource(s)
  -------------------------------------------------------------------    -------------------
                         (clock aclk rise edge)       0.000     0.000 r  
                                                      0.000     0.000 r  aclk (IN)
                         net (fo=376, unset)          0.973     0.973    u_axi/aclk
    SLICE_X58Y35         FDRE                                         r  u_axi/addr_q_reg[1]/C
  -------------------------------------------------------------------    -------------------
    SLICE_X58Y35         FDRE (Prop_fdre_C_Q)         0.518     1.491 f  u_axi/addr_q_reg[1]/Q
                         net (fo=15, routed)          1.759     3.250    u_axi/addr_q_reg_n_0_[1]
    SLICE_X59Y37         LUT5 (Prop_lut5_I0_O)        0.152     3.402 r  u_axi/s_axi_rdata[31]_i_6/O
                         net (fo=16, routed)          1.055     4.457    u_axi/s_axi_rdata[31]_i_6_n_0
    SLICE_X57Y40         LUT5 (Prop_lut5_I1_O)        0.326     4.783 r  u_axi/s_axi_rdata[8]_i_2/O
                         net (fo=1, routed)           0.994     5.778    u_axi/s_axi_rdata[8]_i_2_n_0
    SLICE_X57Y38         LUT6 (Prop_lut6_I2_O)        0.124     5.902 r  u_axi/s_axi_rdata[8]_i_1/O
                         net (fo=1, routed)           0.000     5.902    u_axi/s_axi_rdata[8]_i_1_n_0
    SLICE_X57Y38         FDRE                                         r  u_axi/s_axi_rdata_reg[8]/D
  -------------------------------------------------------------------    -------------------

                         (clock aclk rise edge)      10.000    10.000 r  
                                                      0.000    10.000 r  aclk (IN)
                         net (fo=376, unset)          0.924    10.924    u_axi/aclk
    SLICE_X57Y38         FDRE                                         r  u_axi/s_axi_rdata_reg[8]/C
                         clock pessimism              0.000    10.924    
                         clock uncertainty           -0.035    10.889    
    SLICE_X57Y38         FDRE (Setup_fdre_C_D)        0.029    10.918    u_axi/s_axi_rdata_reg[8]
  -------------------------------------------------------------------
                         required time                         10.918    
                         arrival time                          -5.902    
  -------------------------------------------------------------------
                         slack                                  5.016    

Slack (MET) :             5.238ns  (required time - arrival time)
  Source:                 u_axi/addr_q_reg[1]/C
                            (rising edge-triggered cell FDRE clocked by aclk  {rise@0.000ns fall@5.000ns period=10.000ns})
  Destination:            u_axi/s_axi_rdata_reg[13]/D
                            (rising edge-triggered cell FDRE clocked by aclk  {rise@0.000ns fall@5.000ns period=10.000ns})
  Path Group:             aclk
  Path Type:              Setup (Max at Slow Process Corner)
  Requirement:            10.000ns  (aclk rise@10.000ns - aclk rise@0.000ns)
  Data Path Delay:        4.707ns  (logic 0.890ns (18.909%)  route 3.817ns (81.091%))
  Logic Levels:           3  (LUT4=1 LUT5=1 LUT6=1)
  Clock Path Skew:        -0.049ns (DCD - SCD + CPR)
    Destination Clock Delay (DCD):    0.924ns = ( 10.924 - 10.000 ) 
    Source Clock Delay      (SCD):    0.973ns
    Clock Pessimism Removal (CPR):    0.000ns
  Clock Uncertainty:      0.035ns  ((TSJ^2 + TIJ^2)^1/2 + DJ) / 2 + PE
    Total System Jitter     (TSJ):    0.071ns
    Total Input Jitter      (TIJ):    0.000ns
    Discrete Jitter          (DJ):    0.000ns
    Phase Error              (PE):    0.000ns

    Location             Delay type                Incr(ns)  Path(ns)    Netlist Resource(s)
  -------------------------------------------------------------------    -------------------
                         (clock aclk rise edge)       0.000     0.000 r  
                                                      0.000     0.000 r  aclk (IN)
                         net (fo=376, unset)          0.973     0.973    u_axi/aclk
    SLICE_X58Y35         FDRE                                         r  u_axi/addr_q_reg[1]/C
  -------------------------------------------------------------------    -------------------
    SLICE_X58Y35         FDRE (Prop_fdre_C_Q)         0.518     1.491 f  u_axi/addr_q_reg[1]/Q
                         net (fo=15, routed)          1.759     3.250    u_axi/addr_q_reg_n_0_[1]
    SLICE_X59Y37         LUT5 (Prop_lut5_I0_O)        0.124     3.374 r  u_axi/s_axi_rdata[30]_i_4/O
                         net (fo=21, routed)          1.479     4.853    u_axi/s_axi_rdata[30]_i_4_n_0
    SLICE_X58Y40         LUT6 (Prop_lut6_I5_O)        0.124     4.977 r  u_axi/s_axi_rdata[13]_i_2/O
                         net (fo=1, routed)           0.579     5.556    u_axi/s_axi_rdata[13]_i_2_n_0
    SLICE_X56Y40         LUT4 (Prop_lut4_I2_O)        0.124     5.680 r  u_axi/s_axi_rdata[13]_i_1/O
                         net (fo=1, routed)           0.000     5.680    u_axi/s_axi_rdata[13]_i_1_n_0
    SLICE_X56Y40         FDRE                                         r  u_axi/s_axi_rdata_reg[13]/D
  -------------------------------------------------------------------    -------------------

                         (clock aclk rise edge)      10.000    10.000 r  
                                                      0.000    10.000 r  aclk (IN)
                         net (fo=376, unset)          0.924    10.924    u_axi/aclk
    SLICE_X56Y40         FDRE                                         r  u_axi/s_axi_rdata_reg[13]/C
                         clock pessimism              0.000    10.924    
                         clock uncertainty           -0.035    10.889    
    SLICE_X56Y40         FDRE (Setup_fdre_C_D)        0.029    10.918    u_axi/s_axi_rdata_reg[13]
  -------------------------------------------------------------------
                         required time                         10.918    
                         arrival time                          -5.680    
  -------------------------------------------------------------------
                         slack                                  5.238    

Slack (MET) :             5.306ns  (required time - arrival time)
  Source:                 u_axi/addr_q_reg[1]/C
                            (rising edge-triggered cell FDRE clocked by aclk  {rise@0.000ns fall@5.000ns period=10.000ns})
  Destination:            u_axi/s_axi_rdata_reg[3]/D
                            (rising edge-triggered cell FDRE clocked by aclk  {rise@0.000ns fall@5.000ns period=10.000ns})
  Path Group:             aclk
  Path Type:              Setup (Max at Slow Process Corner)
  Requirement:            10.000ns  (aclk rise@10.000ns - aclk rise@0.000ns)
  Data Path Delay:        4.641ns  (logic 0.890ns (19.176%)  route 3.751ns (80.824%))
  Logic Levels:           3  (LUT4=1 LUT5=1 LUT6=1)
  Clock Path Skew:        -0.049ns (DCD - SCD + CPR)
    Destination Clock Delay (DCD):    0.924ns = ( 10.924 - 10.000 ) 
    Source Clock Delay      (SCD):    0.973ns
    Clock Pessimism Removal (CPR):    0.000ns
  Clock Uncertainty:      0.035ns  ((TSJ^2 + TIJ^2)^1/2 + DJ) / 2 + PE
    Total System Jitter     (TSJ):    0.071ns
    Total Input Jitter      (TIJ):    0.000ns
    Discrete Jitter          (DJ):    0.000ns
    Phase Error              (PE):    0.000ns

    Location             Delay type                Incr(ns)  Path(ns)    Netlist Resource(s)
  -------------------------------------------------------------------    -------------------
                         (clock aclk rise edge)       0.000     0.000 r  
                                                      0.000     0.000 r  aclk (IN)
                         net (fo=376, unset)          0.973     0.973    u_axi/aclk
    SLICE_X58Y35         FDRE                                         r  u_axi/addr_q_reg[1]/C
  -------------------------------------------------------------------    -------------------
    SLICE_X58Y35         FDRE (Prop_fdre_C_Q)         0.518     1.491 f  u_axi/addr_q_reg[1]/Q
                         net (fo=15, routed)          1.759     3.250    u_axi/addr_q_reg_n_0_[1]
    SLICE_X59Y37         LUT5 (Prop_lut5_I0_O)        0.124     3.374 r  u_axi/s_axi_rdata[30]_i_4/O
                         net (fo=21, routed)          1.175     4.549    u_axi/s_axi_rdata[30]_i_4_n_0
    SLICE_X56Y35         LUT6 (Prop_lut6_I5_O)        0.124     4.673 r  u_axi/s_axi_rdata[3]_i_2/O
                         net (fo=1, routed)           0.817     5.490    u_axi/s_axi_rdata[3]_i_2_n_0
    SLICE_X56Y34         LUT4 (Prop_lut4_I2_O)        0.124     5.614 r  u_axi/s_axi_rdata[3]_i_1/O
                         net (fo=1, routed)           0.000     5.614    u_axi/s_axi_rdata[3]_i_1_n_0
    SLICE_X56Y34         FDRE                                         r  u_axi/s_axi_rdata_reg[3]/D
  -------------------------------------------------------------------    -------------------

                         (clock aclk rise edge)      10.000    10.000 r  
                                                      0.000    10.000 r  aclk (IN)
                         net (fo=376, unset)          0.924    10.924    u_axi/aclk
    SLICE_X56Y34         FDRE                                         r  u_axi/s_axi_rdata_reg[3]/C
                         clock pessimism              0.000    10.924    
                         clock uncertainty           -0.035    10.889    
    SLICE_X56Y34         FDRE (Setup_fdre_C_D)        0.031    10.920    u_axi/s_axi_rdata_reg[3]
  -------------------------------------------------------------------
                         required time                         10.920    
                         arrival time                          -5.614    
  -------------------------------------------------------------------
                         slack                                  5.306    

Slack (MET) :             5.311ns  (required time - arrival time)
  Source:                 u_axi/addr_q_reg[1]/C
                            (rising edge-triggered cell FDRE clocked by aclk  {rise@0.000ns fall@5.000ns period=10.000ns})
  Destination:            u_axi/s_axi_rdata_reg[15]/D
                            (rising edge-triggered cell FDRE clocked by aclk  {rise@0.000ns fall@5.000ns period=10.000ns})
  Path Group:             aclk
  Path Type:              Setup (Max at Slow Process Corner)
  Requirement:            10.000ns  (aclk rise@10.000ns - aclk rise@0.000ns)
  Data Path Delay:        4.636ns  (logic 1.120ns (24.161%)  route 3.516ns (75.839%))
  Logic Levels:           3  (LUT4=1 LUT5=1 LUT6=1)
  Clock Path Skew:        -0.049ns (DCD - SCD + CPR)
    Destination Clock Delay (DCD):    0.924ns = ( 10.924 - 10.000 ) 
    Source Clock Delay      (SCD):    0.973ns
    Clock Pessimism Removal (CPR):    0.000ns
  Clock Uncertainty:      0.035ns  ((TSJ^2 + TIJ^2)^1/2 + DJ) / 2 + PE
    Total System Jitter     (TSJ):    0.071ns
    Total Input Jitter      (TIJ):    0.000ns
    Discrete Jitter          (DJ):    0.000ns
    Phase Error              (PE):    0.000ns

    Location             Delay type                Incr(ns)  Path(ns)    Netlist Resource(s)
  -------------------------------------------------------------------    -------------------
                         (clock aclk rise edge)       0.000     0.000 r  
                                                      0.000     0.000 r  aclk (IN)
                         net (fo=376, unset)          0.973     0.973    u_axi/aclk
    SLICE_X58Y35         FDRE                                         r  u_axi/addr_q_reg[1]/C
  -------------------------------------------------------------------    -------------------
    SLICE_X58Y35         FDRE (Prop_fdre_C_Q)         0.518     1.491 f  u_axi/addr_q_reg[1]/Q
                         net (fo=15, routed)          1.759     3.250    u_axi/addr_q_reg_n_0_[1]
    SLICE_X59Y37         LUT5 (Prop_lut5_I0_O)        0.152     3.402 r  u_axi/s_axi_rdata[31]_i_6/O
                         net (fo=16, routed)          1.050     4.452    u_axi/s_axi_rdata[31]_i_6_n_0
    SLICE_X57Y40         LUT6 (Prop_lut6_I0_O)        0.326     4.778 r  u_axi/s_axi_rdata[15]_i_2/O
                         net (fo=1, routed)           0.706     5.485    u_axi/s_axi_rdata[15]_i_2_n_0
    SLICE_X56Y40         LUT4 (Prop_lut4_I2_O)        0.124     5.609 r  u_axi/s_axi_rdata[15]_i_1/O
                         net (fo=1, routed)           0.000     5.609    u_axi/s_axi_rdata[15]_i_1_n_0
    SLICE_X56Y40         FDRE                                         r  u_axi/s_axi_rdata_reg[15]/D
  -------------------------------------------------------------------    -------------------

                         (clock aclk rise edge)      10.000    10.000 r  
                                                      0.000    10.000 r  aclk (IN)
                         net (fo=376, unset)          0.924    10.924    u_axi/aclk
    SLICE_X56Y40         FDRE                                         r  u_axi/s_axi_rdata_reg[15]/C
                         clock pessimism              0.000    10.924    
                         clock uncertainty           -0.035    10.889    
    SLICE_X56Y40         FDRE (Setup_fdre_C_D)        0.031    10.920    u_axi/s_axi_rdata_reg[15]
  -------------------------------------------------------------------
                         required time                         10.920    
                         arrival time                          -5.609    
  -------------------------------------------------------------------
                         slack                                  5.311    

Slack (MET) :             5.341ns  (required time - arrival time)
  Source:                 u_axi/addr_q_reg[1]/C
                            (rising edge-triggered cell FDRE clocked by aclk  {rise@0.000ns fall@5.000ns period=10.000ns})
  Destination:            u_axi/s_axi_rdata_reg[12]/D
                            (rising edge-triggered cell FDRE clocked by aclk  {rise@0.000ns fall@5.000ns period=10.000ns})
  Path Group:             aclk
  Path Type:              Setup (Max at Slow Process Corner)
  Requirement:            10.000ns  (aclk rise@10.000ns - aclk rise@0.000ns)
  Data Path Delay:        4.606ns  (logic 1.120ns (24.314%)  route 3.486ns (75.686%))
  Logic Levels:           3  (LUT5=2 LUT6=1)
  Clock Path Skew:        -0.049ns (DCD - SCD + CPR)
    Destination Clock Delay (DCD):    0.924ns = ( 10.924 - 10.000 ) 
    Source Clock Delay      (SCD):    0.973ns
    Clock Pessimism Removal (CPR):    0.000ns
  Clock Uncertainty:      0.035ns  ((TSJ^2 + TIJ^2)^1/2 + DJ) / 2 + PE
    Total System Jitter     (TSJ):    0.071ns
    Total Input Jitter      (TIJ):    0.000ns
    Discrete Jitter          (DJ):    0.000ns
    Phase Error              (PE):    0.000ns

    Location             Delay type                Incr(ns)  Path(ns)    Netlist Resource(s)
  -------------------------------------------------------------------    -------------------
                         (clock aclk rise edge)       0.000     0.000 r  
                                                      0.000     0.000 r  aclk (IN)
                         net (fo=376, unset)          0.973     0.973    u_axi/aclk
    SLICE_X58Y35         FDRE                                         r  u_axi/addr_q_reg[1]/C
  -------------------------------------------------------------------    -------------------
    SLICE_X58Y35         FDRE (Prop_fdre_C_Q)         0.518     1.491 f  u_axi/addr_q_reg[1]/Q
                         net (fo=15, routed)          1.759     3.250    u_axi/addr_q_reg_n_0_[1]
    SLICE_X59Y37         LUT5 (Prop_lut5_I0_O)        0.152     3.402 r  u_axi/s_axi_rdata[31]_i_6/O
                         net (fo=16, routed)          1.083     4.485    u_axi/s_axi_rdata[31]_i_6_n_0
    SLICE_X58Y40         LUT5 (Prop_lut5_I1_O)        0.326     4.811 r  u_axi/s_axi_rdata[12]_i_2/O
                         net (fo=1, routed)           0.644     5.455    u_axi/s_axi_rdata[12]_i_2_n_0
    SLICE_X56Y39         LUT6 (Prop_lut6_I2_O)        0.124     5.579 r  u_axi/s_axi_rdata[12]_i_1/O
                         net (fo=1, routed)           0.000     5.579    u_axi/s_axi_rdata[12]_i_1_n_0
    SLICE_X56Y39         FDRE                                         r  u_axi/s_axi_rdata_reg[12]/D
  -------------------------------------------------------------------    -------------------

                         (clock aclk rise edge)      10.000    10.000 r  
                                                      0.000    10.000 r  aclk (IN)
                         net (fo=376, unset)          0.924    10.924    u_axi/aclk
    SLICE_X56Y39         FDRE                                         r  u_axi/s_axi_rdata_reg[12]/C
                         clock pessimism              0.000    10.924    
                         clock uncertainty           -0.035    10.889    
    SLICE_X56Y39         FDRE (Setup_fdre_C_D)        0.031    10.920    u_axi/s_axi_rdata_reg[12]
  -------------------------------------------------------------------
                         required time                         10.920    
                         arrival time                          -5.579    
  -------------------------------------------------------------------
                         slack                                  5.341    

Slack (MET) :             5.364ns  (required time - arrival time)
  Source:                 u_bridge/ack_sync_reg[1]/C
                            (rising edge-triggered cell FDRE clocked by aclk  {rise@0.000ns fall@5.000ns period=10.000ns})
  Destination:            u_bridge/m_rdata_reg[12]/CE
                            (rising edge-triggered cell FDRE clocked by aclk  {rise@0.000ns fall@5.000ns period=10.000ns})
  Path Group:             aclk
  Path Type:              Setup (Max at Slow Process Corner)
  Requirement:            10.000ns  (aclk rise@10.000ns - aclk rise@0.000ns)
  Data Path Delay:        4.347ns  (logic 0.773ns (17.781%)  route 3.574ns (82.219%))
  Logic Levels:           1  (LUT3=1)
  Clock Path Skew:        -0.049ns (DCD - SCD + CPR)
    Destination Clock Delay (DCD):    0.924ns = ( 10.924 - 10.000 ) 
    Source Clock Delay      (SCD):    0.973ns
    Clock Pessimism Removal (CPR):    0.000ns
  Clock Uncertainty:      0.035ns  ((TSJ^2 + TIJ^2)^1/2 + DJ) / 2 + PE
    Total System Jitter     (TSJ):    0.071ns
    Total Input Jitter      (TIJ):    0.000ns
    Discrete Jitter          (DJ):    0.000ns
    Phase Error              (PE):    0.000ns

    Location             Delay type                Incr(ns)  Path(ns)    Netlist Resource(s)
  -------------------------------------------------------------------    -------------------
                         (clock aclk rise edge)       0.000     0.000 r  
                                                      0.000     0.000 r  aclk (IN)
                         net (fo=376, unset)          0.973     0.973    u_bridge/aclk
    SLICE_X38Y27         FDRE                                         r  u_bridge/ack_sync_reg[1]/C
  -------------------------------------------------------------------    -------------------
    SLICE_X38Y27         FDRE (Prop_fdre_C_Q)         0.478     1.451 r  u_bridge/ack_sync_reg[1]/Q
                         net (fo=3, routed)           1.273     2.724    u_bridge/ack_sync[1]
    SLICE_X44Y27         LUT3 (Prop_lut3_I0_O)        0.295     3.019 r  u_bridge/m_rdata[31]_i_1/O
                         net (fo=32, routed)          2.301     5.320    u_bridge/m_rdata[31]_i_1_n_0
    SLICE_X33Y40         FDRE                                         r  u_bridge/m_rdata_reg[12]/CE
  -------------------------------------------------------------------    -------------------

                         (clock aclk rise edge)      10.000    10.000 r  
                                                      0.000    10.000 r  aclk (IN)
                         net (fo=376, unset)          0.924    10.924    u_bridge/aclk
    SLICE_X33Y40         FDRE                                         r  u_bridge/m_rdata_reg[12]/C
                         clock pessimism              0.000    10.924    
                         clock uncertainty           -0.035    10.889    
    SLICE_X33Y40         FDRE (Setup_fdre_C_CE)      -0.205    10.684    u_bridge/m_rdata_reg[12]
  -------------------------------------------------------------------
                         required time                         10.684    
                         arrival time                          -5.320    
  -------------------------------------------------------------------
                         slack                                  5.364    

Slack (MET) :             5.364ns  (required time - arrival time)
  Source:                 u_bridge/ack_sync_reg[1]/C
                            (rising edge-triggered cell FDRE clocked by aclk  {rise@0.000ns fall@5.000ns period=10.000ns})
  Destination:            u_bridge/m_rdata_reg[14]/CE
                            (rising edge-triggered cell FDRE clocked by aclk  {rise@0.000ns fall@5.000ns period=10.000ns})
  Path Group:             aclk
  Path Type:              Setup (Max at Slow Process Corner)
  Requirement:            10.000ns  (aclk rise@10.000ns - aclk rise@0.000ns)
  Data Path Delay:        4.347ns  (logic 0.773ns (17.781%)  route 3.574ns (82.219%))
  Logic Levels:           1  (LUT3=1)
  Clock Path Skew:        -0.049ns (DCD - SCD + CPR)
    Destination Clock Delay (DCD):    0.924ns = ( 10.924 - 10.000 ) 
    Source Clock Delay      (SCD):    0.973ns
    Clock Pessimism Removal (CPR):    0.000ns
  Clock Uncertainty:      0.035ns  ((TSJ^2 + TIJ^2)^1/2 + DJ) / 2 + PE
    Total System Jitter     (TSJ):    0.071ns
    Total Input Jitter      (TIJ):    0.000ns
    Discrete Jitter          (DJ):    0.000ns
    Phase Error              (PE):    0.000ns

    Location             Delay type                Incr(ns)  Path(ns)    Netlist Resource(s)
  -------------------------------------------------------------------    -------------------
                         (clock aclk rise edge)       0.000     0.000 r  
                                                      0.000     0.000 r  aclk (IN)
                         net (fo=376, unset)          0.973     0.973    u_bridge/aclk
    SLICE_X38Y27         FDRE                                         r  u_bridge/ack_sync_reg[1]/C
  -------------------------------------------------------------------    -------------------
    SLICE_X38Y27         FDRE (Prop_fdre_C_Q)         0.478     1.451 r  u_bridge/ack_sync_reg[1]/Q
                         net (fo=3, routed)           1.273     2.724    u_bridge/ack_sync[1]
    SLICE_X44Y27         LUT3 (Prop_lut3_I0_O)        0.295     3.019 r  u_bridge/m_rdata[31]_i_1/O
                         net (fo=32, routed)          2.301     5.320    u_bridge/m_rdata[31]_i_1_n_0
    SLICE_X33Y40         FDRE                                         r  u_bridge/m_rdata_reg[14]/CE
  -------------------------------------------------------------------    -------------------

                         (clock aclk rise edge)      10.000    10.000 r  
                                                      0.000    10.000 r  aclk (IN)
                         net (fo=376, unset)          0.924    10.924    u_bridge/aclk
    SLICE_X33Y40         FDRE                                         r  u_bridge/m_rdata_reg[14]/C
                         clock pessimism              0.000    10.924    
                         clock uncertainty           -0.035    10.889    
    SLICE_X33Y40         FDRE (Setup_fdre_C_CE)      -0.205    10.684    u_bridge/m_rdata_reg[14]
  -------------------------------------------------------------------
                         required time                         10.684    
                         arrival time                          -5.320    
  -------------------------------------------------------------------
                         slack                                  5.364    

Slack (MET) :             5.364ns  (required time - arrival time)
  Source:                 u_bridge/ack_sync_reg[1]/C
                            (rising edge-triggered cell FDRE clocked by aclk  {rise@0.000ns fall@5.000ns period=10.000ns})
  Destination:            u_bridge/m_rdata_reg[18]/CE
                            (rising edge-triggered cell FDRE clocked by aclk  {rise@0.000ns fall@5.000ns period=10.000ns})
  Path Group:             aclk
  Path Type:              Setup (Max at Slow Process Corner)
  Requirement:            10.000ns  (aclk rise@10.000ns - aclk rise@0.000ns)
  Data Path Delay:        4.347ns  (logic 0.773ns (17.781%)  route 3.574ns (82.219%))
  Logic Levels:           1  (LUT3=1)
  Clock Path Skew:        -0.049ns (DCD - SCD + CPR)
    Destination Clock Delay (DCD):    0.924ns = ( 10.924 - 10.000 ) 
    Source Clock Delay      (SCD):    0.973ns
    Clock Pessimism Removal (CPR):    0.000ns
  Clock Uncertainty:      0.035ns  ((TSJ^2 + TIJ^2)^1/2 + DJ) / 2 + PE
    Total System Jitter     (TSJ):    0.071ns
    Total Input Jitter      (TIJ):    0.000ns
    Discrete Jitter          (DJ):    0.000ns
    Phase Error              (PE):    0.000ns

    Location             Delay type                Incr(ns)  Path(ns)    Netlist Resource(s)
  -------------------------------------------------------------------    -------------------
                         (clock aclk rise edge)       0.000     0.000 r  
                                                      0.000     0.000 r  aclk (IN)
                         net (fo=376, unset)          0.973     0.973    u_bridge/aclk
    SLICE_X38Y27         FDRE                                         r  u_bridge/ack_sync_reg[1]/C
  -------------------------------------------------------------------    -------------------
    SLICE_X38Y27         FDRE (Prop_fdre_C_Q)         0.478     1.451 r  u_bridge/ack_sync_reg[1]/Q
                         net (fo=3, routed)           1.273     2.724    u_bridge/ack_sync[1]
    SLICE_X44Y27         LUT3 (Prop_lut3_I0_O)        0.295     3.019 r  u_bridge/m_rdata[31]_i_1/O
                         net (fo=32, routed)          2.301     5.320    u_bridge/m_rdata[31]_i_1_n_0
    SLICE_X33Y40         FDRE                                         r  u_bridge/m_rdata_reg[18]/CE
  -------------------------------------------------------------------    -------------------

                         (clock aclk rise edge)      10.000    10.000 r  
                                                      0.000    10.000 r  aclk (IN)
                         net (fo=376, unset)          0.924    10.924    u_bridge/aclk
    SLICE_X33Y40         FDRE                                         r  u_bridge/m_rdata_reg[18]/C
                         clock pessimism              0.000    10.924    
                         clock uncertainty           -0.035    10.889    
    SLICE_X33Y40         FDRE (Setup_fdre_C_CE)      -0.205    10.684    u_bridge/m_rdata_reg[18]
  -------------------------------------------------------------------
                         required time                         10.684    
                         arrival time                          -5.320    
  -------------------------------------------------------------------
                         slack                                  5.364    





Min Delay Paths
--------------------------------------------------------------------------------------
Slack (MET) :             0.098ns  (arrival time - required time)
  Source:                 u_axi/wdata_q_reg[12]/C
                            (rising edge-triggered cell FDRE clocked by aclk  {rise@0.000ns fall@5.000ns period=10.000ns})
  Destination:            u_axi/br_wdata_reg[12]/D
                            (rising edge-triggered cell FDRE clocked by aclk  {rise@0.000ns fall@5.000ns period=10.000ns})
  Path Group:             aclk
  Path Type:              Hold (Min at Fast Process Corner)
  Requirement:            0.000ns  (aclk rise@0.000ns - aclk rise@0.000ns)
  Data Path Delay:        0.195ns  (logic 0.141ns (72.269%)  route 0.054ns (27.731%))
  Logic Levels:           0  
  Clock Path Skew:        0.022ns (DCD - SCD - CPR)
    Destination Clock Delay (DCD):    0.432ns
    Source Clock Delay      (SCD):    0.410ns
    Clock Pessimism Removal (CPR):    -0.000ns

    Location             Delay type                Incr(ns)  Path(ns)    Netlist Resource(s)
  -------------------------------------------------------------------    -------------------
                         (clock aclk rise edge)       0.000     0.000 r  
                                                      0.000     0.000 r  aclk (IN)
                         net (fo=376, unset)          0.410     0.410    u_axi/aclk
    SLICE_X55Y31         FDRE                                         r  u_axi/wdata_q_reg[12]/C
  -------------------------------------------------------------------    -------------------
    SLICE_X55Y31         FDRE (Prop_fdre_C_Q)         0.141     0.551 r  u_axi/wdata_q_reg[12]/Q
                         net (fo=1, routed)           0.054     0.605    u_axi/wdata_q__0[12]
    SLICE_X54Y31         FDRE                                         r  u_axi/br_wdata_reg[12]/D
  -------------------------------------------------------------------    -------------------

                         (clock aclk rise edge)       0.000     0.000 r  
                                                      0.000     0.000 r  aclk (IN)
                         net (fo=376, unset)          0.432     0.432    u_axi/aclk
    SLICE_X54Y31         FDRE                                         r  u_axi/br_wdata_reg[12]/C
                         clock pessimism              0.000     0.432    
    SLICE_X54Y31         FDRE (Hold_fdre_C_D)         0.076     0.508    u_axi/br_wdata_reg[12]
  -------------------------------------------------------------------
                         required time                         -0.508    
                         arrival time                           0.605    
  -------------------------------------------------------------------
                         slack                                  0.098    

Slack (MET) :             0.130ns  (arrival time - required time)
  Source:                 u_axi/snap_ns_q_reg[18]/C
                            (rising edge-triggered cell FDRE clocked by aclk  {rise@0.000ns fall@5.000ns period=10.000ns})
  Destination:            u_axi/s_axi_rdata_reg[18]/D
                            (rising edge-triggered cell FDRE clocked by aclk  {rise@0.000ns fall@5.000ns period=10.000ns})
  Path Group:             aclk
  Path Type:              Hold (Min at Fast Process Corner)
  Requirement:            0.000ns  (aclk rise@0.000ns - aclk rise@0.000ns)
  Data Path Delay:        0.243ns  (logic 0.186ns (76.391%)  route 0.057ns (23.609%))
  Logic Levels:           1  (LUT6=1)
  Clock Path Skew:        0.022ns (DCD - SCD - CPR)
    Destination Clock Delay (DCD):    0.432ns
    Source Clock Delay      (SCD):    0.410ns
    Clock Pessimism Removal (CPR):    -0.000ns

    Location             Delay type                Incr(ns)  Path(ns)    Netlist Resource(s)
  -------------------------------------------------------------------    -------------------
                         (clock aclk rise edge)       0.000     0.000 r  
                                                      0.000     0.000 r  aclk (IN)
                         net (fo=376, unset)          0.410     0.410    u_axi/aclk
    SLICE_X57Y39         FDRE                                         r  u_axi/snap_ns_q_reg[18]/C
  -------------------------------------------------------------------    -------------------
    SLICE_X57Y39         FDRE (Prop_fdre_C_Q)         0.141     0.551 r  u_axi/snap_ns_q_reg[18]/Q
                         net (fo=1, routed)           0.057     0.609    u_axi/snap_ns_q[18]
    SLICE_X56Y39         LUT6 (Prop_lut6_I3_O)        0.045     0.654 r  u_axi/s_axi_rdata[18]_i_1/O
                         net (fo=1, routed)           0.000     0.654    u_axi/s_axi_rdata[18]_i_1_n_0
    SLICE_X56Y39         FDRE                                         r  u_axi/s_axi_rdata_reg[18]/D
  -------------------------------------------------------------------    -------------------

                         (clock aclk rise edge)       0.000     0.000 r  
                                                      0.000     0.000 r  aclk (IN)
                         net (fo=376, unset)          0.432     0.432    u_axi/aclk
    SLICE_X56Y39         FDRE                                         r  u_axi/s_axi_rdata_reg[18]/C
                         clock pessimism              0.000     0.432    
    SLICE_X56Y39         FDRE (Hold_fdre_C_D)         0.092     0.524    u_axi/s_axi_rdata_reg[18]
  -------------------------------------------------------------------
                         required time                         -0.524    
                         arrival time                           0.654    
  -------------------------------------------------------------------
                         slack                                  0.130    

Slack (MET) :             0.131ns  (arrival time - required time)
  Source:                 u_axi/br_addr_reg[1]/C
                            (rising edge-triggered cell FDRE clocked by aclk  {rise@0.000ns fall@5.000ns period=10.000ns})
  Destination:            u_bridge/addr_hold_reg[1]/D
                            (rising edge-triggered cell FDRE clocked by aclk  {rise@0.000ns fall@5.000ns period=10.000ns})
  Path Group:             aclk
  Path Type:              Hold (Min at Fast Process Corner)
  Requirement:            0.000ns  (aclk rise@0.000ns - aclk rise@0.000ns)
  Data Path Delay:        0.199ns  (logic 0.141ns (70.737%)  route 0.058ns (29.263%))
  Logic Levels:           0  
  Clock Path Skew:        0.022ns (DCD - SCD - CPR)
    Destination Clock Delay (DCD):    0.432ns
    Source Clock Delay      (SCD):    0.410ns
    Clock Pessimism Removal (CPR):    -0.000ns

    Location             Delay type                Incr(ns)  Path(ns)    Netlist Resource(s)
  -------------------------------------------------------------------    -------------------
                         (clock aclk rise edge)       0.000     0.000 r  
                                                      0.000     0.000 r  aclk (IN)
                         net (fo=376, unset)          0.410     0.410    u_axi/aclk
    SLICE_X57Y33         FDRE                                         r  u_axi/br_addr_reg[1]/C
  -------------------------------------------------------------------    -------------------
    SLICE_X57Y33         FDRE (Prop_fdre_C_Q)         0.141     0.551 r  u_axi/br_addr_reg[1]/Q
                         net (fo=1, routed)           0.058     0.609    u_bridge/addr_hold_reg[11]_0[1]
    SLICE_X56Y33         FDRE                                         r  u_bridge/addr_hold_reg[1]/D
  -------------------------------------------------------------------    -------------------

                         (clock aclk rise edge)       0.000     0.000 r  
                                                      0.000     0.000 r  aclk (IN)
                         net (fo=376, unset)          0.432     0.432    u_bridge/aclk
    SLICE_X56Y33         FDRE                                         r  u_bridge/addr_hold_reg[1]/C
                         clock pessimism              0.000     0.432    
    SLICE_X56Y33         FDRE (Hold_fdre_C_D)         0.047     0.479    u_bridge/addr_hold_reg[1]
  -------------------------------------------------------------------
                         required time                         -0.479    
                         arrival time                           0.609    
  -------------------------------------------------------------------
                         slack                                  0.131    

Slack (MET) :             0.133ns  (arrival time - required time)
  Source:                 u_axi/snap_ns_q_reg[29]/C
                            (rising edge-triggered cell FDRE clocked by aclk  {rise@0.000ns fall@5.000ns period=10.000ns})
  Destination:            u_axi/s_axi_rdata_reg[29]/D
                            (rising edge-triggered cell FDRE clocked by aclk  {rise@0.000ns fall@5.000ns period=10.000ns})
  Path Group:             aclk
  Path Type:              Hold (Min at Fast Process Corner)
  Requirement:            0.000ns  (aclk rise@0.000ns - aclk rise@0.000ns)
  Data Path Delay:        0.275ns  (logic 0.186ns (67.611%)  route 0.089ns (32.389%))
  Logic Levels:           1  (LUT6=1)
  Clock Path Skew:        0.022ns (DCD - SCD - CPR)
    Destination Clock Delay (DCD):    0.432ns
    Source Clock Delay      (SCD):    0.410ns
    Clock Pessimism Removal (CPR):    -0.000ns

    Location             Delay type                Incr(ns)  Path(ns)    Netlist Resource(s)
  -------------------------------------------------------------------    -------------------
                         (clock aclk rise edge)       0.000     0.000 r  
                                                      0.000     0.000 r  aclk (IN)
                         net (fo=376, unset)          0.410     0.410    u_axi/aclk
    SLICE_X55Y44         FDRE                                         r  u_axi/snap_ns_q_reg[29]/C
  -------------------------------------------------------------------    -------------------
    SLICE_X55Y44         FDRE (Prop_fdre_C_Q)         0.141     0.551 r  u_axi/snap_ns_q_reg[29]/Q
                         net (fo=1, routed)           0.089     0.640    u_axi/snap_ns_q[29]
    SLICE_X54Y44         LUT6 (Prop_lut6_I3_O)        0.045     0.685 r  u_axi/s_axi_rdata[29]_i_1/O
                         net (fo=1, routed)           0.000     0.685    u_axi/s_axi_rdata[29]_i_1_n_0
    SLICE_X54Y44         FDRE                                         r  u_axi/s_axi_rdata_reg[29]/D
  -------------------------------------------------------------------    -------------------

                         (clock aclk rise edge)       0.000     0.000 r  
                                                      0.000     0.000 r  aclk (IN)
                         net (fo=376, unset)          0.432     0.432    u_axi/aclk
    SLICE_X54Y44         FDRE                                         r  u_axi/s_axi_rdata_reg[29]/C
                         clock pessimism              0.000     0.432    
    SLICE_X54Y44         FDRE (Hold_fdre_C_D)         0.121     0.553    u_axi/s_axi_rdata_reg[29]
  -------------------------------------------------------------------
                         required time                         -0.553    
                         arrival time                           0.685    
  -------------------------------------------------------------------
                         slack                                  0.133    

Slack (MET) :             0.138ns  (arrival time - required time)
  Source:                 u_bridge/ack_sync_reg[0]/C
                            (rising edge-triggered cell FDRE clocked by aclk  {rise@0.000ns fall@5.000ns period=10.000ns})
  Destination:            u_bridge/ack_sync_reg[1]/D
                            (rising edge-triggered cell FDRE clocked by aclk  {rise@0.000ns fall@5.000ns period=10.000ns})
  Path Group:             aclk
  Path Type:              Hold (Min at Fast Process Corner)
  Requirement:            0.000ns  (aclk rise@0.000ns - aclk rise@0.000ns)
  Data Path Delay:        0.220ns  (logic 0.164ns (74.580%)  route 0.056ns (25.420%))
  Logic Levels:           0  
  Clock Path Skew:        0.022ns (DCD - SCD - CPR)
    Destination Clock Delay (DCD):    0.432ns
    Source Clock Delay      (SCD):    0.410ns
    Clock Pessimism Removal (CPR):    -0.000ns

    Location             Delay type                Incr(ns)  Path(ns)    Netlist Resource(s)
  -------------------------------------------------------------------    -------------------
                         (clock aclk rise edge)       0.000     0.000 r  
                                                      0.000     0.000 r  aclk (IN)
                         net (fo=376, unset)          0.410     0.410    u_bridge/aclk
    SLICE_X38Y27         FDRE                                         r  u_bridge/ack_sync_reg[0]/C
  -------------------------------------------------------------------    -------------------
    SLICE_X38Y27         FDRE (Prop_fdre_C_Q)         0.164     0.574 r  u_bridge/ack_sync_reg[0]/Q
                         net (fo=1, routed)           0.056     0.630    u_bridge/ack_sync[0]
    SLICE_X38Y27         FDRE                                         r  u_bridge/ack_sync_reg[1]/D
  -------------------------------------------------------------------    -------------------

                         (clock aclk rise edge)       0.000     0.000 r  
                                                      0.000     0.000 r  aclk (IN)
                         net (fo=376, unset)          0.432     0.432    u_bridge/aclk
    SLICE_X38Y27         FDRE                                         r  u_bridge/ack_sync_reg[1]/C
                         clock pessimism              0.000     0.432    
    SLICE_X38Y27         FDRE (Hold_fdre_C_D)         0.060     0.492    u_bridge/ack_sync_reg[1]
  -------------------------------------------------------------------
                         required time                         -0.492    
                         arrival time                           0.630    
  -------------------------------------------------------------------
                         slack                                  0.138    

Slack (MET) :             0.153ns  (arrival time - required time)
  Source:                 u_axi/wdata_q_reg[8]/C
                            (rising edge-triggered cell FDRE clocked by aclk  {rise@0.000ns fall@5.000ns period=10.000ns})
  Destination:            u_axi/br_wdata_reg[8]/D
                            (rising edge-triggered cell FDRE clocked by aclk  {rise@0.000ns fall@5.000ns period=10.000ns})
  Path Group:             aclk
  Path Type:              Hold (Min at Fast Process Corner)
  Requirement:            0.000ns  (aclk rise@0.000ns - aclk rise@0.000ns)
  Data Path Delay:        0.253ns  (logic 0.141ns (55.730%)  route 0.112ns (44.270%))
  Logic Levels:           0  
  Clock Path Skew:        0.022ns (DCD - SCD - CPR)
    Destination Clock Delay (DCD):    0.432ns
    Source Clock Delay      (SCD):    0.410ns
    Clock Pessimism Removal (CPR):    -0.000ns

    Location             Delay type                Incr(ns)  Path(ns)    Netlist Resource(s)
  -------------------------------------------------------------------    -------------------
                         (clock aclk rise edge)       0.000     0.000 r  
                                                      0.000     0.000 r  aclk (IN)
                         net (fo=376, unset)          0.410     0.410    u_axi/aclk
    SLICE_X53Y30         FDRE                                         r  u_axi/wdata_q_reg[8]/C
  -------------------------------------------------------------------    -------------------
    SLICE_X53Y30         FDRE (Prop_fdre_C_Q)         0.141     0.551 r  u_axi/wdata_q_reg[8]/Q
                         net (fo=1, routed)           0.112     0.663    u_axi/wdata_q__0[8]
    SLICE_X53Y31         FDRE                                         r  u_axi/br_wdata_reg[8]/D
  -------------------------------------------------------------------    -------------------

                         (clock aclk rise edge)       0.000     0.000 r  
                                                      0.000     0.000 r  aclk (IN)
                         net (fo=376, unset)          0.432     0.432    u_axi/aclk
    SLICE_X53Y31         FDRE                                         r  u_axi/br_wdata_reg[8]/C
                         clock pessimism              0.000     0.432    
    SLICE_X53Y31         FDRE (Hold_fdre_C_D)         0.078     0.510    u_axi/br_wdata_reg[8]
  -------------------------------------------------------------------
                         required time                         -0.510    
                         arrival time                           0.663    
  -------------------------------------------------------------------
                         slack                                  0.153    

Slack (MET) :             0.153ns  (arrival time - required time)
  Source:                 u_axi/br_wdata_reg[24]/C
                            (rising edge-triggered cell FDRE clocked by aclk  {rise@0.000ns fall@5.000ns period=10.000ns})
  Destination:            u_bridge/wdata_hold_reg[24]/D
                            (rising edge-triggered cell FDRE clocked by aclk  {rise@0.000ns fall@5.000ns period=10.000ns})
  Path Group:             aclk
  Path Type:              Hold (Min at Fast Process Corner)
  Requirement:            0.000ns  (aclk rise@0.000ns - aclk rise@0.000ns)
  Data Path Delay:        0.251ns  (logic 0.141ns (56.174%)  route 0.110ns (43.826%))
  Logic Levels:           0  
  Clock Path Skew:        0.022ns (DCD - SCD - CPR)
    Destination Clock Delay (DCD):    0.432ns
    Source Clock Delay      (SCD):    0.410ns
    Clock Pessimism Removal (CPR):    -0.000ns

    Location             Delay type                Incr(ns)  Path(ns)    Netlist Resource(s)
  -------------------------------------------------------------------    -------------------
                         (clock aclk rise edge)       0.000     0.000 r  
                                                      0.000     0.000 r  aclk (IN)
                         net (fo=376, unset)          0.410     0.410    u_axi/aclk
    SLICE_X57Y34         FDRE                                         r  u_axi/br_wdata_reg[24]/C
  -------------------------------------------------------------------    -------------------
    SLICE_X57Y34         FDRE (Prop_fdre_C_Q)         0.141     0.551 r  u_axi/br_wdata_reg[24]/Q
                         net (fo=1, routed)           0.110     0.661    u_bridge/wdata_hold_reg[31]_0[24]
    SLICE_X56Y33         FDRE                                         r  u_bridge/wdata_hold_reg[24]/D
  -------------------------------------------------------------------    -------------------

                         (clock aclk rise edge)       0.000     0.000 r  
                                                      0.000     0.000 r  aclk (IN)
                         net (fo=376, unset)          0.432     0.432    u_bridge/aclk
    SLICE_X56Y33         FDRE                                         r  u_bridge/wdata_hold_reg[24]/C
                         clock pessimism              0.000     0.432    
    SLICE_X56Y33         FDRE (Hold_fdre_C_D)         0.076     0.508    u_bridge/wdata_hold_reg[24]
  -------------------------------------------------------------------
                         required time                         -0.508    
                         arrival time                           0.661    
  -------------------------------------------------------------------
                         slack                                  0.153    

Slack (MET) :             0.155ns  (arrival time - required time)
  Source:                 u_axi/wdata_q_reg[7]/C
                            (rising edge-triggered cell FDRE clocked by aclk  {rise@0.000ns fall@5.000ns period=10.000ns})
  Destination:            u_axi/br_wdata_reg[7]/D
                            (rising edge-triggered cell FDRE clocked by aclk  {rise@0.000ns fall@5.000ns period=10.000ns})
  Path Group:             aclk
  Path Type:              Hold (Min at Fast Process Corner)
  Requirement:            0.000ns  (aclk rise@0.000ns - aclk rise@0.000ns)
  Data Path Delay:        0.253ns  (logic 0.141ns (55.730%)  route 0.112ns (44.270%))
  Logic Levels:           0  
  Clock Path Skew:        0.022ns (DCD - SCD - CPR)
    Destination Clock Delay (DCD):    0.432ns
    Source Clock Delay      (SCD):    0.410ns
    Clock Pessimism Removal (CPR):    -0.000ns

    Location             Delay type                Incr(ns)  Path(ns)    Netlist Resource(s)
  -------------------------------------------------------------------    -------------------
                         (clock aclk rise edge)       0.000     0.000 r  
                                                      0.000     0.000 r  aclk (IN)
                         net (fo=376, unset)          0.410     0.410    u_axi/aclk
    SLICE_X53Y30         FDRE                                         r  u_axi/wdata_q_reg[7]/C
  -------------------------------------------------------------------    -------------------
    SLICE_X53Y30         FDRE (Prop_fdre_C_Q)         0.141     0.551 r  u_axi/wdata_q_reg[7]/Q
                         net (fo=1, routed)           0.112     0.663    u_axi/wdata_q__0[7]
    SLICE_X53Y31         FDRE                                         r  u_axi/br_wdata_reg[7]/D
  -------------------------------------------------------------------    -------------------

                         (clock aclk rise edge)       0.000     0.000 r  
                                                      0.000     0.000 r  aclk (IN)
                         net (fo=376, unset)          0.432     0.432    u_axi/aclk
    SLICE_X53Y31         FDRE                                         r  u_axi/br_wdata_reg[7]/C
                         clock pessimism              0.000     0.432    
    SLICE_X53Y31         FDRE (Hold_fdre_C_D)         0.076     0.508    u_axi/br_wdata_reg[7]
  -------------------------------------------------------------------
                         required time                         -0.508    
                         arrival time                           0.663    
  -------------------------------------------------------------------
                         slack                                  0.155    

Slack (MET) :             0.156ns  (arrival time - required time)
  Source:                 u_axi/wdata_q_reg[2]/C
                            (rising edge-triggered cell FDRE clocked by aclk  {rise@0.000ns fall@5.000ns period=10.000ns})
  Destination:            u_axi/br_wdata_reg[2]/D
                            (rising edge-triggered cell FDRE clocked by aclk  {rise@0.000ns fall@5.000ns period=10.000ns})
  Path Group:             aclk
  Path Type:              Hold (Min at Fast Process Corner)
  Requirement:            0.000ns  (aclk rise@0.000ns - aclk rise@0.000ns)
  Data Path Delay:        0.253ns  (logic 0.141ns (55.730%)  route 0.112ns (44.270%))
  Logic Levels:           0  
  Clock Path Skew:        0.022ns (DCD - SCD - CPR)
    Destination Clock Delay (DCD):    0.432ns
    Source Clock Delay      (SCD):    0.410ns
    Clock Pessimism Removal (CPR):    -0.000ns

    Location             Delay type                Incr(ns)  Path(ns)    Netlist Resource(s)
  -------------------------------------------------------------------    -------------------
                         (clock aclk rise edge)       0.000     0.000 r  
                                                      0.000     0.000 r  aclk (IN)
                         net (fo=376, unset)          0.410     0.410    u_axi/aclk
    SLICE_X53Y30         FDRE                                         r  u_axi/wdata_q_reg[2]/C
  -------------------------------------------------------------------    -------------------
    SLICE_X53Y30         FDRE (Prop_fdre_C_Q)         0.141     0.551 r  u_axi/wdata_q_reg[2]/Q
                         net (fo=1, routed)           0.112     0.663    u_axi/wdata_q__0[2]
    SLICE_X53Y31         FDRE                                         r  u_axi/br_wdata_reg[2]/D
  -------------------------------------------------------------------    -------------------

                         (clock aclk rise edge)       0.000     0.000 r  
                                                      0.000     0.000 r  aclk (IN)
                         net (fo=376, unset)          0.432     0.432    u_axi/aclk
    SLICE_X53Y31         FDRE                                         r  u_axi/br_wdata_reg[2]/C
                         clock pessimism              0.000     0.432    
    SLICE_X53Y31         FDRE (Hold_fdre_C_D)         0.075     0.507    u_axi/br_wdata_reg[2]
  -------------------------------------------------------------------
                         required time                         -0.507    
                         arrival time                           0.663    
  -------------------------------------------------------------------
                         slack                                  0.156    

Slack (MET) :             0.158ns  (arrival time - required time)
  Source:                 u_axi/wdata_q_reg[10]/C
                            (rising edge-triggered cell FDRE clocked by aclk  {rise@0.000ns fall@5.000ns period=10.000ns})
  Destination:            u_axi/br_wdata_reg[10]/D
                            (rising edge-triggered cell FDRE clocked by aclk  {rise@0.000ns fall@5.000ns period=10.000ns})
  Path Group:             aclk
  Path Type:              Hold (Min at Fast Process Corner)
  Requirement:            0.000ns  (aclk rise@0.000ns - aclk rise@0.000ns)
  Data Path Delay:        0.255ns  (logic 0.141ns (55.212%)  route 0.114ns (44.788%))
  Logic Levels:           0  
  Clock Path Skew:        0.022ns (DCD - SCD - CPR)
    Destination Clock Delay (DCD):    0.432ns
    Source Clock Delay      (SCD):    0.410ns
    Clock Pessimism Removal (CPR):    -0.000ns

    Location             Delay type                Incr(ns)  Path(ns)    Netlist Resource(s)
  -------------------------------------------------------------------    -------------------
                         (clock aclk rise edge)       0.000     0.000 r  
                                                      0.000     0.000 r  aclk (IN)
                         net (fo=376, unset)          0.410     0.410    u_axi/aclk
    SLICE_X55Y31         FDRE                                         r  u_axi/wdata_q_reg[10]/C
  -------------------------------------------------------------------    -------------------
    SLICE_X55Y31         FDRE (Prop_fdre_C_Q)         0.141     0.551 r  u_axi/wdata_q_reg[10]/Q
                         net (fo=1, routed)           0.114     0.666    u_axi/wdata_q__0[10]
    SLICE_X54Y31         FDRE                                         r  u_axi/br_wdata_reg[10]/D
  -------------------------------------------------------------------    -------------------

                         (clock aclk rise edge)       0.000     0.000 r  
                                                      0.000     0.000 r  aclk (IN)
                         net (fo=376, unset)          0.432     0.432    u_axi/aclk
    SLICE_X54Y31         FDRE                                         r  u_axi/br_wdata_reg[10]/C
                         clock pessimism              0.000     0.432    
    SLICE_X54Y31         FDRE (Hold_fdre_C_D)         0.076     0.508    u_axi/br_wdata_reg[10]
  -------------------------------------------------------------------
                         required time                         -0.508    
                         arrival time                           0.666    
  -------------------------------------------------------------------
                         slack                                  0.158    

Slack (MET) :             0.158ns  (arrival time - required time)
  Source:                 u_axi/br_wdata_reg[23]/C
                            (rising edge-triggered cell FDRE clocked by aclk  {rise@0.000ns fall@5.000ns period=10.000ns})
  Destination:            u_bridge/wdata_hold_reg[23]/D
                            (rising edge-triggered cell FDRE clocked by aclk  {rise@0.000ns fall@5.000ns period=10.000ns})
  Path Group:             aclk
  Path Type:              Hold (Min at Fast Process Corner)
  Requirement:            0.000ns  (aclk rise@0.000ns - aclk rise@0.000ns)
  Data Path Delay:        0.251ns  (logic 0.141ns (56.174%)  route 0.110ns (43.826%))
  Logic Levels:           0  
  Clock Path Skew:        0.022ns (DCD - SCD - CPR)
    Destination Clock Delay (DCD):    0.432ns
    Source Clock Delay      (SCD):    0.410ns
    Clock Pessimism Removal (CPR):    -0.000ns

    Location             Delay type                Incr(ns)  Path(ns)    Netlist Resource(s)
  -------------------------------------------------------------------    -------------------
                         (clock aclk rise edge)       0.000     0.000 r  
                                                      0.000     0.000 r  aclk (IN)
                         net (fo=376, unset)          0.410     0.410    u_axi/aclk
    SLICE_X57Y34         FDRE                                         r  u_axi/br_wdata_reg[23]/C
  -------------------------------------------------------------------    -------------------
    SLICE_X57Y34         FDRE (Prop_fdre_C_Q)         0.141     0.551 r  u_axi/br_wdata_reg[23]/Q
                         net (fo=1, routed)           0.110     0.661    u_bridge/wdata_hold_reg[31]_0[23]
    SLICE_X56Y33         FDRE                                         r  u_bridge/wdata_hold_reg[23]/D
  -------------------------------------------------------------------    -------------------

                         (clock aclk rise edge)       0.000     0.000 r  
                                                      0.000     0.000 r  aclk (IN)
                         net (fo=376, unset)          0.432     0.432    u_bridge/aclk
    SLICE_X56Y33         FDRE                                         r  u_bridge/wdata_hold_reg[23]/C
                         clock pessimism              0.000     0.432    
    SLICE_X56Y33         FDRE (Hold_fdre_C_D)         0.071     0.503    u_bridge/wdata_hold_reg[23]
  -------------------------------------------------------------------
                         required time                         -0.503    
                         arrival time                           0.661    
  -------------------------------------------------------------------
                         slack                                  0.158    

Slack (MET) :             0.159ns  (arrival time - required time)
  Source:                 u_axi/snap_ns_q_reg[8]/C
                            (rising edge-triggered cell FDRE clocked by aclk  {rise@0.000ns fall@5.000ns period=10.000ns})
  Destination:            u_axi/s_axi_rdata_reg[8]/D
                            (rising edge-triggered cell FDRE clocked by aclk  {rise@0.000ns fall@5.000ns period=10.000ns})
  Path Group:             aclk
  Path Type:              Hold (Min at Fast Process Corner)
  Requirement:            0.000ns  (aclk rise@0.000ns - aclk rise@0.000ns)
  Data Path Delay:        0.272ns  (logic 0.186ns (68.463%)  route 0.086ns (31.537%))
  Logic Levels:           1  (LUT6=1)
  Clock Path Skew:        0.022ns (DCD - SCD - CPR)
    Destination Clock Delay (DCD):    0.432ns
    Source Clock Delay      (SCD):    0.410ns
    Clock Pessimism Removal (CPR):    -0.000ns

    Location             Delay type                Incr(ns)  Path(ns)    Netlist Resource(s)
  -------------------------------------------------------------------    -------------------
                         (clock aclk rise edge)       0.000     0.000 r  
                                                      0.000     0.000 r  aclk (IN)
                         net (fo=376, unset)          0.410     0.410    u_axi/aclk
    SLICE_X56Y38         FDRE                                         r  u_axi/snap_ns_q_reg[8]/C
  -------------------------------------------------------------------    -------------------
    SLICE_X56Y38         FDRE (Prop_fdre_C_Q)         0.141     0.551 r  u_axi/snap_ns_q_reg[8]/Q
                         net (fo=1, routed)           0.086     0.637    u_axi/snap_ns_q[8]
    SLICE_X57Y38         LUT6 (Prop_lut6_I3_O)        0.045     0.682 r  u_axi/s_axi_rdata[8]_i_1/O
                         net (fo=1, routed)           0.000     0.682    u_axi/s_axi_rdata[8]_i_1_n_0
    SLICE_X57Y38         FDRE                                         r  u_axi/s_axi_rdata_reg[8]/D
  -------------------------------------------------------------------    -------------------

                         (clock aclk rise edge)       0.000     0.000 r  
                                                      0.000     0.000 r  aclk (IN)
                         net (fo=376, unset)          0.432     0.432    u_axi/aclk
    SLICE_X57Y38         FDRE                                         r  u_axi/s_axi_rdata_reg[8]/C
                         clock pessimism              0.000     0.432    
    SLICE_X57Y38         FDRE (Hold_fdre_C_D)         0.091     0.523    u_axi/s_axi_rdata_reg[8]
  -------------------------------------------------------------------
                         required time                         -0.523    
                         arrival time                           0.682    
  -------------------------------------------------------------------
                         slack                                  0.159    

Slack (MET) :             0.159ns  (arrival time - required time)
  Source:                 u_snap/dst_ns_reg[18]/C
                            (rising edge-triggered cell FDRE clocked by aclk  {rise@0.000ns fall@5.000ns period=10.000ns})
  Destination:            u_axi/snap_ns_q_reg[18]/D
                            (rising edge-triggered cell FDRE clocked by aclk  {rise@0.000ns fall@5.000ns period=10.000ns})
  Path Group:             aclk
  Path Type:              Hold (Min at Fast Process Corner)
  Requirement:            0.000ns  (aclk rise@0.000ns - aclk rise@0.000ns)
  Data Path Delay:        0.251ns  (logic 0.141ns (56.174%)  route 0.110ns (43.826%))
  Logic Levels:           0  
  Clock Path Skew:        0.022ns (DCD - SCD - CPR)
    Destination Clock Delay (DCD):    0.432ns
    Source Clock Delay      (SCD):    0.410ns
    Clock Pessimism Removal (CPR):    -0.000ns

    Location             Delay type                Incr(ns)  Path(ns)    Netlist Resource(s)
  -------------------------------------------------------------------    -------------------
                         (clock aclk rise edge)       0.000     0.000 r  
                                                      0.000     0.000 r  aclk (IN)
                         net (fo=376, unset)          0.410     0.410    u_snap/aclk
    SLICE_X57Y40         FDRE                                         r  u_snap/dst_ns_reg[18]/C
  -------------------------------------------------------------------    -------------------
    SLICE_X57Y40         FDRE (Prop_fdre_C_Q)         0.141     0.551 r  u_snap/dst_ns_reg[18]/Q
                         net (fo=1, routed)           0.110     0.661    u_axi/snap_ns_q_reg[31]_0[18]
    SLICE_X57Y39         FDRE                                         r  u_axi/snap_ns_q_reg[18]/D
  -------------------------------------------------------------------    -------------------

                         (clock aclk rise edge)       0.000     0.000 r  
                                                      0.000     0.000 r  aclk (IN)
                         net (fo=376, unset)          0.432     0.432    u_axi/aclk
    SLICE_X57Y39         FDRE                                         r  u_axi/snap_ns_q_reg[18]/C
                         clock pessimism              0.000     0.432    
    SLICE_X57Y39         FDRE (Hold_fdre_C_D)         0.070     0.502    u_axi/snap_ns_q_reg[18]
  -------------------------------------------------------------------
                         required time                         -0.502    
                         arrival time                           0.661    
  -------------------------------------------------------------------
                         slack                                  0.159    

Slack (MET) :             0.160ns  (arrival time - required time)
  Source:                 u_axi/br_wdata_reg[21]/C
                            (rising edge-triggered cell FDRE clocked by aclk  {rise@0.000ns fall@5.000ns period=10.000ns})
  Destination:            u_bridge/wdata_hold_reg[21]/D
                            (rising edge-triggered cell FDRE clocked by aclk  {rise@0.000ns fall@5.000ns period=10.000ns})
  Path Group:             aclk
  Path Type:              Hold (Min at Fast Process Corner)
  Requirement:            0.000ns  (aclk rise@0.000ns - aclk rise@0.000ns)
  Data Path Delay:        0.257ns  (logic 0.141ns (54.893%)  route 0.116ns (45.107%))
  Logic Levels:           0  
  Clock Path Skew:        0.022ns (DCD - SCD - CPR)
    Destination Clock Delay (DCD):    0.432ns
    Source Clock Delay      (SCD):    0.410ns
    Clock Pessimism Removal (CPR):    -0.000ns

    Location             Delay type                Incr(ns)  Path(ns)    Netlist Resource(s)
  -------------------------------------------------------------------    -------------------
                         (clock aclk rise edge)       0.000     0.000 r  
                                                      0.000     0.000 r  aclk (IN)
                         net (fo=376, unset)          0.410     0.410    u_axi/aclk
    SLICE_X57Y34         FDRE                                         r  u_axi/br_wdata_reg[21]/C
  -------------------------------------------------------------------    -------------------
    SLICE_X57Y34         FDRE (Prop_fdre_C_Q)         0.141     0.551 r  u_axi/br_wdata_reg[21]/Q
                         net (fo=1, routed)           0.116     0.667    u_bridge/wdata_hold_reg[31]_0[21]
    SLICE_X56Y33         FDRE                                         r  u_bridge/wdata_hold_reg[21]/D
  -------------------------------------------------------------------    -------------------

                         (clock aclk rise edge)       0.000     0.000 r  
                                                      0.000     0.000 r  aclk (IN)
                         net (fo=376, unset)          0.432     0.432    u_bridge/aclk
    SLICE_X56Y33         FDRE                                         r  u_bridge/wdata_hold_reg[21]/C
                         clock pessimism              0.000     0.432    
    SLICE_X56Y33         FDRE (Hold_fdre_C_D)         0.075     0.507    u_bridge/wdata_hold_reg[21]
  -------------------------------------------------------------------
                         required time                         -0.507    
                         arrival time                           0.667    
  -------------------------------------------------------------------
                         slack                                  0.160    

Slack (MET) :             0.160ns  (arrival time - required time)
  Source:                 u_snap/dst_sec_reg[45]/C
                            (rising edge-triggered cell FDRE clocked by aclk  {rise@0.000ns fall@5.000ns period=10.000ns})
  Destination:            u_axi/snap_sec_q_reg[45]/D
                            (rising edge-triggered cell FDRE clocked by aclk  {rise@0.000ns fall@5.000ns period=10.000ns})
  Path Group:             aclk
  Path Type:              Hold (Min at Fast Process Corner)
  Requirement:            0.000ns  (aclk rise@0.000ns - aclk rise@0.000ns)
  Data Path Delay:        0.254ns  (logic 0.141ns (55.511%)  route 0.113ns (44.489%))
  Logic Levels:           0  
  Clock Path Skew:        0.022ns (DCD - SCD - CPR)
    Destination Clock Delay (DCD):    0.432ns
    Source Clock Delay      (SCD):    0.410ns
    Clock Pessimism Removal (CPR):    -0.000ns

    Location             Delay type                Incr(ns)  Path(ns)    Netlist Resource(s)
  -------------------------------------------------------------------    -------------------
                         (clock aclk rise edge)       0.000     0.000 r  
                                                      0.000     0.000 r  aclk (IN)
                         net (fo=376, unset)          0.410     0.410    u_snap/aclk
    SLICE_X57Y43         FDRE                                         r  u_snap/dst_sec_reg[45]/C
  -------------------------------------------------------------------    -------------------
    SLICE_X57Y43         FDRE (Prop_fdre_C_Q)         0.141     0.551 r  u_snap/dst_sec_reg[45]/Q
                         net (fo=1, routed)           0.113     0.664    u_axi/snap_sec_q_reg[47]_0[45]
    SLICE_X57Y42         FDRE                                         r  u_axi/snap_sec_q_reg[45]/D
  -------------------------------------------------------------------    -------------------

                         (clock aclk rise edge)       0.000     0.000 r  
                                                      0.000     0.000 r  aclk (IN)
                         net (fo=376, unset)          0.432     0.432    u_axi/aclk
    SLICE_X57Y42         FDRE                                         r  u_axi/snap_sec_q_reg[45]/C
                         clock pessimism              0.000     0.432    
    SLICE_X57Y42         FDRE (Hold_fdre_C_D)         0.072     0.504    u_axi/snap_sec_q_reg[45]
  -------------------------------------------------------------------
                         required time                         -0.504    
                         arrival time                           0.664    
  -------------------------------------------------------------------
                         slack                                  0.160    

Slack (MET) :             0.160ns  (arrival time - required time)
  Source:                 u_axi/wdata_q_reg[3]/C
                            (rising edge-triggered cell FDRE clocked by aclk  {rise@0.000ns fall@5.000ns period=10.000ns})
  Destination:            u_axi/br_wdata_reg[3]/D
                            (rising edge-triggered cell FDRE clocked by aclk  {rise@0.000ns fall@5.000ns period=10.000ns})
  Path Group:             aclk
  Path Type:              Hold (Min at Fast Process Corner)
  Requirement:            0.000ns  (aclk rise@0.000ns - aclk rise@0.000ns)
  Data Path Delay:        0.253ns  (logic 0.141ns (55.730%)  route 0.112ns (44.270%))
  Logic Levels:           0  
  Clock Path Skew:        0.022ns (DCD - SCD - CPR)
    Destination Clock Delay (DCD):    0.432ns
    Source Clock Delay      (SCD):    0.410ns
    Clock Pessimism Removal (CPR):    -0.000ns

    Location             Delay type                Incr(ns)  Path(ns)    Netlist Resource(s)
  -------------------------------------------------------------------    -------------------
                         (clock aclk rise edge)       0.000     0.000 r  
                                                      0.000     0.000 r  aclk (IN)
                         net (fo=376, unset)          0.410     0.410    u_axi/aclk
    SLICE_X53Y30         FDRE                                         r  u_axi/wdata_q_reg[3]/C
  -------------------------------------------------------------------    -------------------
    SLICE_X53Y30         FDRE (Prop_fdre_C_Q)         0.141     0.551 r  u_axi/wdata_q_reg[3]/Q
                         net (fo=1, routed)           0.112     0.663    u_axi/wdata_q__0[3]
    SLICE_X53Y31         FDRE                                         r  u_axi/br_wdata_reg[3]/D
  -------------------------------------------------------------------    -------------------

                         (clock aclk rise edge)       0.000     0.000 r  
                                                      0.000     0.000 r  aclk (IN)
                         net (fo=376, unset)          0.432     0.432    u_axi/aclk
    SLICE_X53Y31         FDRE                                         r  u_axi/br_wdata_reg[3]/C
                         clock pessimism              0.000     0.432    
    SLICE_X53Y31         FDRE (Hold_fdre_C_D)         0.071     0.503    u_axi/br_wdata_reg[3]
  -------------------------------------------------------------------
                         required time                         -0.503    
                         arrival time                           0.663    
  -------------------------------------------------------------------
                         slack                                  0.160    

Slack (MET) :             0.161ns  (arrival time - required time)
  Source:                 u_snap/dst_sec_reg[23]/C
                            (rising edge-triggered cell FDRE clocked by aclk  {rise@0.000ns fall@5.000ns period=10.000ns})
  Destination:            u_axi/snap_sec_q_reg[23]/D
                            (rising edge-triggered cell FDRE clocked by aclk  {rise@0.000ns fall@5.000ns period=10.000ns})
  Path Group:             aclk
  Path Type:              Hold (Min at Fast Process Corner)
  Requirement:            0.000ns  (aclk rise@0.000ns - aclk rise@0.000ns)
  Data Path Delay:        0.253ns  (logic 0.141ns (55.769%)  route 0.112ns (44.231%))
  Logic Levels:           0  
  Clock Path Skew:        0.022ns (DCD - SCD - CPR)
    Destination Clock Delay (DCD):    0.432ns
    Source Clock Delay      (SCD):    0.410ns
    Clock Pessimism Removal (CPR):    -0.000ns

    Location             Delay type                Incr(ns)  Path(ns)    Netlist Resource(s)
  -------------------------------------------------------------------    -------------------
                         (clock aclk rise edge)       0.000     0.000 r  
                                                      0.000     0.000 r  aclk (IN)
                         net (fo=376, unset)          0.410     0.410    u_snap/aclk
    SLICE_X56Y43         FDRE                                         r  u_snap/dst_sec_reg[23]/C
  -------------------------------------------------------------------    -------------------
    SLICE_X56Y43         FDRE (Prop_fdre_C_Q)         0.141     0.551 r  u_snap/dst_sec_reg[23]/Q
                         net (fo=1, routed)           0.112     0.663    u_axi/snap_sec_q_reg[47]_0[23]
    SLICE_X57Y44         FDRE                                         r  u_axi/snap_sec_q_reg[23]/D
  -------------------------------------------------------------------    -------------------

                         (clock aclk rise edge)       0.000     0.000 r  
                                                      0.000     0.000 r  aclk (IN)
                         net (fo=376, unset)          0.432     0.432    u_axi/aclk
    SLICE_X57Y44         FDRE                                         r  u_axi/snap_sec_q_reg[23]/C
                         clock pessimism              0.000     0.432    
    SLICE_X57Y44         FDRE (Hold_fdre_C_D)         0.070     0.502    u_axi/snap_sec_q_reg[23]
  -------------------------------------------------------------------
                         required time                         -0.502    
                         arrival time                           0.663    
  -------------------------------------------------------------------
                         slack                                  0.161    

Slack (MET) :             0.161ns  (arrival time - required time)
  Source:                 u_snap/dst_ns_reg[5]/C
                            (rising edge-triggered cell FDRE clocked by aclk  {rise@0.000ns fall@5.000ns period=10.000ns})
  Destination:            u_axi/snap_ns_q_reg[5]/D
                            (rising edge-triggered cell FDRE clocked by aclk  {rise@0.000ns fall@5.000ns period=10.000ns})
  Path Group:             aclk
  Path Type:              Hold (Min at Fast Process Corner)
  Requirement:            0.000ns  (aclk rise@0.000ns - aclk rise@0.000ns)
  Data Path Delay:        0.253ns  (logic 0.141ns (55.730%)  route 0.112ns (44.270%))
  Logic Levels:           0  
  Clock Path Skew:        0.022ns (DCD - SCD - CPR)
    Destination Clock Delay (DCD):    0.432ns
    Source Clock Delay      (SCD):    0.410ns
    Clock Pessimism Removal (CPR):    -0.000ns

    Location             Delay type                Incr(ns)  Path(ns)    Netlist Resource(s)
  -------------------------------------------------------------------    -------------------
                         (clock aclk rise edge)       0.000     0.000 r  
                                                      0.000     0.000 r  aclk (IN)
                         net (fo=376, unset)          0.410     0.410    u_snap/aclk
    SLICE_X59Y36         FDRE                                         r  u_snap/dst_ns_reg[5]/C
  -------------------------------------------------------------------    -------------------
    SLICE_X59Y36         FDRE (Prop_fdre_C_Q)         0.141     0.551 r  u_snap/dst_ns_reg[5]/Q
                         net (fo=1, routed)           0.112     0.663    u_axi/snap_ns_q_reg[31]_0[5]
    SLICE_X59Y37         FDRE                                         r  u_axi/snap_ns_q_reg[5]/D
  -------------------------------------------------------------------    -------------------

                         (clock aclk rise edge)       0.000     0.000 r  
                                                      0.000     0.000 r  aclk (IN)
                         net (fo=376, unset)          0.432     0.432    u_axi/aclk
    SLICE_X59Y37         FDRE                                         r  u_axi/snap_ns_q_reg[5]/C
                         clock pessimism              0.000     0.432    
    SLICE_X59Y37         FDRE (Hold_fdre_C_D)         0.070     0.502    u_axi/snap_ns_q_reg[5]
  -------------------------------------------------------------------
                         required time                         -0.502    
                         arrival time                           0.663    
  -------------------------------------------------------------------
                         slack                                  0.161    

Slack (MET) :             0.161ns  (arrival time - required time)
  Source:                 u_snap/dst_sec_reg[5]/C
                            (rising edge-triggered cell FDRE clocked by aclk  {rise@0.000ns fall@5.000ns period=10.000ns})
  Destination:            u_axi/snap_sec_q_reg[5]/D
                            (rising edge-triggered cell FDRE clocked by aclk  {rise@0.000ns fall@5.000ns period=10.000ns})
  Path Group:             aclk
  Path Type:              Hold (Min at Fast Process Corner)
  Requirement:            0.000ns  (aclk rise@0.000ns - aclk rise@0.000ns)
  Data Path Delay:        0.253ns  (logic 0.141ns (55.730%)  route 0.112ns (44.270%))
  Logic Levels:           0  
  Clock Path Skew:        0.022ns (DCD - SCD - CPR)
    Destination Clock Delay (DCD):    0.432ns
    Source Clock Delay      (SCD):    0.410ns
    Clock Pessimism Removal (CPR):    -0.000ns

    Location             Delay type                Incr(ns)  Path(ns)    Netlist Resource(s)
  -------------------------------------------------------------------    -------------------
                         (clock aclk rise edge)       0.000     0.000 r  
                                                      0.000     0.000 r  aclk (IN)
                         net (fo=376, unset)          0.410     0.410    u_snap/aclk
    SLICE_X59Y36         FDRE                                         r  u_snap/dst_sec_reg[5]/C
  -------------------------------------------------------------------    -------------------
    SLICE_X59Y36         FDRE (Prop_fdre_C_Q)         0.141     0.551 r  u_snap/dst_sec_reg[5]/Q
                         net (fo=1, routed)           0.112     0.663    u_axi/snap_sec_q_reg[47]_0[5]
    SLICE_X59Y37         FDRE                                         r  u_axi/snap_sec_q_reg[5]/D
  -------------------------------------------------------------------    -------------------

                         (clock aclk rise edge)       0.000     0.000 r  
                                                      0.000     0.000 r  aclk (IN)
                         net (fo=376, unset)          0.432     0.432    u_axi/aclk
    SLICE_X59Y37         FDRE                                         r  u_axi/snap_sec_q_reg[5]/C
                         clock pessimism              0.000     0.432    
    SLICE_X59Y37         FDRE (Hold_fdre_C_D)         0.070     0.502    u_axi/snap_sec_q_reg[5]
  -------------------------------------------------------------------
                         required time                         -0.502    
                         arrival time                           0.663    
  -------------------------------------------------------------------
                         slack                                  0.161    

Slack (MET) :             0.164ns  (arrival time - required time)
  Source:                 u_snap/dst_sec_reg[30]/C
                            (rising edge-triggered cell FDRE clocked by aclk  {rise@0.000ns fall@5.000ns period=10.000ns})
  Destination:            u_axi/snap_sec_q_reg[30]/D
                            (rising edge-triggered cell FDRE clocked by aclk  {rise@0.000ns fall@5.000ns period=10.000ns})
  Path Group:             aclk
  Path Type:              Hold (Min at Fast Process Corner)
  Requirement:            0.000ns  (aclk rise@0.000ns - aclk rise@0.000ns)
  Data Path Delay:        0.256ns  (logic 0.141ns (55.115%)  route 0.115ns (44.885%))
  Logic Levels:           0  
  Clock Path Skew:        0.022ns (DCD - SCD - CPR)
    Destination Clock Delay (DCD):    0.432ns
    Source Clock Delay      (SCD):    0.410ns
    Clock Pessimism Removal (CPR):    -0.000ns

    Location             Delay type                Incr(ns)  Path(ns)    Netlist Resource(s)
  -------------------------------------------------------------------    -------------------
                         (clock aclk rise edge)       0.000     0.000 r  
                                                      0.000     0.000 r  aclk (IN)
                         net (fo=376, unset)          0.410     0.410    u_snap/aclk
    SLICE_X60Y40         FDRE                                         r  u_snap/dst_sec_reg[30]/C
  -------------------------------------------------------------------    -------------------
    SLICE_X60Y40         FDRE (Prop_fdre_C_Q)         0.141     0.551 r  u_snap/dst_sec_reg[30]/Q
                         net (fo=1, routed)           0.115     0.666    u_axi/snap_sec_q_reg[47]_0[30]
    SLICE_X60Y39         FDRE                                         r  u_axi/snap_sec_q_reg[30]/D
  -------------------------------------------------------------------    -------------------

                         (clock aclk rise edge)       0.000     0.000 r  
                                                      0.000     0.000 r  aclk (IN)
                         net (fo=376, unset)          0.432     0.432    u_axi/aclk
    SLICE_X60Y39         FDRE                                         r  u_axi/snap_sec_q_reg[30]/C
                         clock pessimism              0.000     0.432    
    SLICE_X60Y39         FDRE (Hold_fdre_C_D)         0.070     0.502    u_axi/snap_sec_q_reg[30]
  -------------------------------------------------------------------
                         required time                         -0.502    
                         arrival time                           0.666    
  -------------------------------------------------------------------
                         slack                                  0.164    





Pulse Width Checks
--------------------------------------------------------------------------------------
Clock Name:         aclk
Waveform(ns):       { 0.000 5.000 }
Period(ns):         10.000
Sources:            { aclk }

Check Type        Corner  Lib Pin  Reference Pin  Required(ns)  Actual(ns)  Slack(ns)  Location      Pin
Min Period        n/a     FDRE/C   n/a            1.000         10.000      9.000      SLICE_X56Y32  u_axi/FSM_sequential_state_reg[0]/C
Min Period        n/a     FDRE/C   n/a            1.000         10.000      9.000      SLICE_X58Y33  u_axi/FSM_sequential_state_reg[1]/C
Min Period        n/a     FDRE/C   n/a            1.000         10.000      9.000      SLICE_X56Y32  u_axi/FSM_sequential_state_reg[2]/C
Min Period        n/a     FDRE/C   n/a            1.000         10.000      9.000      SLICE_X58Y35  u_axi/addr_q_reg[0]/C
Min Period        n/a     FDRE/C   n/a            1.000         10.000      9.000      SLICE_X54Y32  u_axi/addr_q_reg[10]/C
Min Period        n/a     FDRE/C   n/a            1.000         10.000      9.000      SLICE_X54Y32  u_axi/addr_q_reg[11]/C
Min Period        n/a     FDRE/C   n/a            1.000         10.000      9.000      SLICE_X58Y35  u_axi/addr_q_reg[1]/C
Min Period        n/a     FDRE/C   n/a            1.000         10.000      9.000      SLICE_X58Y31  u_axi/addr_q_reg[2]/C
Min Period        n/a     FDRE/C   n/a            1.000         10.000      9.000      SLICE_X59Y32  u_axi/addr_q_reg[3]/C
Min Period        n/a     FDRE/C   n/a            1.000         10.000      9.000      SLICE_X59Y32  u_axi/addr_q_reg[4]/C
Min Period        n/a     FDRE/C   n/a            1.000         10.000      9.000      SLICE_X54Y32  u_axi/addr_q_reg[5]/C
Min Period        n/a     FDRE/C   n/a            1.000         10.000      9.000      SLICE_X59Y32  u_axi/addr_q_reg[6]/C
Min Period        n/a     FDRE/C   n/a            1.000         10.000      9.000      SLICE_X56Y31  u_axi/addr_q_reg[7]/C
Min Period        n/a     FDRE/C   n/a            1.000         10.000      9.000      SLICE_X54Y32  u_axi/addr_q_reg[8]/C
Min Period        n/a     FDRE/C   n/a            1.000         10.000      9.000      SLICE_X54Y33  u_axi/addr_q_reg[9]/C
Min Period        n/a     FDRE/C   n/a            1.000         10.000      9.000      SLICE_X57Y33  u_axi/br_addr_reg[0]/C
Min Period        n/a     FDRE/C   n/a            1.000         10.000      9.000      SLICE_X55Y32  u_axi/br_addr_reg[10]/C
Min Period        n/a     FDRE/C   n/a            1.000         10.000      9.000      SLICE_X52Y32  u_axi/br_addr_reg[11]/C
Min Period        n/a     FDRE/C   n/a            1.000         10.000      9.000      SLICE_X57Y33  u_axi/br_addr_reg[1]/C
Min Period        n/a     FDRE/C   n/a            1.000         10.000      9.000      SLICE_X52Y31  u_axi/br_addr_reg[2]/C
Low Pulse Width   Slow    FDRE/C   n/a            0.500         5.000       4.500      SLICE_X56Y32  u_axi/FSM_sequential_state_reg[0]/C
Low Pulse Width   Fast    FDRE/C   n/a            0.500         5.000       4.500      SLICE_X56Y32  u_axi/FSM_sequential_state_reg[0]/C
Low Pulse Width   Slow    FDRE/C   n/a            0.500         5.000       4.500      SLICE_X58Y33  u_axi/FSM_sequential_state_reg[1]/C
Low Pulse Width   Fast    FDRE/C   n/a            0.500         5.000       4.500      SLICE_X58Y33  u_axi/FSM_sequential_state_reg[1]/C
Low Pulse Width   Slow    FDRE/C   n/a            0.500         5.000       4.500      SLICE_X56Y32  u_axi/FSM_sequential_state_reg[2]/C
Low Pulse Width   Fast    FDRE/C   n/a            0.500         5.000       4.500      SLICE_X56Y32  u_axi/FSM_sequential_state_reg[2]/C
Low Pulse Width   Slow    FDRE/C   n/a            0.500         5.000       4.500      SLICE_X58Y35  u_axi/addr_q_reg[0]/C
Low Pulse Width   Fast    FDRE/C   n/a            0.500         5.000       4.500      SLICE_X58Y35  u_axi/addr_q_reg[0]/C
Low Pulse Width   Slow    FDRE/C   n/a            0.500         5.000       4.500      SLICE_X54Y32  u_axi/addr_q_reg[10]/C
Low Pulse Width   Fast    FDRE/C   n/a            0.500         5.000       4.500      SLICE_X54Y32  u_axi/addr_q_reg[10]/C
Low Pulse Width   Slow    FDRE/C   n/a            0.500         5.000       4.500      SLICE_X54Y32  u_axi/addr_q_reg[11]/C
Low Pulse Width   Fast    FDRE/C   n/a            0.500         5.000       4.500      SLICE_X54Y32  u_axi/addr_q_reg[11]/C
Low Pulse Width   Slow    FDRE/C   n/a            0.500         5.000       4.500      SLICE_X58Y35  u_axi/addr_q_reg[1]/C
Low Pulse Width   Fast    FDRE/C   n/a            0.500         5.000       4.500      SLICE_X58Y35  u_axi/addr_q_reg[1]/C
Low Pulse Width   Slow    FDRE/C   n/a            0.500         5.000       4.500      SLICE_X58Y31  u_axi/addr_q_reg[2]/C
Low Pulse Width   Fast    FDRE/C   n/a            0.500         5.000       4.500      SLICE_X58Y31  u_axi/addr_q_reg[2]/C
Low Pulse Width   Slow    FDRE/C   n/a            0.500         5.000       4.500      SLICE_X59Y32  u_axi/addr_q_reg[3]/C
Low Pulse Width   Fast    FDRE/C   n/a            0.500         5.000       4.500      SLICE_X59Y32  u_axi/addr_q_reg[3]/C
Low Pulse Width   Slow    FDRE/C   n/a            0.500         5.000       4.500      SLICE_X59Y32  u_axi/addr_q_reg[4]/C
Low Pulse Width   Fast    FDRE/C   n/a            0.500         5.000       4.500      SLICE_X59Y32  u_axi/addr_q_reg[4]/C
High Pulse Width  Slow    FDRE/C   n/a            0.500         5.000       4.500      SLICE_X56Y32  u_axi/FSM_sequential_state_reg[0]/C
High Pulse Width  Fast    FDRE/C   n/a            0.500         5.000       4.500      SLICE_X56Y32  u_axi/FSM_sequential_state_reg[0]/C
High Pulse Width  Slow    FDRE/C   n/a            0.500         5.000       4.500      SLICE_X58Y33  u_axi/FSM_sequential_state_reg[1]/C
High Pulse Width  Fast    FDRE/C   n/a            0.500         5.000       4.500      SLICE_X58Y33  u_axi/FSM_sequential_state_reg[1]/C
High Pulse Width  Slow    FDRE/C   n/a            0.500         5.000       4.500      SLICE_X56Y32  u_axi/FSM_sequential_state_reg[2]/C
High Pulse Width  Fast    FDRE/C   n/a            0.500         5.000       4.500      SLICE_X56Y32  u_axi/FSM_sequential_state_reg[2]/C
High Pulse Width  Slow    FDRE/C   n/a            0.500         5.000       4.500      SLICE_X58Y35  u_axi/addr_q_reg[0]/C
High Pulse Width  Fast    FDRE/C   n/a            0.500         5.000       4.500      SLICE_X58Y35  u_axi/addr_q_reg[0]/C
High Pulse Width  Slow    FDRE/C   n/a            0.500         5.000       4.500      SLICE_X54Y32  u_axi/addr_q_reg[10]/C
High Pulse Width  Fast    FDRE/C   n/a            0.500         5.000       4.500      SLICE_X54Y32  u_axi/addr_q_reg[10]/C
High Pulse Width  Slow    FDRE/C   n/a            0.500         5.000       4.500      SLICE_X54Y32  u_axi/addr_q_reg[11]/C
High Pulse Width  Fast    FDRE/C   n/a            0.500         5.000       4.500      SLICE_X54Y32  u_axi/addr_q_reg[11]/C
High Pulse Width  Slow    FDRE/C   n/a            0.500         5.000       4.500      SLICE_X58Y35  u_axi/addr_q_reg[1]/C
High Pulse Width  Fast    FDRE/C   n/a            0.500         5.000       4.500      SLICE_X58Y35  u_axi/addr_q_reg[1]/C
High Pulse Width  Slow    FDRE/C   n/a            0.500         5.000       4.500      SLICE_X58Y31  u_axi/addr_q_reg[2]/C
High Pulse Width  Fast    FDRE/C   n/a            0.500         5.000       4.500      SLICE_X58Y31  u_axi/addr_q_reg[2]/C
High Pulse Width  Slow    FDRE/C   n/a            0.500         5.000       4.500      SLICE_X59Y32  u_axi/addr_q_reg[3]/C
High Pulse Width  Fast    FDRE/C   n/a            0.500         5.000       4.500      SLICE_X59Y32  u_axi/addr_q_reg[3]/C
High Pulse Width  Slow    FDRE/C   n/a            0.500         5.000       4.500      SLICE_X59Y32  u_axi/addr_q_reg[4]/C
High Pulse Width  Fast    FDRE/C   n/a            0.500         5.000       4.500      SLICE_X59Y32  u_axi/addr_q_reg[4]/C



---------------------------------------------------------------------------------------------------
From Clock:  net_clk
  To Clock:  net_clk

Setup :          150  Failing Endpoints,  Worst Slack       -1.701ns,  Total Violation     -160.607ns
Hold  :            0  Failing Endpoints,  Worst Slack        0.097ns,  Total Violation        0.000ns
PW    :            0  Failing Endpoints,  Worst Slack        1.950ns,  Total Violation        0.000ns
---------------------------------------------------------------------------------------------------


Max Delay Paths
--------------------------------------------------------------------------------------
Slack (VIOLATED) :        -1.701ns  (required time - arrival time)
  Source:                 u_clk/time_ns_reg[1]/C
                            (rising edge-triggered cell FDRE clocked by net_clk  {rise@0.000ns fall@3.200ns period=6.400ns})
  Destination:            u_clk/time_sec_reg[26]/D
                            (rising edge-triggered cell FDRE clocked by net_clk  {rise@0.000ns fall@3.200ns period=6.400ns})
  Path Group:             net_clk
  Path Type:              Setup (Max at Slow Process Corner)
  Requirement:            6.400ns  (net_clk rise@6.400ns - net_clk rise@0.000ns)
  Data Path Delay:        8.046ns  (logic 3.701ns (45.996%)  route 4.345ns (54.004%))
  Logic Levels:           15  (CARRY4=10 LUT3=1 LUT4=2 LUT5=1 LUT6=1)
  Clock Path Skew:        -0.049ns (DCD - SCD + CPR)
    Destination Clock Delay (DCD):    0.924ns = ( 7.324 - 6.400 ) 
    Source Clock Delay      (SCD):    0.973ns
    Clock Pessimism Removal (CPR):    0.000ns
  Clock Uncertainty:      0.035ns  ((TSJ^2 + TIJ^2)^1/2 + DJ) / 2 + PE
    Total System Jitter     (TSJ):    0.071ns
    Total Input Jitter      (TIJ):    0.000ns
    Discrete Jitter          (DJ):    0.000ns
    Phase Error              (PE):    0.000ns

    Location             Delay type                Incr(ns)  Path(ns)    Netlist Resource(s)
  -------------------------------------------------------------------    -------------------
                         (clock net_clk rise edge)    0.000     0.000 r  
                                                      0.000     0.000 r  net_clk (IN)
                         net (fo=1291, unset)         0.973     0.973    u_clk/net_clk
    SLICE_X49Y27         FDRE                                         r  u_clk/time_ns_reg[1]/C
  -------------------------------------------------------------------    -------------------
    SLICE_X49Y27         FDRE (Prop_fdre_C_Q)         0.456     1.429 r  u_clk/time_ns_reg[1]/Q
                         net (fo=5, routed)           0.675     2.104    u_clk/time_ns_reg[31]_0[1]
    SLICE_X47Y28         LUT4 (Prop_lut4_I0_O)        0.124     2.228 r  u_clk/ns_base__1_carry_i_2/O
                         net (fo=2, routed)           0.591     2.820    u_clk/ns_base__1_carry_i_2_n_0
    SLICE_X41Y29         LUT5 (Prop_lut5_I0_O)        0.124     2.944 r  u_clk/ns_base__1_carry_i_5/O
                         net (fo=1, routed)           0.000     2.944    u_clk/ns_base__1_carry_i_5_n_0
    SLICE_X41Y29         CARRY4 (Prop_carry4_S[2]_CO[3])
                                                      0.398     3.342 r  u_clk/ns_base__1_carry/CO[3]
                         net (fo=1, routed)           0.000     3.342    u_clk/ns_base__1_carry_n_0
    SLICE_X41Y30         CARRY4 (Prop_carry4_CI_CO[3])
                                                      0.114     3.456 r  u_clk/ns_base__1_carry__0/CO[3]
                         net (fo=1, routed)           0.000     3.456    u_clk/ns_base__1_carry__0_n_0
    SLICE_X41Y31         CARRY4 (Prop_carry4_CI_CO[3])
                                                      0.114     3.570 r  u_clk/ns_base__1_carry__1/CO[3]
                         net (fo=1, routed)           0.000     3.570    u_clk/ns_base__1_carry__1_n_0
    SLICE_X41Y32         CARRY4 (Prop_carry4_CI_CO[3])
                                                      0.114     3.684 r  u_clk/ns_base__1_carry__2/CO[3]
                         net (fo=1, routed)           0.000     3.684    u_clk/ns_base__1_carry__2_n_0
    SLICE_X41Y33         CARRY4 (Prop_carry4_CI_CO[3])
                                                      0.114     3.798 r  u_clk/ns_base__1_carry__3/CO[3]
                         net (fo=1, routed)           0.000     3.798    u_clk/ns_base__1_carry__3_n_0
    SLICE_X41Y34         CARRY4 (Prop_carry4_CI_CO[3])
                                                      0.114     3.912 r  u_clk/ns_base__1_carry__4/CO[3]
                         net (fo=1, routed)           0.000     3.912    u_clk/ns_base__1_carry__4_n_0
    SLICE_X41Y35         CARRY4 (Prop_carry4_CI_O[1])
                                                      0.334     4.246 r  u_clk/ns_base__1_carry__5/O[1]
                         net (fo=8, routed)           0.818     5.064    u_clk/ns_sum_k[0]_1[25]
    SLICE_X46Y34         CARRY4 (Prop_carry4_S[0]_CO[3])
                                                      0.816     5.880 r  u_clk/p_0_out_inferred__1/i__carry__5/CO[3]
                         net (fo=1, routed)           0.000     5.880    u_clk/p_0_out_inferred__1/i__carry__5_n_0
    SLICE_X46Y35         CARRY4 (Prop_carry4_CI_CO[3])
                                                      0.117     5.997 r  u_clk/p_0_out_inferred__1/i__carry__6/CO[3]
                         net (fo=1, routed)           0.000     5.997    u_clk/p_0_out_inferred__1/i__carry__6_n_0
    SLICE_X46Y36         CARRY4 (Prop_carry4_CI_O[0])
                                                      0.219     6.216 f  u_clk/p_0_out_inferred__1/i__carry__7/O[0]
                         net (fo=37, routed)          0.715     6.930    u_clk/ns_minus_k[1]_2[33]
    SLICE_X43Y38         LUT4 (Prop_lut4_I2_O)        0.295     7.225 r  u_clk/time_sec[47]_i_4/O
                         net (fo=48, routed)          1.070     8.295    u_clk/time_sec[47]_i_4_n_0
    SLICE_X43Y41         LUT6 (Prop_lut6_I0_O)        0.124     8.419 r  u_clk/time_sec[26]_i_2/O
                         net (fo=1, routed)           0.476     8.895    u_regs/time_sec_reg[26]
    SLICE_X51Y41         LUT3 (Prop_lut3_I2_O)        0.124     9.019 r  u_regs/time_sec[26]_i_1/O
                         net (fo=1, routed)           0.000     9.019    u_clk/D[26]
    SLICE_X51Y41         FDRE                                         r  u_clk/time_sec_reg[26]/D
  -------------------------------------------------------------------    -------------------

                         (clock net_clk rise edge)    6.400     6.400 r  
                                                      0.000     6.400 r  net_clk (IN)
                         net (fo=1291, unset)         0.924     7.324    u_clk/net_clk
    SLICE_X51Y41         FDRE                                         r  u_clk/time_sec_reg[26]/C
                         clock pessimism              0.000     7.324    
                         clock uncertainty           -0.035     7.289    
    SLICE_X51Y41         FDRE (Setup_fdre_C_D)        0.029     7.318    u_clk/time_sec_reg[26]
  -------------------------------------------------------------------
                         required time                          7.318    
                         arrival time                          -9.019    
  -------------------------------------------------------------------
                         slack                                 -1.701    

Slack (VIOLATED) :        -1.701ns  (required time - arrival time)
  Source:                 u_clk/time_ns_reg[1]/C
                            (rising edge-triggered cell FDRE clocked by net_clk  {rise@0.000ns fall@3.200ns period=6.400ns})
  Destination:            u_clk/time_sec_reg[40]/D
                            (rising edge-triggered cell FDRE clocked by net_clk  {rise@0.000ns fall@3.200ns period=6.400ns})
  Path Group:             net_clk
  Path Type:              Setup (Max at Slow Process Corner)
  Requirement:            6.400ns  (net_clk rise@6.400ns - net_clk rise@0.000ns)
  Data Path Delay:        8.098ns  (logic 3.701ns (45.701%)  route 4.397ns (54.299%))
  Logic Levels:           15  (CARRY4=10 LUT3=1 LUT4=1 LUT5=1 LUT6=2)
  Clock Path Skew:        -0.049ns (DCD - SCD + CPR)
    Destination Clock Delay (DCD):    0.924ns = ( 7.324 - 6.400 ) 
    Source Clock Delay      (SCD):    0.973ns
    Clock Pessimism Removal (CPR):    0.000ns
  Clock Uncertainty:      0.035ns  ((TSJ^2 + TIJ^2)^1/2 + DJ) / 2 + PE
    Total System Jitter     (TSJ):    0.071ns
    Total Input Jitter      (TIJ):    0.000ns
    Discrete Jitter          (DJ):    0.000ns
    Phase Error              (PE):    0.000ns

    Location             Delay type                Incr(ns)  Path(ns)    Netlist Resource(s)
  -------------------------------------------------------------------    -------------------
                         (clock net_clk rise edge)    0.000     0.000 r  
                                                      0.000     0.000 r  net_clk (IN)
                         net (fo=1291, unset)         0.973     0.973    u_clk/net_clk
    SLICE_X49Y27         FDRE                                         r  u_clk/time_ns_reg[1]/C
  -------------------------------------------------------------------    -------------------
    SLICE_X49Y27         FDRE (Prop_fdre_C_Q)         0.456     1.429 r  u_clk/time_ns_reg[1]/Q
                         net (fo=5, routed)           0.675     2.104    u_clk/time_ns_reg[31]_0[1]
    SLICE_X47Y28         LUT4 (Prop_lut4_I0_O)        0.124     2.228 r  u_clk/ns_base__1_carry_i_2/O
                         net (fo=2, routed)           0.591     2.820    u_clk/ns_base__1_carry_i_2_n_0
    SLICE_X41Y29         LUT5 (Prop_lut5_I0_O)        0.124     2.944 r  u_clk/ns_base__1_carry_i_5/O
                         net (fo=1, routed)           0.000     2.944    u_clk/ns_base__1_carry_i_5_n_0
    SLICE_X41Y29         CARRY4 (Prop_carry4_S[2]_CO[3])
                                                      0.398     3.342 r  u_clk/ns_base__1_carry/CO[3]
                         net (fo=1, routed)           0.000     3.342    u_clk/ns_base__1_carry_n_0
    SLICE_X41Y30         CARRY4 (Prop_carry4_CI_CO[3])
                                                      0.114     3.456 r  u_clk/ns_base__1_carry__0/CO[3]
                         net (fo=1, routed)           0.000     3.456    u_clk/ns_base__1_carry__0_n_0
    SLICE_X41Y31         CARRY4 (Prop_carry4_CI_CO[3])
                                                      0.114     3.570 r  u_clk/ns_base__1_carry__1/CO[3]
                         net (fo=1, routed)           0.000     3.570    u_clk/ns_base__1_carry__1_n_0
    SLICE_X41Y32         CARRY4 (Prop_carry4_CI_CO[3])
                                                      0.114     3.684 r  u_clk/ns_base__1_carry__2/CO[3]
                         net (fo=1, routed)           0.000     3.684    u_clk/ns_base__1_carry__2_n_0
    SLICE_X41Y33         CARRY4 (Prop_carry4_CI_CO[3])
                                                      0.114     3.798 r  u_clk/ns_base__1_carry__3/CO[3]
                         net (fo=1, routed)           0.000     3.798    u_clk/ns_base__1_carry__3_n_0
    SLICE_X41Y34         CARRY4 (Prop_carry4_CI_CO[3])
                                                      0.114     3.912 r  u_clk/ns_base__1_carry__4/CO[3]
                         net (fo=1, routed)           0.000     3.912    u_clk/ns_base__1_carry__4_n_0
    SLICE_X41Y35         CARRY4 (Prop_carry4_CI_O[1])
                                                      0.334     4.246 r  u_clk/ns_base__1_carry__5/O[1]
                         net (fo=8, routed)           0.818     5.064    u_clk/ns_sum_k[0]_1[25]
    SLICE_X46Y34         CARRY4 (Prop_carry4_S[0]_CO[3])
                                                      0.816     5.880 r  u_clk/p_0_out_inferred__1/i__carry__5/CO[3]
                         net (fo=1, routed)           0.000     5.880    u_clk/p_0_out_inferred__1/i__carry__5_n_0
    SLICE_X46Y35         CARRY4 (Prop_carry4_CI_CO[3])
                                                      0.117     5.997 r  u_clk/p_0_out_inferred__1/i__carry__6/CO[3]
                         net (fo=1, routed)           0.000     5.997    u_clk/p_0_out_inferred__1/i__carry__6_n_0
    SLICE_X46Y36         CARRY4 (Prop_carry4_CI_O[0])
                                                      0.219     6.216 r  u_clk/p_0_out_inferred__1/i__carry__7/O[0]
                         net (fo=37, routed)          0.854     7.070    u_clk/ns_minus_k[1]_2[33]
    SLICE_X45Y37         LUT6 (Prop_lut6_I1_O)        0.295     7.365 r  u_clk/time_sec[47]_i_5/O
                         net (fo=48, routed)          0.965     8.330    u_clk/time_sec[47]_i_5_n_0
    SLICE_X42Y41         LUT6 (Prop_lut6_I2_O)        0.124     8.454 r  u_clk/time_sec[40]_i_2/O
                         net (fo=1, routed)           0.493     8.947    u_regs/time_sec_reg[40]
    SLICE_X42Y41         LUT3 (Prop_lut3_I2_O)        0.124     9.071 r  u_regs/time_sec[40]_i_1/O
                         net (fo=1, routed)           0.000     9.071    u_clk/D[40]
    SLICE_X42Y41         FDRE                                         r  u_clk/time_sec_reg[40]/D
  -------------------------------------------------------------------    -------------------

                         (clock net_clk rise edge)    6.400     6.400 r  
                                                      0.000     6.400 r  net_clk (IN)
                         net (fo=1291, unset)         0.924     7.324    u_clk/net_clk
    SLICE_X42Y41         FDRE                                         r  u_clk/time_sec_reg[40]/C
                         clock pessimism              0.000     7.324    
                         clock uncertainty           -0.035     7.289    
    SLICE_X42Y41         FDRE (Setup_fdre_C_D)        0.081     7.370    u_clk/time_sec_reg[40]
  -------------------------------------------------------------------
                         required time                          7.370    
                         arrival time                          -9.071    
  -------------------------------------------------------------------
                         slack                                 -1.701    

Slack (VIOLATED) :        -1.698ns  (required time - arrival time)
  Source:                 u_clk/time_ns_reg[1]/C
                            (rising edge-triggered cell FDRE clocked by net_clk  {rise@0.000ns fall@3.200ns period=6.400ns})
  Destination:            u_clk/time_sec_reg[47]/D
                            (rising edge-triggered cell FDRE clocked by net_clk  {rise@0.000ns fall@3.200ns period=6.400ns})
  Path Group:             net_clk
  Path Type:              Setup (Max at Slow Process Corner)
  Requirement:            6.400ns  (net_clk rise@6.400ns - net_clk rise@0.000ns)
  Data Path Delay:        8.043ns  (logic 3.701ns (46.016%)  route 4.342ns (53.984%))
  Logic Levels:           15  (CARRY4=10 LUT3=1 LUT4=2 LUT5=1 LUT6=1)
  Clock Path Skew:        -0.049ns (DCD - SCD + CPR)
    Destination Clock Delay (DCD):    0.924ns = ( 7.324 - 6.400 ) 
    Source Clock Delay      (SCD):    0.973ns
    Clock Pessimism Removal (CPR):    0.000ns
  Clock Uncertainty:      0.035ns  ((TSJ^2 + TIJ^2)^1/2 + DJ) / 2 + PE
    Total System Jitter     (TSJ):    0.071ns
    Total Input Jitter      (TIJ):    0.000ns
    Discrete Jitter          (DJ):    0.000ns
    Phase Error              (PE):    0.000ns

    Location             Delay type                Incr(ns)  Path(ns)    Netlist Resource(s)
  -------------------------------------------------------------------    -------------------
                         (clock net_clk rise edge)    0.000     0.000 r  
                                                      0.000     0.000 r  net_clk (IN)
                         net (fo=1291, unset)         0.973     0.973    u_clk/net_clk
    SLICE_X49Y27         FDRE                                         r  u_clk/time_ns_reg[1]/C
  -------------------------------------------------------------------    -------------------
    SLICE_X49Y27         FDRE (Prop_fdre_C_Q)         0.456     1.429 r  u_clk/time_ns_reg[1]/Q
                         net (fo=5, routed)           0.675     2.104    u_clk/time_ns_reg[31]_0[1]
    SLICE_X47Y28         LUT4 (Prop_lut4_I0_O)        0.124     2.228 r  u_clk/ns_base__1_carry_i_2/O
                         net (fo=2, routed)           0.591     2.820    u_clk/ns_base__1_carry_i_2_n_0
    SLICE_X41Y29         LUT5 (Prop_lut5_I0_O)        0.124     2.944 r  u_clk/ns_base__1_carry_i_5/O
                         net (fo=1, routed)           0.000     2.944    u_clk/ns_base__1_carry_i_5_n_0
    SLICE_X41Y29         CARRY4 (Prop_carry4_S[2]_CO[3])
                                                      0.398     3.342 r  u_clk/ns_base__1_carry/CO[3]
                         net (fo=1, routed)           0.000     3.342    u_clk/ns_base__1_carry_n_0
    SLICE_X41Y30         CARRY4 (Prop_carry4_CI_CO[3])
                                                      0.114     3.456 r  u_clk/ns_base__1_carry__0/CO[3]
                         net (fo=1, routed)           0.000     3.456    u_clk/ns_base__1_carry__0_n_0
    SLICE_X41Y31         CARRY4 (Prop_carry4_CI_CO[3])
                                                      0.114     3.570 r  u_clk/ns_base__1_carry__1/CO[3]
                         net (fo=1, routed)           0.000     3.570    u_clk/ns_base__1_carry__1_n_0
    SLICE_X41Y32         CARRY4 (Prop_carry4_CI_CO[3])
                                                      0.114     3.684 r  u_clk/ns_base__1_carry__2/CO[3]
                         net (fo=1, routed)           0.000     3.684    u_clk/ns_base__1_carry__2_n_0
    SLICE_X41Y33         CARRY4 (Prop_carry4_CI_CO[3])
                                                      0.114     3.798 r  u_clk/ns_base__1_carry__3/CO[3]
                         net (fo=1, routed)           0.000     3.798    u_clk/ns_base__1_carry__3_n_0
    SLICE_X41Y34         CARRY4 (Prop_carry4_CI_CO[3])
                                                      0.114     3.912 r  u_clk/ns_base__1_carry__4/CO[3]
                         net (fo=1, routed)           0.000     3.912    u_clk/ns_base__1_carry__4_n_0
    SLICE_X41Y35         CARRY4 (Prop_carry4_CI_O[1])
                                                      0.334     4.246 r  u_clk/ns_base__1_carry__5/O[1]
                         net (fo=8, routed)           0.818     5.064    u_clk/ns_sum_k[0]_1[25]
    SLICE_X46Y34         CARRY4 (Prop_carry4_S[0]_CO[3])
                                                      0.816     5.880 r  u_clk/p_0_out_inferred__1/i__carry__5/CO[3]
                         net (fo=1, routed)           0.000     5.880    u_clk/p_0_out_inferred__1/i__carry__5_n_0
    SLICE_X46Y35         CARRY4 (Prop_carry4_CI_CO[3])
                                                      0.117     5.997 r  u_clk/p_0_out_inferred__1/i__carry__6/CO[3]
                         net (fo=1, routed)           0.000     5.997    u_clk/p_0_out_inferred__1/i__carry__6_n_0
    SLICE_X46Y36         CARRY4 (Prop_carry4_CI_O[0])
                                                      0.219     6.216 f  u_clk/p_0_out_inferred__1/i__carry__7/O[0]
                         net (fo=37, routed)          0.715     6.930    u_clk/ns_minus_k[1]_2[33]
    SLICE_X43Y38         LUT4 (Prop_lut4_I2_O)        0.295     7.225 r  u_clk/time_sec[47]_i_4/O
                         net (fo=48, routed)          1.242     8.467    u_clk/time_sec[47]_i_4_n_0
    SLICE_X43Y38         LUT6 (Prop_lut6_I0_O)        0.124     8.591 r  u_clk/time_sec[47]_i_3/O
                         net (fo=1, routed)           0.301     8.892    u_regs/time_sec_reg[47]_0
    SLICE_X45Y38         LUT3 (Prop_lut3_I2_O)        0.124     9.016 r  u_regs/time_sec[47]_i_2/O
                         net (fo=1, routed)           0.000     9.016    u_clk/D[47]
    SLICE_X45Y38         FDRE                                         r  u_clk/time_sec_reg[47]/D
  -------------------------------------------------------------------    -------------------

                         (clock net_clk rise edge)    6.400     6.400 r  
                                                      0.000     6.400 r  net_clk (IN)
                         net (fo=1291, unset)         0.924     7.324    u_clk/net_clk
    SLICE_X45Y38         FDRE                                         r  u_clk/time_sec_reg[47]/C
                         clock pessimism              0.000     7.324    
                         clock uncertainty           -0.035     7.289    
    SLICE_X45Y38         FDRE (Setup_fdre_C_D)        0.029     7.318    u_clk/time_sec_reg[47]
  -------------------------------------------------------------------
                         required time                          7.318    
                         arrival time                          -9.016    
  -------------------------------------------------------------------
                         slack                                 -1.698    

Slack (VIOLATED) :        -1.684ns  (required time - arrival time)
  Source:                 u_hist/bin_mem_reg/CLKARDCLK
                            (rising edge-triggered cell RAMB18E1 clocked by net_clk  {rise@0.000ns fall@3.200ns period=6.400ns})
  Destination:            u_hist/bin_mem_reg/DIBDI[13]
                            (rising edge-triggered cell RAMB18E1 clocked by net_clk  {rise@0.000ns fall@3.200ns period=6.400ns})
  Path Group:             net_clk
  Path Type:              Setup (Max at Slow Process Corner)
  Requirement:            6.400ns  (net_clk rise@6.400ns - net_clk rise@0.000ns)
  Data Path Delay:        7.759ns  (logic 4.684ns (60.372%)  route 3.075ns (39.628%))
  Logic Levels:           12  (CARRY4=8 LUT2=1 LUT5=1 LUT6=2)
  Clock Path Skew:        -0.049ns (DCD - SCD + CPR)
    Destination Clock Delay (DCD):    0.924ns = ( 7.324 - 6.400 ) 
    Source Clock Delay      (SCD):    0.973ns
    Clock Pessimism Removal (CPR):    0.000ns
  Clock Uncertainty:      0.035ns  ((TSJ^2 + TIJ^2)^1/2 + DJ) / 2 + PE
    Total System Jitter     (TSJ):    0.071ns
    Total Input Jitter      (TIJ):    0.000ns
    Discrete Jitter          (DJ):    0.000ns
    Phase Error              (PE):    0.000ns

    Location             Delay type                Incr(ns)  Path(ns)    Netlist Resource(s)
  -------------------------------------------------------------------    -------------------
                         (clock net_clk rise edge)    0.000     0.000 r  
                                                      0.000     0.000 r  net_clk (IN)
                         net (fo=1291, unset)         0.973     0.973    u_hist/net_clk
    RAMB18_X1Y16         RAMB18E1                                     r  u_hist/bin_mem_reg/CLKARDCLK
  -------------------------------------------------------------------    -------------------
    RAMB18_X1Y16         RAMB18E1 (Prop_ramb18e1_CLKARDCLK_DOBDO[0])
                                                      2.454     3.427 r  u_hist/bin_mem_reg/DOBDO[0]
                         net (fo=3, routed)           0.968     4.395    u_hist/ra_data[16]
    SLICE_X25Y39         LUT5 (Prop_lut5_I1_O)        0.124     4.519 f  u_hist/last_data[3]_i_24/O
                         net (fo=1, routed)           0.958     5.477    u_hist/last_data[3]_i_24_n_0
    SLICE_X25Y37         LUT6 (Prop_lut6_I1_O)        0.124     5.601 r  u_hist/last_data[3]_i_12_comp/O
                         net (fo=1, routed)           0.401     6.002    u_hist/last_data[3]_i_12_n_0
    SLICE_X22Y37         LUT6 (Prop_lut6_I4_O)        0.124     6.126 r  u_hist/last_data[3]_i_6_comp/O
                         net (fo=1, routed)           0.000     6.126    u_hist/last_data[3]_i_6_n_0
    SLICE_X22Y37         CARRY4 (Prop_carry4_S[0]_CO[3])
                                                      0.513     6.639 r  u_hist/last_data_reg[3]_i_1/CO[3]
                         net (fo=1, routed)           0.000     6.639    u_hist/last_data_reg[3]_i_1_n_0
    SLICE_X22Y38         CARRY4 (Prop_carry4_CI_CO[3])
                                                      0.117     6.756 r  u_hist/last_data_reg[7]_i_1/CO[3]
                         net (fo=1, routed)           0.000     6.756    u_hist/last_data_reg[7]_i_1_n_0
    SLICE_X22Y39         CARRY4 (Prop_carry4_CI_CO[3])
                                                      0.117     6.873 r  u_hist/last_data_reg[11]_i_1/CO[3]
                         net (fo=1, routed)           0.000     6.873    u_hist/last_data_reg[11]_i_1_n_0
    SLICE_X22Y40         CARRY4 (Prop_carry4_CI_CO[3])
                                                      0.117     6.990 r  u_hist/last_data_reg[15]_i_1/CO[3]
                         net (fo=1, routed)           0.000     6.990    u_hist/last_data_reg[15]_i_1_n_0
    SLICE_X22Y41         CARRY4 (Prop_carry4_CI_CO[3])
                                                      0.117     7.107 r  u_hist/last_data_reg[19]_i_1/CO[3]
                         net (fo=1, routed)           0.000     7.107    u_hist/last_data_reg[19]_i_1_n_0
    SLICE_X22Y42         CARRY4 (Prop_carry4_CI_CO[3])
                                                      0.117     7.224 r  u_hist/last_data_reg[23]_i_1/CO[3]
                         net (fo=1, routed)           0.000     7.224    u_hist/last_data_reg[23]_i_1_n_0
    SLICE_X22Y43         CARRY4 (Prop_carry4_CI_CO[3])
                                                      0.117     7.341 r  u_hist/last_data_reg[27]_i_1/CO[3]
                         net (fo=1, routed)           0.000     7.341    u_hist/last_data_reg[27]_i_1_n_0
    SLICE_X22Y44         CARRY4 (Prop_carry4_CI_O[1])
                                                      0.337     7.678 r  u_hist/last_data_reg[31]_i_2/O[1]
                         net (fo=2, routed)           0.295     7.973    u_hist/new_val[29]
    SLICE_X23Y44         LUT2 (Prop_lut2_I0_O)        0.306     8.279 r  u_hist/bin_mem_reg_i_33/O
                         net (fo=1, routed)           0.452     8.732    u_hist/wdata[29]
    RAMB18_X1Y16         RAMB18E1                                     r  u_hist/bin_mem_reg/DIBDI[13]
  -------------------------------------------------------------------    -------------------

                         (clock net_clk rise edge)    6.400     6.400 r  
                                                      0.000     6.400 r  net_clk (IN)
                         net (fo=1291, unset)         0.924     7.324    u_hist/net_clk
    RAMB18_X1Y16         RAMB18E1                                     r  u_hist/bin_mem_reg/CLKBWRCLK
                         clock pessimism              0.000     7.324    
                         clock uncertainty           -0.035     7.289    
    RAMB18_X1Y16         RAMB18E1 (Setup_ramb18e1_CLKBWRCLK_DIBDI[13])
                                                     -0.241     7.048    u_hist/bin_mem_reg
  -------------------------------------------------------------------
                         required time                          7.048    
                         arrival time                          -8.732    
  -------------------------------------------------------------------
                         slack                                 -1.684    

Slack (VIOLATED) :        -1.646ns  (required time - arrival time)
  Source:                 u_clk/time_ns_reg[1]/C
                            (rising edge-triggered cell FDRE clocked by net_clk  {rise@0.000ns fall@3.200ns period=6.400ns})
  Destination:            u_clk/time_sec_reg[27]/D
                            (rising edge-triggered cell FDRE clocked by net_clk  {rise@0.000ns fall@3.200ns period=6.400ns})
  Path Group:             net_clk
  Path Type:              Setup (Max at Slow Process Corner)
  Requirement:            6.400ns  (net_clk rise@6.400ns - net_clk rise@0.000ns)
  Data Path Delay:        8.043ns  (logic 3.701ns (46.015%)  route 4.342ns (53.985%))
  Logic Levels:           15  (CARRY4=10 LUT3=1 LUT4=1 LUT5=1 LUT6=2)
  Clock Path Skew:        -0.049ns (DCD - SCD + CPR)
    Destination Clock Delay (DCD):    0.924ns = ( 7.324 - 6.400 ) 
    Source Clock Delay      (SCD):    0.973ns
    Clock Pessimism Removal (CPR):    0.000ns
  Clock Uncertainty:      0.035ns  ((TSJ^2 + TIJ^2)^1/2 + DJ) / 2 + PE
    Total System Jitter     (TSJ):    0.071ns
    Total Input Jitter      (TIJ):    0.000ns
    Discrete Jitter          (DJ):    0.000ns
    Phase Error              (PE):    0.000ns

    Location             Delay type                Incr(ns)  Path(ns)    Netlist Resource(s)
  -------------------------------------------------------------------    -------------------
                         (clock net_clk rise edge)    0.000     0.000 r  
                                                      0.000     0.000 r  net_clk (IN)
                         net (fo=1291, unset)         0.973     0.973    u_clk/net_clk
    SLICE_X49Y27         FDRE                                         r  u_clk/time_ns_reg[1]/C
  -------------------------------------------------------------------    -------------------
    SLICE_X49Y27         FDRE (Prop_fdre_C_Q)         0.456     1.429 r  u_clk/time_ns_reg[1]/Q
                         net (fo=5, routed)           0.675     2.104    u_clk/time_ns_reg[31]_0[1]
    SLICE_X47Y28         LUT4 (Prop_lut4_I0_O)        0.124     2.228 r  u_clk/ns_base__1_carry_i_2/O
                         net (fo=2, routed)           0.591     2.820    u_clk/ns_base__1_carry_i_2_n_0
    SLICE_X41Y29         LUT5 (Prop_lut5_I0_O)        0.124     2.944 r  u_clk/ns_base__1_carry_i_5/O
                         net (fo=1, routed)           0.000     2.944    u_clk/ns_base__1_carry_i_5_n_0
    SLICE_X41Y29         CARRY4 (Prop_carry4_S[2]_CO[3])
                                                      0.398     3.342 r  u_clk/ns_base__1_carry/CO[3]
                         net (fo=1, routed)           0.000     3.342    u_clk/ns_base__1_carry_n_0
    SLICE_X41Y30         CARRY4 (Prop_carry4_CI_CO[3])
                                                      0.114     3.456 r  u_clk/ns_base__1_carry__0/CO[3]
                         net (fo=1, routed)           0.000     3.456    u_clk/ns_base__1_carry__0_n_0
    SLICE_X41Y31         CARRY4 (Prop_carry4_CI_CO[3])
                                                      0.114     3.570 r  u_clk/ns_base__1_carry__1/CO[3]
                         net (fo=1, routed)           0.000     3.570    u_clk/ns_base__1_carry__1_n_0
    SLICE_X41Y32         CARRY4 (Prop_carry4_CI_CO[3])
                                                      0.114     3.684 r  u_clk/ns_base__1_carry__2/CO[3]
                         net (fo=1, routed)           0.000     3.684    u_clk/ns_base__1_carry__2_n_0
    SLICE_X41Y33         CARRY4 (Prop_carry4_CI_CO[3])
                                                      0.114     3.798 r  u_clk/ns_base__1_carry__3/CO[3]
                         net (fo=1, routed)           0.000     3.798    u_clk/ns_base__1_carry__3_n_0
    SLICE_X41Y34         CARRY4 (Prop_carry4_CI_CO[3])
                                                      0.114     3.912 r  u_clk/ns_base__1_carry__4/CO[3]
                         net (fo=1, routed)           0.000     3.912    u_clk/ns_base__1_carry__4_n_0
    SLICE_X41Y35         CARRY4 (Prop_carry4_CI_O[1])
                                                      0.334     4.246 r  u_clk/ns_base__1_carry__5/O[1]
                         net (fo=8, routed)           0.818     5.064    u_clk/ns_sum_k[0]_1[25]
    SLICE_X46Y34         CARRY4 (Prop_carry4_S[0]_CO[3])
                                                      0.816     5.880 r  u_clk/p_0_out_inferred__1/i__carry__5/CO[3]
                         net (fo=1, routed)           0.000     5.880    u_clk/p_0_out_inferred__1/i__carry__5_n_0
    SLICE_X46Y35         CARRY4 (Prop_carry4_CI_CO[3])
                                                      0.117     5.997 r  u_clk/p_0_out_inferred__1/i__carry__6/CO[3]
                         net (fo=1, routed)           0.000     5.997    u_clk/p_0_out_inferred__1/i__carry__6_n_0
    SLICE_X46Y36         CARRY4 (Prop_carry4_CI_O[0])
                                                      0.219     6.216 r  u_clk/p_0_out_inferred__1/i__carry__7/O[0]
                         net (fo=37, routed)          0.854     7.070    u_clk/ns_minus_k[1]_2[33]
    SLICE_X45Y37         LUT6 (Prop_lut6_I1_O)        0.295     7.365 r  u_clk/time_sec[47]_i_5/O
                         net (fo=48, routed)          0.910     8.275    u_clk/time_sec[47]_i_5_n_0
    SLICE_X42Y42         LUT6 (Prop_lut6_I2_O)        0.124     8.399 r  u_clk/time_sec[27]_i_2/O
                         net (fo=1, routed)           0.493     8.892    u_regs/time_sec_reg[27]_0
    SLICE_X42Y42         LUT3 (Prop_lut3_I2_O)        0.124     9.016 r  u_regs/time_sec[27]_i_1/O
                         net (fo=1, routed)           0.000     9.016    u_clk/D[27]
    SLICE_X42Y42         FDRE                                         r  u_clk/time_sec_reg[27]/D
  -------------------------------------------------------------------    -------------------

                         (clock net_clk rise edge)    6.400     6.400 r  
                                                      0.000     6.400 r  net_clk (IN)
                         net (fo=1291, unset)         0.924     7.324    u_clk/net_clk
    SLICE_X42Y42         FDRE                                         r  u_clk/time_sec_reg[27]/C
                         clock pessimism              0.000     7.324    
                         clock uncertainty           -0.035     7.289    
    SLICE_X42Y42         FDRE (Setup_fdre_C_D)        0.081     7.370    u_clk/time_sec_reg[27]
  -------------------------------------------------------------------
                         required time                          7.370    
                         arrival time                          -9.016    
  -------------------------------------------------------------------
                         slack                                 -1.646    

Slack (VIOLATED) :        -1.645ns  (required time - arrival time)
  Source:                 u_clk/time_ns_reg[1]/C
                            (rising edge-triggered cell FDRE clocked by net_clk  {rise@0.000ns fall@3.200ns period=6.400ns})
  Destination:            u_clk/time_sec_reg[28]/D
                            (rising edge-triggered cell FDRE clocked by net_clk  {rise@0.000ns fall@3.200ns period=6.400ns})
  Path Group:             net_clk
  Path Type:              Setup (Max at Slow Process Corner)
  Requirement:            6.400ns  (net_clk rise@6.400ns - net_clk rise@0.000ns)
  Data Path Delay:        7.990ns  (logic 3.701ns (46.323%)  route 4.289ns (53.677%))
  Logic Levels:           15  (CARRY4=10 LUT3=1 LUT4=2 LUT5=1 LUT6=1)
  Clock Path Skew:        -0.049ns (DCD - SCD + CPR)
    Destination Clock Delay (DCD):    0.924ns = ( 7.324 - 6.400 ) 
    Source Clock Delay      (SCD):    0.973ns
    Clock Pessimism Removal (CPR):    0.000ns
  Clock Uncertainty:      0.035ns  ((TSJ^2 + TIJ^2)^1/2 + DJ) / 2 + PE
    Total System Jitter     (TSJ):    0.071ns
    Total Input Jitter      (TIJ):    0.000ns
    Discrete Jitter          (DJ):    0.000ns
    Phase Error              (PE):    0.000ns

    Location             Delay type                Incr(ns)  Path(ns)    Netlist Resource(s)
  -------------------------------------------------------------------    -------------------
                         (clock net_clk rise edge)    0.000     0.000 r  
                                                      0.000     0.000 r  net_clk (IN)
                         net (fo=1291, unset)         0.973     0.973    u_clk/net_clk
    SLICE_X49Y27         FDRE                                         r  u_clk/time_ns_reg[1]/C
  -------------------------------------------------------------------    -------------------
    SLICE_X49Y27         FDRE (Prop_fdre_C_Q)         0.456     1.429 r  u_clk/time_ns_reg[1]/Q
                         net (fo=5, routed)           0.675     2.104    u_clk/time_ns_reg[31]_0[1]
    SLICE_X47Y28         LUT4 (Prop_lut4_I0_O)        0.124     2.228 r  u_clk/ns_base__1_carry_i_2/O
                         net (fo=2, routed)           0.591     2.820    u_clk/ns_base__1_carry_i_2_n_0
    SLICE_X41Y29         LUT5 (Prop_lut5_I0_O)        0.124     2.944 r  u_clk/ns_base__1_carry_i_5/O
                         net (fo=1, routed)           0.000     2.944    u_clk/ns_base__1_carry_i_5_n_0
    SLICE_X41Y29         CARRY4 (Prop_carry4_S[2]_CO[3])
                                                      0.398     3.342 r  u_clk/ns_base__1_carry/CO[3]
                         net (fo=1, routed)           0.000     3.342    u_clk/ns_base__1_carry_n_0
    SLICE_X41Y30         CARRY4 (Prop_carry4_CI_CO[3])
                                                      0.114     3.456 r  u_clk/ns_base__1_carry__0/CO[3]
                         net (fo=1, routed)           0.000     3.456    u_clk/ns_base__1_carry__0_n_0
    SLICE_X41Y31         CARRY4 (Prop_carry4_CI_CO[3])
                                                      0.114     3.570 r  u_clk/ns_base__1_carry__1/CO[3]
                         net (fo=1, routed)           0.000     3.570    u_clk/ns_base__1_carry__1_n_0
    SLICE_X41Y32         CARRY4 (Prop_carry4_CI_CO[3])
                                                      0.114     3.684 r  u_clk/ns_base__1_carry__2/CO[3]
                         net (fo=1, routed)           0.000     3.684    u_clk/ns_base__1_carry__2_n_0
    SLICE_X41Y33         CARRY4 (Prop_carry4_CI_CO[3])
                                                      0.114     3.798 r  u_clk/ns_base__1_carry__3/CO[3]
                         net (fo=1, routed)           0.000     3.798    u_clk/ns_base__1_carry__3_n_0
    SLICE_X41Y34         CARRY4 (Prop_carry4_CI_CO[3])
                                                      0.114     3.912 r  u_clk/ns_base__1_carry__4/CO[3]
                         net (fo=1, routed)           0.000     3.912    u_clk/ns_base__1_carry__4_n_0
    SLICE_X41Y35         CARRY4 (Prop_carry4_CI_O[1])
                                                      0.334     4.246 r  u_clk/ns_base__1_carry__5/O[1]
                         net (fo=8, routed)           0.818     5.064    u_clk/ns_sum_k[0]_1[25]
    SLICE_X46Y34         CARRY4 (Prop_carry4_S[0]_CO[3])
                                                      0.816     5.880 r  u_clk/p_0_out_inferred__1/i__carry__5/CO[3]
                         net (fo=1, routed)           0.000     5.880    u_clk/p_0_out_inferred__1/i__carry__5_n_0
    SLICE_X46Y35         CARRY4 (Prop_carry4_CI_CO[3])
                                                      0.117     5.997 r  u_clk/p_0_out_inferred__1/i__carry__6/CO[3]
                         net (fo=1, routed)           0.000     5.997    u_clk/p_0_out_inferred__1/i__carry__6_n_0
    SLICE_X46Y36         CARRY4 (Prop_carry4_CI_O[0])
                                                      0.219     6.216 f  u_clk/p_0_out_inferred__1/i__carry__7/O[0]
                         net (fo=37, routed)          0.715     6.930    u_clk/ns_minus_k[1]_2[33]
    SLICE_X43Y38         LUT4 (Prop_lut4_I2_O)        0.295     7.225 r  u_clk/time_sec[47]_i_4/O
                         net (fo=48, routed)          1.005     8.230    u_clk/time_sec[47]_i_4_n_0
    SLICE_X45Y40         LUT6 (Prop_lut6_I0_O)        0.124     8.354 r  u_clk/time_sec[28]_i_2/O
                         net (fo=1, routed)           0.484     8.839    u_regs/time_sec_reg[28]
    SLICE_X45Y41         LUT3 (Prop_lut3_I2_O)        0.124     8.963 r  u_regs/time_sec[28]_i_1/O
                         net (fo=1, routed)           0.000     8.963    u_clk/D[28]
    SLICE_X45Y41         FDRE                                         r  u_clk/time_sec_reg[28]/D
  -------------------------------------------------------------------    -------------------

                         (clock net_clk rise edge)    6.400     6.400 r  
                                                      0.000     6.400 r  net_clk (IN)
                         net (fo=1291, unset)         0.924     7.324    u_clk/net_clk
    SLICE_X45Y41         FDRE                                         r  u_clk/time_sec_reg[28]/C
                         clock pessimism              0.000     7.324    
                         clock uncertainty           -0.035     7.289    
    SLICE_X45Y41         FDRE (Setup_fdre_C_D)        0.029     7.318    u_clk/time_sec_reg[28]
  -------------------------------------------------------------------
                         required time                          7.318    
                         arrival time                          -8.963    
  -------------------------------------------------------------------
                         slack                                 -1.645    

Slack (VIOLATED) :        -1.631ns  (required time - arrival time)
  Source:                 u_clk/time_ns_reg[1]/C
                            (rising edge-triggered cell FDRE clocked by net_clk  {rise@0.000ns fall@3.200ns period=6.400ns})
  Destination:            u_clk/time_sec_reg[14]/D
                            (rising edge-triggered cell FDRE clocked by net_clk  {rise@0.000ns fall@3.200ns period=6.400ns})
  Path Group:             net_clk
  Path Type:              Setup (Max at Slow Process Corner)
  Requirement:            6.400ns  (net_clk rise@6.400ns - net_clk rise@0.000ns)
  Data Path Delay:        8.028ns  (logic 3.701ns (46.099%)  route 4.327ns (53.901%))
  Logic Levels:           15  (CARRY4=10 LUT3=1 LUT4=2 LUT5=1 LUT6=1)
  Clock Path Skew:        -0.049ns (DCD - SCD + CPR)
    Destination Clock Delay (DCD):    0.924ns = ( 7.324 - 6.400 ) 
    Source Clock Delay      (SCD):    0.973ns
    Clock Pessimism Removal (CPR):    0.000ns
  Clock Uncertainty:      0.035ns  ((TSJ^2 + TIJ^2)^1/2 + DJ) / 2 + PE
    Total System Jitter     (TSJ):    0.071ns
    Total Input Jitter      (TIJ):    0.000ns
    Discrete Jitter          (DJ):    0.000ns
    Phase Error              (PE):    0.000ns

    Location             Delay type                Incr(ns)  Path(ns)    Netlist Resource(s)
  -------------------------------------------------------------------    -------------------
                         (clock net_clk rise edge)    0.000     0.000 r  
                                                      0.000     0.000 r  net_clk (IN)
                         net (fo=1291, unset)         0.973     0.973    u_clk/net_clk
    SLICE_X49Y27         FDRE                                         r  u_clk/time_ns_reg[1]/C
  -------------------------------------------------------------------    -------------------
    SLICE_X49Y27         FDRE (Prop_fdre_C_Q)         0.456     1.429 r  u_clk/time_ns_reg[1]/Q
                         net (fo=5, routed)           0.675     2.104    u_clk/time_ns_reg[31]_0[1]
    SLICE_X47Y28         LUT4 (Prop_lut4_I0_O)        0.124     2.228 r  u_clk/ns_base__1_carry_i_2/O
                         net (fo=2, routed)           0.591     2.820    u_clk/ns_base__1_carry_i_2_n_0
    SLICE_X41Y29         LUT5 (Prop_lut5_I0_O)        0.124     2.944 r  u_clk/ns_base__1_carry_i_5/O
                         net (fo=1, routed)           0.000     2.944    u_clk/ns_base__1_carry_i_5_n_0
    SLICE_X41Y29         CARRY4 (Prop_carry4_S[2]_CO[3])
                                                      0.398     3.342 r  u_clk/ns_base__1_carry/CO[3]
                         net (fo=1, routed)           0.000     3.342    u_clk/ns_base__1_carry_n_0
    SLICE_X41Y30         CARRY4 (Prop_carry4_CI_CO[3])
                                                      0.114     3.456 r  u_clk/ns_base__1_carry__0/CO[3]
                         net (fo=1, routed)           0.000     3.456    u_clk/ns_base__1_carry__0_n_0
    SLICE_X41Y31         CARRY4 (Prop_carry4_CI_CO[3])
                                                      0.114     3.570 r  u_clk/ns_base__1_carry__1/CO[3]
                         net (fo=1, routed)           0.000     3.570    u_clk/ns_base__1_carry__1_n_0
    SLICE_X41Y32         CARRY4 (Prop_carry4_CI_CO[3])
                                                      0.114     3.684 r  u_clk/ns_base__1_carry__2/CO[3]
                         net (fo=1, routed)           0.000     3.684    u_clk/ns_base__1_carry__2_n_0
    SLICE_X41Y33         CARRY4 (Prop_carry4_CI_CO[3])
                                                      0.114     3.798 r  u_clk/ns_base__1_carry__3/CO[3]
                         net (fo=1, routed)           0.000     3.798    u_clk/ns_base__1_carry__3_n_0
    SLICE_X41Y34         CARRY4 (Prop_carry4_CI_CO[3])
                                                      0.114     3.912 r  u_clk/ns_base__1_carry__4/CO[3]
                         net (fo=1, routed)           0.000     3.912    u_clk/ns_base__1_carry__4_n_0
    SLICE_X41Y35         CARRY4 (Prop_carry4_CI_O[1])
                                                      0.334     4.246 r  u_clk/ns_base__1_carry__5/O[1]
                         net (fo=8, routed)           0.818     5.064    u_clk/ns_sum_k[0]_1[25]
    SLICE_X46Y34         CARRY4 (Prop_carry4_S[0]_CO[3])
                                                      0.816     5.880 r  u_clk/p_0_out_inferred__1/i__carry__5/CO[3]
                         net (fo=1, routed)           0.000     5.880    u_clk/p_0_out_inferred__1/i__carry__5_n_0
    SLICE_X46Y35         CARRY4 (Prop_carry4_CI_CO[3])
                                                      0.117     5.997 r  u_clk/p_0_out_inferred__1/i__carry__6/CO[3]
                         net (fo=1, routed)           0.000     5.997    u_clk/p_0_out_inferred__1/i__carry__6_n_0
    SLICE_X46Y36         CARRY4 (Prop_carry4_CI_O[0])
                                                      0.219     6.216 f  u_clk/p_0_out_inferred__1/i__carry__7/O[0]
                         net (fo=37, routed)          0.715     6.930    u_clk/ns_minus_k[1]_2[33]
    SLICE_X43Y38         LUT4 (Prop_lut4_I2_O)        0.295     7.225 r  u_clk/time_sec[47]_i_4/O
                         net (fo=48, routed)          1.036     8.261    u_clk/time_sec[47]_i_4_n_0
    SLICE_X42Y38         LUT6 (Prop_lut6_I0_O)        0.124     8.385 r  u_clk/time_sec[14]_i_2/O
                         net (fo=1, routed)           0.492     8.877    u_regs/time_sec_reg[14]
    SLICE_X42Y37         LUT3 (Prop_lut3_I2_O)        0.124     9.001 r  u_regs/time_sec[14]_i_1/O
                         net (fo=1, routed)           0.000     9.001    u_clk/D[14]
    SLICE_X42Y37         FDRE                                         r  u_clk/time_sec_reg[14]/D
  -------------------------------------------------------------------    -------------------

                         (clock net_clk rise edge)    6.400     6.400 r  
                                                      0.000     6.400 r  net_clk (IN)
                         net (fo=1291, unset)         0.924     7.324    u_clk/net_clk
    SLICE_X42Y37         FDRE                                         r  u_clk/time_sec_reg[14]/C
                         clock pessimism              0.000     7.324    
                         clock uncertainty           -0.035     7.289    
    SLICE_X42Y37         FDRE (Setup_fdre_C_D)        0.081     7.370    u_clk/time_sec_reg[14]
  -------------------------------------------------------------------
                         required time                          7.370    
                         arrival time                          -9.001    
  -------------------------------------------------------------------
                         slack                                 -1.631    

Slack (VIOLATED) :        -1.621ns  (required time - arrival time)
  Source:                 u_hist/bin_mem_reg/CLKARDCLK
                            (rising edge-triggered cell RAMB18E1 clocked by net_clk  {rise@0.000ns fall@3.200ns period=6.400ns})
  Destination:            u_hist/bin_mem_reg/DIBDI[9]
                            (rising edge-triggered cell RAMB18E1 clocked by net_clk  {rise@0.000ns fall@3.200ns period=6.400ns})
  Path Group:             net_clk
  Path Type:              Setup (Max at Slow Process Corner)
  Requirement:            6.400ns  (net_clk rise@6.400ns - net_clk rise@0.000ns)
  Data Path Delay:        7.696ns  (logic 4.567ns (59.343%)  route 3.129ns (40.657%))
  Logic Levels:           11  (CARRY4=7 LUT2=1 LUT5=1 LUT6=2)
  Clock Path Skew:        -0.049ns (DCD - SCD + CPR)
    Destination Clock Delay (DCD):    0.924ns = ( 7.324 - 6.400 ) 
    Source Clock Delay      (SCD):    0.973ns
    Clock Pessimism Removal (CPR):    0.000ns
  Clock Uncertainty:      0.035ns  ((TSJ^2 + TIJ^2)^1/2 + DJ) / 2 + PE
    Total System Jitter     (TSJ):    0.071ns
    Total Input Jitter      (TIJ):    0.000ns
    Discrete Jitter          (DJ):    0.000ns
    Phase Error              (PE):    0.000ns

    Location             Delay type                Incr(ns)  Path(ns)    Netlist Resource(s)
  -------------------------------------------------------------------    -------------------
                         (clock net_clk rise edge)    0.000     0.000 r  
                                                      0.000     0.000 r  net_clk (IN)
                         net (fo=1291, unset)         0.973     0.973    u_hist/net_clk
    RAMB18_X1Y16         RAMB18E1                                     r  u_hist/bin_mem_reg/CLKARDCLK
  -------------------------------------------------------------------    -------------------
    RAMB18_X1Y16         RAMB18E1 (Prop_ramb18e1_CLKARDCLK_DOBDO[0])
                                                      2.454     3.427 r  u_hist/bin_mem_reg/DOBDO[0]
                         net (fo=3, routed)           0.968     4.395    u_hist/ra_data[16]
    SLICE_X25Y39         LUT5 (Prop_lut5_I1_O)        0.124     4.519 f  u_hist/last_data[3]_i_24/O
                         net (fo=1, routed)           0.958     5.477    u_hist/last_data[3]_i_24_n_0
    SLICE_X25Y37         LUT6 (Prop_lut6_I1_O)        0.124     5.601 r  u_hist/last_data[3]_i_12_comp/O
                         net (fo=1, routed)           0.401     6.002    u_hist/last_data[3]_i_12_n_0
    SLICE_X22Y37         LUT6 (Prop_lut6_I4_O)        0.124     6.126 r  u_hist/last_data[3]_i_6_comp/O
                         net (fo=1, routed)           0.000     6.126    u_hist/last_data[3]_i_6_n_0
    SLICE_X22Y37         CARRY4 (Prop_carry4_S[0]_CO[3])
                                                      0.513     6.639 r  u_hist/last_data_reg[3]_i_1/CO[3]
                         net (fo=1, routed)           0.000     6.639    u_hist/last_data_reg[3]_i_1_n_0
    SLICE_X22Y38         CARRY4 (Prop_carry4_CI_CO[3])
                                                      0.117     6.756 r  u_hist/last_data_reg[7]_i_1/CO[3]
                         net (fo=1, routed)           0.000     6.756    u_hist/last_data_reg[7]_i_1_n_0
    SLICE_X22Y39         CARRY4 (Prop_carry4_CI_CO[3])
                                                      0.117     6.873 r  u_hist/last_data_reg[11]_i_1/CO[3]
                         net (fo=1, routed)           0.000     6.873    u_hist/last_data_reg[11]_i_1_n_0
    SLICE_X22Y40         CARRY4 (Prop_carry4_CI_CO[3])
                                                      0.117     6.990 r  u_hist/last_data_reg[15]_i_1/CO[3]
                         net (fo=1, routed)           0.000     6.990    u_hist/last_data_reg[15]_i_1_n_0
    SLICE_X22Y41         CARRY4 (Prop_carry4_CI_CO[3])
                                                      0.117     7.107 r  u_hist/last_data_reg[19]_i_1/CO[3]
                         net (fo=1, routed)           0.000     7.107    u_hist/last_data_reg[19]_i_1_n_0
    SLICE_X22Y42         CARRY4 (Prop_carry4_CI_CO[3])
                                                      0.117     7.224 r  u_hist/last_data_reg[23]_i_1/CO[3]
                         net (fo=1, routed)           0.000     7.224    u_hist/last_data_reg[23]_i_1_n_0
    SLICE_X22Y43         CARRY4 (Prop_carry4_CI_O[1])
                                                      0.337     7.561 r  u_hist/last_data_reg[27]_i_1/O[1]
                         net (fo=2, routed)           0.305     7.866    u_hist/new_val[25]
    SLICE_X21Y43         LUT2 (Prop_lut2_I0_O)        0.306     8.172 r  u_hist/bin_mem_reg_i_37/O
                         net (fo=1, routed)           0.497     8.669    u_hist/wdata[25]
    RAMB18_X1Y16         RAMB18E1                                     r  u_hist/bin_mem_reg/DIBDI[9]
  -------------------------------------------------------------------    -------------------

                         (clock net_clk rise edge)    6.400     6.400 r  
                                                      0.000     6.400 r  net_clk (IN)
                         net (fo=1291, unset)         0.924     7.324    u_hist/net_clk
    RAMB18_X1Y16         RAMB18E1                                     r  u_hist/bin_mem_reg/CLKBWRCLK
                         clock pessimism              0.000     7.324    
                         clock uncertainty           -0.035     7.289    
    RAMB18_X1Y16         RAMB18E1 (Setup_ramb18e1_CLKBWRCLK_DIBDI[9])
                                                     -0.241     7.048    u_hist/bin_mem_reg
  -------------------------------------------------------------------
                         required time                          7.048    
                         arrival time                          -8.669    
  -------------------------------------------------------------------
                         slack                                 -1.621    

Slack (VIOLATED) :        -1.605ns  (required time - arrival time)
  Source:                 u_clk/time_ns_reg[1]/C
                            (rising edge-triggered cell FDRE clocked by net_clk  {rise@0.000ns fall@3.200ns period=6.400ns})
  Destination:            u_clk/time_sec_reg[39]/D
                            (rising edge-triggered cell FDRE clocked by net_clk  {rise@0.000ns fall@3.200ns period=6.400ns})
  Path Group:             net_clk
  Path Type:              Setup (Max at Slow Process Corner)
  Requirement:            6.400ns  (net_clk rise@6.400ns - net_clk rise@0.000ns)
  Data Path Delay:        7.950ns  (logic 3.701ns (46.553%)  route 4.249ns (53.447%))
  Logic Levels:           15  (CARRY4=10 LUT3=1 LUT4=1 LUT5=1 LUT6=2)
  Clock Path Skew:        -0.049ns (DCD - SCD + CPR)
    Destination Clock Delay (DCD):    0.924ns = ( 7.324 - 6.400 ) 
    Source Clock Delay      (SCD):    0.973ns
    Clock Pessimism Removal (CPR):    0.000ns
  Clock Uncertainty:      0.035ns  ((TSJ^2 + TIJ^2)^1/2 + DJ) / 2 + PE
    Total System Jitter     (TSJ):    0.071ns
    Total Input Jitter      (TIJ):    0.000ns
    Discrete Jitter          (DJ):    0.000ns
    Phase Error              (PE):    0.000ns

    Location             Delay type                Incr(ns)  Path(ns)    Netlist Resource(s)
  -------------------------------------------------------------------    -------------------
                         (clock net_clk rise edge)    0.000     0.000 r  
                                                      0.000     0.000 r  net_clk (IN)
                         net (fo=1291, unset)         0.973     0.973    u_clk/net_clk
    SLICE_X49Y27         FDRE                                         r  u_clk/time_ns_reg[1]/C
  -------------------------------------------------------------------    -------------------
    SLICE_X49Y27         FDRE (Prop_fdre_C_Q)         0.456     1.429 r  u_clk/time_ns_reg[1]/Q
                         net (fo=5, routed)           0.675     2.104    u_clk/time_ns_reg[31]_0[1]
    SLICE_X47Y28         LUT4 (Prop_lut4_I0_O)        0.124     2.228 r  u_clk/ns_base__1_carry_i_2/O
                         net (fo=2, routed)           0.591     2.820    u_clk/ns_base__1_carry_i_2_n_0
    SLICE_X41Y29         LUT5 (Prop_lut5_I0_O)        0.124     2.944 r  u_clk/ns_base__1_carry_i_5/O
                         net (fo=1, routed)           0.000     2.944    u_clk/ns_base__1_carry_i_5_n_0
    SLICE_X41Y29         CARRY4 (Prop_carry4_S[2]_CO[3])
                                                      0.398     3.342 r  u_clk/ns_base__1_carry/CO[3]
                         net (fo=1, routed)           0.000     3.342    u_clk/ns_base__1_carry_n_0
    SLICE_X41Y30         CARRY4 (Prop_carry4_CI_CO[3])
                                                      0.114     3.456 r  u_clk/ns_base__1_carry__0/CO[3]
                         net (fo=1, routed)           0.000     3.456    u_clk/ns_base__1_carry__0_n_0
    SLICE_X41Y31         CARRY4 (Prop_carry4_CI_CO[3])
                                                      0.114     3.570 r  u_clk/ns_base__1_carry__1/CO[3]
                         net (fo=1, routed)           0.000     3.570    u_clk/ns_base__1_carry__1_n_0
    SLICE_X41Y32         CARRY4 (Prop_carry4_CI_CO[3])
                                                      0.114     3.684 r  u_clk/ns_base__1_carry__2/CO[3]
                         net (fo=1, routed)           0.000     3.684    u_clk/ns_base__1_carry__2_n_0
    SLICE_X41Y33         CARRY4 (Prop_carry4_CI_CO[3])
                                                      0.114     3.798 r  u_clk/ns_base__1_carry__3/CO[3]
                         net (fo=1, routed)           0.000     3.798    u_clk/ns_base__1_carry__3_n_0
    SLICE_X41Y34         CARRY4 (Prop_carry4_CI_CO[3])
                                                      0.114     3.912 r  u_clk/ns_base__1_carry__4/CO[3]
                         net (fo=1, routed)           0.000     3.912    u_clk/ns_base__1_carry__4_n_0
    SLICE_X41Y35         CARRY4 (Prop_carry4_CI_O[1])
                                                      0.334     4.246 r  u_clk/ns_base__1_carry__5/O[1]
                         net (fo=8, routed)           0.818     5.064    u_clk/ns_sum_k[0]_1[25]
    SLICE_X46Y34         CARRY4 (Prop_carry4_S[0]_CO[3])
                                                      0.816     5.880 r  u_clk/p_0_out_inferred__1/i__carry__5/CO[3]
                         net (fo=1, routed)           0.000     5.880    u_clk/p_0_out_inferred__1/i__carry__5_n_0
    SLICE_X46Y35         CARRY4 (Prop_carry4_CI_CO[3])
                                                      0.117     5.997 r  u_clk/p_0_out_inferred__1/i__carry__6/CO[3]
                         net (fo=1, routed)           0.000     5.997    u_clk/p_0_out_inferred__1/i__carry__6_n_0
    SLICE_X46Y36         CARRY4 (Prop_carry4_CI_O[0])
                                                      0.219     6.216 r  u_clk/p_0_out_inferred__1/i__carry__7/O[0]
                         net (fo=37, routed)          0.854     7.070    u_clk/ns_minus_k[1]_2[33]
    SLICE_X45Y37         LUT6 (Prop_lut6_I1_O)        0.295     7.365 r  u_clk/time_sec[47]_i_5/O
                         net (fo=48, routed)          0.873     8.238    u_clk/time_sec[47]_i_5_n_0
    SLICE_X39Y39         LUT6 (Prop_lut6_I2_O)        0.124     8.362 r  u_clk/time_sec[39]_i_2/O
                         net (fo=1, routed)           0.437     8.799    u_regs/time_sec_reg[39]_0
    SLICE_X39Y40         LUT3 (Prop_lut3_I2_O)        0.124     8.923 r  u_regs/time_sec[39]_i_1/O
                         net (fo=1, routed)           0.000     8.923    u_clk/D[39]
    SLICE_X39Y40         FDRE                                         r  u_clk/time_sec_reg[39]/D
  -------------------------------------------------------------------    -------------------

                         (clock net_clk rise edge)    6.400     6.400 r  
                                                      0.000     6.400 r  net_clk (IN)
                         net (fo=1291, unset)         0.924     7.324    u_clk/net_clk
    SLICE_X39Y40         FDRE                                         r  u_clk/time_sec_reg[39]/C
                         clock pessimism              0.000     7.324    
                         clock uncertainty           -0.035     7.289    
    SLICE_X39Y40         FDRE (Setup_fdre_C_D)        0.029     7.318    u_clk/time_sec_reg[39]
  -------------------------------------------------------------------
                         required time                          7.318    
                         arrival time                          -8.923    
  -------------------------------------------------------------------
                         slack                                 -1.605    

Slack (VIOLATED) :        -1.597ns  (required time - arrival time)
  Source:                 u_clk/time_ns_reg[1]/C
                            (rising edge-triggered cell FDRE clocked by net_clk  {rise@0.000ns fall@3.200ns period=6.400ns})
  Destination:            u_clk/time_sec_reg[45]/D
                            (rising edge-triggered cell FDRE clocked by net_clk  {rise@0.000ns fall@3.200ns period=6.400ns})
  Path Group:             net_clk
  Path Type:              Setup (Max at Slow Process Corner)
  Requirement:            6.400ns  (net_clk rise@6.400ns - net_clk rise@0.000ns)
  Data Path Delay:        7.944ns  (logic 3.701ns (46.591%)  route 4.243ns (53.409%))
  Logic Levels:           15  (CARRY4=10 LUT3=1 LUT4=2 LUT5=1 LUT6=1)
  Clock Path Skew:        -0.049ns (DCD - SCD + CPR)
    Destination Clock Delay (DCD):    0.924ns = ( 7.324 - 6.400 ) 
    Source Clock Delay      (SCD):    0.973ns
    Clock Pessimism Removal (CPR):    0.000ns
  Clock Uncertainty:      0.035ns  ((TSJ^2 + TIJ^2)^1/2 + DJ) / 2 + PE
    Total System Jitter     (TSJ):    0.071ns
    Total Input Jitter      (TIJ):    0.000ns
    Discrete Jitter          (DJ):    0.000ns
    Phase Error              (PE):    0.000ns

    Location             Delay type                Incr(ns)  Path(ns)    Netlist Resource(s)
  -------------------------------------------------------------------    -------------------
                         (clock net_clk rise edge)    0.000     0.000 r  
                                                      0.000     0.000 r  net_clk (IN)
                         net (fo=1291, unset)         0.973     0.973    u_clk/net_clk
    SLICE_X49Y27         FDRE                                         r  u_clk/time_ns_reg[1]/C
  -------------------------------------------------------------------    -------------------
    SLICE_X49Y27         FDRE (Prop_fdre_C_Q)         0.456     1.429 r  u_clk/time_ns_reg[1]/Q
                         net (fo=5, routed)           0.675     2.104    u_clk/time_ns_reg[31]_0[1]
    SLICE_X47Y28         LUT4 (Prop_lut4_I0_O)        0.124     2.228 r  u_clk/ns_base__1_carry_i_2/O
                         net (fo=2, routed)           0.591     2.820    u_clk/ns_base__1_carry_i_2_n_0
    SLICE_X41Y29         LUT5 (Prop_lut5_I0_O)        0.124     2.944 r  u_clk/ns_base__1_carry_i_5/O
                         net (fo=1, routed)           0.000     2.944    u_clk/ns_base__1_carry_i_5_n_0
    SLICE_X41Y29         CARRY4 (Prop_carry4_S[2]_CO[3])
                                                      0.398     3.342 r  u_clk/ns_base__1_carry/CO[3]
                         net (fo=1, routed)           0.000     3.342    u_clk/ns_base__1_carry_n_0
    SLICE_X41Y30         CARRY4 (Prop_carry4_CI_CO[3])
                                                      0.114     3.456 r  u_clk/ns_base__1_carry__0/CO[3]
                         net (fo=1, routed)           0.000     3.456    u_clk/ns_base__1_carry__0_n_0
    SLICE_X41Y31         CARRY4 (Prop_carry4_CI_CO[3])
                                                      0.114     3.570 r  u_clk/ns_base__1_carry__1/CO[3]
                         net (fo=1, routed)           0.000     3.570    u_clk/ns_base__1_carry__1_n_0
    SLICE_X41Y32         CARRY4 (Prop_carry4_CI_CO[3])
                                                      0.114     3.684 r  u_clk/ns_base__1_carry__2/CO[3]
                         net (fo=1, routed)           0.000     3.684    u_clk/ns_base__1_carry__2_n_0
    SLICE_X41Y33         CARRY4 (Prop_carry4_CI_CO[3])
                                                      0.114     3.798 r  u_clk/ns_base__1_carry__3/CO[3]
                         net (fo=1, routed)           0.000     3.798    u_clk/ns_base__1_carry__3_n_0
    SLICE_X41Y34         CARRY4 (Prop_carry4_CI_CO[3])
                                                      0.114     3.912 r  u_clk/ns_base__1_carry__4/CO[3]
                         net (fo=1, routed)           0.000     3.912    u_clk/ns_base__1_carry__4_n_0
    SLICE_X41Y35         CARRY4 (Prop_carry4_CI_O[1])
                                                      0.334     4.246 r  u_clk/ns_base__1_carry__5/O[1]
                         net (fo=8, routed)           0.818     5.064    u_clk/ns_sum_k[0]_1[25]
    SLICE_X46Y34         CARRY4 (Prop_carry4_S[0]_CO[3])
                                                      0.816     5.880 r  u_clk/p_0_out_inferred__1/i__carry__5/CO[3]
                         net (fo=1, routed)           0.000     5.880    u_clk/p_0_out_inferred__1/i__carry__5_n_0
    SLICE_X46Y35         CARRY4 (Prop_carry4_CI_CO[3])
                                                      0.117     5.997 r  u_clk/p_0_out_inferred__1/i__carry__6/CO[3]
                         net (fo=1, routed)           0.000     5.997    u_clk/p_0_out_inferred__1/i__carry__6_n_0
    SLICE_X46Y36         CARRY4 (Prop_carry4_CI_O[0])
                                                      0.219     6.216 f  u_clk/p_0_out_inferred__1/i__carry__7/O[0]
                         net (fo=37, routed)          0.715     6.930    u_clk/ns_minus_k[1]_2[33]
    SLICE_X43Y38         LUT4 (Prop_lut4_I2_O)        0.295     7.225 r  u_clk/time_sec[47]_i_4/O
                         net (fo=48, routed)          1.292     8.517    u_clk/time_sec[47]_i_4_n_0
    SLICE_X41Y40         LUT6 (Prop_lut6_I0_O)        0.124     8.641 r  u_clk/time_sec[45]_i_2/O
                         net (fo=1, routed)           0.151     8.793    u_regs/time_sec_reg[45]
    SLICE_X41Y40         LUT3 (Prop_lut3_I2_O)        0.124     8.917 r  u_regs/time_sec[45]_i_1/O
                         net (fo=1, routed)           0.000     8.917    u_clk/D[45]
    SLICE_X41Y40         FDRE                                         r  u_clk/time_sec_reg[45]/D
  -------------------------------------------------------------------    -------------------

                         (clock net_clk rise edge)    6.400     6.400 r  
                                                      0.000     6.400 r  net_clk (IN)
                         net (fo=1291, unset)         0.924     7.324    u_clk/net_clk
    SLICE_X41Y40         FDRE                                         r  u_clk/time_sec_reg[45]/C
                         clock pessimism              0.000     7.324    
                         clock uncertainty           -0.035     7.289    
    SLICE_X41Y40         FDRE (Setup_fdre_C_D)        0.031     7.320    u_clk/time_sec_reg[45]
  -------------------------------------------------------------------
                         required time                          7.320    
                         arrival time                          -8.917    
  -------------------------------------------------------------------
                         slack                                 -1.597    

Slack (VIOLATED) :        -1.590ns  (required time - arrival time)
  Source:                 u_clk/time_ns_reg[1]/C
                            (rising edge-triggered cell FDRE clocked by net_clk  {rise@0.000ns fall@3.200ns period=6.400ns})
  Destination:            u_clk/time_sec_reg[42]/D
                            (rising edge-triggered cell FDRE clocked by net_clk  {rise@0.000ns fall@3.200ns period=6.400ns})
  Path Group:             net_clk
  Path Type:              Setup (Max at Slow Process Corner)
  Requirement:            6.400ns  (net_clk rise@6.400ns - net_clk rise@0.000ns)
  Data Path Delay:        7.937ns  (logic 3.701ns (46.629%)  route 4.236ns (53.371%))
  Logic Levels:           15  (CARRY4=10 LUT3=1 LUT4=1 LUT5=1 LUT6=2)
  Clock Path Skew:        -0.049ns (DCD - SCD + CPR)
    Destination Clock Delay (DCD):    0.924ns = ( 7.324 - 6.400 ) 
    Source Clock Delay      (SCD):    0.973ns
    Clock Pessimism Removal (CPR):    0.000ns
  Clock Uncertainty:      0.035ns  ((TSJ^2 + TIJ^2)^1/2 + DJ) / 2 + PE
    Total System Jitter     (TSJ):    0.071ns
    Total Input Jitter      (TIJ):    0.000ns
    Discrete Jitter          (DJ):    0.000ns
    Phase Error              (PE):    0.000ns

    Location             Delay type                Incr(ns)  Path(ns)    Netlist Resource(s)
  -------------------------------------------------------------------    -------------------
                         (clock net_clk rise edge)    0.000     0.000 r  
                                                      0.000     0.000 r  net_clk (IN)
                         net (fo=1291, unset)         0.973     0.973    u_clk/net_clk
    SLICE_X49Y27         FDRE                                         r  u_clk/time_ns_reg[1]/C
  -------------------------------------------------------------------    -------------------
    SLICE_X49Y27         FDRE (Prop_fdre_C_Q)         0.456     1.429 r  u_clk/time_ns_reg[1]/Q
                         net (fo=5, routed)           0.675     2.104    u_clk/time_ns_reg[31]_0[1]
    SLICE_X47Y28         LUT4 (Prop_lut4_I0_O)        0.124     2.228 r  u_clk/ns_base__1_carry_i_2/O
                         net (fo=2, routed)           0.591     2.820    u_clk/ns_base__1_carry_i_2_n_0
    SLICE_X41Y29         LUT5 (Prop_lut5_I0_O)        0.124     2.944 r  u_clk/ns_base__1_carry_i_5/O
                         net (fo=1, routed)           0.000     2.944    u_clk/ns_base__1_carry_i_5_n_0
    SLICE_X41Y29         CARRY4 (Prop_carry4_S[2]_CO[3])
                                                      0.398     3.342 r  u_clk/ns_base__1_carry/CO[3]
                         net (fo=1, routed)           0.000     3.342    u_clk/ns_base__1_carry_n_0
    SLICE_X41Y30         CARRY4 (Prop_carry4_CI_CO[3])
                                                      0.114     3.456 r  u_clk/ns_base__1_carry__0/CO[3]
                         net (fo=1, routed)           0.000     3.456    u_clk/ns_base__1_carry__0_n_0
    SLICE_X41Y31         CARRY4 (Prop_carry4_CI_CO[3])
                                                      0.114     3.570 r  u_clk/ns_base__1_carry__1/CO[3]
                         net (fo=1, routed)           0.000     3.570    u_clk/ns_base__1_carry__1_n_0
    SLICE_X41Y32         CARRY4 (Prop_carry4_CI_CO[3])
                                                      0.114     3.684 r  u_clk/ns_base__1_carry__2/CO[3]
                         net (fo=1, routed)           0.000     3.684    u_clk/ns_base__1_carry__2_n_0
    SLICE_X41Y33         CARRY4 (Prop_carry4_CI_CO[3])
                                                      0.114     3.798 r  u_clk/ns_base__1_carry__3/CO[3]
                         net (fo=1, routed)           0.000     3.798    u_clk/ns_base__1_carry__3_n_0
    SLICE_X41Y34         CARRY4 (Prop_carry4_CI_CO[3])
                                                      0.114     3.912 r  u_clk/ns_base__1_carry__4/CO[3]
                         net (fo=1, routed)           0.000     3.912    u_clk/ns_base__1_carry__4_n_0
    SLICE_X41Y35         CARRY4 (Prop_carry4_CI_O[1])
                                                      0.334     4.246 r  u_clk/ns_base__1_carry__5/O[1]
                         net (fo=8, routed)           0.818     5.064    u_clk/ns_sum_k[0]_1[25]
    SLICE_X46Y34         CARRY4 (Prop_carry4_S[0]_CO[3])
                                                      0.816     5.880 r  u_clk/p_0_out_inferred__1/i__carry__5/CO[3]
                         net (fo=1, routed)           0.000     5.880    u_clk/p_0_out_inferred__1/i__carry__5_n_0
    SLICE_X46Y35         CARRY4 (Prop_carry4_CI_CO[3])
                                                      0.117     5.997 r  u_clk/p_0_out_inferred__1/i__carry__6/CO[3]
                         net (fo=1, routed)           0.000     5.997    u_clk/p_0_out_inferred__1/i__carry__6_n_0
    SLICE_X46Y36         CARRY4 (Prop_carry4_CI_O[0])
                                                      0.219     6.216 r  u_clk/p_0_out_inferred__1/i__carry__7/O[0]
                         net (fo=37, routed)          0.854     7.070    u_clk/ns_minus_k[1]_2[33]
    SLICE_X45Y37         LUT6 (Prop_lut6_I1_O)        0.295     7.365 r  u_clk/time_sec[47]_i_5/O
                         net (fo=48, routed)          1.001     8.366    u_clk/time_sec[47]_i_5_n_0
    SLICE_X39Y41         LUT6 (Prop_lut6_I2_O)        0.124     8.490 r  u_clk/time_sec[42]_i_2/O
                         net (fo=1, routed)           0.296     8.786    u_regs/time_sec_reg[42]
    SLICE_X41Y41         LUT3 (Prop_lut3_I2_O)        0.124     8.910 r  u_regs/time_sec[42]_i_1/O
                         net (fo=1, routed)           0.000     8.910    u_clk/D[42]
    SLICE_X41Y41         FDRE                                         r  u_clk/time_sec_reg[42]/D
  -------------------------------------------------------------------    -------------------

                         (clock net_clk rise edge)    6.400     6.400 r  
                                                      0.000     6.400 r  net_clk (IN)
                         net (fo=1291, unset)         0.924     7.324    u_clk/net_clk
    SLICE_X41Y41         FDRE                                         r  u_clk/time_sec_reg[42]/C
                         clock pessimism              0.000     7.324    
                         clock uncertainty           -0.035     7.289    
    SLICE_X41Y41         FDRE (Setup_fdre_C_D)        0.031     7.320    u_clk/time_sec_reg[42]
  -------------------------------------------------------------------
                         required time                          7.320    
                         arrival time                          -8.910    
  -------------------------------------------------------------------
                         slack                                 -1.590    

Slack (VIOLATED) :        -1.585ns  (required time - arrival time)
  Source:                 u_hist/bin_mem_reg/CLKARDCLK
                            (rising edge-triggered cell RAMB18E1 clocked by net_clk  {rise@0.000ns fall@3.200ns period=6.400ns})
  Destination:            u_hist/bin_mem_reg/DIBDI[14]
                            (rising edge-triggered cell RAMB18E1 clocked by net_clk  {rise@0.000ns fall@3.200ns period=6.400ns})
  Path Group:             net_clk
  Path Type:              Setup (Max at Slow Process Corner)
  Requirement:            6.400ns  (net_clk rise@6.400ns - net_clk rise@0.000ns)
  Data Path Delay:        7.660ns  (logic 4.598ns (60.029%)  route 3.062ns (39.971%))
  Logic Levels:           12  (CARRY4=8 LUT2=1 LUT5=1 LUT6=2)
  Clock Path Skew:        -0.049ns (DCD - SCD + CPR)
    Destination Clock Delay (DCD):    0.924ns = ( 7.324 - 6.400 ) 
    Source Clock Delay      (SCD):    0.973ns
    Clock Pessimism Removal (CPR):    0.000ns
  Clock Uncertainty:      0.035ns  ((TSJ^2 + TIJ^2)^1/2 + DJ) / 2 + PE
    Total System Jitter     (TSJ):    0.071ns
    Total Input Jitter      (TIJ):    0.000ns
    Discrete Jitter          (DJ):    0.000ns
    Phase Error              (PE):    0.000ns

    Location             Delay type                Incr(ns)  Path(ns)    Netlist Resource(s)
  -------------------------------------------------------------------    -------------------
                         (clock net_clk rise edge)    0.000     0.000 r  
                                                      0.000     0.000 r  net_clk (IN)
                         net (fo=1291, unset)         0.973     0.973    u_hist/net_clk
    RAMB18_X1Y16         RAMB18E1                                     r  u_hist/bin_mem_reg/CLKARDCLK
  -------------------------------------------------------------------    -------------------
    RAMB18_X1Y16         RAMB18E1 (Prop_ramb18e1_CLKARDCLK_DOBDO[0])
                                                      2.454     3.427 r  u_hist/bin_mem_reg/DOBDO[0]
                         net (fo=3, routed)           0.968     4.395    u_hist/ra_data[16]
    SLICE_X25Y39         LUT5 (Prop_lut5_I1_O)        0.124     4.519 f  u_hist/last_data[3]_i_24/O
                         net (fo=1, routed)           0.958     5.477    u_hist/last_data[3]_i_24_n_0
    SLICE_X25Y37         LUT6 (Prop_lut6_I1_O)        0.124     5.601 r  u_hist/last_data[3]_i_12_comp/O
                         net (fo=1, routed)           0.401     6.002    u_hist/last_data[3]_i_12_n_0
    SLICE_X22Y37         LUT6 (Prop_lut6_I4_O)        0.124     6.126 r  u_hist/last_data[3]_i_6_comp/O
                         net (fo=1, routed)           0.000     6.126    u_hist/last_data[3]_i_6_n_0
    SLICE_X22Y37         CARRY4 (Prop_carry4_S[0]_CO[3])
                                                      0.513     6.639 r  u_hist/last_data_reg[3]_i_1/CO[3]
                         net (fo=1, routed)           0.000     6.639    u_hist/last_data_reg[3]_i_1_n_0
    SLICE_X22Y38         CARRY4 (Prop_carry4_CI_CO[3])
                                                      0.117     6.756 r  u_hist/last_data_reg[7]_i_1/CO[3]
                         net (fo=1, routed)           0.000     6.756    u_hist/last_data_reg[7]_i_1_n_0
    SLICE_X22Y39         CARRY4 (Prop_carry4_CI_CO[3])
                                                      0.117     6.873 r  u_hist/last_data_reg[11]_i_1/CO[3]
                         net (fo=1, routed)           0.000     6.873    u_hist/last_data_reg[11]_i_1_n_0
    SLICE_X22Y40         CARRY4 (Prop_carry4_CI_CO[3])
                                                      0.117     6.990 r  u_hist/last_data_reg[15]_i_1/CO[3]
                         net (fo=1, routed)           0.000     6.990    u_hist/last_data_reg[15]_i_1_n_0
    SLICE_X22Y41         CARRY4 (Prop_carry4_CI_CO[3])
                                                      0.117     7.107 r  u_hist/last_data_reg[19]_i_1/CO[3]
                         net (fo=1, routed)           0.000     7.107    u_hist/last_data_reg[19]_i_1_n_0
    SLICE_X22Y42         CARRY4 (Prop_carry4_CI_CO[3])
                                                      0.117     7.224 r  u_hist/last_data_reg[23]_i_1/CO[3]
                         net (fo=1, routed)           0.000     7.224    u_hist/last_data_reg[23]_i_1_n_0
    SLICE_X22Y43         CARRY4 (Prop_carry4_CI_CO[3])
                                                      0.117     7.341 r  u_hist/last_data_reg[27]_i_1/CO[3]
                         net (fo=1, routed)           0.000     7.341    u_hist/last_data_reg[27]_i_1_n_0
    SLICE_X22Y44         CARRY4 (Prop_carry4_CI_O[2])
                                                      0.256     7.597 r  u_hist/last_data_reg[31]_i_2/O[2]
                         net (fo=2, routed)           0.299     7.896    u_hist/new_val[30]
    SLICE_X23Y44         LUT2 (Prop_lut2_I0_O)        0.301     8.197 r  u_hist/bin_mem_reg_i_32/O
                         net (fo=1, routed)           0.436     8.633    u_hist/wdata[30]
    RAMB18_X1Y16         RAMB18E1                                     r  u_hist/bin_mem_reg/DIBDI[14]
  -------------------------------------------------------------------    -------------------

                         (clock net_clk rise edge)    6.400     6.400 r  
                                                      0.000     6.400 r  net_clk (IN)
                         net (fo=1291, unset)         0.924     7.324    u_hist/net_clk
    RAMB18_X1Y16         RAMB18E1                                     r  u_hist/bin_mem_reg/CLKBWRCLK
                         clock pessimism              0.000     7.324    
                         clock uncertainty           -0.035     7.289    
    RAMB18_X1Y16         RAMB18E1 (Setup_ramb18e1_CLKBWRCLK_DIBDI[14])
                                                     -0.241     7.048    u_hist/bin_mem_reg
  -------------------------------------------------------------------
                         required time                          7.048    
                         arrival time                          -8.633    
  -------------------------------------------------------------------
                         slack                                 -1.585    

Slack (VIOLATED) :        -1.569ns  (required time - arrival time)
  Source:                 u_clk/time_ns_reg[1]/C
                            (rising edge-triggered cell FDRE clocked by net_clk  {rise@0.000ns fall@3.200ns period=6.400ns})
  Destination:            u_clk/time_sec_reg[7]/D
                            (rising edge-triggered cell FDRE clocked by net_clk  {rise@0.000ns fall@3.200ns period=6.400ns})
  Path Group:             net_clk
  Path Type:              Setup (Max at Slow Process Corner)
  Requirement:            6.400ns  (net_clk rise@6.400ns - net_clk rise@0.000ns)
  Data Path Delay:        7.916ns  (logic 3.701ns (46.755%)  route 4.215ns (53.245%))
  Logic Levels:           15  (CARRY4=10 LUT3=1 LUT4=2 LUT5=1 LUT6=1)
  Clock Path Skew:        -0.049ns (DCD - SCD + CPR)
    Destination Clock Delay (DCD):    0.924ns = ( 7.324 - 6.400 ) 
    Source Clock Delay      (SCD):    0.973ns
    Clock Pessimism Removal (CPR):    0.000ns
  Clock Uncertainty:      0.035ns  ((TSJ^2 + TIJ^2)^1/2 + DJ) / 2 + PE
    Total System Jitter     (TSJ):    0.071ns
    Total Input Jitter      (TIJ):    0.000ns
    Discrete Jitter          (DJ):    0.000ns
    Phase Error              (PE):    0.000ns

    Location             Delay type                Incr(ns)  Path(ns)    Netlist Resource(s)
  -------------------------------------------------------------------    -------------------
                         (clock net_clk rise edge)    0.000     0.000 r  
                                                      0.000     0.000 r  net_clk (IN)
                         net (fo=1291, unset)         0.973     0.973    u_clk/net_clk
    SLICE_X49Y27         FDRE                                         r  u_clk/time_ns_reg[1]/C
  -------------------------------------------------------------------    -------------------
    SLICE_X49Y27         FDRE (Prop_fdre_C_Q)         0.456     1.429 r  u_clk/time_ns_reg[1]/Q
                         net (fo=5, routed)           0.675     2.104    u_clk/time_ns_reg[31]_0[1]
    SLICE_X47Y28         LUT4 (Prop_lut4_I0_O)        0.124     2.228 r  u_clk/ns_base__1_carry_i_2/O
                         net (fo=2, routed)           0.591     2.820    u_clk/ns_base__1_carry_i_2_n_0
    SLICE_X41Y29         LUT5 (Prop_lut5_I0_O)        0.124     2.944 r  u_clk/ns_base__1_carry_i_5/O
                         net (fo=1, routed)           0.000     2.944    u_clk/ns_base__1_carry_i_5_n_0
    SLICE_X41Y29         CARRY4 (Prop_carry4_S[2]_CO[3])
                                                      0.398     3.342 r  u_clk/ns_base__1_carry/CO[3]
                         net (fo=1, routed)           0.000     3.342    u_clk/ns_base__1_carry_n_0
    SLICE_X41Y30         CARRY4 (Prop_carry4_CI_CO[3])
                                                      0.114     3.456 r  u_clk/ns_base__1_carry__0/CO[3]
                         net (fo=1, routed)           0.000     3.456    u_clk/ns_base__1_carry__0_n_0
    SLICE_X41Y31         CARRY4 (Prop_carry4_CI_CO[3])
                                                      0.114     3.570 r  u_clk/ns_base__1_carry__1/CO[3]
                         net (fo=1, routed)           0.000     3.570    u_clk/ns_base__1_carry__1_n_0
    SLICE_X41Y32         CARRY4 (Prop_carry4_CI_CO[3])
                                                      0.114     3.684 r  u_clk/ns_base__1_carry__2/CO[3]
                         net (fo=1, routed)           0.000     3.684    u_clk/ns_base__1_carry__2_n_0
    SLICE_X41Y33         CARRY4 (Prop_carry4_CI_CO[3])
                                                      0.114     3.798 r  u_clk/ns_base__1_carry__3/CO[3]
                         net (fo=1, routed)           0.000     3.798    u_clk/ns_base__1_carry__3_n_0
    SLICE_X41Y34         CARRY4 (Prop_carry4_CI_CO[3])
                                                      0.114     3.912 r  u_clk/ns_base__1_carry__4/CO[3]
                         net (fo=1, routed)           0.000     3.912    u_clk/ns_base__1_carry__4_n_0
    SLICE_X41Y35         CARRY4 (Prop_carry4_CI_O[1])
                                                      0.334     4.246 r  u_clk/ns_base__1_carry__5/O[1]
                         net (fo=8, routed)           0.818     5.064    u_clk/ns_sum_k[0]_1[25]
    SLICE_X46Y34         CARRY4 (Prop_carry4_S[0]_CO[3])
                                                      0.816     5.880 r  u_clk/p_0_out_inferred__1/i__carry__5/CO[3]
                         net (fo=1, routed)           0.000     5.880    u_clk/p_0_out_inferred__1/i__carry__5_n_0
    SLICE_X46Y35         CARRY4 (Prop_carry4_CI_CO[3])
                                                      0.117     5.997 r  u_clk/p_0_out_inferred__1/i__carry__6/CO[3]
                         net (fo=1, routed)           0.000     5.997    u_clk/p_0_out_inferred__1/i__carry__6_n_0
    SLICE_X46Y36         CARRY4 (Prop_carry4_CI_O[0])
                                                      0.219     6.216 f  u_clk/p_0_out_inferred__1/i__carry__7/O[0]
                         net (fo=37, routed)          0.715     6.930    u_clk/ns_minus_k[1]_2[33]
    SLICE_X43Y38         LUT4 (Prop_lut4_I2_O)        0.295     7.225 r  u_clk/time_sec[47]_i_4/O
                         net (fo=48, routed)          1.130     8.356    u_clk/time_sec[47]_i_4_n_0
    SLICE_X42Y38         LUT6 (Prop_lut6_I0_O)        0.124     8.480 r  u_clk/time_sec[7]_i_2/O
                         net (fo=1, routed)           0.285     8.765    u_regs/time_sec_reg[7]_0
    SLICE_X41Y38         LUT3 (Prop_lut3_I2_O)        0.124     8.889 r  u_regs/time_sec[7]_i_1/O
                         net (fo=1, routed)           0.000     8.889    u_clk/D[7]
    SLICE_X41Y38         FDRE                                         r  u_clk/time_sec_reg[7]/D
  -------------------------------------------------------------------    -------------------

                         (clock net_clk rise edge)    6.400     6.400 r  
                                                      0.000     6.400 r  net_clk (IN)
                         net (fo=1291, unset)         0.924     7.324    u_clk/net_clk
    SLICE_X41Y38         FDRE                                         r  u_clk/time_sec_reg[7]/C
                         clock pessimism              0.000     7.324    
                         clock uncertainty           -0.035     7.289    
    SLICE_X41Y38         FDRE (Setup_fdre_C_D)        0.031     7.320    u_clk/time_sec_reg[7]
  -------------------------------------------------------------------
                         required time                          7.320    
                         arrival time                          -8.889    
  -------------------------------------------------------------------
                         slack                                 -1.569    

Slack (VIOLATED) :        -1.547ns  (required time - arrival time)
  Source:                 u_hist/bin_mem_reg/CLKARDCLK
                            (rising edge-triggered cell RAMB18E1 clocked by net_clk  {rise@0.000ns fall@3.200ns period=6.400ns})
  Destination:            u_hist/bin_mem_reg/DIBDI[15]
                            (rising edge-triggered cell RAMB18E1 clocked by net_clk  {rise@0.000ns fall@3.200ns period=6.400ns})
  Path Group:             net_clk
  Path Type:              Setup (Max at Slow Process Corner)
  Requirement:            6.400ns  (net_clk rise@6.400ns - net_clk rise@0.000ns)
  Data Path Delay:        7.622ns  (logic 4.679ns (61.391%)  route 2.943ns (38.609%))
  Logic Levels:           12  (CARRY4=8 LUT2=1 LUT5=1 LUT6=2)
  Clock Path Skew:        -0.049ns (DCD - SCD + CPR)
    Destination Clock Delay (DCD):    0.924ns = ( 7.324 - 6.400 ) 
    Source Clock Delay      (SCD):    0.973ns
    Clock Pessimism Removal (CPR):    0.000ns
  Clock Uncertainty:      0.035ns  ((TSJ^2 + TIJ^2)^1/2 + DJ) / 2 + PE
    Total System Jitter     (TSJ):    0.071ns
    Total Input Jitter      (TIJ):    0.000ns
    Discrete Jitter          (DJ):    0.000ns
    Phase Error              (PE):    0.000ns

    Location             Delay type                Incr(ns)  Path(ns)    Netlist Resource(s)
  -------------------------------------------------------------------    -------------------
                         (clock net_clk rise edge)    0.000     0.000 r  
                                                      0.000     0.000 r  net_clk (IN)
                         net (fo=1291, unset)         0.973     0.973    u_hist/net_clk
    RAMB18_X1Y16         RAMB18E1                                     r  u_hist/bin_mem_reg/CLKARDCLK
  -------------------------------------------------------------------    -------------------
    RAMB18_X1Y16         RAMB18E1 (Prop_ramb18e1_CLKARDCLK_DOBDO[0])
                                                      2.454     3.427 r  u_hist/bin_mem_reg/DOBDO[0]
                         net (fo=3, routed)           0.968     4.395    u_hist/ra_data[16]
    SLICE_X25Y39         LUT5 (Prop_lut5_I1_O)        0.124     4.519 f  u_hist/last_data[3]_i_24/O
                         net (fo=1, routed)           0.958     5.477    u_hist/last_data[3]_i_24_n_0
    SLICE_X25Y37         LUT6 (Prop_lut6_I1_O)        0.124     5.601 r  u_hist/last_data[3]_i_12_comp/O
                         net (fo=1, routed)           0.401     6.002    u_hist/last_data[3]_i_12_n_0
    SLICE_X22Y37         LUT6 (Prop_lut6_I4_O)        0.124     6.126 r  u_hist/last_data[3]_i_6_comp/O
                         net (fo=1, routed)           0.000     6.126    u_hist/last_data[3]_i_6_n_0
    SLICE_X22Y37         CARRY4 (Prop_carry4_S[0]_CO[3])
                                                      0.513     6.639 r  u_hist/last_data_reg[3]_i_1/CO[3]
                         net (fo=1, routed)           0.000     6.639    u_hist/last_data_reg[3]_i_1_n_0
    SLICE_X22Y38         CARRY4 (Prop_carry4_CI_CO[3])
                                                      0.117     6.756 r  u_hist/last_data_reg[7]_i_1/CO[3]
                         net (fo=1, routed)           0.000     6.756    u_hist/last_data_reg[7]_i_1_n_0
    SLICE_X22Y39         CARRY4 (Prop_carry4_CI_CO[3])
                                                      0.117     6.873 r  u_hist/last_data_reg[11]_i_1/CO[3]
                         net (fo=1, routed)           0.000     6.873    u_hist/last_data_reg[11]_i_1_n_0
    SLICE_X22Y40         CARRY4 (Prop_carry4_CI_CO[3])
                                                      0.117     6.990 r  u_hist/last_data_reg[15]_i_1/CO[3]
                         net (fo=1, routed)           0.000     6.990    u_hist/last_data_reg[15]_i_1_n_0
    SLICE_X22Y41         CARRY4 (Prop_carry4_CI_CO[3])
                                                      0.117     7.107 r  u_hist/last_data_reg[19]_i_1/CO[3]
                         net (fo=1, routed)           0.000     7.107    u_hist/last_data_reg[19]_i_1_n_0
    SLICE_X22Y42         CARRY4 (Prop_carry4_CI_CO[3])
                                                      0.117     7.224 r  u_hist/last_data_reg[23]_i_1/CO[3]
                         net (fo=1, routed)           0.000     7.224    u_hist/last_data_reg[23]_i_1_n_0
    SLICE_X22Y43         CARRY4 (Prop_carry4_CI_CO[3])
                                                      0.117     7.341 r  u_hist/last_data_reg[27]_i_1/CO[3]
                         net (fo=1, routed)           0.000     7.341    u_hist/last_data_reg[27]_i_1_n_0
    SLICE_X22Y44         CARRY4 (Prop_carry4_CI_O[3])
                                                      0.331     7.672 r  u_hist/last_data_reg[31]_i_2/O[3]
                         net (fo=2, routed)           0.305     7.977    u_hist/new_val[31]
    SLICE_X23Y43         LUT2 (Prop_lut2_I0_O)        0.307     8.284 r  u_hist/bin_mem_reg_i_31/O
                         net (fo=1, routed)           0.311     8.595    u_hist/wdata[31]
    RAMB18_X1Y16         RAMB18E1                                     r  u_hist/bin_mem_reg/DIBDI[15]
  -------------------------------------------------------------------    -------------------

                         (clock net_clk rise edge)    6.400     6.400 r  
                                                      0.000     6.400 r  net_clk (IN)
                         net (fo=1291, unset)         0.924     7.324    u_hist/net_clk
    RAMB18_X1Y16         RAMB18E1                                     r  u_hist/bin_mem_reg/CLKBWRCLK
                         clock pessimism              0.000     7.324    
                         clock uncertainty           -0.035     7.289    
    RAMB18_X1Y16         RAMB18E1 (Setup_ramb18e1_CLKBWRCLK_DIBDI[15])
                                                     -0.241     7.048    u_hist/bin_mem_reg
  -------------------------------------------------------------------
                         required time                          7.048    
                         arrival time                          -8.595    
  -------------------------------------------------------------------
                         slack                                 -1.547    

Slack (VIOLATED) :        -1.544ns  (required time - arrival time)
  Source:                 u_hist/bin_mem_reg/CLKARDCLK
                            (rising edge-triggered cell RAMB18E1 clocked by net_clk  {rise@0.000ns fall@3.200ns period=6.400ns})
  Destination:            u_hist/bin_mem_reg/DIBDI[11]
                            (rising edge-triggered cell RAMB18E1 clocked by net_clk  {rise@0.000ns fall@3.200ns period=6.400ns})
  Path Group:             net_clk
  Path Type:              Setup (Max at Slow Process Corner)
  Requirement:            6.400ns  (net_clk rise@6.400ns - net_clk rise@0.000ns)
  Data Path Delay:        7.619ns  (logic 4.562ns (59.877%)  route 3.057ns (40.123%))
  Logic Levels:           11  (CARRY4=7 LUT2=1 LUT5=1 LUT6=2)
  Clock Path Skew:        -0.049ns (DCD - SCD + CPR)
    Destination Clock Delay (DCD):    0.924ns = ( 7.324 - 6.400 ) 
    Source Clock Delay      (SCD):    0.973ns
    Clock Pessimism Removal (CPR):    0.000ns
  Clock Uncertainty:      0.035ns  ((TSJ^2 + TIJ^2)^1/2 + DJ) / 2 + PE
    Total System Jitter     (TSJ):    0.071ns
    Total Input Jitter      (TIJ):    0.000ns
    Discrete Jitter          (DJ):    0.000ns
    Phase Error              (PE):    0.000ns

    Location             Delay type                Incr(ns)  Path(ns)    Netlist Resource(s)
  -------------------------------------------------------------------    -------------------
                         (clock net_clk rise edge)    0.000     0.000 r  
                                                      0.000     0.000 r  net_clk (IN)
                         net (fo=1291, unset)         0.973     0.973    u_hist/net_clk
    RAMB18_X1Y16         RAMB18E1                                     r  u_hist/bin_mem_reg/CLKARDCLK
  -------------------------------------------------------------------    -------------------
    RAMB18_X1Y16         RAMB18E1 (Prop_ramb18e1_CLKARDCLK_DOBDO[0])
                                                      2.454     3.427 r  u_hist/bin_mem_reg/DOBDO[0]
                         net (fo=3, routed)           0.968     4.395    u_hist/ra_data[16]
    SLICE_X25Y39         LUT5 (Prop_lut5_I1_O)        0.124     4.519 f  u_hist/last_data[3]_i_24/O
                         net (fo=1, routed)           0.958     5.477    u_hist/last_data[3]_i_24_n_0
    SLICE_X25Y37         LUT6 (Prop_lut6_I1_O)        0.124     5.601 r  u_hist/last_data[3]_i_12_comp/O
                         net (fo=1, routed)           0.401     6.002    u_hist/last_data[3]_i_12_n_0
    SLICE_X22Y37         LUT6 (Prop_lut6_I4_O)        0.124     6.126 r  u_hist/last_data[3]_i_6_comp/O
                         net (fo=1, routed)           0.000     6.126    u_hist/last_data[3]_i_6_n_0
    SLICE_X22Y37         CARRY4 (Prop_carry4_S[0]_CO[3])
                                                      0.513     6.639 r  u_hist/last_data_reg[3]_i_1/CO[3]
                         net (fo=1, routed)           0.000     6.639    u_hist/last_data_reg[3]_i_1_n_0
    SLICE_X22Y38         CARRY4 (Prop_carry4_CI_CO[3])
                                                      0.117     6.756 r  u_hist/last_data_reg[7]_i_1/CO[3]
                         net (fo=1, routed)           0.000     6.756    u_hist/last_data_reg[7]_i_1_n_0
    SLICE_X22Y39         CARRY4 (Prop_carry4_CI_CO[3])
                                                      0.117     6.873 r  u_hist/last_data_reg[11]_i_1/CO[3]
                         net (fo=1, routed)           0.000     6.873    u_hist/last_data_reg[11]_i_1_n_0
    SLICE_X22Y40         CARRY4 (Prop_carry4_CI_CO[3])
                                                      0.117     6.990 r  u_hist/last_data_reg[15]_i_1/CO[3]
                         net (fo=1, routed)           0.000     6.990    u_hist/last_data_reg[15]_i_1_n_0
    SLICE_X22Y41         CARRY4 (Prop_carry4_CI_CO[3])
                                                      0.117     7.107 r  u_hist/last_data_reg[19]_i_1/CO[3]
                         net (fo=1, routed)           0.000     7.107    u_hist/last_data_reg[19]_i_1_n_0
    SLICE_X22Y42         CARRY4 (Prop_carry4_CI_CO[3])
                                                      0.117     7.224 r  u_hist/last_data_reg[23]_i_1/CO[3]
                         net (fo=1, routed)           0.000     7.224    u_hist/last_data_reg[23]_i_1_n_0
    SLICE_X22Y43         CARRY4 (Prop_carry4_CI_O[3])
                                                      0.331     7.555 r  u_hist/last_data_reg[27]_i_1/O[3]
                         net (fo=2, routed)           0.294     7.849    u_hist/new_val[27]
    SLICE_X23Y42         LUT2 (Prop_lut2_I0_O)        0.307     8.156 r  u_hist/bin_mem_reg_i_35/O
                         net (fo=1, routed)           0.436     8.592    u_hist/wdata[27]
    RAMB18_X1Y16         RAMB18E1                                     r  u_hist/bin_mem_reg/DIBDI[11]
  -------------------------------------------------------------------    -------------------

                         (clock net_clk rise edge)    6.400     6.400 r  
                                                      0.000     6.400 r  net_clk (IN)
                         net (fo=1291, unset)         0.924     7.324    u_hist/net_clk
    RAMB18_X1Y16         RAMB18E1                                     r  u_hist/bin_mem_reg/CLKBWRCLK
                         clock pessimism              0.000     7.324    
                         clock uncertainty           -0.035     7.289    
    RAMB18_X1Y16         RAMB18E1 (Setup_ramb18e1_CLKBWRCLK_DIBDI[11])
                                                     -0.241     7.048    u_hist/bin_mem_reg
  -------------------------------------------------------------------
                         required time                          7.048    
                         arrival time                          -8.592    
  -------------------------------------------------------------------
                         slack                                 -1.544    

Slack (VIOLATED) :        -1.537ns  (required time - arrival time)
  Source:                 u_clk/time_ns_reg[1]/C
                            (rising edge-triggered cell FDRE clocked by net_clk  {rise@0.000ns fall@3.200ns period=6.400ns})
  Destination:            u_clk/time_sec_reg[17]/D
                            (rising edge-triggered cell FDRE clocked by net_clk  {rise@0.000ns fall@3.200ns period=6.400ns})
  Path Group:             net_clk
  Path Type:              Setup (Max at Slow Process Corner)
  Requirement:            6.400ns  (net_clk rise@6.400ns - net_clk rise@0.000ns)
  Data Path Delay:        7.882ns  (logic 3.701ns (46.953%)  route 4.181ns (53.047%))
  Logic Levels:           15  (CARRY4=10 LUT3=1 LUT4=1 LUT5=1 LUT6=2)
  Clock Path Skew:        -0.049ns (DCD - SCD + CPR)
    Destination Clock Delay (DCD):    0.924ns = ( 7.324 - 6.400 ) 
    Source Clock Delay      (SCD):    0.973ns
    Clock Pessimism Removal (CPR):    0.000ns
  Clock Uncertainty:      0.035ns  ((TSJ^2 + TIJ^2)^1/2 + DJ) / 2 + PE
    Total System Jitter     (TSJ):    0.071ns
    Total Input Jitter      (TIJ):    0.000ns
    Discrete Jitter          (DJ):    0.000ns
    Phase Error              (PE):    0.000ns

    Location             Delay type                Incr(ns)  Path(ns)    Netlist Resource(s)
  -------------------------------------------------------------------    -------------------
                         (clock net_clk rise edge)    0.000     0.000 r  
                                                      0.000     0.000 r  net_clk (IN)
                         net (fo=1291, unset)         0.973     0.973    u_clk/net_clk
    SLICE_X49Y27         FDRE                                         r  u_clk/time_ns_reg[1]/C
  -------------------------------------------------------------------    -------------------
    SLICE_X49Y27         FDRE (Prop_fdre_C_Q)         0.456     1.429 r  u_clk/time_ns_reg[1]/Q
                         net (fo=5, routed)           0.675     2.104    u_clk/time_ns_reg[31]_0[1]
    SLICE_X47Y28         LUT4 (Prop_lut4_I0_O)        0.124     2.228 r  u_clk/ns_base__1_carry_i_2/O
                         net (fo=2, routed)           0.591     2.820    u_clk/ns_base__1_carry_i_2_n_0
    SLICE_X41Y29         LUT5 (Prop_lut5_I0_O)        0.124     2.944 r  u_clk/ns_base__1_carry_i_5/O
                         net (fo=1, routed)           0.000     2.944    u_clk/ns_base__1_carry_i_5_n_0
    SLICE_X41Y29         CARRY4 (Prop_carry4_S[2]_CO[3])
                                                      0.398     3.342 r  u_clk/ns_base__1_carry/CO[3]
                         net (fo=1, routed)           0.000     3.342    u_clk/ns_base__1_carry_n_0
    SLICE_X41Y30         CARRY4 (Prop_carry4_CI_CO[3])
                                                      0.114     3.456 r  u_clk/ns_base__1_carry__0/CO[3]
                         net (fo=1, routed)           0.000     3.456    u_clk/ns_base__1_carry__0_n_0
    SLICE_X41Y31         CARRY4 (Prop_carry4_CI_CO[3])
                                                      0.114     3.570 r  u_clk/ns_base__1_carry__1/CO[3]
                         net (fo=1, routed)           0.000     3.570    u_clk/ns_base__1_carry__1_n_0
    SLICE_X41Y32         CARRY4 (Prop_carry4_CI_CO[3])
                                                      0.114     3.684 r  u_clk/ns_base__1_carry__2/CO[3]
                         net (fo=1, routed)           0.000     3.684    u_clk/ns_base__1_carry__2_n_0
    SLICE_X41Y33         CARRY4 (Prop_carry4_CI_CO[3])
                                                      0.114     3.798 r  u_clk/ns_base__1_carry__3/CO[3]
                         net (fo=1, routed)           0.000     3.798    u_clk/ns_base__1_carry__3_n_0
    SLICE_X41Y34         CARRY4 (Prop_carry4_CI_CO[3])
                                                      0.114     3.912 r  u_clk/ns_base__1_carry__4/CO[3]
                         net (fo=1, routed)           0.000     3.912    u_clk/ns_base__1_carry__4_n_0
    SLICE_X41Y35         CARRY4 (Prop_carry4_CI_O[1])
                                                      0.334     4.246 r  u_clk/ns_base__1_carry__5/O[1]
                         net (fo=8, routed)           0.818     5.064    u_clk/ns_sum_k[0]_1[25]
    SLICE_X46Y34         CARRY4 (Prop_carry4_S[0]_CO[3])
                                                      0.816     5.880 r  u_clk/p_0_out_inferred__1/i__carry__5/CO[3]
                         net (fo=1, routed)           0.000     5.880    u_clk/p_0_out_inferred__1/i__carry__5_n_0
    SLICE_X46Y35         CARRY4 (Prop_carry4_CI_CO[3])
                                                      0.117     5.997 r  u_clk/p_0_out_inferred__1/i__carry__6/CO[3]
                         net (fo=1, routed)           0.000     5.997    u_clk/p_0_out_inferred__1/i__carry__6_n_0
    SLICE_X46Y36         CARRY4 (Prop_carry4_CI_O[0])
                                                      0.219     6.216 r  u_clk/p_0_out_inferred__1/i__carry__7/O[0]
                         net (fo=37, routed)          0.865     7.081    u_clk/ns_minus_k[1]_2[33]
    SLICE_X45Y38         LUT6 (Prop_lut6_I1_O)        0.295     7.376 r  u_clk/time_sec[47]_i_6/O
                         net (fo=48, routed)          0.761     8.137    u_clk/time_sec[47]_i_6_n_0
    SLICE_X41Y38         LUT6 (Prop_lut6_I5_O)        0.124     8.261 r  u_clk/time_sec[17]_i_2/O
                         net (fo=1, routed)           0.470     8.731    u_regs/time_sec_reg[17]
    SLICE_X39Y38         LUT3 (Prop_lut3_I2_O)        0.124     8.855 r  u_regs/time_sec[17]_i_1/O
                         net (fo=1, routed)           0.000     8.855    u_clk/D[17]
    SLICE_X39Y38         FDRE                                         r  u_clk/time_sec_reg[17]/D
  -------------------------------------------------------------------    -------------------

                         (clock net_clk rise edge)    6.400     6.400 r  
                                                      0.000     6.400 r  net_clk (IN)
                         net (fo=1291, unset)         0.924     7.324    u_clk/net_clk
    SLICE_X39Y38         FDRE                                         r  u_clk/time_sec_reg[17]/C
                         clock pessimism              0.000     7.324    
                         clock uncertainty           -0.035     7.289    
    SLICE_X39Y38         FDRE (Setup_fdre_C_D)        0.029     7.318    u_clk/time_sec_reg[17]
  -------------------------------------------------------------------
                         required time                          7.318    
                         arrival time                          -8.855    
  -------------------------------------------------------------------
                         slack                                 -1.537    

Slack (VIOLATED) :        -1.526ns  (required time - arrival time)
  Source:                 u_clk/time_ns_reg[1]/C
                            (rising edge-triggered cell FDRE clocked by net_clk  {rise@0.000ns fall@3.200ns period=6.400ns})
  Destination:            u_clk/time_sec_reg[2]/D
                            (rising edge-triggered cell FDRE clocked by net_clk  {rise@0.000ns fall@3.200ns period=6.400ns})
  Path Group:             net_clk
  Path Type:              Setup (Max at Slow Process Corner)
  Requirement:            6.400ns  (net_clk rise@6.400ns - net_clk rise@0.000ns)
  Data Path Delay:        7.873ns  (logic 3.701ns (47.008%)  route 4.172ns (52.992%))
  Logic Levels:           15  (CARRY4=10 LUT3=1 LUT4=1 LUT5=1 LUT6=2)
  Clock Path Skew:        -0.049ns (DCD - SCD + CPR)
    Destination Clock Delay (DCD):    0.924ns = ( 7.324 - 6.400 ) 
    Source Clock Delay      (SCD):    0.973ns
    Clock Pessimism Removal (CPR):    0.000ns
  Clock Uncertainty:      0.035ns  ((TSJ^2 + TIJ^2)^1/2 + DJ) / 2 + PE
    Total System Jitter     (TSJ):    0.071ns
    Total Input Jitter      (TIJ):    0.000ns
    Discrete Jitter          (DJ):    0.000ns
    Phase Error              (PE):    0.000ns

    Location             Delay type                Incr(ns)  Path(ns)    Netlist Resource(s)
  -------------------------------------------------------------------    -------------------
                         (clock net_clk rise edge)    0.000     0.000 r  
                                                      0.000     0.000 r  net_clk (IN)
                         net (fo=1291, unset)         0.973     0.973    u_clk/net_clk
    SLICE_X49Y27         FDRE                                         r  u_clk/time_ns_reg[1]/C
  -------------------------------------------------------------------    -------------------
    SLICE_X49Y27         FDRE (Prop_fdre_C_Q)         0.456     1.429 r  u_clk/time_ns_reg[1]/Q
                         net (fo=5, routed)           0.675     2.104    u_clk/time_ns_reg[31]_0[1]
    SLICE_X47Y28         LUT4 (Prop_lut4_I0_O)        0.124     2.228 r  u_clk/ns_base__1_carry_i_2/O
                         net (fo=2, routed)           0.591     2.820    u_clk/ns_base__1_carry_i_2_n_0
    SLICE_X41Y29         LUT5 (Prop_lut5_I0_O)        0.124     2.944 r  u_clk/ns_base__1_carry_i_5/O
                         net (fo=1, routed)           0.000     2.944    u_clk/ns_base__1_carry_i_5_n_0
    SLICE_X41Y29         CARRY4 (Prop_carry4_S[2]_CO[3])
                                                      0.398     3.342 r  u_clk/ns_base__1_carry/CO[3]
                         net (fo=1, routed)           0.000     3.342    u_clk/ns_base__1_carry_n_0
    SLICE_X41Y30         CARRY4 (Prop_carry4_CI_CO[3])
                                                      0.114     3.456 r  u_clk/ns_base__1_carry__0/CO[3]
                         net (fo=1, routed)           0.000     3.456    u_clk/ns_base__1_carry__0_n_0
    SLICE_X41Y31         CARRY4 (Prop_carry4_CI_CO[3])
                                                      0.114     3.570 r  u_clk/ns_base__1_carry__1/CO[3]
                         net (fo=1, routed)           0.000     3.570    u_clk/ns_base__1_carry__1_n_0
    SLICE_X41Y32         CARRY4 (Prop_carry4_CI_CO[3])
                                                      0.114     3.684 r  u_clk/ns_base__1_carry__2/CO[3]
                         net (fo=1, routed)           0.000     3.684    u_clk/ns_base__1_carry__2_n_0
    SLICE_X41Y33         CARRY4 (Prop_carry4_CI_CO[3])
                                                      0.114     3.798 r  u_clk/ns_base__1_carry__3/CO[3]
                         net (fo=1, routed)           0.000     3.798    u_clk/ns_base__1_carry__3_n_0
    SLICE_X41Y34         CARRY4 (Prop_carry4_CI_CO[3])
                                                      0.114     3.912 r  u_clk/ns_base__1_carry__4/CO[3]
                         net (fo=1, routed)           0.000     3.912    u_clk/ns_base__1_carry__4_n_0
    SLICE_X41Y35         CARRY4 (Prop_carry4_CI_O[1])
                                                      0.334     4.246 r  u_clk/ns_base__1_carry__5/O[1]
                         net (fo=8, routed)           0.818     5.064    u_clk/ns_sum_k[0]_1[25]
    SLICE_X46Y34         CARRY4 (Prop_carry4_S[0]_CO[3])
                                                      0.816     5.880 r  u_clk/p_0_out_inferred__1/i__carry__5/CO[3]
                         net (fo=1, routed)           0.000     5.880    u_clk/p_0_out_inferred__1/i__carry__5_n_0
    SLICE_X46Y35         CARRY4 (Prop_carry4_CI_CO[3])
                                                      0.117     5.997 r  u_clk/p_0_out_inferred__1/i__carry__6/CO[3]
                         net (fo=1, routed)           0.000     5.997    u_clk/p_0_out_inferred__1/i__carry__6_n_0
    SLICE_X46Y36         CARRY4 (Prop_carry4_CI_O[0])
                                                      0.219     6.216 r  u_clk/p_0_out_inferred__1/i__carry__7/O[0]
                         net (fo=37, routed)          0.854     7.070    u_clk/ns_minus_k[1]_2[33]
    SLICE_X45Y37         LUT6 (Prop_lut6_I1_O)        0.295     7.365 r  u_clk/time_sec[47]_i_5/O
                         net (fo=48, routed)          0.949     8.314    u_clk/time_sec[47]_i_5_n_0
    SLICE_X41Y42         LUT6 (Prop_lut6_I2_O)        0.124     8.438 r  u_clk/time_sec[2]_i_2/O
                         net (fo=1, routed)           0.284     8.722    u_regs/time_sec_reg[2]
    SLICE_X43Y42         LUT3 (Prop_lut3_I2_O)        0.124     8.846 r  u_regs/time_sec[2]_i_1/O
                         net (fo=1, routed)           0.000     8.846    u_clk/D[2]
    SLICE_X43Y42         FDRE                                         r  u_clk/time_sec_reg[2]/D
  -------------------------------------------------------------------    -------------------

                         (clock net_clk rise edge)    6.400     6.400 r  
                                                      0.000     6.400 r  net_clk (IN)
                         net (fo=1291, unset)         0.924     7.324    u_clk/net_clk
    SLICE_X43Y42         FDRE                                         r  u_clk/time_sec_reg[2]/C
                         clock pessimism              0.000     7.324    
                         clock uncertainty           -0.035     7.289    
    SLICE_X43Y42         FDRE (Setup_fdre_C_D)        0.031     7.320    u_clk/time_sec_reg[2]
  -------------------------------------------------------------------
                         required time                          7.320    
                         arrival time                          -8.846    
  -------------------------------------------------------------------
                         slack                                 -1.526    

Slack (VIOLATED) :        -1.520ns  (required time - arrival time)
  Source:                 u_clk/time_ns_reg[1]/C
                            (rising edge-triggered cell FDRE clocked by net_clk  {rise@0.000ns fall@3.200ns period=6.400ns})
  Destination:            u_clk/time_sec_reg[3]/D
                            (rising edge-triggered cell FDRE clocked by net_clk  {rise@0.000ns fall@3.200ns period=6.400ns})
  Path Group:             net_clk
  Path Type:              Setup (Max at Slow Process Corner)
  Requirement:            6.400ns  (net_clk rise@6.400ns - net_clk rise@0.000ns)
  Data Path Delay:        7.867ns  (logic 3.701ns (47.044%)  route 4.166ns (52.956%))
  Logic Levels:           15  (CARRY4=10 LUT3=1 LUT4=1 LUT5=1 LUT6=2)
  Clock Path Skew:        -0.049ns (DCD - SCD + CPR)
    Destination Clock Delay (DCD):    0.924ns = ( 7.324 - 6.400 ) 
    Source Clock Delay      (SCD):    0.973ns
    Clock Pessimism Removal (CPR):    0.000ns
  Clock Uncertainty:      0.035ns  ((TSJ^2 + TIJ^2)^1/2 + DJ) / 2 + PE
    Total System Jitter     (TSJ):    0.071ns
    Total Input Jitter      (TIJ):    0.000ns
    Discrete Jitter          (DJ):    0.000ns
    Phase Error              (PE):    0.000ns

    Location             Delay type                Incr(ns)  Path(ns)    Netlist Resource(s)
  -------------------------------------------------------------------    -------------------
                         (clock net_clk rise edge)    0.000     0.000 r  
                                                      0.000     0.000 r  net_clk (IN)
                         net (fo=1291, unset)         0.973     0.973    u_clk/net_clk
    SLICE_X49Y27         FDRE                                         r  u_clk/time_ns_reg[1]/C
  -------------------------------------------------------------------    -------------------
    SLICE_X49Y27         FDRE (Prop_fdre_C_Q)         0.456     1.429 r  u_clk/time_ns_reg[1]/Q
                         net (fo=5, routed)           0.675     2.104    u_clk/time_ns_reg[31]_0[1]
    SLICE_X47Y28         LUT4 (Prop_lut4_I0_O)        0.124     2.228 r  u_clk/ns_base__1_carry_i_2/O
                         net (fo=2, routed)           0.591     2.820    u_clk/ns_base__1_carry_i_2_n_0
    SLICE_X41Y29         LUT5 (Prop_lut5_I0_O)        0.124     2.944 r  u_clk/ns_base__1_carry_i_5/O
                         net (fo=1, routed)           0.000     2.944    u_clk/ns_base__1_carry_i_5_n_0
    SLICE_X41Y29         CARRY4 (Prop_carry4_S[2]_CO[3])
                                                      0.398     3.342 r  u_clk/ns_base__1_carry/CO[3]
                         net (fo=1, routed)           0.000     3.342    u_clk/ns_base__1_carry_n_0
    SLICE_X41Y30         CARRY4 (Prop_carry4_CI_CO[3])
                                                      0.114     3.456 r  u_clk/ns_base__1_carry__0/CO[3]
                         net (fo=1, routed)           0.000     3.456    u_clk/ns_base__1_carry__0_n_0
    SLICE_X41Y31         CARRY4 (Prop_carry4_CI_CO[3])
                                                      0.114     3.570 r  u_clk/ns_base__1_carry__1/CO[3]
                         net (fo=1, routed)           0.000     3.570    u_clk/ns_base__1_carry__1_n_0
    SLICE_X41Y32         CARRY4 (Prop_carry4_CI_CO[3])
                                                      0.114     3.684 r  u_clk/ns_base__1_carry__2/CO[3]
                         net (fo=1, routed)           0.000     3.684    u_clk/ns_base__1_carry__2_n_0
    SLICE_X41Y33         CARRY4 (Prop_carry4_CI_CO[3])
                                                      0.114     3.798 r  u_clk/ns_base__1_carry__3/CO[3]
                         net (fo=1, routed)           0.000     3.798    u_clk/ns_base__1_carry__3_n_0
    SLICE_X41Y34         CARRY4 (Prop_carry4_CI_CO[3])
                                                      0.114     3.912 r  u_clk/ns_base__1_carry__4/CO[3]
                         net (fo=1, routed)           0.000     3.912    u_clk/ns_base__1_carry__4_n_0
    SLICE_X41Y35         CARRY4 (Prop_carry4_CI_O[1])
                                                      0.334     4.246 r  u_clk/ns_base__1_carry__5/O[1]
                         net (fo=8, routed)           0.818     5.064    u_clk/ns_sum_k[0]_1[25]
    SLICE_X46Y34         CARRY4 (Prop_carry4_S[0]_CO[3])
                                                      0.816     5.880 r  u_clk/p_0_out_inferred__1/i__carry__5/CO[3]
                         net (fo=1, routed)           0.000     5.880    u_clk/p_0_out_inferred__1/i__carry__5_n_0
    SLICE_X46Y35         CARRY4 (Prop_carry4_CI_CO[3])
                                                      0.117     5.997 r  u_clk/p_0_out_inferred__1/i__carry__6/CO[3]
                         net (fo=1, routed)           0.000     5.997    u_clk/p_0_out_inferred__1/i__carry__6_n_0
    SLICE_X46Y36         CARRY4 (Prop_carry4_CI_O[0])
                                                      0.219     6.216 r  u_clk/p_0_out_inferred__1/i__carry__7/O[0]
                         net (fo=37, routed)          0.854     7.070    u_clk/ns_minus_k[1]_2[33]
    SLICE_X45Y37         LUT6 (Prop_lut6_I1_O)        0.295     7.365 r  u_clk/time_sec[47]_i_5/O
                         net (fo=48, routed)          0.820     8.185    u_clk/time_sec[47]_i_5_n_0
    SLICE_X39Y38         LUT6 (Prop_lut6_I2_O)        0.124     8.309 r  u_clk/time_sec[3]_i_2/O
                         net (fo=1, routed)           0.407     8.716    u_regs/time_sec_reg[3]_0
    SLICE_X39Y38         LUT3 (Prop_lut3_I2_O)        0.124     8.840 r  u_regs/time_sec[3]_i_1/O
                         net (fo=1, routed)           0.000     8.840    u_clk/D[3]
    SLICE_X39Y38         FDRE                                         r  u_clk/time_sec_reg[3]/D
  -------------------------------------------------------------------    -------------------

                         (clock net_clk rise edge)    6.400     6.400 r  
                                                      0.000     6.400 r  net_clk (IN)
                         net (fo=1291, unset)         0.924     7.324    u_clk/net_clk
    SLICE_X39Y38         FDRE                                         r  u_clk/time_sec_reg[3]/C
                         clock pessimism              0.000     7.324    
                         clock uncertainty           -0.035     7.289    
    SLICE_X39Y38         FDRE (Setup_fdre_C_D)        0.031     7.320    u_clk/time_sec_reg[3]
  -------------------------------------------------------------------
                         required time                          7.320    
                         arrival time                          -8.840    
  -------------------------------------------------------------------
                         slack                                 -1.520    

Slack (VIOLATED) :        -1.517ns  (required time - arrival time)
  Source:                 u_clk/time_ns_reg[1]/C
                            (rising edge-triggered cell FDRE clocked by net_clk  {rise@0.000ns fall@3.200ns period=6.400ns})
  Destination:            u_clk/time_sec_reg[31]/D
                            (rising edge-triggered cell FDRE clocked by net_clk  {rise@0.000ns fall@3.200ns period=6.400ns})
  Path Group:             net_clk
  Path Type:              Setup (Max at Slow Process Corner)
  Requirement:            6.400ns  (net_clk rise@6.400ns - net_clk rise@0.000ns)
  Data Path Delay:        7.862ns  (logic 3.701ns (47.074%)  route 4.161ns (52.926%))
  Logic Levels:           15  (CARRY4=10 LUT3=1 LUT4=2 LUT5=1 LUT6=1)
  Clock Path Skew:        -0.049ns (DCD - SCD + CPR)
    Destination Clock Delay (DCD):    0.924ns = ( 7.324 - 6.400 ) 
    Source Clock Delay      (SCD):    0.973ns
    Clock Pessimism Removal (CPR):    0.000ns
  Clock Uncertainty:      0.035ns  ((TSJ^2 + TIJ^2)^1/2 + DJ) / 2 + PE
    Total System Jitter     (TSJ):    0.071ns
    Total Input Jitter      (TIJ):    0.000ns
    Discrete Jitter          (DJ):    0.000ns
    Phase Error              (PE):    0.000ns

    Location             Delay type                Incr(ns)  Path(ns)    Netlist Resource(s)
  -------------------------------------------------------------------    -------------------
                         (clock net_clk rise edge)    0.000     0.000 r  
                                                      0.000     0.000 r  net_clk (IN)
                         net (fo=1291, unset)         0.973     0.973    u_clk/net_clk
    SLICE_X49Y27         FDRE                                         r  u_clk/time_ns_reg[1]/C
  -------------------------------------------------------------------    -------------------
    SLICE_X49Y27         FDRE (Prop_fdre_C_Q)         0.456     1.429 r  u_clk/time_ns_reg[1]/Q
                         net (fo=5, routed)           0.675     2.104    u_clk/time_ns_reg[31]_0[1]
    SLICE_X47Y28         LUT4 (Prop_lut4_I0_O)        0.124     2.228 r  u_clk/ns_base__1_carry_i_2/O
                         net (fo=2, routed)           0.591     2.820    u_clk/ns_base__1_carry_i_2_n_0
    SLICE_X41Y29         LUT5 (Prop_lut5_I0_O)        0.124     2.944 r  u_clk/ns_base__1_carry_i_5/O
                         net (fo=1, routed)           0.000     2.944    u_clk/ns_base__1_carry_i_5_n_0
    SLICE_X41Y29         CARRY4 (Prop_carry4_S[2]_CO[3])
                                                      0.398     3.342 r  u_clk/ns_base__1_carry/CO[3]
                         net (fo=1, routed)           0.000     3.342    u_clk/ns_base__1_carry_n_0
    SLICE_X41Y30         CARRY4 (Prop_carry4_CI_CO[3])
                                                      0.114     3.456 r  u_clk/ns_base__1_carry__0/CO[3]
                         net (fo=1, routed)           0.000     3.456    u_clk/ns_base__1_carry__0_n_0
    SLICE_X41Y31         CARRY4 (Prop_carry4_CI_CO[3])
                                                      0.114     3.570 r  u_clk/ns_base__1_carry__1/CO[3]
                         net (fo=1, routed)           0.000     3.570    u_clk/ns_base__1_carry__1_n_0
    SLICE_X41Y32         CARRY4 (Prop_carry4_CI_CO[3])
                                                      0.114     3.684 r  u_clk/ns_base__1_carry__2/CO[3]
                         net (fo=1, routed)           0.000     3.684    u_clk/ns_base__1_carry__2_n_0
    SLICE_X41Y33         CARRY4 (Prop_carry4_CI_CO[3])
                                                      0.114     3.798 r  u_clk/ns_base__1_carry__3/CO[3]
                         net (fo=1, routed)           0.000     3.798    u_clk/ns_base__1_carry__3_n_0
    SLICE_X41Y34         CARRY4 (Prop_carry4_CI_CO[3])
                                                      0.114     3.912 r  u_clk/ns_base__1_carry__4/CO[3]
                         net (fo=1, routed)           0.000     3.912    u_clk/ns_base__1_carry__4_n_0
    SLICE_X41Y35         CARRY4 (Prop_carry4_CI_O[1])
                                                      0.334     4.246 r  u_clk/ns_base__1_carry__5/O[1]
                         net (fo=8, routed)           0.818     5.064    u_clk/ns_sum_k[0]_1[25]
    SLICE_X46Y34         CARRY4 (Prop_carry4_S[0]_CO[3])
                                                      0.816     5.880 r  u_clk/p_0_out_inferred__1/i__carry__5/CO[3]
                         net (fo=1, routed)           0.000     5.880    u_clk/p_0_out_inferred__1/i__carry__5_n_0
    SLICE_X46Y35         CARRY4 (Prop_carry4_CI_CO[3])
                                                      0.117     5.997 r  u_clk/p_0_out_inferred__1/i__carry__6/CO[3]
                         net (fo=1, routed)           0.000     5.997    u_clk/p_0_out_inferred__1/i__carry__6_n_0
    SLICE_X46Y36         CARRY4 (Prop_carry4_CI_O[0])
                                                      0.219     6.216 f  u_clk/p_0_out_inferred__1/i__carry__7/O[0]
                         net (fo=37, routed)          0.715     6.930    u_clk/ns_minus_k[1]_2[33]
    SLICE_X43Y38         LUT4 (Prop_lut4_I2_O)        0.295     7.225 r  u_clk/time_sec[47]_i_4/O
                         net (fo=48, routed)          1.058     8.284    u_clk/time_sec[47]_i_4_n_0
    SLICE_X45Y41         LUT6 (Prop_lut6_I0_O)        0.124     8.408 r  u_clk/time_sec[31]_i_2/O
                         net (fo=1, routed)           0.303     8.711    u_regs/time_sec_reg[31]_0
    SLICE_X43Y41         LUT3 (Prop_lut3_I2_O)        0.124     8.835 r  u_regs/time_sec[31]_i_1/O
                         net (fo=1, routed)           0.000     8.835    u_clk/D[31]
    SLICE_X43Y41         FDRE                                         r  u_clk/time_sec_reg[31]/D
  -------------------------------------------------------------------    -------------------

                         (clock net_clk rise edge)    6.400     6.400 r  
                                                      0.000     6.400 r  net_clk (IN)
                         net (fo=1291, unset)         0.924     7.324    u_clk/net_clk
    SLICE_X43Y41         FDRE                                         r  u_clk/time_sec_reg[31]/C
                         clock pessimism              0.000     7.324    
                         clock uncertainty           -0.035     7.289    
    SLICE_X43Y41         FDRE (Setup_fdre_C_D)        0.029     7.318    u_clk/time_sec_reg[31]
  -------------------------------------------------------------------
                         required time                          7.318    
                         arrival time                          -8.835    
  -------------------------------------------------------------------
                         slack                                 -1.517    

Slack (VIOLATED) :        -1.512ns  (required time - arrival time)
  Source:                 u_clk/time_ns_reg[1]/C
                            (rising edge-triggered cell FDRE clocked by net_clk  {rise@0.000ns fall@3.200ns period=6.400ns})
  Destination:            u_clk/time_sec_reg[6]/D
                            (rising edge-triggered cell FDRE clocked by net_clk  {rise@0.000ns fall@3.200ns period=6.400ns})
  Path Group:             net_clk
  Path Type:              Setup (Max at Slow Process Corner)
  Requirement:            6.400ns  (net_clk rise@6.400ns - net_clk rise@0.000ns)
  Data Path Delay:        7.859ns  (logic 3.701ns (47.092%)  route 4.158ns (52.908%))
  Logic Levels:           15  (CARRY4=10 LUT3=1 LUT4=1 LUT5=1 LUT6=2)
  Clock Path Skew:        -0.049ns (DCD - SCD + CPR)
    Destination Clock Delay (DCD):    0.924ns = ( 7.324 - 6.400 ) 
    Source Clock Delay      (SCD):    0.973ns
    Clock Pessimism Removal (CPR):    0.000ns
  Clock Uncertainty:      0.035ns  ((TSJ^2 + TIJ^2)^1/2 + DJ) / 2 + PE
    Total System Jitter     (TSJ):    0.071ns
    Total Input Jitter      (TIJ):    0.000ns
    Discrete Jitter          (DJ):    0.000ns
    Phase Error              (PE):    0.000ns

    Location             Delay type                Incr(ns)  Path(ns)    Netlist Resource(s)
  -------------------------------------------------------------------    -------------------
                         (clock net_clk rise edge)    0.000     0.000 r  
                                                      0.000     0.000 r  net_clk (IN)
                         net (fo=1291, unset)         0.973     0.973    u_clk/net_clk
    SLICE_X49Y27         FDRE                                         r  u_clk/time_ns_reg[1]/C
  -------------------------------------------------------------------    -------------------
    SLICE_X49Y27         FDRE (Prop_fdre_C_Q)         0.456     1.429 r  u_clk/time_ns_reg[1]/Q
                         net (fo=5, routed)           0.675     2.104    u_clk/time_ns_reg[31]_0[1]
    SLICE_X47Y28         LUT4 (Prop_lut4_I0_O)        0.124     2.228 r  u_clk/ns_base__1_carry_i_2/O
                         net (fo=2, routed)           0.591     2.820    u_clk/ns_base__1_carry_i_2_n_0
    SLICE_X41Y29         LUT5 (Prop_lut5_I0_O)        0.124     2.944 r  u_clk/ns_base__1_carry_i_5/O
                         net (fo=1, routed)           0.000     2.944    u_clk/ns_base__1_carry_i_5_n_0
    SLICE_X41Y29         CARRY4 (Prop_carry4_S[2]_CO[3])
                                                      0.398     3.342 r  u_clk/ns_base__1_carry/CO[3]
                         net (fo=1, routed)           0.000     3.342    u_clk/ns_base__1_carry_n_0
    SLICE_X41Y30         CARRY4 (Prop_carry4_CI_CO[3])
                                                      0.114     3.456 r  u_clk/ns_base__1_carry__0/CO[3]
                         net (fo=1, routed)           0.000     3.456    u_clk/ns_base__1_carry__0_n_0
    SLICE_X41Y31         CARRY4 (Prop_carry4_CI_CO[3])
                                                      0.114     3.570 r  u_clk/ns_base__1_carry__1/CO[3]
                         net (fo=1, routed)           0.000     3.570    u_clk/ns_base__1_carry__1_n_0
    SLICE_X41Y32         CARRY4 (Prop_carry4_CI_CO[3])
                                                      0.114     3.684 r  u_clk/ns_base__1_carry__2/CO[3]
                         net (fo=1, routed)           0.000     3.684    u_clk/ns_base__1_carry__2_n_0
    SLICE_X41Y33         CARRY4 (Prop_carry4_CI_CO[3])
                                                      0.114     3.798 r  u_clk/ns_base__1_carry__3/CO[3]
                         net (fo=1, routed)           0.000     3.798    u_clk/ns_base__1_carry__3_n_0
    SLICE_X41Y34         CARRY4 (Prop_carry4_CI_CO[3])
                                                      0.114     3.912 r  u_clk/ns_base__1_carry__4/CO[3]
                         net (fo=1, routed)           0.000     3.912    u_clk/ns_base__1_carry__4_n_0
    SLICE_X41Y35         CARRY4 (Prop_carry4_CI_O[1])
                                                      0.334     4.246 r  u_clk/ns_base__1_carry__5/O[1]
                         net (fo=8, routed)           0.818     5.064    u_clk/ns_sum_k[0]_1[25]
    SLICE_X46Y34         CARRY4 (Prop_carry4_S[0]_CO[3])
                                                      0.816     5.880 r  u_clk/p_0_out_inferred__1/i__carry__5/CO[3]
                         net (fo=1, routed)           0.000     5.880    u_clk/p_0_out_inferred__1/i__carry__5_n_0
    SLICE_X46Y35         CARRY4 (Prop_carry4_CI_CO[3])
                                                      0.117     5.997 r  u_clk/p_0_out_inferred__1/i__carry__6/CO[3]
                         net (fo=1, routed)           0.000     5.997    u_clk/p_0_out_inferred__1/i__carry__6_n_0
    SLICE_X46Y36         CARRY4 (Prop_carry4_CI_O[0])
                                                      0.219     6.216 r  u_clk/p_0_out_inferred__1/i__carry__7/O[0]
                         net (fo=37, routed)          0.854     7.070    u_clk/ns_minus_k[1]_2[33]
    SLICE_X45Y37         LUT6 (Prop_lut6_I1_O)        0.295     7.365 r  u_clk/time_sec[47]_i_5/O
                         net (fo=48, routed)          0.708     8.073    u_clk/time_sec[47]_i_5_n_0
    SLICE_X42Y38         LUT6 (Prop_lut6_I2_O)        0.124     8.197 r  u_clk/time_sec[6]_i_2/O
                         net (fo=1, routed)           0.511     8.708    u_regs/time_sec_reg[6]
    SLICE_X39Y38         LUT3 (Prop_lut3_I2_O)        0.124     8.832 r  u_regs/time_sec[6]_i_1/O
                         net (fo=1, routed)           0.000     8.832    u_clk/D[6]
    SLICE_X39Y38         FDRE                                         r  u_clk/time_sec_reg[6]/D
  -------------------------------------------------------------------    -------------------

                         (clock net_clk rise edge)    6.400     6.400 r  
                                                      0.000     6.400 r  net_clk (IN)
                         net (fo=1291, unset)         0.924     7.324    u_clk/net_clk
    SLICE_X39Y38         FDRE                                         r  u_clk/time_sec_reg[6]/C
                         clock pessimism              0.000     7.324    
                         clock uncertainty           -0.035     7.289    
    SLICE_X39Y38         FDRE (Setup_fdre_C_D)        0.031     7.320    u_clk/time_sec_reg[6]
  -------------------------------------------------------------------
                         required time                          7.320    
                         arrival time                          -8.832    
  -------------------------------------------------------------------
                         slack                                 -1.512    





Min Delay Paths
--------------------------------------------------------------------------------------
Slack (MET) :             0.097ns  (arrival time - required time)
  Source:                 u_hist/s1_delta_reg[16]/C
                            (rising edge-triggered cell FDRE clocked by net_clk  {rise@0.000ns fall@3.200ns period=6.400ns})
  Destination:            u_hist/s2_delta_reg[16]/D
                            (rising edge-triggered cell FDRE clocked by net_clk  {rise@0.000ns fall@3.200ns period=6.400ns})
  Path Group:             net_clk
  Path Type:              Hold (Min at Fast Process Corner)
  Requirement:            0.000ns  (net_clk rise@0.000ns - net_clk rise@0.000ns)
  Data Path Delay:        0.197ns  (logic 0.141ns (71.611%)  route 0.056ns (28.389%))
  Logic Levels:           0  
  Clock Path Skew:        0.022ns (DCD - SCD - CPR)
    Destination Clock Delay (DCD):    0.432ns
    Source Clock Delay      (SCD):    0.410ns
    Clock Pessimism Removal (CPR):    -0.000ns

    Location             Delay type                Incr(ns)  Path(ns)    Netlist Resource(s)
  -------------------------------------------------------------------    -------------------
                         (clock net_clk rise edge)    0.000     0.000 r  
                                                      0.000     0.000 r  net_clk (IN)
                         net (fo=1291, unset)         0.410     0.410    u_hist/net_clk
    SLICE_X37Y44         FDRE                                         r  u_hist/s1_delta_reg[16]/C
  -------------------------------------------------------------------    -------------------
    SLICE_X37Y44         FDRE (Prop_fdre_C_Q)         0.141     0.551 r  u_hist/s1_delta_reg[16]/Q
                         net (fo=1, routed)           0.056     0.607    u_hist/s1_delta[16]
    SLICE_X37Y44         FDRE                                         r  u_hist/s2_delta_reg[16]/D
  -------------------------------------------------------------------    -------------------

                         (clock net_clk rise edge)    0.000     0.000 r  
                                                      0.000     0.000 r  net_clk (IN)
                         net (fo=1291, unset)         0.432     0.432    u_hist/net_clk
    SLICE_X37Y44         FDRE                                         r  u_hist/s2_delta_reg[16]/C
                         clock pessimism              0.000     0.432    
    SLICE_X37Y44         FDRE (Hold_fdre_C_D)         0.078     0.510    u_hist/s2_delta_reg[16]
  -------------------------------------------------------------------
                         required time                         -0.510    
                         arrival time                           0.607    
  -------------------------------------------------------------------
                         slack                                  0.097    

Slack (MET) :             0.097ns  (arrival time - required time)
  Source:                 u_clk/time_sec_reg[28]/C
                            (rising edge-triggered cell FDRE clocked by net_clk  {rise@0.000ns fall@3.200ns period=6.400ns})
  Destination:            u_cap_in/u_fifo/mem_reg_0_15_60_65/RAMA/I
                            (rising edge-triggered cell RAMD32 clocked by net_clk  {rise@0.000ns fall@3.200ns period=6.400ns})
  Path Group:             net_clk
  Path Type:              Hold (Min at Fast Process Corner)
  Requirement:            0.000ns  (net_clk rise@0.000ns - net_clk rise@0.000ns)
  Data Path Delay:        0.266ns  (logic 0.141ns (53.024%)  route 0.125ns (46.976%))
  Logic Levels:           0  
  Clock Path Skew:        0.022ns (DCD - SCD - CPR)
    Destination Clock Delay (DCD):    0.432ns
    Source Clock Delay      (SCD):    0.410ns
    Clock Pessimism Removal (CPR):    -0.000ns

    Location             Delay type                Incr(ns)  Path(ns)    Netlist Resource(s)
  -------------------------------------------------------------------    -------------------
                         (clock net_clk rise edge)    0.000     0.000 r  
                                                      0.000     0.000 r  net_clk (IN)
                         net (fo=1291, unset)         0.410     0.410    u_clk/net_clk
    SLICE_X45Y41         FDRE                                         r  u_clk/time_sec_reg[28]/C
  -------------------------------------------------------------------    -------------------
    SLICE_X45Y41         FDRE (Prop_fdre_C_Q)         0.141     0.551 r  u_clk/time_sec_reg[28]/Q
                         net (fo=5, routed)           0.125     0.676    u_cap_in/u_fifo/mem_reg_0_15_60_65/DIA0
    SLICE_X46Y42         RAMD32                                       r  u_cap_in/u_fifo/mem_reg_0_15_60_65/RAMA/I
  -------------------------------------------------------------------    -------------------

                         (clock net_clk rise edge)    0.000     0.000 r  
                                                      0.000     0.000 r  net_clk (IN)
                         net (fo=1291, unset)         0.432     0.432    u_cap_in/u_fifo/mem_reg_0_15_60_65/WCLK
    SLICE_X46Y42         RAMD32                                       r  u_cap_in/u_fifo/mem_reg_0_15_60_65/RAMA/CLK
                         clock pessimism              0.000     0.432    
    SLICE_X46Y42         RAMD32 (Hold_ramd32_CLK_I)
                                                      0.147     0.579    u_cap_in/u_fifo/mem_reg_0_15_60_65/RAMA
  -------------------------------------------------------------------
                         required time                         -0.579    
                         arrival time                           0.676    
  -------------------------------------------------------------------
                         slack                                  0.097    

Slack (MET) :             0.099ns  (arrival time - required time)
  Source:                 u_hist/s1_delta_reg[14]/C
                            (rising edge-triggered cell FDRE clocked by net_clk  {rise@0.000ns fall@3.200ns period=6.400ns})
  Destination:            u_hist/s2_delta_reg[14]/D
                            (rising edge-triggered cell FDRE clocked by net_clk  {rise@0.000ns fall@3.200ns period=6.400ns})
  Path Group:             net_clk
  Path Type:              Hold (Min at Fast Process Corner)
  Requirement:            0.000ns  (net_clk rise@0.000ns - net_clk rise@0.000ns)
  Data Path Delay:        0.197ns  (logic 0.141ns (71.611%)  route 0.056ns (28.389%))
  Logic Levels:           0  
  Clock Path Skew:        0.022ns (DCD - SCD - CPR)
    Destination Clock Delay (DCD):    0.432ns
    Source Clock Delay      (SCD):    0.410ns
    Clock Pessimism Removal (CPR):    -0.000ns

    Location             Delay type                Incr(ns)  Path(ns)    Netlist Resource(s)
  -------------------------------------------------------------------    -------------------
                         (clock net_clk rise edge)    0.000     0.000 r  
                                                      0.000     0.000 r  net_clk (IN)
                         net (fo=1291, unset)         0.410     0.410    u_hist/net_clk
    SLICE_X37Y44         FDRE                                         r  u_hist/s1_delta_reg[14]/C
  -------------------------------------------------------------------    -------------------
    SLICE_X37Y44         FDRE (Prop_fdre_C_Q)         0.141     0.551 r  u_hist/s1_delta_reg[14]/Q
                         net (fo=1, routed)           0.056     0.607    u_hist/s1_delta[14]
    SLICE_X37Y44         FDRE                                         r  u_hist/s2_delta_reg[14]/D
  -------------------------------------------------------------------    -------------------

                         (clock net_clk rise edge)    0.000     0.000 r  
                                                      0.000     0.000 r  net_clk (IN)
                         net (fo=1291, unset)         0.432     0.432    u_hist/net_clk
    SLICE_X37Y44         FDRE                                         r  u_hist/s2_delta_reg[14]/C
                         clock pessimism              0.000     0.432    
    SLICE_X37Y44         FDRE (Hold_fdre_C_D)         0.076     0.508    u_hist/s2_delta_reg[14]
  -------------------------------------------------------------------
                         required time                         -0.508    
                         arrival time                           0.607    
  -------------------------------------------------------------------
                         slack                                  0.099    

Slack (MET) :             0.100ns  (arrival time - required time)
  Source:                 u_bridge/req_sync_reg[0]/C
                            (rising edge-triggered cell FDRE clocked by net_clk  {rise@0.000ns fall@3.200ns period=6.400ns})
  Destination:            u_bridge/req_sync_reg[1]/D
                            (rising edge-triggered cell FDRE clocked by net_clk  {rise@0.000ns fall@3.200ns period=6.400ns})
  Path Group:             net_clk
  Path Type:              Hold (Min at Fast Process Corner)
  Requirement:            0.000ns  (net_clk rise@0.000ns - net_clk rise@0.000ns)
  Data Path Delay:        0.197ns  (logic 0.141ns (71.611%)  route 0.056ns (28.389%))
  Logic Levels:           0  
  Clock Path Skew:        0.022ns (DCD - SCD - CPR)
    Destination Clock Delay (DCD):    0.432ns
    Source Clock Delay      (SCD):    0.410ns
    Clock Pessimism Removal (CPR):    -0.000ns

    Location             Delay type                Incr(ns)  Path(ns)    Netlist Resource(s)
  -------------------------------------------------------------------    -------------------
                         (clock net_clk rise edge)    0.000     0.000 r  
                                                      0.000     0.000 r  net_clk (IN)
                         net (fo=1291, unset)         0.410     0.410    u_bridge/net_clk
    SLICE_X39Y27         FDRE                                         r  u_bridge/req_sync_reg[0]/C
  -------------------------------------------------------------------    -------------------
    SLICE_X39Y27         FDRE (Prop_fdre_C_Q)         0.141     0.551 r  u_bridge/req_sync_reg[0]/Q
                         net (fo=1, routed)           0.056     0.607    u_bridge/req_sync[0]
    SLICE_X39Y27         FDRE                                         r  u_bridge/req_sync_reg[1]/D
  -------------------------------------------------------------------    -------------------

                         (clock net_clk rise edge)    0.000     0.000 r  
                                                      0.000     0.000 r  net_clk (IN)
                         net (fo=1291, unset)         0.432     0.432    u_bridge/net_clk
    SLICE_X39Y27         FDRE                                         r  u_bridge/req_sync_reg[1]/C
                         clock pessimism              0.000     0.432    
    SLICE_X39Y27         FDRE (Hold_fdre_C_D)         0.075     0.507    u_bridge/req_sync_reg[1]
  -------------------------------------------------------------------
                         required time                         -0.507    
                         arrival time                           0.607    
  -------------------------------------------------------------------
                         slack                                  0.100    

Slack (MET) :             0.100ns  (arrival time - required time)
  Source:                 u_hist/s1b_neg_reg/C
                            (rising edge-triggered cell FDRE clocked by net_clk  {rise@0.000ns fall@3.200ns period=6.400ns})
  Destination:            u_hist/s1_neg_reg/D
                            (rising edge-triggered cell FDRE clocked by net_clk  {rise@0.000ns fall@3.200ns period=6.400ns})
  Path Group:             net_clk
  Path Type:              Hold (Min at Fast Process Corner)
  Requirement:            0.000ns  (net_clk rise@0.000ns - net_clk rise@0.000ns)
  Data Path Delay:        0.197ns  (logic 0.141ns (71.611%)  route 0.056ns (28.389%))
  Logic Levels:           0  
  Clock Path Skew:        0.022ns (DCD - SCD - CPR)
    Destination Clock Delay (DCD):    0.432ns
    Source Clock Delay      (SCD):    0.410ns
    Clock Pessimism Removal (CPR):    -0.000ns

    Location             Delay type                Incr(ns)  Path(ns)    Netlist Resource(s)
  -------------------------------------------------------------------    -------------------
                         (clock net_clk rise edge)    0.000     0.000 r  
                                                      0.000     0.000 r  net_clk (IN)
                         net (fo=1291, unset)         0.410     0.410    u_hist/net_clk
    SLICE_X41Y42         FDRE                                         r  u_hist/s1b_neg_reg/C
  -------------------------------------------------------------------    -------------------
    SLICE_X41Y42         FDRE (Prop_fdre_C_Q)         0.141     0.551 r  u_hist/s1b_neg_reg/Q
                         net (fo=1, routed)           0.056     0.607    u_hist/s1b_neg
    SLICE_X41Y42         FDRE                                         r  u_hist/s1_neg_reg/D
  -------------------------------------------------------------------    -------------------

                         (clock net_clk rise edge)    0.000     0.000 r  
                                                      0.000     0.000 r  net_clk (IN)
                         net (fo=1291, unset)         0.432     0.432    u_hist/net_clk
    SLICE_X41Y42         FDRE                                         r  u_hist/s1_neg_reg/C
                         clock pessimism              0.000     0.432    
    SLICE_X41Y42         FDRE (Hold_fdre_C_D)         0.075     0.507    u_hist/s1_neg_reg
  -------------------------------------------------------------------
                         required time                         -0.507    
                         arrival time                           0.607    
  -------------------------------------------------------------------
                         slack                                  0.100    

Slack (MET) :             0.100ns  (arrival time - required time)
  Source:                 u_hist/s1_delta_reg[12]/C
                            (rising edge-triggered cell FDRE clocked by net_clk  {rise@0.000ns fall@3.200ns period=6.400ns})
  Destination:            u_hist/s2_delta_reg[12]/D
                            (rising edge-triggered cell FDRE clocked by net_clk  {rise@0.000ns fall@3.200ns period=6.400ns})
  Path Group:             net_clk
  Path Type:              Hold (Min at Fast Process Corner)
  Requirement:            0.000ns  (net_clk rise@0.000ns - net_clk rise@0.000ns)
  Data Path Delay:        0.197ns  (logic 0.141ns (71.611%)  route 0.056ns (28.389%))
  Logic Levels:           0  
  Clock Path Skew:        0.022ns (DCD - SCD - CPR)
    Destination Clock Delay (DCD):    0.432ns
    Source Clock Delay      (SCD):    0.410ns
    Clock Pessimism Removal (CPR):    -0.000ns

    Location             Delay type                Incr(ns)  Path(ns)    Netlist Resource(s)
  -------------------------------------------------------------------    -------------------
                         (clock net_clk rise edge)    0.000     0.000 r  
                                                      0.000     0.000 r  net_clk (IN)
                         net (fo=1291, unset)         0.410     0.410    u_hist/net_clk
    SLICE_X37Y44         FDRE                                         r  u_hist/s1_delta_reg[12]/C
  -------------------------------------------------------------------    -------------------
    SLICE_X37Y44         FDRE (Prop_fdre_C_Q)         0.141     0.551 r  u_hist/s1_delta_reg[12]/Q
                         net (fo=1, routed)           0.056     0.607    u_hist/s1_delta[12]
    SLICE_X37Y44         FDRE                                         r  u_hist/s2_delta_reg[12]/D
  -------------------------------------------------------------------    -------------------

                         (clock net_clk rise edge)    0.000     0.000 r  
                                                      0.000     0.000 r  net_clk (IN)
                         net (fo=1291, unset)         0.432     0.432    u_hist/net_clk
    SLICE_X37Y44         FDRE                                         r  u_hist/s2_delta_reg[12]/C
                         clock pessimism              0.000     0.432    
    SLICE_X37Y44         FDRE (Hold_fdre_C_D)         0.075     0.507    u_hist/s2_delta_reg[12]
  -------------------------------------------------------------------
                         required time                         -0.507    
                         arrival time                           0.607    
  -------------------------------------------------------------------
                         slack                                  0.100    

Slack (MET) :             0.104ns  (arrival time - required time)
  Source:                 u_hist/s1_delta_reg[13]/C
                            (rising edge-triggered cell FDRE clocked by net_clk  {rise@0.000ns fall@3.200ns period=6.400ns})
  Destination:            u_hist/s2_delta_reg[13]/D
                            (rising edge-triggered cell FDRE clocked by net_clk  {rise@0.000ns fall@3.200ns period=6.400ns})
  Path Group:             net_clk
  Path Type:              Hold (Min at Fast Process Corner)
  Requirement:            0.000ns  (net_clk rise@0.000ns - net_clk rise@0.000ns)
  Data Path Delay:        0.197ns  (logic 0.141ns (71.611%)  route 0.056ns (28.389%))
  Logic Levels:           0  
  Clock Path Skew:        0.022ns (DCD - SCD - CPR)
    Destination Clock Delay (DCD):    0.432ns
    Source Clock Delay      (SCD):    0.410ns
    Clock Pessimism Removal (CPR):    -0.000ns

    Location             Delay type                Incr(ns)  Path(ns)    Netlist Resource(s)
  -------------------------------------------------------------------    -------------------
                         (clock net_clk rise edge)    0.000     0.000 r  
                                                      0.000     0.000 r  net_clk (IN)
                         net (fo=1291, unset)         0.410     0.410    u_hist/net_clk
    SLICE_X37Y44         FDRE                                         r  u_hist/s1_delta_reg[13]/C
  -------------------------------------------------------------------    -------------------
    SLICE_X37Y44         FDRE (Prop_fdre_C_Q)         0.141     0.551 r  u_hist/s1_delta_reg[13]/Q
                         net (fo=1, routed)           0.056     0.607    u_hist/s1_delta[13]
    SLICE_X37Y44         FDRE                                         r  u_hist/s2_delta_reg[13]/D
  -------------------------------------------------------------------    -------------------

                         (clock net_clk rise edge)    0.000     0.000 r  
                                                      0.000     0.000 r  net_clk (IN)
                         net (fo=1291, unset)         0.432     0.432    u_hist/net_clk
    SLICE_X37Y44         FDRE                                         r  u_hist/s2_delta_reg[13]/C
                         clock pessimism              0.000     0.432    
    SLICE_X37Y44         FDRE (Hold_fdre_C_D)         0.071     0.503    u_hist/s2_delta_reg[13]
  -------------------------------------------------------------------
                         required time                         -0.503    
                         arrival time                           0.607    
  -------------------------------------------------------------------
                         slack                                  0.104    

Slack (MET) :             0.110ns  (arrival time - required time)
  Source:                 u_snap/req_sync_reg[0]/C
                            (rising edge-triggered cell FDRE clocked by net_clk  {rise@0.000ns fall@3.200ns period=6.400ns})
  Destination:            u_snap/req_sync_reg[1]/D
                            (rising edge-triggered cell FDRE clocked by net_clk  {rise@0.000ns fall@3.200ns period=6.400ns})
  Path Group:             net_clk
  Path Type:              Hold (Min at Fast Process Corner)
  Requirement:            0.000ns  (net_clk rise@0.000ns - net_clk rise@0.000ns)
  Data Path Delay:        0.206ns  (logic 0.141ns (68.336%)  route 0.065ns (31.664%))
  Logic Levels:           0  
  Clock Path Skew:        0.022ns (DCD - SCD - CPR)
    Destination Clock Delay (DCD):    0.432ns
    Source Clock Delay      (SCD):    0.410ns
    Clock Pessimism Removal (CPR):    -0.000ns

    Location             Delay type                Incr(ns)  Path(ns)    Netlist Resource(s)
  -------------------------------------------------------------------    -------------------
                         (clock net_clk rise edge)    0.000     0.000 r  
                                                      0.000     0.000 r  net_clk (IN)
                         net (fo=1291, unset)         0.410     0.410    u_snap/net_clk
    SLICE_X60Y37         FDRE                                         r  u_snap/req_sync_reg[0]/C
  -------------------------------------------------------------------    -------------------
    SLICE_X60Y37         FDRE (Prop_fdre_C_Q)         0.141     0.551 r  u_snap/req_sync_reg[0]/Q
                         net (fo=1, routed)           0.065     0.616    u_snap/req_sync[0]
    SLICE_X60Y37         FDRE                                         r  u_snap/req_sync_reg[1]/D
  -------------------------------------------------------------------    -------------------

                         (clock net_clk rise edge)    0.000     0.000 r  
                                                      0.000     0.000 r  net_clk (IN)
                         net (fo=1291, unset)         0.432     0.432    u_snap/net_clk
    SLICE_X60Y37         FDRE                                         r  u_snap/req_sync_reg[1]/C
                         clock pessimism              0.000     0.432    
    SLICE_X60Y37         FDRE (Hold_fdre_C_D)         0.075     0.507    u_snap/req_sync_reg[1]
  -------------------------------------------------------------------
                         required time                         -0.507    
                         arrival time                           0.616    
  -------------------------------------------------------------------
                         slack                                  0.110    

Slack (MET) :             0.121ns  (arrival time - required time)
  Source:                 u_clk/time_sec_reg[26]/C
                            (rising edge-triggered cell FDRE clocked by net_clk  {rise@0.000ns fall@3.200ns period=6.400ns})
  Destination:            u_cap_out/u_fifo/mem_reg_0_15_54_59/RAMC/I
                            (rising edge-triggered cell RAMD32 clocked by net_clk  {rise@0.000ns fall@3.200ns period=6.400ns})
  Path Group:             net_clk
  Path Type:              Hold (Min at Fast Process Corner)
  Requirement:            0.000ns  (net_clk rise@0.000ns - net_clk rise@0.000ns)
  Data Path Delay:        0.287ns  (logic 0.141ns (49.186%)  route 0.146ns (50.814%))
  Logic Levels:           0  
  Clock Path Skew:        0.022ns (DCD - SCD - CPR)
    Destination Clock Delay (DCD):    0.432ns
    Source Clock Delay      (SCD):    0.410ns
    Clock Pessimism Removal (CPR):    -0.000ns

    Location             Delay type                Incr(ns)  Path(ns)    Netlist Resource(s)
  -------------------------------------------------------------------    -------------------
                         (clock net_clk rise edge)    0.000     0.000 r  
                                                      0.000     0.000 r  net_clk (IN)
                         net (fo=1291, unset)         0.410     0.410    u_clk/net_clk
    SLICE_X51Y41         FDRE                                         r  u_clk/time_sec_reg[26]/C
  -------------------------------------------------------------------    -------------------
    SLICE_X51Y41         FDRE (Prop_fdre_C_Q)         0.141     0.551 r  u_clk/time_sec_reg[26]/Q
                         net (fo=5, routed)           0.146     0.697    u_cap_out/u_fifo/mem_reg_0_15_54_59/DIC0
    SLICE_X50Y41         RAMD32                                       r  u_cap_out/u_fifo/mem_reg_0_15_54_59/RAMC/I
  -------------------------------------------------------------------    -------------------

                         (clock net_clk rise edge)    0.000     0.000 r  
                                                      0.000     0.000 r  net_clk (IN)
                         net (fo=1291, unset)         0.432     0.432    u_cap_out/u_fifo/mem_reg_0_15_54_59/WCLK
    SLICE_X50Y41         RAMD32                                       r  u_cap_out/u_fifo/mem_reg_0_15_54_59/RAMC/CLK
                         clock pessimism              0.000     0.432    
    SLICE_X50Y41         RAMD32 (Hold_ramd32_CLK_I)
                                                      0.144     0.576    u_cap_out/u_fifo/mem_reg_0_15_54_59/RAMC
  -------------------------------------------------------------------
                         required time                         -0.576    
                         arrival time                           0.697    
  -------------------------------------------------------------------
                         slack                                  0.121    

Slack (MET) :             0.134ns  (arrival time - required time)
  Source:                 u_hist/s1_delta_reg[30]/C
                            (rising edge-triggered cell FDRE clocked by net_clk  {rise@0.000ns fall@3.200ns period=6.400ns})
  Destination:            u_hist/s2_delta_reg[30]/D
                            (rising edge-triggered cell FDRE clocked by net_clk  {rise@0.000ns fall@3.200ns period=6.400ns})
  Path Group:             net_clk
  Path Type:              Hold (Min at Fast Process Corner)
  Requirement:            0.000ns  (net_clk rise@0.000ns - net_clk rise@0.000ns)
  Data Path Delay:        0.220ns  (logic 0.164ns (74.580%)  route 0.056ns (25.420%))
  Logic Levels:           0  
  Clock Path Skew:        0.022ns (DCD - SCD - CPR)
    Destination Clock Delay (DCD):    0.432ns
    Source Clock Delay      (SCD):    0.410ns
    Clock Pessimism Removal (CPR):    -0.000ns

    Location             Delay type                Incr(ns)  Path(ns)    Netlist Resource(s)
  -------------------------------------------------------------------    -------------------
                         (clock net_clk rise edge)    0.000     0.000 r  
                                                      0.000     0.000 r  net_clk (IN)
                         net (fo=1291, unset)         0.410     0.410    u_hist/net_clk
    SLICE_X36Y45         FDRE                                         r  u_hist/s1_delta_reg[30]/C
  -------------------------------------------------------------------    -------------------
    SLICE_X36Y45         FDRE (Prop_fdre_C_Q)         0.164     0.574 r  u_hist/s1_delta_reg[30]/Q
                         net (fo=1, routed)           0.056     0.630    u_hist/s1_delta[30]
    SLICE_X36Y45         FDRE                                         r  u_hist/s2_delta_reg[30]/D
  -------------------------------------------------------------------    -------------------

                         (clock net_clk rise edge)    0.000     0.000 r  
                                                      0.000     0.000 r  net_clk (IN)
                         net (fo=1291, unset)         0.432     0.432    u_hist/net_clk
    SLICE_X36Y45         FDRE                                         r  u_hist/s2_delta_reg[30]/C
                         clock pessimism              0.000     0.432    
    SLICE_X36Y45         FDRE (Hold_fdre_C_D)         0.064     0.496    u_hist/s2_delta_reg[30]
  -------------------------------------------------------------------
                         required time                         -0.496    
                         arrival time                           0.630    
  -------------------------------------------------------------------
                         slack                                  0.134    

Slack (MET) :             0.134ns  (arrival time - required time)
  Source:                 u_hist/s1_delta_reg[31]/C
                            (rising edge-triggered cell FDRE clocked by net_clk  {rise@0.000ns fall@3.200ns period=6.400ns})
  Destination:            u_hist/s2_delta_reg[31]/D
                            (rising edge-triggered cell FDRE clocked by net_clk  {rise@0.000ns fall@3.200ns period=6.400ns})
  Path Group:             net_clk
  Path Type:              Hold (Min at Fast Process Corner)
  Requirement:            0.000ns  (net_clk rise@0.000ns - net_clk rise@0.000ns)
  Data Path Delay:        0.220ns  (logic 0.164ns (74.580%)  route 0.056ns (25.420%))
  Logic Levels:           0  
  Clock Path Skew:        0.022ns (DCD - SCD - CPR)
    Destination Clock Delay (DCD):    0.432ns
    Source Clock Delay      (SCD):    0.410ns
    Clock Pessimism Removal (CPR):    -0.000ns

    Location             Delay type                Incr(ns)  Path(ns)    Netlist Resource(s)
  -------------------------------------------------------------------    -------------------
                         (clock net_clk rise edge)    0.000     0.000 r  
                                                      0.000     0.000 r  net_clk (IN)
                         net (fo=1291, unset)         0.410     0.410    u_hist/net_clk
    SLICE_X36Y45         FDRE                                         r  u_hist/s1_delta_reg[31]/C
  -------------------------------------------------------------------    -------------------
    SLICE_X36Y45         FDRE (Prop_fdre_C_Q)         0.164     0.574 r  u_hist/s1_delta_reg[31]/Q
                         net (fo=1, routed)           0.056     0.630    u_hist/s1_delta[31]
    SLICE_X36Y45         FDRE                                         r  u_hist/s2_delta_reg[31]/D
  -------------------------------------------------------------------    -------------------

                         (clock net_clk rise edge)    0.000     0.000 r  
                                                      0.000     0.000 r  net_clk (IN)
                         net (fo=1291, unset)         0.432     0.432    u_hist/net_clk
    SLICE_X36Y45         FDRE                                         r  u_hist/s2_delta_reg[31]/C
                         clock pessimism              0.000     0.432    
    SLICE_X36Y45         FDRE (Hold_fdre_C_D)         0.064     0.496    u_hist/s2_delta_reg[31]
  -------------------------------------------------------------------
                         required time                         -0.496    
                         arrival time                           0.630    
  -------------------------------------------------------------------
                         slack                                  0.134    

Slack (MET) :             0.138ns  (arrival time - required time)
  Source:                 u_hist/s1_delta_reg[24]/C
                            (rising edge-triggered cell FDRE clocked by net_clk  {rise@0.000ns fall@3.200ns period=6.400ns})
  Destination:            u_hist/s2_delta_reg[24]/D
                            (rising edge-triggered cell FDRE clocked by net_clk  {rise@0.000ns fall@3.200ns period=6.400ns})
  Path Group:             net_clk
  Path Type:              Hold (Min at Fast Process Corner)
  Requirement:            0.000ns  (net_clk rise@0.000ns - net_clk rise@0.000ns)
  Data Path Delay:        0.220ns  (logic 0.164ns (74.580%)  route 0.056ns (25.420%))
  Logic Levels:           0  
  Clock Path Skew:        0.022ns (DCD - SCD - CPR)
    Destination Clock Delay (DCD):    0.432ns
    Source Clock Delay      (SCD):    0.410ns
    Clock Pessimism Removal (CPR):    -0.000ns

    Location             Delay type                Incr(ns)  Path(ns)    Netlist Resource(s)
  -------------------------------------------------------------------    -------------------
                         (clock net_clk rise edge)    0.000     0.000 r  
                                                      0.000     0.000 r  net_clk (IN)
                         net (fo=1291, unset)         0.410     0.410    u_hist/net_clk
    SLICE_X36Y45         FDRE                                         r  u_hist/s1_delta_reg[24]/C
  -------------------------------------------------------------------    -------------------
    SLICE_X36Y45         FDRE (Prop_fdre_C_Q)         0.164     0.574 r  u_hist/s1_delta_reg[24]/Q
                         net (fo=1, routed)           0.056     0.630    u_hist/s1_delta[24]
    SLICE_X36Y45         FDRE                                         r  u_hist/s2_delta_reg[24]/D
  -------------------------------------------------------------------    -------------------

                         (clock net_clk rise edge)    0.000     0.000 r  
                                                      0.000     0.000 r  net_clk (IN)
                         net (fo=1291, unset)         0.432     0.432    u_hist/net_clk
    SLICE_X36Y45         FDRE                                         r  u_hist/s2_delta_reg[24]/C
                         clock pessimism              0.000     0.432    
    SLICE_X36Y45         FDRE (Hold_fdre_C_D)         0.060     0.492    u_hist/s2_delta_reg[24]
  -------------------------------------------------------------------
                         required time                         -0.492    
                         arrival time                           0.630    
  -------------------------------------------------------------------
                         slack                                  0.138    

Slack (MET) :             0.145ns  (arrival time - required time)
  Source:                 u_hist/s1_delta_reg[27]/C
                            (rising edge-triggered cell FDRE clocked by net_clk  {rise@0.000ns fall@3.200ns period=6.400ns})
  Destination:            u_hist/s2_delta_reg[27]/D
                            (rising edge-triggered cell FDRE clocked by net_clk  {rise@0.000ns fall@3.200ns period=6.400ns})
  Path Group:             net_clk
  Path Type:              Hold (Min at Fast Process Corner)
  Requirement:            0.000ns  (net_clk rise@0.000ns - net_clk rise@0.000ns)
  Data Path Delay:        0.220ns  (logic 0.164ns (74.580%)  route 0.056ns (25.420%))
  Logic Levels:           0  
  Clock Path Skew:        0.022ns (DCD - SCD - CPR)
    Destination Clock Delay (DCD):    0.432ns
    Source Clock Delay      (SCD):    0.410ns
    Clock Pessimism Removal (CPR):    -0.000ns

    Location             Delay type                Incr(ns)  Path(ns)    Netlist Resource(s)
  -------------------------------------------------------------------    -------------------
                         (clock net_clk rise edge)    0.000     0.000 r  
                                                      0.000     0.000 r  net_clk (IN)
                         net (fo=1291, unset)         0.410     0.410    u_hist/net_clk
    SLICE_X36Y45         FDRE                                         r  u_hist/s1_delta_reg[27]/C
  -------------------------------------------------------------------    -------------------
    SLICE_X36Y45         FDRE (Prop_fdre_C_Q)         0.164     0.574 r  u_hist/s1_delta_reg[27]/Q
                         net (fo=1, routed)           0.056     0.630    u_hist/s1_delta[27]
    SLICE_X36Y45         FDRE                                         r  u_hist/s2_delta_reg[27]/D
  -------------------------------------------------------------------    -------------------

                         (clock net_clk rise edge)    0.000     0.000 r  
                                                      0.000     0.000 r  net_clk (IN)
                         net (fo=1291, unset)         0.432     0.432    u_hist/net_clk
    SLICE_X36Y45         FDRE                                         r  u_hist/s2_delta_reg[27]/C
                         clock pessimism              0.000     0.432    
    SLICE_X36Y45         FDRE (Hold_fdre_C_D)         0.053     0.485    u_hist/s2_delta_reg[27]
  -------------------------------------------------------------------
                         required time                         -0.485    
                         arrival time                           0.630    
  -------------------------------------------------------------------
                         slack                                  0.145    

Slack (MET) :             0.152ns  (arrival time - required time)
  Source:                 u_clk/time_sec_reg[4]/C
                            (rising edge-triggered cell FDRE clocked by net_clk  {rise@0.000ns fall@3.200ns period=6.400ns})
  Destination:            u_cap_out/u_fifo/mem_reg_0_15_36_41/RAMA/I
                            (rising edge-triggered cell RAMD32 clocked by net_clk  {rise@0.000ns fall@3.200ns period=6.400ns})
  Path Group:             net_clk
  Path Type:              Hold (Min at Fast Process Corner)
  Requirement:            0.000ns  (net_clk rise@0.000ns - net_clk rise@0.000ns)
  Data Path Delay:        0.321ns  (logic 0.141ns (43.983%)  route 0.180ns (56.017%))
  Logic Levels:           0  
  Clock Path Skew:        0.022ns (DCD - SCD - CPR)
    Destination Clock Delay (DCD):    0.432ns
    Source Clock Delay      (SCD):    0.410ns
    Clock Pessimism Removal (CPR):    -0.000ns

    Location             Delay type                Incr(ns)  Path(ns)    Netlist Resource(s)
  -------------------------------------------------------------------    -------------------
                         (clock net_clk rise edge)    0.000     0.000 r  
                                                      0.000     0.000 r  net_clk (IN)
                         net (fo=1291, unset)         0.410     0.410    u_clk/net_clk
    SLICE_X51Y38         FDRE                                         r  u_clk/time_sec_reg[4]/C
  -------------------------------------------------------------------    -------------------
    SLICE_X51Y38         FDRE (Prop_fdre_C_Q)         0.141     0.551 r  u_clk/time_sec_reg[4]/Q
                         net (fo=5, routed)           0.180     0.731    u_cap_out/u_fifo/mem_reg_0_15_36_41/DIA0
    SLICE_X50Y37         RAMD32                                       r  u_cap_out/u_fifo/mem_reg_0_15_36_41/RAMA/I
  -------------------------------------------------------------------    -------------------

                         (clock net_clk rise edge)    0.000     0.000 r  
                                                      0.000     0.000 r  net_clk (IN)
                         net (fo=1291, unset)         0.432     0.432    u_cap_out/u_fifo/mem_reg_0_15_36_41/WCLK
    SLICE_X50Y37         RAMD32                                       r  u_cap_out/u_fifo/mem_reg_0_15_36_41/RAMA/CLK
                         clock pessimism              0.000     0.432    
    SLICE_X50Y37         RAMD32 (Hold_ramd32_CLK_I)
                                                      0.147     0.579    u_cap_out/u_fifo/mem_reg_0_15_36_41/RAMA
  -------------------------------------------------------------------
                         required time                         -0.579    
                         arrival time                           0.731    
  -------------------------------------------------------------------
                         slack                                  0.152    

Slack (MET) :             0.153ns  (arrival time - required time)
  Source:                 u_clk/time_sec_reg[30]/C
                            (rising edge-triggered cell FDRE clocked by net_clk  {rise@0.000ns fall@3.200ns period=6.400ns})
  Destination:            u_cap_in/u_fifo/mem_reg_0_15_60_65/RAMB/I
                            (rising edge-triggered cell RAMD32 clocked by net_clk  {rise@0.000ns fall@3.200ns period=6.400ns})
  Path Group:             net_clk
  Path Type:              Hold (Min at Fast Process Corner)
  Requirement:            0.000ns  (net_clk rise@0.000ns - net_clk rise@0.000ns)
  Data Path Delay:        0.320ns  (logic 0.141ns (44.015%)  route 0.179ns (55.985%))
  Logic Levels:           0  
  Clock Path Skew:        0.022ns (DCD - SCD - CPR)
    Destination Clock Delay (DCD):    0.432ns
    Source Clock Delay      (SCD):    0.410ns
    Clock Pessimism Removal (CPR):    -0.000ns

    Location             Delay type                Incr(ns)  Path(ns)    Netlist Resource(s)
  -------------------------------------------------------------------    -------------------
                         (clock net_clk rise edge)    0.000     0.000 r  
                                                      0.000     0.000 r  net_clk (IN)
                         net (fo=1291, unset)         0.410     0.410    u_clk/net_clk
    SLICE_X45Y43         FDRE                                         r  u_clk/time_sec_reg[30]/C
  -------------------------------------------------------------------    -------------------
    SLICE_X45Y43         FDRE (Prop_fdre_C_Q)         0.141     0.551 r  u_clk/time_sec_reg[30]/Q
                         net (fo=5, routed)           0.179     0.730    u_cap_in/u_fifo/mem_reg_0_15_60_65/DIB0
    SLICE_X46Y42         RAMD32                                       r  u_cap_in/u_fifo/mem_reg_0_15_60_65/RAMB/I
  -------------------------------------------------------------------    -------------------

                         (clock net_clk rise edge)    0.000     0.000 r  
                                                      0.000     0.000 r  net_clk (IN)
                         net (fo=1291, unset)         0.432     0.432    u_cap_in/u_fifo/mem_reg_0_15_60_65/WCLK
    SLICE_X46Y42         RAMD32                                       r  u_cap_in/u_fifo/mem_reg_0_15_60_65/RAMB/CLK
                         clock pessimism              0.000     0.432    
    SLICE_X46Y42         RAMD32 (Hold_ramd32_CLK_I)
                                                      0.146     0.578    u_cap_in/u_fifo/mem_reg_0_15_60_65/RAMB
  -------------------------------------------------------------------
                         required time                         -0.578    
                         arrival time                           0.730    
  -------------------------------------------------------------------
                         slack                                  0.153    

Slack (MET) :             0.157ns  (arrival time - required time)
  Source:                 u_hist/s1_delta_reg[20]/C
                            (rising edge-triggered cell FDRE clocked by net_clk  {rise@0.000ns fall@3.200ns period=6.400ns})
  Destination:            u_hist/s2_delta_reg[20]/D
                            (rising edge-triggered cell FDRE clocked by net_clk  {rise@0.000ns fall@3.200ns period=6.400ns})
  Path Group:             net_clk
  Path Type:              Hold (Min at Fast Process Corner)
  Requirement:            0.000ns  (net_clk rise@0.000ns - net_clk rise@0.000ns)
  Data Path Delay:        0.251ns  (logic 0.141ns (56.174%)  route 0.110ns (43.826%))
  Logic Levels:           0  
  Clock Path Skew:        0.022ns (DCD - SCD - CPR)
    Destination Clock Delay (DCD):    0.432ns
    Source Clock Delay      (SCD):    0.410ns
    Clock Pessimism Removal (CPR):    -0.000ns

    Location             Delay type                Incr(ns)  Path(ns)    Netlist Resource(s)
  -------------------------------------------------------------------    -------------------
                         (clock net_clk rise edge)    0.000     0.000 r  
                                                      0.000     0.000 r  net_clk (IN)
                         net (fo=1291, unset)         0.410     0.410    u_hist/net_clk
    SLICE_X33Y45         FDRE                                         r  u_hist/s1_delta_reg[20]/C
  -------------------------------------------------------------------    -------------------
    SLICE_X33Y45         FDRE (Prop_fdre_C_Q)         0.141     0.551 r  u_hist/s1_delta_reg[20]/Q
                         net (fo=1, routed)           0.110     0.661    u_hist/s1_delta[20]
    SLICE_X33Y45         FDRE                                         r  u_hist/s2_delta_reg[20]/D
  -------------------------------------------------------------------    -------------------

                         (clock net_clk rise edge)    0.000     0.000 r  
                                                      0.000     0.000 r  net_clk (IN)
                         net (fo=1291, unset)         0.432     0.432    u_hist/net_clk
    SLICE_X33Y45         FDRE                                         r  u_hist/s2_delta_reg[20]/C
                         clock pessimism              0.000     0.432    
    SLICE_X33Y45         FDRE (Hold_fdre_C_D)         0.072     0.504    u_hist/s2_delta_reg[20]
  -------------------------------------------------------------------
                         required time                         -0.504    
                         arrival time                           0.661    
  -------------------------------------------------------------------
                         slack                                  0.157    

Slack (MET) :             0.161ns  (arrival time - required time)
  Source:                 u_clk/time_sec_reg[12]/C
                            (rising edge-triggered cell FDRE clocked by net_clk  {rise@0.000ns fall@3.200ns period=6.400ns})
  Destination:            u_cap_out/u_fifo/mem_reg_0_15_42_47/RAMB/I
                            (rising edge-triggered cell RAMD32 clocked by net_clk  {rise@0.000ns fall@3.200ns period=6.400ns})
  Path Group:             net_clk
  Path Type:              Hold (Min at Fast Process Corner)
  Requirement:            0.000ns  (net_clk rise@0.000ns - net_clk rise@0.000ns)
  Data Path Delay:        0.328ns  (logic 0.141ns (42.952%)  route 0.187ns (57.048%))
  Logic Levels:           0  
  Clock Path Skew:        0.022ns (DCD - SCD - CPR)
    Destination Clock Delay (DCD):    0.432ns
    Source Clock Delay      (SCD):    0.410ns
    Clock Pessimism Removal (CPR):    -0.000ns

    Location             Delay type                Incr(ns)  Path(ns)    Netlist Resource(s)
  -------------------------------------------------------------------    -------------------
                         (clock net_clk rise edge)    0.000     0.000 r  
                                                      0.000     0.000 r  net_clk (IN)
                         net (fo=1291, unset)         0.410     0.410    u_clk/net_clk
    SLICE_X45Y42         FDRE                                         r  u_clk/time_sec_reg[12]/C
  -------------------------------------------------------------------    -------------------
    SLICE_X45Y42         FDRE (Prop_fdre_C_Q)         0.141     0.551 r  u_clk/time_sec_reg[12]/Q
                         net (fo=5, routed)           0.187     0.738    u_cap_out/u_fifo/mem_reg_0_15_42_47/DIB0
    SLICE_X46Y39         RAMD32                                       r  u_cap_out/u_fifo/mem_reg_0_15_42_47/RAMB/I
  -------------------------------------------------------------------    -------------------

                         (clock net_clk rise edge)    0.000     0.000 r  
                                                      0.000     0.000 r  net_clk (IN)
                         net (fo=1291, unset)         0.432     0.432    u_cap_out/u_fifo/mem_reg_0_15_42_47/WCLK
    SLICE_X46Y39         RAMD32                                       r  u_cap_out/u_fifo/mem_reg_0_15_42_47/RAMB/CLK
                         clock pessimism              0.000     0.432    
    SLICE_X46Y39         RAMD32 (Hold_ramd32_CLK_I)
                                                      0.146     0.578    u_cap_out/u_fifo/mem_reg_0_15_42_47/RAMB
  -------------------------------------------------------------------
                         required time                         -0.578    
                         arrival time                           0.738    
  -------------------------------------------------------------------
                         slack                                  0.161    

Slack (MET) :             0.163ns  (arrival time - required time)
  Source:                 u_hist/s1_delta_reg[7]/C
                            (rising edge-triggered cell FDRE clocked by net_clk  {rise@0.000ns fall@3.200ns period=6.400ns})
  Destination:            u_hist/s2_delta_reg[7]/D
                            (rising edge-triggered cell FDRE clocked by net_clk  {rise@0.000ns fall@3.200ns period=6.400ns})
  Path Group:             net_clk
  Path Type:              Hold (Min at Fast Process Corner)
  Requirement:            0.000ns  (net_clk rise@0.000ns - net_clk rise@0.000ns)
  Data Path Delay:        0.255ns  (logic 0.141ns (55.385%)  route 0.114ns (44.615%))
  Logic Levels:           0  
  Clock Path Skew:        0.022ns (DCD - SCD - CPR)
    Destination Clock Delay (DCD):    0.432ns
    Source Clock Delay      (SCD):    0.410ns
    Clock Pessimism Removal (CPR):    -0.000ns

    Location             Delay type                Incr(ns)  Path(ns)    Netlist Resource(s)
  -------------------------------------------------------------------    -------------------
                         (clock net_clk rise edge)    0.000     0.000 r  
                                                      0.000     0.000 r  net_clk (IN)
                         net (fo=1291, unset)         0.410     0.410    u_hist/net_clk
    SLICE_X28Y40         FDRE                                         r  u_hist/s1_delta_reg[7]/C
  -------------------------------------------------------------------    -------------------
    SLICE_X28Y40         FDRE (Prop_fdre_C_Q)         0.141     0.551 r  u_hist/s1_delta_reg[7]/Q
                         net (fo=1, routed)           0.114     0.665    u_hist/s1_delta[7]
    SLICE_X28Y40         FDRE                                         r  u_hist/s2_delta_reg[7]/D
  -------------------------------------------------------------------    -------------------

                         (clock net_clk rise edge)    0.000     0.000 r  
                                                      0.000     0.000 r  net_clk (IN)
                         net (fo=1291, unset)         0.432     0.432    u_hist/net_clk
    SLICE_X28Y40         FDRE                                         r  u_hist/s2_delta_reg[7]/C
                         clock pessimism              0.000     0.432    
    SLICE_X28Y40         FDRE (Hold_fdre_C_D)         0.070     0.502    u_hist/s2_delta_reg[7]
  -------------------------------------------------------------------
                         required time                         -0.502    
                         arrival time                           0.665    
  -------------------------------------------------------------------
                         slack                                  0.163    

Slack (MET) :             0.178ns  (arrival time - required time)
  Source:                 u_clk/time_sec_reg[11]/C
                            (rising edge-triggered cell FDRE clocked by net_clk  {rise@0.000ns fall@3.200ns period=6.400ns})
  Destination:            u_cap_out/u_fifo/mem_reg_0_15_42_47/RAMA_D1/I
                            (rising edge-triggered cell RAMD32 clocked by net_clk  {rise@0.000ns fall@3.200ns period=6.400ns})
  Path Group:             net_clk
  Path Type:              Hold (Min at Fast Process Corner)
  Requirement:            0.000ns  (net_clk rise@0.000ns - net_clk rise@0.000ns)
  Data Path Delay:        0.320ns  (logic 0.141ns (44.130%)  route 0.179ns (55.870%))
  Logic Levels:           0  
  Clock Path Skew:        0.022ns (DCD - SCD - CPR)
    Destination Clock Delay (DCD):    0.432ns
    Source Clock Delay      (SCD):    0.410ns
    Clock Pessimism Removal (CPR):    -0.000ns

    Location             Delay type                Incr(ns)  Path(ns)    Netlist Resource(s)
  -------------------------------------------------------------------    -------------------
                         (clock net_clk rise edge)    0.000     0.000 r  
                                                      0.000     0.000 r  net_clk (IN)
                         net (fo=1291, unset)         0.410     0.410    u_clk/net_clk
    SLICE_X45Y37         FDRE                                         r  u_clk/time_sec_reg[11]/C
  -------------------------------------------------------------------    -------------------
    SLICE_X45Y37         FDRE (Prop_fdre_C_Q)         0.141     0.551 r  u_clk/time_sec_reg[11]/Q
                         net (fo=5, routed)           0.179     0.730    u_cap_out/u_fifo/mem_reg_0_15_42_47/DIA1
    SLICE_X46Y39         RAMD32                                       r  u_cap_out/u_fifo/mem_reg_0_15_42_47/RAMA_D1/I
  -------------------------------------------------------------------    -------------------

                         (clock net_clk rise edge)    0.000     0.000 r  
                                                      0.000     0.000 r  net_clk (IN)
                         net (fo=1291, unset)         0.432     0.432    u_cap_out/u_fifo/mem_reg_0_15_42_47/WCLK
    SLICE_X46Y39         RAMD32                                       r  u_cap_out/u_fifo/mem_reg_0_15_42_47/RAMA_D1/CLK
                         clock pessimism              0.000     0.432    
    SLICE_X46Y39         RAMD32 (Hold_ramd32_CLK_I)
                                                      0.120     0.552    u_cap_out/u_fifo/mem_reg_0_15_42_47/RAMA_D1
  -------------------------------------------------------------------
                         required time                         -0.552    
                         arrival time                           0.730    
  -------------------------------------------------------------------
                         slack                                  0.178    

Slack (MET) :             0.178ns  (arrival time - required time)
  Source:                 u_clk/time_sec_reg[20]/C
                            (rising edge-triggered cell FDRE clocked by net_clk  {rise@0.000ns fall@3.200ns period=6.400ns})
  Destination:            u_cap_in/u_fifo/mem_reg_0_15_48_53/RAMC/I
                            (rising edge-triggered cell RAMD32 clocked by net_clk  {rise@0.000ns fall@3.200ns period=6.400ns})
  Path Group:             net_clk
  Path Type:              Hold (Min at Fast Process Corner)
  Requirement:            0.000ns  (net_clk rise@0.000ns - net_clk rise@0.000ns)
  Data Path Delay:        0.344ns  (logic 0.164ns (47.679%)  route 0.180ns (52.321%))
  Logic Levels:           0  
  Clock Path Skew:        0.022ns (DCD - SCD - CPR)
    Destination Clock Delay (DCD):    0.432ns
    Source Clock Delay      (SCD):    0.410ns
    Clock Pessimism Removal (CPR):    -0.000ns

    Location             Delay type                Incr(ns)  Path(ns)    Netlist Resource(s)
  -------------------------------------------------------------------    -------------------
                         (clock net_clk rise edge)    0.000     0.000 r  
                                                      0.000     0.000 r  net_clk (IN)
                         net (fo=1291, unset)         0.410     0.410    u_clk/net_clk
    SLICE_X42Y41         FDRE                                         r  u_clk/time_sec_reg[20]/C
  -------------------------------------------------------------------    -------------------
    SLICE_X42Y41         FDRE (Prop_fdre_C_Q)         0.164     0.574 r  u_clk/time_sec_reg[20]/Q
                         net (fo=5, routed)           0.180     0.754    u_cap_in/u_fifo/mem_reg_0_15_48_53/DIC0
    SLICE_X46Y40         RAMD32                                       r  u_cap_in/u_fifo/mem_reg_0_15_48_53/RAMC/I
  -------------------------------------------------------------------    -------------------

                         (clock net_clk rise edge)    0.000     0.000 r  
                                                      0.000     0.000 r  net_clk (IN)
                         net (fo=1291, unset)         0.432     0.432    u_cap_in/u_fifo/mem_reg_0_15_48_53/WCLK
    SLICE_X46Y40         RAMD32                                       r  u_cap_in/u_fifo/mem_reg_0_15_48_53/RAMC/CLK
                         clock pessimism              0.000     0.432    
    SLICE_X46Y40         RAMD32 (Hold_ramd32_CLK_I)
                                                      0.144     0.576    u_cap_in/u_fifo/mem_reg_0_15_48_53/RAMC
  -------------------------------------------------------------------
                         required time                         -0.576    
                         arrival time                           0.754    
  -------------------------------------------------------------------
                         slack                                  0.178    





Pulse Width Checks
--------------------------------------------------------------------------------------
Clock Name:         net_clk
Waveform(ns):       { 0.000 3.200 }
Period(ns):         6.400
Sources:            { net_clk }

Check Type        Corner  Lib Pin             Reference Pin  Required(ns)  Actual(ns)  Slack(ns)  Location      Pin
Min Period        n/a     RAMB18E1/CLKARDCLK  n/a            2.944         6.400       3.456      RAMB18_X1Y16  u_hist/bin_mem_reg/CLKARDCLK
Min Period        n/a     RAMB18E1/CLKBWRCLK  n/a            2.944         6.400       3.456      RAMB18_X1Y16  u_hist/bin_mem_reg/CLKBWRCLK
Min Period        n/a     FDRE/C              n/a            1.000         6.400       5.400      SLICE_X35Y28  u_bridge/ack_tgl_reg/C
Min Period        n/a     FDRE/C              n/a            1.000         6.400       5.400      SLICE_X33Y33  u_bridge/rdata_hold_reg[0]/C
Min Period        n/a     FDRE/C              n/a            1.000         6.400       5.400      SLICE_X32Y37  u_bridge/rdata_hold_reg[10]/C
Min Period        n/a     FDRE/C              n/a            1.000         6.400       5.400      SLICE_X32Y35  u_bridge/rdata_hold_reg[11]/C
Min Period        n/a     FDRE/C              n/a            1.000         6.400       5.400      SLICE_X32Y35  u_bridge/rdata_hold_reg[12]/C
Min Period        n/a     FDRE/C              n/a            1.000         6.400       5.400      SLICE_X32Y36  u_bridge/rdata_hold_reg[13]/C
Min Period        n/a     FDRE/C              n/a            1.000         6.400       5.400      SLICE_X34Y36  u_bridge/rdata_hold_reg[14]/C
Min Period        n/a     FDRE/C              n/a            1.000         6.400       5.400      SLICE_X32Y37  u_bridge/rdata_hold_reg[15]/C
Min Period        n/a     FDRE/C              n/a            1.000         6.400       5.400      SLICE_X33Y37  u_bridge/rdata_hold_reg[16]/C
Min Period        n/a     FDRE/C              n/a            1.000         6.400       5.400      SLICE_X36Y41  u_bridge/rdata_hold_reg[17]/C
Min Period        n/a     FDRE/C              n/a            1.000         6.400       5.400      SLICE_X32Y39  u_bridge/rdata_hold_reg[18]/C
Min Period        n/a     FDRE/C              n/a            1.000         6.400       5.400      SLICE_X32Y39  u_bridge/rdata_hold_reg[19]/C
Min Period        n/a     FDRE/C              n/a            1.000         6.400       5.400      SLICE_X32Y33  u_bridge/rdata_hold_reg[1]/C
Min Period        n/a     FDRE/C              n/a            1.000         6.400       5.400      SLICE_X34Y37  u_bridge/rdata_hold_reg[20]/C
Min Period        n/a     FDRE/C              n/a            1.000         6.400       5.400      SLICE_X37Y42  u_bridge/rdata_hold_reg[21]/C
Min Period        n/a     FDRE/C              n/a            1.000         6.400       5.400      SLICE_X38Y42  u_bridge/rdata_hold_reg[22]/C
Min Period        n/a     FDRE/C              n/a            1.000         6.400       5.400      SLICE_X37Y42  u_bridge/rdata_hold_reg[23]/C
Min Period        n/a     FDRE/C              n/a            1.000         6.400       5.400      SLICE_X38Y42  u_bridge/rdata_hold_reg[24]/C
Low Pulse Width   Slow    RAMD32/CLK          n/a            1.250         3.200       1.950      SLICE_X38Y34  u_cap_in/u_fifo/mem_reg_0_15_0_5/RAMA/CLK
Low Pulse Width   Fast    RAMD32/CLK          n/a            1.250         3.200       1.950      SLICE_X38Y34  u_cap_in/u_fifo/mem_reg_0_15_0_5/RAMA/CLK
Low Pulse Width   Slow    RAMD32/CLK          n/a            1.250         3.200       1.950      SLICE_X38Y34  u_cap_in/u_fifo/mem_reg_0_15_0_5/RAMA_D1/CLK
Low Pulse Width   Fast    RAMD32/CLK          n/a            1.250         3.200       1.950      SLICE_X38Y34  u_cap_in/u_fifo/mem_reg_0_15_0_5/RAMA_D1/CLK
Low Pulse Width   Slow    RAMD32/CLK          n/a            1.250         3.200       1.950      SLICE_X38Y34  u_cap_in/u_fifo/mem_reg_0_15_0_5/RAMB/CLK
Low Pulse Width   Fast    RAMD32/CLK          n/a            1.250         3.200       1.950      SLICE_X38Y34  u_cap_in/u_fifo/mem_reg_0_15_0_5/RAMB/CLK
Low Pulse Width   Slow    RAMD32/CLK          n/a            1.250         3.200       1.950      SLICE_X38Y34  u_cap_in/u_fifo/mem_reg_0_15_0_5/RAMB_D1/CLK
Low Pulse Width   Fast    RAMD32/CLK          n/a            1.250         3.200       1.950      SLICE_X38Y34  u_cap_in/u_fifo/mem_reg_0_15_0_5/RAMB_D1/CLK
Low Pulse Width   Slow    RAMD32/CLK          n/a            1.250         3.200       1.950      SLICE_X38Y34  u_cap_in/u_fifo/mem_reg_0_15_0_5/RAMC/CLK
Low Pulse Width   Fast    RAMD32/CLK          n/a            1.250         3.200       1.950      SLICE_X38Y34  u_cap_in/u_fifo/mem_reg_0_15_0_5/RAMC/CLK
Low Pulse Width   Slow    RAMD32/CLK          n/a            1.250         3.200       1.950      SLICE_X38Y34  u_cap_in/u_fifo/mem_reg_0_15_0_5/RAMC_D1/CLK
Low Pulse Width   Fast    RAMD32/CLK          n/a            1.250         3.200       1.950      SLICE_X38Y34  u_cap_in/u_fifo/mem_reg_0_15_0_5/RAMC_D1/CLK
Low Pulse Width   Slow    RAMS32/CLK          n/a            1.250         3.200       1.950      SLICE_X38Y34  u_cap_in/u_fifo/mem_reg_0_15_0_5/RAMD/CLK
Low Pulse Width   Fast    RAMS32/CLK          n/a            1.250         3.200       1.950      SLICE_X38Y34  u_cap_in/u_fifo/mem_reg_0_15_0_5/RAMD/CLK
Low Pulse Width   Slow    RAMS32/CLK          n/a            1.250         3.200       1.950      SLICE_X38Y34  u_cap_in/u_fifo/mem_reg_0_15_0_5/RAMD_D1/CLK
Low Pulse Width   Fast    RAMS32/CLK          n/a            1.250         3.200       1.950      SLICE_X38Y34  u_cap_in/u_fifo/mem_reg_0_15_0_5/RAMD_D1/CLK
Low Pulse Width   Slow    RAMD32/CLK          n/a            1.250         3.200       1.950      SLICE_X36Y37  u_cap_in/u_fifo/mem_reg_0_15_12_17/RAMA/CLK
Low Pulse Width   Fast    RAMD32/CLK          n/a            1.250         3.200       1.950      SLICE_X36Y37  u_cap_in/u_fifo/mem_reg_0_15_12_17/RAMA/CLK
Low Pulse Width   Slow    RAMD32/CLK          n/a            1.250         3.200       1.950      SLICE_X36Y37  u_cap_in/u_fifo/mem_reg_0_15_12_17/RAMA_D1/CLK
Low Pulse Width   Fast    RAMD32/CLK          n/a            1.250         3.200       1.950      SLICE_X36Y37  u_cap_in/u_fifo/mem_reg_0_15_12_17/RAMA_D1/CLK
High Pulse Width  Slow    RAMD32/CLK          n/a            1.250         3.200       1.950      SLICE_X38Y34  u_cap_in/u_fifo/mem_reg_0_15_0_5/RAMA/CLK
High Pulse Width  Fast    RAMD32/CLK          n/a            1.250         3.200       1.950      SLICE_X38Y34  u_cap_in/u_fifo/mem_reg_0_15_0_5/RAMA/CLK
High Pulse Width  Slow    RAMD32/CLK          n/a            1.250         3.200       1.950      SLICE_X38Y34  u_cap_in/u_fifo/mem_reg_0_15_0_5/RAMA_D1/CLK
High Pulse Width  Fast    RAMD32/CLK          n/a            1.250         3.200       1.950      SLICE_X38Y34  u_cap_in/u_fifo/mem_reg_0_15_0_5/RAMA_D1/CLK
High Pulse Width  Slow    RAMD32/CLK          n/a            1.250         3.200       1.950      SLICE_X38Y34  u_cap_in/u_fifo/mem_reg_0_15_0_5/RAMB/CLK
High Pulse Width  Fast    RAMD32/CLK          n/a            1.250         3.200       1.950      SLICE_X38Y34  u_cap_in/u_fifo/mem_reg_0_15_0_5/RAMB/CLK
High Pulse Width  Slow    RAMD32/CLK          n/a            1.250         3.200       1.950      SLICE_X38Y34  u_cap_in/u_fifo/mem_reg_0_15_0_5/RAMB_D1/CLK
High Pulse Width  Fast    RAMD32/CLK          n/a            1.250         3.200       1.950      SLICE_X38Y34  u_cap_in/u_fifo/mem_reg_0_15_0_5/RAMB_D1/CLK
High Pulse Width  Slow    RAMD32/CLK          n/a            1.250         3.200       1.950      SLICE_X38Y34  u_cap_in/u_fifo/mem_reg_0_15_0_5/RAMC/CLK
High Pulse Width  Fast    RAMD32/CLK          n/a            1.250         3.200       1.950      SLICE_X38Y34  u_cap_in/u_fifo/mem_reg_0_15_0_5/RAMC/CLK
High Pulse Width  Slow    RAMD32/CLK          n/a            1.250         3.200       1.950      SLICE_X38Y34  u_cap_in/u_fifo/mem_reg_0_15_0_5/RAMC_D1/CLK
High Pulse Width  Fast    RAMD32/CLK          n/a            1.250         3.200       1.950      SLICE_X38Y34  u_cap_in/u_fifo/mem_reg_0_15_0_5/RAMC_D1/CLK
High Pulse Width  Slow    RAMS32/CLK          n/a            1.250         3.200       1.950      SLICE_X38Y34  u_cap_in/u_fifo/mem_reg_0_15_0_5/RAMD/CLK
High Pulse Width  Fast    RAMS32/CLK          n/a            1.250         3.200       1.950      SLICE_X38Y34  u_cap_in/u_fifo/mem_reg_0_15_0_5/RAMD/CLK
High Pulse Width  Slow    RAMS32/CLK          n/a            1.250         3.200       1.950      SLICE_X38Y34  u_cap_in/u_fifo/mem_reg_0_15_0_5/RAMD_D1/CLK
High Pulse Width  Fast    RAMS32/CLK          n/a            1.250         3.200       1.950      SLICE_X38Y34  u_cap_in/u_fifo/mem_reg_0_15_0_5/RAMD_D1/CLK
High Pulse Width  Slow    RAMD32/CLK          n/a            1.250         3.200       1.950      SLICE_X36Y37  u_cap_in/u_fifo/mem_reg_0_15_12_17/RAMA/CLK
High Pulse Width  Fast    RAMD32/CLK          n/a            1.250         3.200       1.950      SLICE_X36Y37  u_cap_in/u_fifo/mem_reg_0_15_12_17/RAMA/CLK
High Pulse Width  Slow    RAMD32/CLK          n/a            1.250         3.200       1.950      SLICE_X36Y37  u_cap_in/u_fifo/mem_reg_0_15_12_17/RAMA_D1/CLK
High Pulse Width  Fast    RAMD32/CLK          n/a            1.250         3.200       1.950      SLICE_X36Y37  u_cap_in/u_fifo/mem_reg_0_15_12_17/RAMA_D1/CLK



---------------------------------------------------------------------------------------------------
From Clock:  net_clk
  To Clock:  aclk

Setup :            0  Failing Endpoints,  Worst Slack        4.518ns,  Total Violation        0.000ns
Hold  :           NA  Failing Endpoints,  Worst Slack           NA  ,  Total Violation           NA
---------------------------------------------------------------------------------------------------


Max Delay Paths
--------------------------------------------------------------------------------------
Slack (MET) :             4.518ns  (required time - arrival time)
  Source:                 u_bridge/rdata_hold_reg[26]/C
                            (rising edge-triggered cell FDRE clocked by net_clk  {rise@0.000ns fall@3.200ns period=6.400ns})
  Destination:            u_bridge/m_rdata_reg[26]/D
                            (rising edge-triggered cell FDRE clocked by aclk  {rise@0.000ns fall@5.000ns period=10.000ns})
  Path Group:             aclk
  Path Type:              Setup (Max at Slow Process Corner)
  Requirement:            6.400ns  (MaxDelay Path 6.400ns)
  Data Path Delay:        1.773ns  (logic 0.518ns (29.223%)  route 1.255ns (70.777%))
  Logic Levels:           0  
  Timing Exception:       MaxDelay Path 6.400ns -datapath_only

    Location             Delay type                Incr(ns)  Path(ns)    Netlist Resource(s)
  -------------------------------------------------------------------    -------------------
    SLICE_X36Y42                                      0.000     0.000 r  u_bridge/rdata_hold_reg[26]/C
    SLICE_X36Y42         FDRE (Prop_fdre_C_Q)         0.518     0.518 r  u_bridge/rdata_hold_reg[26]/Q
                         net (fo=1, routed)           1.255     1.773    u_bridge/rdata_hold[26]
    SLICE_X47Y42         FDRE                                         r  u_bridge/m_rdata_reg[26]/D
  -------------------------------------------------------------------    -------------------

                         max delay                    6.400     6.400    
    SLICE_X47Y42         FDRE (Setup_fdre_C_D)       -0.109     6.291    u_bridge/m_rdata_reg[26]
  -------------------------------------------------------------------
                         required time                          6.291    
                         arrival time                          -1.773    
  -------------------------------------------------------------------
                         slack                                  4.518    

Slack (MET) :             4.684ns  (required time - arrival time)
  Source:                 u_bridge/rdata_hold_reg[17]/C
                            (rising edge-triggered cell FDRE clocked by net_clk  {rise@0.000ns fall@3.200ns period=6.400ns})
  Destination:            u_bridge/m_rdata_reg[17]/D
                            (rising edge-triggered cell FDRE clocked by aclk  {rise@0.000ns fall@5.000ns period=10.000ns})
  Path Group:             aclk
  Path Type:              Setup (Max at Slow Process Corner)
  Requirement:            6.400ns  (MaxDelay Path 6.400ns)
  Data Path Delay:        1.658ns  (logic 0.518ns (31.249%)  route 1.140ns (68.751%))
  Logic Levels:           0  
  Timing Exception:       MaxDelay Path 6.400ns -datapath_only

    Location             Delay type                Incr(ns)  Path(ns)    Netlist Resource(s)
  -------------------------------------------------------------------    -------------------
    SLICE_X36Y41                                      0.000     0.000 r  u_bridge/rdata_hold_reg[17]/C
    SLICE_X36Y41         FDRE (Prop_fdre_C_Q)         0.518     0.518 r  u_bridge/rdata_hold_reg[17]/Q
                         net (fo=1, routed)           1.140     1.658    u_bridge/rdata_hold[17]
    SLICE_X38Y41         FDRE                                         r  u_bridge/m_rdata_reg[17]/D
  -------------------------------------------------------------------    -------------------

                         max delay                    6.400     6.400    
    SLICE_X38Y41         FDRE (Setup_fdre_C_D)       -0.058     6.342    u_bridge/m_rdata_reg[17]
  -------------------------------------------------------------------
                         required time                          6.342    
                         arrival time                          -1.658    
  -------------------------------------------------------------------
                         slack                                  4.684    

Slack (MET) :             4.817ns  (required time - arrival time)
  Source:                 u_bridge/rdata_hold_reg[22]/C
                            (rising edge-triggered cell FDRE clocked by net_clk  {rise@0.000ns fall@3.200ns period=6.400ns})
  Destination:            u_bridge/m_rdata_reg[22]/D
                            (rising edge-triggered cell FDRE clocked by aclk  {rise@0.000ns fall@5.000ns period=10.000ns})
  Path Group:             aclk
  Path Type:              Setup (Max at Slow Process Corner)
  Requirement:            6.400ns  (MaxDelay Path 6.400ns)
  Data Path Delay:        1.478ns  (logic 0.518ns (35.036%)  route 0.960ns (64.964%))
  Logic Levels:           0  
  Timing Exception:       MaxDelay Path 6.400ns -datapath_only

    Location             Delay type                Incr(ns)  Path(ns)    Netlist Resource(s)
  -------------------------------------------------------------------    -------------------
    SLICE_X38Y42                                      0.000     0.000 r  u_bridge/rdata_hold_reg[22]/C
    SLICE_X38Y42         FDRE (Prop_fdre_C_Q)         0.518     0.518 r  u_bridge/rdata_hold_reg[22]/Q
                         net (fo=1, routed)           0.960     1.478    u_bridge/rdata_hold[22]
    SLICE_X40Y39         FDRE                                         r  u_bridge/m_rdata_reg[22]/D
  -------------------------------------------------------------------    -------------------

                         max delay                    6.400     6.400    
    SLICE_X40Y39         FDRE (Setup_fdre_C_D)       -0.105     6.295    u_bridge/m_rdata_reg[22]
  -------------------------------------------------------------------
                         required time                          6.295    
                         arrival time                          -1.478    
  -------------------------------------------------------------------
                         slack                                  4.817    

Slack (MET) :             4.831ns  (required time - arrival time)
  Source:                 u_bridge/rdata_hold_reg[30]/C
                            (rising edge-triggered cell FDRE clocked by net_clk  {rise@0.000ns fall@3.200ns period=6.400ns})
  Destination:            u_bridge/m_rdata_reg[30]/D
                            (rising edge-triggered cell FDRE clocked by aclk  {rise@0.000ns fall@5.000ns period=10.000ns})
  Path Group:             aclk
  Path Type:              Setup (Max at Slow Process Corner)
  Requirement:            6.400ns  (MaxDelay Path 6.400ns)
  Data Path Delay:        1.464ns  (logic 0.518ns (35.384%)  route 0.946ns (64.616%))
  Logic Levels:           0  
  Timing Exception:       MaxDelay Path 6.400ns -datapath_only

    Location             Delay type                Incr(ns)  Path(ns)    Netlist Resource(s)
  -------------------------------------------------------------------    -------------------
    SLICE_X36Y43                                      0.000     0.000 r  u_bridge/rdata_hold_reg[30]/C
    SLICE_X36Y43         FDRE (Prop_fdre_C_Q)         0.518     0.518 r  u_bridge/rdata_hold_reg[30]/Q
                         net (fo=1, routed)           0.946     1.464    u_bridge/rdata_hold[30]
    SLICE_X40Y42         FDRE                                         r  u_bridge/m_rdata_reg[30]/D
  -------------------------------------------------------------------    -------------------

                         max delay                    6.400     6.400    
    SLICE_X40Y42         FDRE (Setup_fdre_C_D)       -0.105     6.295    u_bridge/m_rdata_reg[30]
  -------------------------------------------------------------------
                         required time                          6.295    
                         arrival time                          -1.464    
  -------------------------------------------------------------------
                         slack                                  4.831    

Slack (MET) :             4.838ns  (required time - arrival time)
  Source:                 u_bridge/rdata_hold_reg[0]/C
                            (rising edge-triggered cell FDRE clocked by net_clk  {rise@0.000ns fall@3.200ns period=6.400ns})
  Destination:            u_bridge/m_rdata_reg[0]/D
                            (rising edge-triggered cell FDRE clocked by aclk  {rise@0.000ns fall@5.000ns period=10.000ns})
  Path Group:             aclk
  Path Type:              Setup (Max at Slow Process Corner)
  Requirement:            6.400ns  (MaxDelay Path 6.400ns)
  Data Path Delay:        1.495ns  (logic 0.456ns (30.499%)  route 1.039ns (69.501%))
  Logic Levels:           0  
  Timing Exception:       MaxDelay Path 6.400ns -datapath_only

    Location             Delay type                Incr(ns)  Path(ns)    Netlist Resource(s)
  -------------------------------------------------------------------    -------------------
    SLICE_X33Y33                                      0.000     0.000 r  u_bridge/rdata_hold_reg[0]/C
    SLICE_X33Y33         FDRE (Prop_fdre_C_Q)         0.456     0.456 r  u_bridge/rdata_hold_reg[0]/Q
                         net (fo=1, routed)           1.039     1.495    u_bridge/rdata_hold[0]
    SLICE_X51Y36         FDRE                                         r  u_bridge/m_rdata_reg[0]/D
  -------------------------------------------------------------------    -------------------

                         max delay                    6.400     6.400    
    SLICE_X51Y36         FDRE (Setup_fdre_C_D)       -0.067     6.333    u_bridge/m_rdata_reg[0]
  -------------------------------------------------------------------
                         required time                          6.333    
                         arrival time                          -1.495    
  -------------------------------------------------------------------
                         slack                                  4.838    

Slack (MET) :             4.946ns  (required time - arrival time)
  Source:                 u_bridge/rdata_hold_reg[29]/C
                            (rising edge-triggered cell FDRE clocked by net_clk  {rise@0.000ns fall@3.200ns period=6.400ns})
  Destination:            u_bridge/m_rdata_reg[29]/D
                            (rising edge-triggered cell FDRE clocked by aclk  {rise@0.000ns fall@5.000ns period=10.000ns})
  Path Group:             aclk
  Path Type:              Setup (Max at Slow Process Corner)
  Requirement:            6.400ns  (MaxDelay Path 6.400ns)
  Data Path Delay:        1.387ns  (logic 0.456ns (32.877%)  route 0.931ns (67.123%))
  Logic Levels:           0  
  Timing Exception:       MaxDelay Path 6.400ns -datapath_only

    Location             Delay type                Incr(ns)  Path(ns)    Netlist Resource(s)
  -------------------------------------------------------------------    -------------------
    SLICE_X37Y42                                      0.000     0.000 r  u_bridge/rdata_hold_reg[29]/C
    SLICE_X37Y42         FDRE (Prop_fdre_C_Q)         0.456     0.456 r  u_bridge/rdata_hold_reg[29]/Q
                         net (fo=1, routed)           0.931     1.387    u_bridge/rdata_hold[29]
    SLICE_X51Y42         FDRE                                         r  u_bridge/m_rdata_reg[29]/D
  -------------------------------------------------------------------    -------------------

                         max delay                    6.400     6.400    
    SLICE_X51Y42         FDRE (Setup_fdre_C_D)       -0.067     6.333    u_bridge/m_rdata_reg[29]
  -------------------------------------------------------------------
                         required time                          6.333    
                         arrival time                          -1.387    
  -------------------------------------------------------------------
                         slack                                  4.946    

Slack (MET) :             4.961ns  (required time - arrival time)
  Source:                 u_bridge/rdata_hold_reg[12]/C
                            (rising edge-triggered cell FDRE clocked by net_clk  {rise@0.000ns fall@3.200ns period=6.400ns})
  Destination:            u_bridge/m_rdata_reg[12]/D
                            (rising edge-triggered cell FDRE clocked by aclk  {rise@0.000ns fall@5.000ns period=10.000ns})
  Path Group:             aclk
  Path Type:              Setup (Max at Slow Process Corner)
  Requirement:            6.400ns  (MaxDelay Path 6.400ns)
  Data Path Delay:        1.372ns  (logic 0.518ns (37.761%)  route 0.854ns (62.239%))
  Logic Levels:           0  
  Timing Exception:       MaxDelay Path 6.400ns -datapath_only

    Location             Delay type                Incr(ns)  Path(ns)    Netlist Resource(s)
  -------------------------------------------------------------------    -------------------
    SLICE_X32Y35                                      0.000     0.000 r  u_bridge/rdata_hold_reg[12]/C
    SLICE_X32Y35         FDRE (Prop_fdre_C_Q)         0.518     0.518 r  u_bridge/rdata_hold_reg[12]/Q
                         net (fo=1, routed)           0.854     1.372    u_bridge/rdata_hold[12]
    SLICE_X33Y40         FDRE                                         r  u_bridge/m_rdata_reg[12]/D
  -------------------------------------------------------------------    -------------------

                         max delay                    6.400     6.400    
    SLICE_X33Y40         FDRE (Setup_fdre_C_D)       -0.067     6.333    u_bridge/m_rdata_reg[12]
  -------------------------------------------------------------------
                         required time                          6.333    
                         arrival time                          -1.372    
  -------------------------------------------------------------------
                         slack                                  4.961    

Slack (MET) :             4.969ns  (required time - arrival time)
  Source:                 u_bridge/rdata_hold_reg[27]/C
                            (rising edge-triggered cell FDRE clocked by net_clk  {rise@0.000ns fall@3.200ns period=6.400ns})
  Destination:            u_bridge/m_rdata_reg[27]/D
                            (rising edge-triggered cell FDRE clocked by aclk  {rise@0.000ns fall@5.000ns period=10.000ns})
  Path Group:             aclk
  Path Type:              Setup (Max at Slow Process Corner)
  Requirement:            6.400ns  (MaxDelay Path 6.400ns)
  Data Path Delay:        1.326ns  (logic 0.518ns (39.062%)  route 0.808ns (60.938%))
  Logic Levels:           0  
  Timing Exception:       MaxDelay Path 6.400ns -datapath_only

    Location             Delay type                Incr(ns)  Path(ns)    Netlist Resource(s)
  -------------------------------------------------------------------    -------------------
    SLICE_X36Y44                                      0.000     0.000 r  u_bridge/rdata_hold_reg[27]/C
    SLICE_X36Y44         FDRE (Prop_fdre_C_Q)         0.518     0.518 r  u_bridge/rdata_hold_reg[27]/Q
                         net (fo=1, routed)           0.808     1.326    u_bridge/rdata_hold[27]
    SLICE_X40Y44         FDRE                                         r  u_bridge/m_rdata_reg[27]/D
  -------------------------------------------------------------------    -------------------

                         max delay                    6.400     6.400    
    SLICE_X40Y44         FDRE (Setup_fdre_C_D)       -0.105     6.295    u_bridge/m_rdata_reg[27]
  -------------------------------------------------------------------
                         required time                          6.295    
                         arrival time                          -1.326    
  -------------------------------------------------------------------
                         slack                                  4.969    

Slack (MET) :             4.976ns  (required time - arrival time)
  Source:                 u_bridge/rdata_hold_reg[21]/C
                            (rising edge-triggered cell FDRE clocked by net_clk  {rise@0.000ns fall@3.200ns period=6.400ns})
  Destination:            u_bridge/m_rdata_reg[21]/D
                            (rising edge-triggered cell FDRE clocked by aclk  {rise@0.000ns fall@5.000ns period=10.000ns})
  Path Group:             aclk
  Path Type:              Setup (Max at Slow Process Corner)
  Requirement:            6.400ns  (MaxDelay Path 6.400ns)
  Data Path Delay:        1.321ns  (logic 0.456ns (34.509%)  route 0.865ns (65.491%))
  Logic Levels:           0  
  Timing Exception:       MaxDelay Path 6.400ns -datapath_only

    Location             Delay type                Incr(ns)  Path(ns)    Netlist Resource(s)
  -------------------------------------------------------------------    -------------------
    SLICE_X37Y42                                      0.000     0.000 r  u_bridge/rdata_hold_reg[21]/C
    SLICE_X37Y42         FDRE (Prop_fdre_C_Q)         0.456     0.456 r  u_bridge/rdata_hold_reg[21]/Q
                         net (fo=1, routed)           0.865     1.321    u_bridge/rdata_hold[21]
    SLICE_X47Y42         FDRE                                         r  u_bridge/m_rdata_reg[21]/D
  -------------------------------------------------------------------    -------------------

                         max delay                    6.400     6.400    
    SLICE_X47Y42         FDRE (Setup_fdre_C_D)       -0.103     6.297    u_bridge/m_rdata_reg[21]
  -------------------------------------------------------------------
                         required time                          6.297    
                         arrival time                          -1.321    
  -------------------------------------------------------------------
                         slack                                  4.976    

Slack (MET) :             4.998ns  (required time - arrival time)
  Source:                 u_snap/snap_reg[73]/C
                            (rising edge-triggered cell FDRE clocked by net_clk  {rise@0.000ns fall@3.200ns period=6.400ns})
  Destination:            u_snap/dst_sec_reg[41]/D
                            (rising edge-triggered cell FDRE clocked by aclk  {rise@0.000ns fall@5.000ns period=10.000ns})
  Path Group:             aclk
  Path Type:              Setup (Max at Slow Process Corner)
  Requirement:            6.400ns  (MaxDelay Path 6.400ns)
  Data Path Delay:        1.149ns  (logic 0.478ns (41.614%)  route 0.671ns (58.386%))
  Logic Levels:           0  
  Timing Exception:       MaxDelay Path 6.400ns -datapath_only

    Location             Delay type                Incr(ns)  Path(ns)    Netlist Resource(s)
  -------------------------------------------------------------------    -------------------
    SLICE_X54Y43                                      0.000     0.000 r  u_snap/snap_reg[73]/C
    SLICE_X54Y43         FDRE (Prop_fdre_C_Q)         0.478     0.478 r  u_snap/snap_reg[73]/Q
                         net (fo=1, routed)           0.671     1.149    u_snap/p_1_in__0[41]
    SLICE_X57Y43         FDRE                                         r  u_snap/dst_sec_reg[41]/D
  -------------------------------------------------------------------    -------------------

                         max delay                    6.400     6.400    
    SLICE_X57Y43         FDRE (Setup_fdre_C_D)       -0.253     6.147    u_snap/dst_sec_reg[41]
  -------------------------------------------------------------------
                         required time                          6.147    
                         arrival time                          -1.149    
  -------------------------------------------------------------------
                         slack                                  4.998    

Slack (MET) :             5.000ns  (required time - arrival time)
  Source:                 u_bridge/rdata_hold_reg[24]/C
                            (rising edge-triggered cell FDRE clocked by net_clk  {rise@0.000ns fall@3.200ns period=6.400ns})
  Destination:            u_bridge/m_rdata_reg[24]/D
                            (rising edge-triggered cell FDRE clocked by aclk  {rise@0.000ns fall@5.000ns period=10.000ns})
  Path Group:             aclk
  Path Type:              Setup (Max at Slow Process Corner)
  Requirement:            6.400ns  (MaxDelay Path 6.400ns)
  Data Path Delay:        1.297ns  (logic 0.518ns (39.924%)  route 0.779ns (60.076%))
  Logic Levels:           0  
  Timing Exception:       MaxDelay Path 6.400ns -datapath_only

    Location             Delay type                Incr(ns)  Path(ns)    Netlist Resource(s)
  -------------------------------------------------------------------    -------------------
    SLICE_X38Y42                                      0.000     0.000 r  u_bridge/rdata_hold_reg[24]/C
    SLICE_X38Y42         FDRE (Prop_fdre_C_Q)         0.518     0.518 r  u_bridge/rdata_hold_reg[24]/Q
                         net (fo=1, routed)           0.779     1.297    u_bridge/rdata_hold[24]
    SLICE_X40Y42         FDRE                                         r  u_bridge/m_rdata_reg[24]/D
  -------------------------------------------------------------------    -------------------

                         max delay                    6.400     6.400    
    SLICE_X40Y42         FDRE (Setup_fdre_C_D)       -0.103     6.297    u_bridge/m_rdata_reg[24]
  -------------------------------------------------------------------
                         required time                          6.297    
                         arrival time                          -1.297    
  -------------------------------------------------------------------
                         slack                                  5.000    

Slack (MET) :             5.014ns  (required time - arrival time)
  Source:                 u_bridge/rdata_hold_reg[8]/C
                            (rising edge-triggered cell FDRE clocked by net_clk  {rise@0.000ns fall@3.200ns period=6.400ns})
  Destination:            u_bridge/m_rdata_reg[8]/D
                            (rising edge-triggered cell FDRE clocked by aclk  {rise@0.000ns fall@5.000ns period=10.000ns})
  Path Group:             aclk
  Path Type:              Setup (Max at Slow Process Corner)
  Requirement:            6.400ns  (MaxDelay Path 6.400ns)
  Data Path Delay:        1.305ns  (logic 0.456ns (34.930%)  route 0.849ns (65.070%))
  Logic Levels:           0  
  Timing Exception:       MaxDelay Path 6.400ns -datapath_only

    Location             Delay type                Incr(ns)  Path(ns)    Netlist Resource(s)
  -------------------------------------------------------------------    -------------------
    SLICE_X35Y35                                      0.000     0.000 r  u_bridge/rdata_hold_reg[8]/C
    SLICE_X35Y35         FDRE (Prop_fdre_C_Q)         0.456     0.456 r  u_bridge/rdata_hold_reg[8]/Q
                         net (fo=1, routed)           0.849     1.305    u_bridge/rdata_hold[8]
    SLICE_X51Y36         FDRE                                         r  u_bridge/m_rdata_reg[8]/D
  -------------------------------------------------------------------    -------------------

                         max delay                    6.400     6.400    
    SLICE_X51Y36         FDRE (Setup_fdre_C_D)       -0.081     6.319    u_bridge/m_rdata_reg[8]
  -------------------------------------------------------------------
                         required time                          6.319    
                         arrival time                          -1.305    
  -------------------------------------------------------------------
                         slack                                  5.014    

Slack (MET) :             5.030ns  (required time - arrival time)
  Source:                 u_bridge/rdata_hold_reg[23]/C
                            (rising edge-triggered cell FDRE clocked by net_clk  {rise@0.000ns fall@3.200ns period=6.400ns})
  Destination:            u_bridge/m_rdata_reg[23]/D
                            (rising edge-triggered cell FDRE clocked by aclk  {rise@0.000ns fall@5.000ns period=10.000ns})
  Path Group:             aclk
  Path Type:              Setup (Max at Slow Process Corner)
  Requirement:            6.400ns  (MaxDelay Path 6.400ns)
  Data Path Delay:        1.265ns  (logic 0.456ns (36.045%)  route 0.809ns (63.955%))
  Logic Levels:           0  
  Timing Exception:       MaxDelay Path 6.400ns -datapath_only

    Location             Delay type                Incr(ns)  Path(ns)    Netlist Resource(s)
  -------------------------------------------------------------------    -------------------
    SLICE_X37Y42                                      0.000     0.000 r  u_bridge/rdata_hold_reg[23]/C
    SLICE_X37Y42         FDRE (Prop_fdre_C_Q)         0.456     0.456 r  u_bridge/rdata_hold_reg[23]/Q
                         net (fo=1, routed)           0.809     1.265    u_bridge/rdata_hold[23]
    SLICE_X47Y42         FDRE                                         r  u_bridge/m_rdata_reg[23]/D
  -------------------------------------------------------------------    -------------------

                         max delay                    6.400     6.400    
    SLICE_X47Y42         FDRE (Setup_fdre_C_D)       -0.105     6.295    u_bridge/m_rdata_reg[23]
  -------------------------------------------------------------------
                         required time                          6.295    
                         arrival time                          -1.265    
  -------------------------------------------------------------------
                         slack                                  5.030    

Slack (MET) :             5.038ns  (required time - arrival time)
  Source:                 u_bridge/rdata_hold_reg[28]/C
                            (rising edge-triggered cell FDRE clocked by net_clk  {rise@0.000ns fall@3.200ns period=6.400ns})
  Destination:            u_bridge/m_rdata_reg[28]/D
                            (rising edge-triggered cell FDRE clocked by aclk  {rise@0.000ns fall@5.000ns period=10.000ns})
  Path Group:             aclk
  Path Type:              Setup (Max at Slow Process Corner)
  Requirement:            6.400ns  (MaxDelay Path 6.400ns)
  Data Path Delay:        1.261ns  (logic 0.518ns (41.076%)  route 0.743ns (58.924%))
  Logic Levels:           0  
  Timing Exception:       MaxDelay Path 6.400ns -datapath_only

    Location             Delay type                Incr(ns)  Path(ns)    Netlist Resource(s)
  -------------------------------------------------------------------    -------------------
    SLICE_X36Y43                                      0.000     0.000 r  u_bridge/rdata_hold_reg[28]/C
    SLICE_X36Y43         FDRE (Prop_fdre_C_Q)         0.518     0.518 r  u_bridge/rdata_hold_reg[28]/Q
                         net (fo=1, routed)           0.743     1.261    u_bridge/rdata_hold[28]
    SLICE_X47Y42         FDRE                                         r  u_bridge/m_rdata_reg[28]/D
  -------------------------------------------------------------------    -------------------

                         max delay                    6.400     6.400    
    SLICE_X47Y42         FDRE (Setup_fdre_C_D)       -0.101     6.299    u_bridge/m_rdata_reg[28]
  -------------------------------------------------------------------
                         required time                          6.299    
                         arrival time                          -1.261    
  -------------------------------------------------------------------
                         slack                                  5.038    

Slack (MET) :             5.059ns  (required time - arrival time)
  Source:                 u_snap/snap_reg[72]/C
                            (rising edge-triggered cell FDRE clocked by net_clk  {rise@0.000ns fall@3.200ns period=6.400ns})
  Destination:            u_snap/dst_sec_reg[40]/D
                            (rising edge-triggered cell FDRE clocked by aclk  {rise@0.000ns fall@5.000ns period=10.000ns})
  Path Group:             aclk
  Path Type:              Setup (Max at Slow Process Corner)
  Requirement:            6.400ns  (MaxDelay Path 6.400ns)
  Data Path Delay:        1.121ns  (logic 0.478ns (42.658%)  route 0.643ns (57.342%))
  Logic Levels:           0  
  Timing Exception:       MaxDelay Path 6.400ns -datapath_only

    Location             Delay type                Incr(ns)  Path(ns)    Netlist Resource(s)
  -------------------------------------------------------------------    -------------------
    SLICE_X54Y43                                      0.000     0.000 r  u_snap/snap_reg[72]/C
    SLICE_X54Y43         FDRE (Prop_fdre_C_Q)         0.478     0.478 r  u_snap/snap_reg[72]/Q
                         net (fo=1, routed)           0.643     1.121    u_snap/p_1_in__0[40]
    SLICE_X56Y43         FDRE                                         r  u_snap/dst_sec_reg[40]/D
  -------------------------------------------------------------------    -------------------

                         max delay                    6.400     6.400    
    SLICE_X56Y43         FDRE (Setup_fdre_C_D)       -0.220     6.180    u_snap/dst_sec_reg[40]
  -------------------------------------------------------------------
                         required time                          6.180    
                         arrival time                          -1.121    
  -------------------------------------------------------------------
                         slack                                  5.059    

Slack (MET) :             5.093ns  (required time - arrival time)
  Source:                 u_snap/snap_reg[75]/C
                            (rising edge-triggered cell FDRE clocked by net_clk  {rise@0.000ns fall@3.200ns period=6.400ns})
  Destination:            u_snap/dst_sec_reg[43]/D
                            (rising edge-triggered cell FDRE clocked by aclk  {rise@0.000ns fall@5.000ns period=10.000ns})
  Path Group:             aclk
  Path Type:              Setup (Max at Slow Process Corner)
  Requirement:            6.400ns  (MaxDelay Path 6.400ns)
  Data Path Delay:        1.105ns  (logic 0.478ns (43.269%)  route 0.627ns (56.731%))
  Logic Levels:           0  
  Timing Exception:       MaxDelay Path 6.400ns -datapath_only

    Location             Delay type                Incr(ns)  Path(ns)    Netlist Resource(s)
  -------------------------------------------------------------------    -------------------
    SLICE_X54Y43                                      0.000     0.000 r  u_snap/snap_reg[75]/C
    SLICE_X54Y43         FDRE (Prop_fdre_C_Q)         0.478     0.478 r  u_snap/snap_reg[75]/Q
                         net (fo=1, routed)           0.627     1.105    u_snap/p_1_in__0[43]
    SLICE_X58Y44         FDRE                                         r  u_snap/dst_sec_reg[43]/D
  -------------------------------------------------------------------    -------------------

                         max delay                    6.400     6.400    
    SLICE_X58Y44         FDRE (Setup_fdre_C_D)       -0.202     6.198    u_snap/dst_sec_reg[43]
  -------------------------------------------------------------------
                         required time                          6.198    
                         arrival time                          -1.105    
  -------------------------------------------------------------------
                         slack                                  5.093    

Slack (MET) :             5.102ns  (required time - arrival time)
  Source:                 u_bridge/rdata_hold_reg[20]/C
                            (rising edge-triggered cell FDRE clocked by net_clk  {rise@0.000ns fall@3.200ns period=6.400ns})
  Destination:            u_bridge/m_rdata_reg[20]/D
                            (rising edge-triggered cell FDRE clocked by aclk  {rise@0.000ns fall@5.000ns period=10.000ns})
  Path Group:             aclk
  Path Type:              Setup (Max at Slow Process Corner)
  Requirement:            6.400ns  (MaxDelay Path 6.400ns)
  Data Path Delay:        1.231ns  (logic 0.518ns (42.065%)  route 0.713ns (57.935%))
  Logic Levels:           0  
  Timing Exception:       MaxDelay Path 6.400ns -datapath_only

    Location             Delay type                Incr(ns)  Path(ns)    Netlist Resource(s)
  -------------------------------------------------------------------    -------------------
    SLICE_X34Y37                                      0.000     0.000 r  u_bridge/rdata_hold_reg[20]/C
    SLICE_X34Y37         FDRE (Prop_fdre_C_Q)         0.518     0.518 r  u_bridge/rdata_hold_reg[20]/Q
                         net (fo=1, routed)           0.713     1.231    u_bridge/rdata_hold[20]
    SLICE_X51Y37         FDRE                                         r  u_bridge/m_rdata_reg[20]/D
  -------------------------------------------------------------------    -------------------

                         max delay                    6.400     6.400    
    SLICE_X51Y37         FDRE (Setup_fdre_C_D)       -0.067     6.333    u_bridge/m_rdata_reg[20]
  -------------------------------------------------------------------
                         required time                          6.333    
                         arrival time                          -1.231    
  -------------------------------------------------------------------
                         slack                                  5.102    

Slack (MET) :             5.111ns  (required time - arrival time)
  Source:                 u_bridge/rdata_hold_reg[31]/C
                            (rising edge-triggered cell FDRE clocked by net_clk  {rise@0.000ns fall@3.200ns period=6.400ns})
  Destination:            u_bridge/m_rdata_reg[31]/D
                            (rising edge-triggered cell FDRE clocked by aclk  {rise@0.000ns fall@5.000ns period=10.000ns})
  Path Group:             aclk
  Path Type:              Setup (Max at Slow Process Corner)
  Requirement:            6.400ns  (MaxDelay Path 6.400ns)
  Data Path Delay:        1.222ns  (logic 0.518ns (42.378%)  route 0.704ns (57.622%))
  Logic Levels:           0  
  Timing Exception:       MaxDelay Path 6.400ns -datapath_only

    Location             Delay type                Incr(ns)  Path(ns)    Netlist Resource(s)
  -------------------------------------------------------------------    -------------------
    SLICE_X32Y46                                      0.000     0.000 r  u_bridge/rdata_hold_reg[31]/C
    SLICE_X32Y46         FDRE (Prop_fdre_C_Q)         0.518     0.518 r  u_bridge/rdata_hold_reg[31]/Q
                         net (fo=1, routed)           0.704     1.222    u_bridge/rdata_hold[31]
    SLICE_X47Y44         FDRE                                         r  u_bridge/m_rdata_reg[31]/D
  -------------------------------------------------------------------    -------------------

                         max delay                    6.400     6.400    
    SLICE_X47Y44         FDRE (Setup_fdre_C_D)       -0.067     6.333    u_bridge/m_rdata_reg[31]
  -------------------------------------------------------------------
                         required time                          6.333    
                         arrival time                          -1.222    
  -------------------------------------------------------------------
                         slack                                  5.111    

Slack (MET) :             5.118ns  (required time - arrival time)
  Source:                 u_bridge/rdata_hold_reg[14]/C
                            (rising edge-triggered cell FDRE clocked by net_clk  {rise@0.000ns fall@3.200ns period=6.400ns})
  Destination:            u_bridge/m_rdata_reg[14]/D
                            (rising edge-triggered cell FDRE clocked by aclk  {rise@0.000ns fall@5.000ns period=10.000ns})
  Path Group:             aclk
  Path Type:              Setup (Max at Slow Process Corner)
  Requirement:            6.400ns  (MaxDelay Path 6.400ns)
  Data Path Delay:        1.201ns  (logic 0.518ns (43.132%)  route 0.683ns (56.868%))
  Logic Levels:           0  
  Timing Exception:       MaxDelay Path 6.400ns -datapath_only

    Location             Delay type                Incr(ns)  Path(ns)    Netlist Resource(s)
  -------------------------------------------------------------------    -------------------
    SLICE_X34Y36                                      0.000     0.000 r  u_bridge/rdata_hold_reg[14]/C
    SLICE_X34Y36         FDRE (Prop_fdre_C_Q)         0.518     0.518 r  u_bridge/rdata_hold_reg[14]/Q
                         net (fo=1, routed)           0.683     1.201    u_bridge/rdata_hold[14]
    SLICE_X33Y40         FDRE                                         r  u_bridge/m_rdata_reg[14]/D
  -------------------------------------------------------------------    -------------------

                         max delay                    6.400     6.400    
    SLICE_X33Y40         FDRE (Setup_fdre_C_D)       -0.081     6.319    u_bridge/m_rdata_reg[14]
  -------------------------------------------------------------------
                         required time                          6.319    
                         arrival time                          -1.201    
  -------------------------------------------------------------------
                         slack                                  5.118    

Slack (MET) :             5.124ns  (required time - arrival time)
  Source:                 u_bridge/rdata_hold_reg[25]/C
                            (rising edge-triggered cell FDRE clocked by net_clk  {rise@0.000ns fall@3.200ns period=6.400ns})
  Destination:            u_bridge/m_rdata_reg[25]/D
                            (rising edge-triggered cell FDRE clocked by aclk  {rise@0.000ns fall@5.000ns period=10.000ns})
  Path Group:             aclk
  Path Type:              Setup (Max at Slow Process Corner)
  Requirement:            6.400ns  (MaxDelay Path 6.400ns)
  Data Path Delay:        1.173ns  (logic 0.518ns (44.148%)  route 0.655ns (55.852%))
  Logic Levels:           0  
  Timing Exception:       MaxDelay Path 6.400ns -datapath_only

    Location             Delay type                Incr(ns)  Path(ns)    Netlist Resource(s)
  -------------------------------------------------------------------    -------------------
    SLICE_X36Y44                                      0.000     0.000 r  u_bridge/rdata_hold_reg[25]/C
    SLICE_X36Y44         FDRE (Prop_fdre_C_Q)         0.518     0.518 r  u_bridge/rdata_hold_reg[25]/Q
                         net (fo=1, routed)           0.655     1.173    u_bridge/rdata_hold[25]
    SLICE_X40Y44         FDRE                                         r  u_bridge/m_rdata_reg[25]/D
  -------------------------------------------------------------------    -------------------

                         max delay                    6.400     6.400    
    SLICE_X40Y44         FDRE (Setup_fdre_C_D)       -0.103     6.297    u_bridge/m_rdata_reg[25]
  -------------------------------------------------------------------
                         required time                          6.297    
                         arrival time                          -1.173    
  -------------------------------------------------------------------
                         slack                                  5.124    





---------------------------------------------------------------------------------------------------
From Clock:  aclk
  To Clock:  net_clk

Setup :            0  Failing Endpoints,  Worst Slack        4.564ns,  Total Violation        0.000ns
Hold  :           NA  Failing Endpoints,  Worst Slack           NA  ,  Total Violation           NA
---------------------------------------------------------------------------------------------------


Max Delay Paths
--------------------------------------------------------------------------------------
Slack (MET) :             4.564ns  (required time - arrival time)
  Source:                 u_bridge/wdata_hold_reg[18]/C
                            (rising edge-triggered cell FDRE clocked by aclk  {rise@0.000ns fall@5.000ns period=10.000ns})
  Destination:            u_bridge/s_wdata_reg[18]/D
                            (rising edge-triggered cell FDRE clocked by net_clk  {rise@0.000ns fall@3.200ns period=6.400ns})
  Path Group:             net_clk
  Path Type:              Setup (Max at Slow Process Corner)
  Requirement:            6.400ns  (MaxDelay Path 6.400ns)
  Data Path Delay:        1.731ns  (logic 0.518ns (29.928%)  route 1.213ns (70.072%))
  Logic Levels:           0  
  Timing Exception:       MaxDelay Path 6.400ns -datapath_only

    Location             Delay type                Incr(ns)  Path(ns)    Netlist Resource(s)
  -------------------------------------------------------------------    -------------------
    SLICE_X46Y31                                      0.000     0.000 r  u_bridge/wdata_hold_reg[18]/C
    SLICE_X46Y31         FDRE (Prop_fdre_C_Q)         0.518     0.518 r  u_bridge/wdata_hold_reg[18]/Q
                         net (fo=1, routed)           1.213     1.731    u_bridge/wdata_hold[18]
    SLICE_X45Y32         FDRE                                         r  u_bridge/s_wdata_reg[18]/D
  -------------------------------------------------------------------    -------------------

                         max delay                    6.400     6.400    
    SLICE_X45Y32         FDRE (Setup_fdre_C_D)       -0.105     6.295    u_bridge/s_wdata_reg[18]
  -------------------------------------------------------------------
                         required time                          6.295    
                         arrival time                          -1.731    
  -------------------------------------------------------------------
                         slack                                  4.564    

Slack (MET) :             4.754ns  (required time - arrival time)
  Source:                 u_bridge/addr_hold_reg[7]/C
                            (rising edge-triggered cell FDRE clocked by aclk  {rise@0.000ns fall@5.000ns period=10.000ns})
  Destination:            u_bridge/s_addr_reg[7]/D
                            (rising edge-triggered cell FDRE clocked by net_clk  {rise@0.000ns fall@3.200ns period=6.400ns})
  Path Group:             net_clk
  Path Type:              Setup (Max at Slow Process Corner)
  Requirement:            6.400ns  (MaxDelay Path 6.400ns)
  Data Path Delay:        1.541ns  (logic 0.456ns (29.583%)  route 1.085ns (70.417%))
  Logic Levels:           0  
  Timing Exception:       MaxDelay Path 6.400ns -datapath_only

    Location             Delay type                Incr(ns)  Path(ns)    Netlist Resource(s)
  -------------------------------------------------------------------    -------------------
    SLICE_X53Y32                                      0.000     0.000 r  u_bridge/addr_hold_reg[7]/C
    SLICE_X53Y32         FDRE (Prop_fdre_C_Q)         0.456     0.456 r  u_bridge/addr_hold_reg[7]/Q
                         net (fo=1, routed)           1.085     1.541    u_bridge/addr_hold[7]
    SLICE_X49Y34         FDRE                                         r  u_bridge/s_addr_reg[7]/D
  -------------------------------------------------------------------    -------------------

                         max delay                    6.400     6.400    
    SLICE_X49Y34         FDRE (Setup_fdre_C_D)       -0.105     6.295    u_bridge/s_addr_reg[7]
  -------------------------------------------------------------------
                         required time                          6.295    
                         arrival time                          -1.541    
  -------------------------------------------------------------------
                         slack                                  4.754    

Slack (MET) :             4.768ns  (required time - arrival time)
  Source:                 u_bridge/wdata_hold_reg[7]/C
                            (rising edge-triggered cell FDRE clocked by aclk  {rise@0.000ns fall@5.000ns period=10.000ns})
  Destination:            u_bridge/s_wdata_reg[7]/D
                            (rising edge-triggered cell FDRE clocked by net_clk  {rise@0.000ns fall@3.200ns period=6.400ns})
  Path Group:             net_clk
  Path Type:              Setup (Max at Slow Process Corner)
  Requirement:            6.400ns  (MaxDelay Path 6.400ns)
  Data Path Delay:        1.569ns  (logic 0.456ns (29.067%)  route 1.113ns (70.933%))
  Logic Levels:           0  
  Timing Exception:       MaxDelay Path 6.400ns -datapath_only

    Location             Delay type                Incr(ns)  Path(ns)    Netlist Resource(s)
  -------------------------------------------------------------------    -------------------
    SLICE_X47Y32                                      0.000     0.000 r  u_bridge/wdata_hold_reg[7]/C
    SLICE_X47Y32         FDRE (Prop_fdre_C_Q)         0.456     0.456 r  u_bridge/wdata_hold_reg[7]/Q
                         net (fo=1, routed)           1.113     1.569    u_bridge/wdata_hold[7]
    SLICE_X46Y30         FDRE                                         r  u_bridge/s_wdata_reg[7]/D
  -------------------------------------------------------------------    -------------------

                         max delay                    6.400     6.400    
    SLICE_X46Y30         FDRE (Setup_fdre_C_D)       -0.063     6.337    u_bridge/s_wdata_reg[7]
  -------------------------------------------------------------------
                         required time                          6.337    
                         arrival time                          -1.569    
  -------------------------------------------------------------------
                         slack                                  4.768    

Slack (MET) :             4.824ns  (required time - arrival time)
  Source:                 u_bridge/addr_hold_reg[2]/C
                            (rising edge-triggered cell FDRE clocked by aclk  {rise@0.000ns fall@5.000ns period=10.000ns})
  Destination:            u_bridge/s_addr_reg[2]/D
                            (rising edge-triggered cell FDRE clocked by net_clk  {rise@0.000ns fall@3.200ns period=6.400ns})
  Path Group:             net_clk
  Path Type:              Setup (Max at Slow Process Corner)
  Requirement:            6.400ns  (MaxDelay Path 6.400ns)
  Data Path Delay:        1.515ns  (logic 0.518ns (34.184%)  route 0.997ns (65.816%))
  Logic Levels:           0  
  Timing Exception:       MaxDelay Path 6.400ns -datapath_only

    Location             Delay type                Incr(ns)  Path(ns)    Netlist Resource(s)
  -------------------------------------------------------------------    -------------------
    SLICE_X46Y31                                      0.000     0.000 r  u_bridge/addr_hold_reg[2]/C
    SLICE_X46Y31         FDRE (Prop_fdre_C_Q)         0.518     0.518 r  u_bridge/addr_hold_reg[2]/Q
                         net (fo=1, routed)           0.997     1.515    u_bridge/addr_hold[2]
    SLICE_X36Y31         FDRE                                         r  u_bridge/s_addr_reg[2]/D
  -------------------------------------------------------------------    -------------------

                         max delay                    6.400     6.400    
    SLICE_X36Y31         FDRE (Setup_fdre_C_D)       -0.061     6.339    u_bridge/s_addr_reg[2]
  -------------------------------------------------------------------
                         required time                          6.339    
                         arrival time                          -1.515    
  -------------------------------------------------------------------
                         slack                                  4.824    

Slack (MET) :             4.832ns  (required time - arrival time)
  Source:                 u_bridge/wdata_hold_reg[20]/C
                            (rising edge-triggered cell FDRE clocked by aclk  {rise@0.000ns fall@5.000ns period=10.000ns})
  Destination:            u_bridge/s_wdata_reg[20]/D
                            (rising edge-triggered cell FDRE clocked by net_clk  {rise@0.000ns fall@3.200ns period=6.400ns})
  Path Group:             net_clk
  Path Type:              Setup (Max at Slow Process Corner)
  Requirement:            6.400ns  (MaxDelay Path 6.400ns)
  Data Path Delay:        1.459ns  (logic 0.456ns (31.254%)  route 1.003ns (68.746%))
  Logic Levels:           0  
  Timing Exception:       MaxDelay Path 6.400ns -datapath_only

    Location             Delay type                Incr(ns)  Path(ns)    Netlist Resource(s)
  -------------------------------------------------------------------    -------------------
    SLICE_X51Y32                                      0.000     0.000 r  u_bridge/wdata_hold_reg[20]/C
    SLICE_X51Y32         FDRE (Prop_fdre_C_Q)         0.456     0.456 r  u_bridge/wdata_hold_reg[20]/Q
                         net (fo=1, routed)           1.003     1.459    u_bridge/wdata_hold[20]
    SLICE_X44Y32         FDRE                                         r  u_bridge/s_wdata_reg[20]/D
  -------------------------------------------------------------------    -------------------

                         max delay                    6.400     6.400    
    SLICE_X44Y32         FDRE (Setup_fdre_C_D)       -0.109     6.291    u_bridge/s_wdata_reg[20]
  -------------------------------------------------------------------
                         required time                          6.291    
                         arrival time                          -1.459    
  -------------------------------------------------------------------
                         slack                                  4.832    

Slack (MET) :             4.874ns  (required time - arrival time)
  Source:                 u_bridge/wdata_hold_reg[23]/C
                            (rising edge-triggered cell FDRE clocked by aclk  {rise@0.000ns fall@5.000ns period=10.000ns})
  Destination:            u_bridge/s_wdata_reg[23]/D
                            (rising edge-triggered cell FDRE clocked by net_clk  {rise@0.000ns fall@3.200ns period=6.400ns})
  Path Group:             net_clk
  Path Type:              Setup (Max at Slow Process Corner)
  Requirement:            6.400ns  (MaxDelay Path 6.400ns)
  Data Path Delay:        1.296ns  (logic 0.419ns (32.325%)  route 0.877ns (67.675%))
  Logic Levels:           0  
  Timing Exception:       MaxDelay Path 6.400ns -datapath_only

    Location             Delay type                Incr(ns)  Path(ns)    Netlist Resource(s)
  -------------------------------------------------------------------    -------------------
    SLICE_X56Y33                                      0.000     0.000 r  u_bridge/wdata_hold_reg[23]/C
    SLICE_X56Y33         FDRE (Prop_fdre_C_Q)         0.419     0.419 r  u_bridge/wdata_hold_reg[23]/Q
                         net (fo=1, routed)           0.877     1.296    u_bridge/wdata_hold[23]
    SLICE_X48Y31         FDRE                                         r  u_bridge/s_wdata_reg[23]/D
  -------------------------------------------------------------------    -------------------

                         max delay                    6.400     6.400    
    SLICE_X48Y31         FDRE (Setup_fdre_C_D)       -0.230     6.170    u_bridge/s_wdata_reg[23]
  -------------------------------------------------------------------
                         required time                          6.170    
                         arrival time                          -1.296    
  -------------------------------------------------------------------
                         slack                                  4.874    

Slack (MET) :             4.884ns  (required time - arrival time)
  Source:                 u_bridge/wdata_hold_reg[2]/C
                            (rising edge-triggered cell FDRE clocked by aclk  {rise@0.000ns fall@5.000ns period=10.000ns})
  Destination:            u_bridge/s_wdata_reg[2]/D
                            (rising edge-triggered cell FDRE clocked by net_clk  {rise@0.000ns fall@3.200ns period=6.400ns})
  Path Group:             net_clk
  Path Type:              Setup (Max at Slow Process Corner)
  Requirement:            6.400ns  (MaxDelay Path 6.400ns)
  Data Path Delay:        1.415ns  (logic 0.456ns (32.224%)  route 0.959ns (67.776%))
  Logic Levels:           0  
  Timing Exception:       MaxDelay Path 6.400ns -datapath_only

    Location             Delay type                Incr(ns)  Path(ns)    Netlist Resource(s)
  -------------------------------------------------------------------    -------------------
    SLICE_X49Y31                                      0.000     0.000 r  u_bridge/wdata_hold_reg[2]/C
    SLICE_X49Y31         FDRE (Prop_fdre_C_Q)         0.456     0.456 r  u_bridge/wdata_hold_reg[2]/Q
                         net (fo=1, routed)           0.959     1.415    u_bridge/wdata_hold[2]
    SLICE_X45Y30         FDRE                                         r  u_bridge/s_wdata_reg[2]/D
  -------------------------------------------------------------------    -------------------

                         max delay                    6.400     6.400    
    SLICE_X45Y30         FDRE (Setup_fdre_C_D)       -0.101     6.299    u_bridge/s_wdata_reg[2]
  -------------------------------------------------------------------
                         required time                          6.299    
                         arrival time                          -1.415    
  -------------------------------------------------------------------
                         slack                                  4.884    

Slack (MET) :             4.889ns  (required time - arrival time)
  Source:                 u_bridge/wdata_hold_reg[22]/C
                            (rising edge-triggered cell FDRE clocked by aclk  {rise@0.000ns fall@5.000ns period=10.000ns})
  Destination:            u_bridge/s_wdata_reg[22]/D
                            (rising edge-triggered cell FDRE clocked by net_clk  {rise@0.000ns fall@3.200ns period=6.400ns})
  Path Group:             net_clk
  Path Type:              Setup (Max at Slow Process Corner)
  Requirement:            6.400ns  (MaxDelay Path 6.400ns)
  Data Path Delay:        1.402ns  (logic 0.456ns (32.522%)  route 0.946ns (67.478%))
  Logic Levels:           0  
  Timing Exception:       MaxDelay Path 6.400ns -datapath_only

    Location             Delay type                Incr(ns)  Path(ns)    Netlist Resource(s)
  -------------------------------------------------------------------    -------------------
    SLICE_X52Y34                                      0.000     0.000 r  u_bridge/wdata_hold_reg[22]/C
    SLICE_X52Y34         FDRE (Prop_fdre_C_Q)         0.456     0.456 r  u_bridge/wdata_hold_reg[22]/Q
                         net (fo=1, routed)           0.946     1.402    u_bridge/wdata_hold[22]
    SLICE_X49Y34         FDRE                                         r  u_bridge/s_wdata_reg[22]/D
  -------------------------------------------------------------------    -------------------

                         max delay                    6.400     6.400    
    SLICE_X49Y34         FDRE (Setup_fdre_C_D)       -0.109     6.291    u_bridge/s_wdata_reg[22]
  -------------------------------------------------------------------
                         required time                          6.291    
                         arrival time                          -1.402    
  -------------------------------------------------------------------
                         slack                                  4.889    

Slack (MET) :             4.903ns  (required time - arrival time)
  Source:                 u_bridge/addr_hold_reg[11]/C
                            (rising edge-triggered cell FDRE clocked by aclk  {rise@0.000ns fall@5.000ns period=10.000ns})
  Destination:            u_bridge/s_addr_reg[11]/D
                            (rising edge-triggered cell FDRE clocked by net_clk  {rise@0.000ns fall@3.200ns period=6.400ns})
  Path Group:             net_clk
  Path Type:              Setup (Max at Slow Process Corner)
  Requirement:            6.400ns  (MaxDelay Path 6.400ns)
  Data Path Delay:        1.439ns  (logic 0.518ns (35.998%)  route 0.921ns (64.002%))
  Logic Levels:           0  
  Timing Exception:       MaxDelay Path 6.400ns -datapath_only

    Location             Delay type                Incr(ns)  Path(ns)    Netlist Resource(s)
  -------------------------------------------------------------------    -------------------
    SLICE_X46Y33                                      0.000     0.000 r  u_bridge/addr_hold_reg[11]/C
    SLICE_X46Y33         FDRE (Prop_fdre_C_Q)         0.518     0.518 r  u_bridge/addr_hold_reg[11]/Q
                         net (fo=1, routed)           0.921     1.439    u_bridge/addr_hold[11]
    SLICE_X36Y31         FDRE                                         r  u_bridge/s_addr_reg[11]/D
  -------------------------------------------------------------------    -------------------

                         max delay                    6.400     6.400    
    SLICE_X36Y31         FDRE (Setup_fdre_C_D)       -0.058     6.342    u_bridge/s_addr_reg[11]
  -------------------------------------------------------------------
                         required time                          6.342    
                         arrival time                          -1.439    
  -------------------------------------------------------------------
                         slack                                  4.903    

Slack (MET) :             4.950ns  (required time - arrival time)
  Source:                 u_bridge/wdata_hold_reg[21]/C
                            (rising edge-triggered cell FDRE clocked by aclk  {rise@0.000ns fall@5.000ns period=10.000ns})
  Destination:            u_bridge/s_wdata_reg[21]/D
                            (rising edge-triggered cell FDRE clocked by net_clk  {rise@0.000ns fall@3.200ns period=6.400ns})
  Path Group:             net_clk
  Path Type:              Setup (Max at Slow Process Corner)
  Requirement:            6.400ns  (MaxDelay Path 6.400ns)
  Data Path Delay:        1.214ns  (logic 0.419ns (34.522%)  route 0.795ns (65.478%))
  Logic Levels:           0  
  Timing Exception:       MaxDelay Path 6.400ns -datapath_only

    Location             Delay type                Incr(ns)  Path(ns)    Netlist Resource(s)
  -------------------------------------------------------------------    -------------------
    SLICE_X56Y33                                      0.000     0.000 r  u_bridge/wdata_hold_reg[21]/C
    SLICE_X56Y33         FDRE (Prop_fdre_C_Q)         0.419     0.419 r  u_bridge/wdata_hold_reg[21]/Q
                         net (fo=1, routed)           0.795     1.214    u_bridge/wdata_hold[21]
    SLICE_X48Y31         FDRE                                         r  u_bridge/s_wdata_reg[21]/D
  -------------------------------------------------------------------    -------------------

                         max delay                    6.400     6.400    
    SLICE_X48Y31         FDRE (Setup_fdre_C_D)       -0.236     6.164    u_bridge/s_wdata_reg[21]
  -------------------------------------------------------------------
                         required time                          6.164    
                         arrival time                          -1.214    
  -------------------------------------------------------------------
                         slack                                  4.950    

Slack (MET) :             4.952ns  (required time - arrival time)
  Source:                 u_bridge/addr_hold_reg[8]/C
                            (rising edge-triggered cell FDRE clocked by aclk  {rise@0.000ns fall@5.000ns period=10.000ns})
  Destination:            u_bridge/s_addr_reg[8]/D
                            (rising edge-triggered cell FDRE clocked by net_clk  {rise@0.000ns fall@3.200ns period=6.400ns})
  Path Group:             net_clk
  Path Type:              Setup (Max at Slow Process Corner)
  Requirement:            6.400ns  (MaxDelay Path 6.400ns)
  Data Path Delay:        1.343ns  (logic 0.518ns (38.583%)  route 0.825ns (61.417%))
  Logic Levels:           0  
  Timing Exception:       MaxDelay Path 6.400ns -datapath_only

    Location             Delay type                Incr(ns)  Path(ns)    Netlist Resource(s)
  -------------------------------------------------------------------    -------------------
    SLICE_X50Y32                                      0.000     0.000 r  u_bridge/addr_hold_reg[8]/C
    SLICE_X50Y32         FDRE (Prop_fdre_C_Q)         0.518     0.518 r  u_bridge/addr_hold_reg[8]/Q
                         net (fo=1, routed)           0.825     1.343    u_bridge/addr_hold[8]
    SLICE_X45Y34         FDRE                                         r  u_bridge/s_addr_reg[8]/D
  -------------------------------------------------------------------    -------------------

                         max delay                    6.400     6.400    
    SLICE_X45Y34         FDRE (Setup_fdre_C_D)       -0.105     6.295    u_bridge/s_addr_reg[8]
  -------------------------------------------------------------------
                         required time                          6.295    
                         arrival time                          -1.343    
  -------------------------------------------------------------------
                         slack                                  4.952    

Slack (MET) :             4.977ns  (required time - arrival time)
  Source:                 u_bridge/addr_hold_reg[4]/C
                            (rising edge-triggered cell FDRE clocked by aclk  {rise@0.000ns fall@5.000ns period=10.000ns})
  Destination:            u_bridge/s_addr_reg[4]/D
                            (rising edge-triggered cell FDRE clocked by net_clk  {rise@0.000ns fall@3.200ns period=6.400ns})
  Path Group:             net_clk
  Path Type:              Setup (Max at Slow Process Corner)
  Requirement:            6.400ns  (MaxDelay Path 6.400ns)
  Data Path Delay:        1.392ns  (logic 0.518ns (37.219%)  route 0.874ns (62.781%))
  Logic Levels:           0  
  Timing Exception:       MaxDelay Path 6.400ns -datapath_only

    Location             Delay type                Incr(ns)  Path(ns)    Netlist Resource(s)
  -------------------------------------------------------------------    -------------------
    SLICE_X46Y33                                      0.000     0.000 r  u_bridge/addr_hold_reg[4]/C
    SLICE_X46Y33         FDRE (Prop_fdre_C_Q)         0.518     0.518 r  u_bridge/addr_hold_reg[4]/Q
                         net (fo=1, routed)           0.874     1.392    u_bridge/addr_hold[4]
    SLICE_X34Y32         FDRE                                         r  u_bridge/s_addr_reg[4]/D
  -------------------------------------------------------------------    -------------------

                         max delay                    6.400     6.400    
    SLICE_X34Y32         FDRE (Setup_fdre_C_D)       -0.031     6.369    u_bridge/s_addr_reg[4]
  -------------------------------------------------------------------
                         required time                          6.369    
                         arrival time                          -1.392    
  -------------------------------------------------------------------
                         slack                                  4.977    

Slack (MET) :             4.985ns  (required time - arrival time)
  Source:                 u_bridge/wdata_hold_reg[3]/C
                            (rising edge-triggered cell FDRE clocked by aclk  {rise@0.000ns fall@5.000ns period=10.000ns})
  Destination:            u_bridge/s_wdata_reg[3]/D
                            (rising edge-triggered cell FDRE clocked by net_clk  {rise@0.000ns fall@3.200ns period=6.400ns})
  Path Group:             net_clk
  Path Type:              Setup (Max at Slow Process Corner)
  Requirement:            6.400ns  (MaxDelay Path 6.400ns)
  Data Path Delay:        1.352ns  (logic 0.456ns (33.721%)  route 0.896ns (66.279%))
  Logic Levels:           0  
  Timing Exception:       MaxDelay Path 6.400ns -datapath_only

    Location             Delay type                Incr(ns)  Path(ns)    Netlist Resource(s)
  -------------------------------------------------------------------    -------------------
    SLICE_X49Y31                                      0.000     0.000 r  u_bridge/wdata_hold_reg[3]/C
    SLICE_X49Y31         FDRE (Prop_fdre_C_Q)         0.456     0.456 r  u_bridge/wdata_hold_reg[3]/Q
                         net (fo=1, routed)           0.896     1.352    u_bridge/wdata_hold[3]
    SLICE_X46Y32         FDRE                                         r  u_bridge/s_wdata_reg[3]/D
  -------------------------------------------------------------------    -------------------

                         max delay                    6.400     6.400    
    SLICE_X46Y32         FDRE (Setup_fdre_C_D)       -0.063     6.337    u_bridge/s_wdata_reg[3]
  -------------------------------------------------------------------
                         required time                          6.337    
                         arrival time                          -1.352    
  -------------------------------------------------------------------
                         slack                                  4.985    

Slack (MET) :             4.993ns  (required time - arrival time)
  Source:                 u_bridge/wdata_hold_reg[4]/C
                            (rising edge-triggered cell FDRE clocked by aclk  {rise@0.000ns fall@5.000ns period=10.000ns})
  Destination:            u_bridge/s_wdata_reg[4]/D
                            (rising edge-triggered cell FDRE clocked by net_clk  {rise@0.000ns fall@3.200ns period=6.400ns})
  Path Group:             net_clk
  Path Type:              Setup (Max at Slow Process Corner)
  Requirement:            6.400ns  (MaxDelay Path 6.400ns)
  Data Path Delay:        1.299ns  (logic 0.456ns (35.104%)  route 0.843ns (64.896%))
  Logic Levels:           0  
  Timing Exception:       MaxDelay Path 6.400ns -datapath_only

    Location             Delay type                Incr(ns)  Path(ns)    Netlist Resource(s)
  -------------------------------------------------------------------    -------------------
    SLICE_X49Y29                                      0.000     0.000 r  u_bridge/wdata_hold_reg[4]/C
    SLICE_X49Y29         FDRE (Prop_fdre_C_Q)         0.456     0.456 r  u_bridge/wdata_hold_reg[4]/Q
                         net (fo=1, routed)           0.843     1.299    u_bridge/wdata_hold[4]
    SLICE_X43Y32         FDRE                                         r  u_bridge/s_wdata_reg[4]/D
  -------------------------------------------------------------------    -------------------

                         max delay                    6.400     6.400    
    SLICE_X43Y32         FDRE (Setup_fdre_C_D)       -0.108     6.292    u_bridge/s_wdata_reg[4]
  -------------------------------------------------------------------
                         required time                          6.292    
                         arrival time                          -1.299    
  -------------------------------------------------------------------
                         slack                                  4.993    

Slack (MET) :             4.999ns  (required time - arrival time)
  Source:                 u_bridge/wdata_hold_reg[14]/C
                            (rising edge-triggered cell FDRE clocked by aclk  {rise@0.000ns fall@5.000ns period=10.000ns})
  Destination:            u_bridge/s_wdata_reg[14]/D
                            (rising edge-triggered cell FDRE clocked by net_clk  {rise@0.000ns fall@3.200ns period=6.400ns})
  Path Group:             net_clk
  Path Type:              Setup (Max at Slow Process Corner)
  Requirement:            6.400ns  (MaxDelay Path 6.400ns)
  Data Path Delay:        1.343ns  (logic 0.456ns (33.956%)  route 0.887ns (66.044%))
  Logic Levels:           0  
  Timing Exception:       MaxDelay Path 6.400ns -datapath_only

    Location             Delay type                Incr(ns)  Path(ns)    Netlist Resource(s)
  -------------------------------------------------------------------    -------------------
    SLICE_X49Y31                                      0.000     0.000 r  u_bridge/wdata_hold_reg[14]/C
    SLICE_X49Y31         FDRE (Prop_fdre_C_Q)         0.456     0.456 r  u_bridge/wdata_hold_reg[14]/Q
                         net (fo=1, routed)           0.887     1.343    u_bridge/wdata_hold[14]
    SLICE_X42Y31         FDRE                                         r  u_bridge/s_wdata_reg[14]/D
  -------------------------------------------------------------------    -------------------

                         max delay                    6.400     6.400    
    SLICE_X42Y31         FDRE (Setup_fdre_C_D)       -0.058     6.342    u_bridge/s_wdata_reg[14]
  -------------------------------------------------------------------
                         required time                          6.342    
                         arrival time                          -1.343    
  -------------------------------------------------------------------
                         slack                                  4.999    

Slack (MET) :             5.008ns  (required time - arrival time)
  Source:                 u_bridge/wdata_hold_reg[24]/C
                            (rising edge-triggered cell FDRE clocked by aclk  {rise@0.000ns fall@5.000ns period=10.000ns})
  Destination:            u_bridge/s_wdata_reg[24]/D
                            (rising edge-triggered cell FDRE clocked by net_clk  {rise@0.000ns fall@3.200ns period=6.400ns})
  Path Group:             net_clk
  Path Type:              Setup (Max at Slow Process Corner)
  Requirement:            6.400ns  (MaxDelay Path 6.400ns)
  Data Path Delay:        1.152ns  (logic 0.419ns (36.374%)  route 0.733ns (63.626%))
  Logic Levels:           0  
  Timing Exception:       MaxDelay Path 6.400ns -datapath_only

    Location             Delay type                Incr(ns)  Path(ns)    Netlist Resource(s)
  -------------------------------------------------------------------    -------------------
    SLICE_X56Y33                                      0.000     0.000 r  u_bridge/wdata_hold_reg[24]/C
    SLICE_X56Y33         FDRE (Prop_fdre_C_Q)         0.419     0.419 r  u_bridge/wdata_hold_reg[24]/Q
                         net (fo=1, routed)           0.733     1.152    u_bridge/wdata_hold[24]
    SLICE_X51Y33         FDRE                                         r  u_bridge/s_wdata_reg[24]/D
  -------------------------------------------------------------------    -------------------

                         max delay                    6.400     6.400    
    SLICE_X51Y33         FDRE (Setup_fdre_C_D)       -0.240     6.160    u_bridge/s_wdata_reg[24]
  -------------------------------------------------------------------
                         required time                          6.160    
                         arrival time                          -1.152    
  -------------------------------------------------------------------
                         slack                                  5.008    

Slack (MET) :             5.010ns  (required time - arrival time)
  Source:                 u_bridge/wdata_hold_reg[17]/C
                            (rising edge-triggered cell FDRE clocked by aclk  {rise@0.000ns fall@5.000ns period=10.000ns})
  Destination:            u_bridge/s_wdata_reg[17]/D
                            (rising edge-triggered cell FDRE clocked by net_clk  {rise@0.000ns fall@3.200ns period=6.400ns})
  Path Group:             net_clk
  Path Type:              Setup (Max at Slow Process Corner)
  Requirement:            6.400ns  (MaxDelay Path 6.400ns)
  Data Path Delay:        1.331ns  (logic 0.456ns (34.256%)  route 0.875ns (65.744%))
  Logic Levels:           0  
  Timing Exception:       MaxDelay Path 6.400ns -datapath_only

    Location             Delay type                Incr(ns)  Path(ns)    Netlist Resource(s)
  -------------------------------------------------------------------    -------------------
    SLICE_X51Y32                                      0.000     0.000 r  u_bridge/wdata_hold_reg[17]/C
    SLICE_X51Y32         FDRE (Prop_fdre_C_Q)         0.456     0.456 r  u_bridge/wdata_hold_reg[17]/Q
                         net (fo=1, routed)           0.875     1.331    u_bridge/wdata_hold[17]
    SLICE_X46Y32         FDRE                                         r  u_bridge/s_wdata_reg[17]/D
  -------------------------------------------------------------------    -------------------

                         max delay                    6.400     6.400    
    SLICE_X46Y32         FDRE (Setup_fdre_C_D)       -0.059     6.341    u_bridge/s_wdata_reg[17]
  -------------------------------------------------------------------
                         required time                          6.341    
                         arrival time                          -1.331    
  -------------------------------------------------------------------
                         slack                                  5.010    

Slack (MET) :             5.030ns  (required time - arrival time)
  Source:                 u_bridge/wdata_hold_reg[0]/C
                            (rising edge-triggered cell FDRE clocked by aclk  {rise@0.000ns fall@5.000ns period=10.000ns})
  Destination:            u_bridge/s_wdata_reg[0]/D
                            (rising edge-triggered cell FDRE clocked by net_clk  {rise@0.000ns fall@3.200ns period=6.400ns})
  Path Group:             net_clk
  Path Type:              Setup (Max at Slow Process Corner)
  Requirement:            6.400ns  (MaxDelay Path 6.400ns)
  Data Path Delay:        1.265ns  (logic 0.456ns (36.036%)  route 0.809ns (63.964%))
  Logic Levels:           0  
  Timing Exception:       MaxDelay Path 6.400ns -datapath_only

    Location             Delay type                Incr(ns)  Path(ns)    Netlist Resource(s)
  -------------------------------------------------------------------    -------------------
    SLICE_X47Y32                                      0.000     0.000 r  u_bridge/wdata_hold_reg[0]/C
    SLICE_X47Y32         FDRE (Prop_fdre_C_Q)         0.456     0.456 r  u_bridge/wdata_hold_reg[0]/Q
                         net (fo=1, routed)           0.809     1.265    u_bridge/wdata_hold[0]
    SLICE_X43Y32         FDRE                                         r  u_bridge/s_wdata_reg[0]/D
  -------------------------------------------------------------------    -------------------

                         max delay                    6.400     6.400    
    SLICE_X43Y32         FDRE (Setup_fdre_C_D)       -0.105     6.295    u_bridge/s_wdata_reg[0]
  -------------------------------------------------------------------
                         required time                          6.295    
                         arrival time                          -1.265    
  -------------------------------------------------------------------
                         slack                                  5.030    

Slack (MET) :             5.056ns  (required time - arrival time)
  Source:                 u_bridge/wdata_hold_reg[6]/C
                            (rising edge-triggered cell FDRE clocked by aclk  {rise@0.000ns fall@5.000ns period=10.000ns})
  Destination:            u_bridge/s_wdata_reg[6]/D
                            (rising edge-triggered cell FDRE clocked by net_clk  {rise@0.000ns fall@3.200ns period=6.400ns})
  Path Group:             net_clk
  Path Type:              Setup (Max at Slow Process Corner)
  Requirement:            6.400ns  (MaxDelay Path 6.400ns)
  Data Path Delay:        1.239ns  (logic 0.456ns (36.814%)  route 0.783ns (63.186%))
  Logic Levels:           0  
  Timing Exception:       MaxDelay Path 6.400ns -datapath_only

    Location             Delay type                Incr(ns)  Path(ns)    Netlist Resource(s)
  -------------------------------------------------------------------    -------------------
    SLICE_X49Y29                                      0.000     0.000 r  u_bridge/wdata_hold_reg[6]/C
    SLICE_X49Y29         FDRE (Prop_fdre_C_Q)         0.456     0.456 r  u_bridge/wdata_hold_reg[6]/Q
                         net (fo=1, routed)           0.783     1.239    u_bridge/wdata_hold[6]
    SLICE_X45Y30         FDRE                                         r  u_bridge/s_wdata_reg[6]/D
  -------------------------------------------------------------------    -------------------

                         max delay                    6.400     6.400    
    SLICE_X45Y30         FDRE (Setup_fdre_C_D)       -0.105     6.295    u_bridge/s_wdata_reg[6]
  -------------------------------------------------------------------
                         required time                          6.295    
                         arrival time                          -1.239    
  -------------------------------------------------------------------
                         slack                                  5.056    

Slack (MET) :             5.062ns  (required time - arrival time)
  Source:                 u_bridge/wdata_hold_reg[16]/C
                            (rising edge-triggered cell FDRE clocked by aclk  {rise@0.000ns fall@5.000ns period=10.000ns})
  Destination:            u_bridge/s_wdata_reg[16]/D
                            (rising edge-triggered cell FDRE clocked by net_clk  {rise@0.000ns fall@3.200ns period=6.400ns})
  Path Group:             net_clk
  Path Type:              Setup (Max at Slow Process Corner)
  Requirement:            6.400ns  (MaxDelay Path 6.400ns)
  Data Path Delay:        1.279ns  (logic 0.456ns (35.656%)  route 0.823ns (64.344%))
  Logic Levels:           0  
  Timing Exception:       MaxDelay Path 6.400ns -datapath_only

    Location             Delay type                Incr(ns)  Path(ns)    Netlist Resource(s)
  -------------------------------------------------------------------    -------------------
    SLICE_X49Y31                                      0.000     0.000 r  u_bridge/wdata_hold_reg[16]/C
    SLICE_X49Y31         FDRE (Prop_fdre_C_Q)         0.456     0.456 r  u_bridge/wdata_hold_reg[16]/Q
                         net (fo=1, routed)           0.823     1.279    u_bridge/wdata_hold[16]
    SLICE_X42Y31         FDRE                                         r  u_bridge/s_wdata_reg[16]/D
  -------------------------------------------------------------------    -------------------

                         max delay                    6.400     6.400    
    SLICE_X42Y31         FDRE (Setup_fdre_C_D)       -0.059     6.341    u_bridge/s_wdata_reg[16]
  -------------------------------------------------------------------
                         required time                          6.341    
                         arrival time                          -1.279    
  -------------------------------------------------------------------
                         slack                                  5.062    





--------------------------------------------------------------------------------------
Path Group:  (none)
From Clock:  net_clk
  To Clock:  aclk

Max Delay             2 Endpoints
Min Delay           114 Endpoints
--------------------------------------------------------------------------------------


Max Delay Paths
--------------------------------------------------------------------------------------
Slack:                    inf
  Source:                 u_bridge/ack_tgl_reg/C
                            (rising edge-triggered cell FDRE clocked by net_clk  {rise@0.000ns fall@3.200ns period=6.400ns})
  Destination:            u_bridge/ack_sync_reg[0]/D
                            (rising edge-triggered cell FDRE clocked by aclk  {rise@0.000ns fall@5.000ns period=10.000ns})
  Path Group:             (none)
  Path Type:              Setup (Max at Slow Process Corner)
  Data Path Delay:        1.072ns  (logic 0.456ns (42.537%)  route 0.616ns (57.463%))
  Logic Levels:           0  
  Clock Path Skew:        -0.049ns (DCD - SCD + CPR)
    Destination Clock Delay (DCD):    0.924ns
    Source Clock Delay      (SCD):    0.973ns
    Clock Pessimism Removal (CPR):    0.000ns
  Clock Uncertainty:      0.035ns  ((TSJ^2 + TIJ^2)^1/2 + DJ) / 2 + PE
    Total System Jitter     (TSJ):    0.071ns
    Total Input Jitter      (TIJ):    0.000ns
    Discrete Jitter          (DJ):    0.000ns
    Phase Error              (PE):    0.000ns
  Timing Exception:       False Path

    Location             Delay type                Incr(ns)  Path(ns)    Netlist Resource(s)
  -------------------------------------------------------------------    -------------------
                         (clock net_clk rise edge)    0.000     0.000 r  
                                                      0.000     0.000 r  net_clk (IN)
                         net (fo=1291, unset)         0.973     0.973    u_bridge/net_clk
    SLICE_X35Y28         FDRE                                         r  u_bridge/ack_tgl_reg/C
  -------------------------------------------------------------------    -------------------
    SLICE_X35Y28         FDRE (Prop_fdre_C_Q)         0.456     1.429 r  u_bridge/ack_tgl_reg/Q
                         net (fo=2, routed)           0.616     2.045    u_bridge/ack_tgl
    SLICE_X38Y27         FDRE                                         r  u_bridge/ack_sync_reg[0]/D
  -------------------------------------------------------------------    -------------------

                         (clock aclk rise edge)       0.000     0.000 r  
                                                      0.000     0.000 r  aclk (IN)
                         net (fo=376, unset)          0.924     0.924    u_bridge/aclk
    SLICE_X38Y27         FDRE                                         r  u_bridge/ack_sync_reg[0]/C

Slack:                    inf
  Source:                 u_snap/ack_tgl_reg/C
                            (rising edge-triggered cell FDRE clocked by net_clk  {rise@0.000ns fall@3.200ns period=6.400ns})
  Destination:            u_snap/ack_sync_reg[0]/D
                            (rising edge-triggered cell FDRE clocked by aclk  {rise@0.000ns fall@5.000ns period=10.000ns})
  Path Group:             (none)
  Path Type:              Setup (Max at Slow Process Corner)
  Data Path Delay:        0.791ns  (logic 0.456ns (57.641%)  route 0.335ns (42.359%))
  Logic Levels:           0  
  Clock Path Skew:        -0.049ns (DCD - SCD + CPR)
    Destination Clock Delay (DCD):    0.924ns
    Source Clock Delay      (SCD):    0.973ns
    Clock Pessimism Removal (CPR):    0.000ns
  Clock Uncertainty:      0.035ns  ((TSJ^2 + TIJ^2)^1/2 + DJ) / 2 + PE
    Total System Jitter     (TSJ):    0.071ns
    Total Input Jitter      (TIJ):    0.000ns
    Discrete Jitter          (DJ):    0.000ns
    Phase Error              (PE):    0.000ns
  Timing Exception:       False Path

    Location             Delay type                Incr(ns)  Path(ns)    Netlist Resource(s)
  -------------------------------------------------------------------    -------------------
                         (clock net_clk rise edge)    0.000     0.000 r  
                                                      0.000     0.000 r  net_clk (IN)
                         net (fo=1291, unset)         0.973     0.973    u_snap/net_clk
    SLICE_X57Y36         FDRE                                         r  u_snap/ack_tgl_reg/C
  -------------------------------------------------------------------    -------------------
    SLICE_X57Y36         FDRE (Prop_fdre_C_Q)         0.456     1.429 r  u_snap/ack_tgl_reg/Q
                         net (fo=2, routed)           0.335     1.764    u_snap/ack_tgl_reg_n_0
    SLICE_X58Y36         FDRE                                         r  u_snap/ack_sync_reg[0]/D
  -------------------------------------------------------------------    -------------------

                         (clock aclk rise edge)       0.000     0.000 r  
                                                      0.000     0.000 r  aclk (IN)
                         net (fo=376, unset)          0.924     0.924    u_snap/aclk
    SLICE_X58Y36         FDRE                                         r  u_snap/ack_sync_reg[0]/C





Min Delay Paths
--------------------------------------------------------------------------------------
Slack:                    inf
  Source:                 u_snap/snap_reg[3]/C
                            (rising edge-triggered cell FDRE clocked by net_clk  {rise@0.000ns fall@3.200ns period=6.400ns})
  Destination:            u_snap/dst_ns_reg[3]/D
                            (rising edge-triggered cell FDRE clocked by aclk  {rise@0.000ns fall@5.000ns period=10.000ns})
  Path Group:             (none)
  Path Type:              Hold (Min at Fast Process Corner)
  Data Path Delay:        0.207ns  (logic 0.148ns (71.500%)  route 0.059ns (28.500%))
  Logic Levels:           0  
  Clock Path Skew:        0.022ns (DCD - SCD - CPR)
    Destination Clock Delay (DCD):    0.432ns
    Source Clock Delay      (SCD):    0.410ns
    Clock Pessimism Removal (CPR):    -0.000ns
  Clock Uncertainty:      0.035ns  ((TSJ^2 + TIJ^2)^1/2 + DJ) / 2 + PE
    Total System Jitter     (TSJ):    0.071ns
    Total Input Jitter      (TIJ):    0.000ns
    Discrete Jitter          (DJ):    0.000ns
    Phase Error              (PE):    0.000ns
  Timing Exception:       False Path

    Location             Delay type                Incr(ns)  Path(ns)    Netlist Resource(s)
  -------------------------------------------------------------------    -------------------
                         (clock net_clk rise edge)    0.000     0.000 r  
                                                      0.000     0.000 r  net_clk (IN)
                         net (fo=1291, unset)         0.410     0.410    u_snap/net_clk
    SLICE_X54Y35         FDRE                                         r  u_snap/snap_reg[3]/C
  -------------------------------------------------------------------    -------------------
    SLICE_X54Y35         FDRE (Prop_fdre_C_Q)         0.148     0.558 r  u_snap/snap_reg[3]/Q
                         net (fo=1, routed)           0.059     0.617    u_snap/snap_reg_n_0_[3]
    SLICE_X55Y35         FDRE                                         r  u_snap/dst_ns_reg[3]/D
  -------------------------------------------------------------------    -------------------

                         (clock aclk rise edge)       0.000     0.000 r  
                                                      0.000     0.000 r  aclk (IN)
                         net (fo=376, unset)          0.432     0.432    u_snap/aclk
    SLICE_X55Y35         FDRE                                         r  u_snap/dst_ns_reg[3]/C

Slack:                    inf
  Source:                 u_snap/snap_reg[33]/C
                            (rising edge-triggered cell FDRE clocked by net_clk  {rise@0.000ns fall@3.200ns period=6.400ns})
  Destination:            u_snap/dst_sec_reg[1]/D
                            (rising edge-triggered cell FDRE clocked by aclk  {rise@0.000ns fall@5.000ns period=10.000ns})
  Path Group:             (none)
  Path Type:              Hold (Min at Fast Process Corner)
  Data Path Delay:        0.207ns  (logic 0.148ns (71.500%)  route 0.059ns (28.500%))
  Logic Levels:           0  
  Clock Path Skew:        0.022ns (DCD - SCD - CPR)
    Destination Clock Delay (DCD):    0.432ns
    Source Clock Delay      (SCD):    0.410ns
    Clock Pessimism Removal (CPR):    -0.000ns
  Clock Uncertainty:      0.035ns  ((TSJ^2 + TIJ^2)^1/2 + DJ) / 2 + PE
    Total System Jitter     (TSJ):    0.071ns
    Total Input Jitter      (TIJ):    0.000ns
    Discrete Jitter          (DJ):    0.000ns
    Phase Error              (PE):    0.000ns
  Timing Exception:       False Path

    Location             Delay type                Incr(ns)  Path(ns)    Netlist Resource(s)
  -------------------------------------------------------------------    -------------------
                         (clock net_clk rise edge)    0.000     0.000 r  
                                                      0.000     0.000 r  net_clk (IN)
                         net (fo=1291, unset)         0.410     0.410    u_snap/net_clk
    SLICE_X54Y35         FDRE                                         r  u_snap/snap_reg[33]/C
  -------------------------------------------------------------------    -------------------
    SLICE_X54Y35         FDRE (Prop_fdre_C_Q)         0.148     0.558 r  u_snap/snap_reg[33]/Q
                         net (fo=1, routed)           0.059     0.617    u_snap/p_1_in__0[1]
    SLICE_X55Y35         FDRE                                         r  u_snap/dst_sec_reg[1]/D
  -------------------------------------------------------------------    -------------------

                         (clock aclk rise edge)       0.000     0.000 r  
                                                      0.000     0.000 r  aclk (IN)
                         net (fo=376, unset)          0.432     0.432    u_snap/aclk
    SLICE_X55Y35         FDRE                                         r  u_snap/dst_sec_reg[1]/C

Slack:                    inf
  Source:                 u_snap/snap_reg[4]/C
                            (rising edge-triggered cell FDRE clocked by net_clk  {rise@0.000ns fall@3.200ns period=6.400ns})
  Destination:            u_snap/dst_ns_reg[4]/D
                            (rising edge-triggered cell FDRE clocked by aclk  {rise@0.000ns fall@5.000ns period=10.000ns})
  Path Group:             (none)
  Path Type:              Hold (Min at Fast Process Corner)
  Data Path Delay:        0.207ns  (logic 0.148ns (71.431%)  route 0.059ns (28.569%))
  Logic Levels:           0  
  Clock Path Skew:        0.022ns (DCD - SCD - CPR)
    Destination Clock Delay (DCD):    0.432ns
    Source Clock Delay      (SCD):    0.410ns
    Clock Pessimism Removal (CPR):    -0.000ns
  Clock Uncertainty:      0.035ns  ((TSJ^2 + TIJ^2)^1/2 + DJ) / 2 + PE
    Total System Jitter     (TSJ):    0.071ns
    Total Input Jitter      (TIJ):    0.000ns
    Discrete Jitter          (DJ):    0.000ns
    Phase Error              (PE):    0.000ns
  Timing Exception:       False Path

    Location             Delay type                Incr(ns)  Path(ns)    Netlist Resource(s)
  -------------------------------------------------------------------    -------------------
                         (clock net_clk rise edge)    0.000     0.000 r  
                                                      0.000     0.000 r  net_clk (IN)
                         net (fo=1291, unset)         0.410     0.410    u_snap/net_clk
    SLICE_X54Y35         FDRE                                         r  u_snap/snap_reg[4]/C
  -------------------------------------------------------------------    -------------------
    SLICE_X54Y35         FDRE (Prop_fdre_C_Q)         0.148     0.558 r  u_snap/snap_reg[4]/Q
                         net (fo=1, routed)           0.059     0.617    u_snap/snap_reg_n_0_[4]
    SLICE_X55Y35         FDRE                                         r  u_snap/dst_ns_reg[4]/D
  -------------------------------------------------------------------    -------------------

                         (clock aclk rise edge)       0.000     0.000 r  
                                                      0.000     0.000 r  aclk (IN)
                         net (fo=376, unset)          0.432     0.432    u_snap/aclk
    SLICE_X55Y35         FDRE                                         r  u_snap/dst_ns_reg[4]/C

Slack:                    inf
  Source:                 u_snap/snap_reg[35]/C
                            (rising edge-triggered cell FDRE clocked by net_clk  {rise@0.000ns fall@3.200ns period=6.400ns})
  Destination:            u_snap/dst_sec_reg[3]/D
                            (rising edge-triggered cell FDRE clocked by aclk  {rise@0.000ns fall@5.000ns period=10.000ns})
  Path Group:             (none)
  Path Type:              Hold (Min at Fast Process Corner)
  Data Path Delay:        0.207ns  (logic 0.148ns (71.328%)  route 0.059ns (28.672%))
  Logic Levels:           0  
  Clock Path Skew:        0.022ns (DCD - SCD - CPR)
    Destination Clock Delay (DCD):    0.432ns
    Source Clock Delay      (SCD):    0.410ns
    Clock Pessimism Removal (CPR):    -0.000ns
  Clock Uncertainty:      0.035ns  ((TSJ^2 + TIJ^2)^1/2 + DJ) / 2 + PE
    Total System Jitter     (TSJ):    0.071ns
    Total Input Jitter      (TIJ):    0.000ns
    Discrete Jitter          (DJ):    0.000ns
    Phase Error              (PE):    0.000ns
  Timing Exception:       False Path

    Location             Delay type                Incr(ns)  Path(ns)    Netlist Resource(s)
  -------------------------------------------------------------------    -------------------
                         (clock net_clk rise edge)    0.000     0.000 r  
                                                      0.000     0.000 r  net_clk (IN)
                         net (fo=1291, unset)         0.410     0.410    u_snap/net_clk
    SLICE_X54Y35         FDRE                                         r  u_snap/snap_reg[35]/C
  -------------------------------------------------------------------    -------------------
    SLICE_X54Y35         FDRE (Prop_fdre_C_Q)         0.148     0.558 r  u_snap/snap_reg[35]/Q
                         net (fo=1, routed)           0.059     0.618    u_snap/p_1_in__0[3]
    SLICE_X55Y35         FDRE                                         r  u_snap/dst_sec_reg[3]/D
  -------------------------------------------------------------------    -------------------

                         (clock aclk rise edge)       0.000     0.000 r  
                                                      0.000     0.000 r  aclk (IN)
                         net (fo=376, unset)          0.432     0.432    u_snap/aclk
    SLICE_X55Y35         FDRE                                         r  u_snap/dst_sec_reg[3]/C

Slack:                    inf
  Source:                 u_snap/snap_reg[68]/C
                            (rising edge-triggered cell FDRE clocked by net_clk  {rise@0.000ns fall@3.200ns period=6.400ns})
  Destination:            u_snap/dst_sec_reg[36]/D
                            (rising edge-triggered cell FDRE clocked by aclk  {rise@0.000ns fall@5.000ns period=10.000ns})
  Path Group:             (none)
  Path Type:              Hold (Min at Fast Process Corner)
  Data Path Delay:        0.242ns  (logic 0.128ns (52.976%)  route 0.114ns (47.024%))
  Logic Levels:           0  
  Clock Path Skew:        0.022ns (DCD - SCD - CPR)
    Destination Clock Delay (DCD):    0.432ns
    Source Clock Delay      (SCD):    0.410ns
    Clock Pessimism Removal (CPR):    -0.000ns
  Clock Uncertainty:      0.035ns  ((TSJ^2 + TIJ^2)^1/2 + DJ) / 2 + PE
    Total System Jitter     (TSJ):    0.071ns
    Total Input Jitter      (TIJ):    0.000ns
    Discrete Jitter          (DJ):    0.000ns
    Phase Error              (PE):    0.000ns
  Timing Exception:       False Path

    Location             Delay type                Incr(ns)  Path(ns)    Netlist Resource(s)
  -------------------------------------------------------------------    -------------------
                         (clock net_clk rise edge)    0.000     0.000 r  
                                                      0.000     0.000 r  net_clk (IN)
                         net (fo=1291, unset)         0.410     0.410    u_snap/net_clk
    SLICE_X56Y42         FDRE                                         r  u_snap/snap_reg[68]/C
  -------------------------------------------------------------------    -------------------
    SLICE_X56Y42         FDRE (Prop_fdre_C_Q)         0.128     0.538 r  u_snap/snap_reg[68]/Q
                         net (fo=1, routed)           0.114     0.652    u_snap/p_1_in__0[36]
    SLICE_X56Y43         FDRE                                         r  u_snap/dst_sec_reg[36]/D
  -------------------------------------------------------------------    -------------------

                         (clock aclk rise edge)       0.000     0.000 r  
                                                      0.000     0.000 r  aclk (IN)
                         net (fo=376, unset)          0.432     0.432    u_snap/aclk
    SLICE_X56Y43         FDRE                                         r  u_snap/dst_sec_reg[36]/C

Slack:                    inf
  Source:                 u_snap/snap_reg[48]/C
                            (rising edge-triggered cell FDRE clocked by net_clk  {rise@0.000ns fall@3.200ns period=6.400ns})
  Destination:            u_snap/dst_sec_reg[16]/D
                            (rising edge-triggered cell FDRE clocked by aclk  {rise@0.000ns fall@5.000ns period=10.000ns})
  Path Group:             (none)
  Path Type:              Hold (Min at Fast Process Corner)
  Data Path Delay:        0.245ns  (logic 0.128ns (52.327%)  route 0.117ns (47.673%))
  Logic Levels:           0  
  Clock Path Skew:        0.022ns (DCD - SCD - CPR)
    Destination Clock Delay (DCD):    0.432ns
    Source Clock Delay      (SCD):    0.410ns
    Clock Pessimism Removal (CPR):    -0.000ns
  Clock Uncertainty:      0.035ns  ((TSJ^2 + TIJ^2)^1/2 + DJ) / 2 + PE
    Total System Jitter     (TSJ):    0.071ns
    Total Input Jitter      (TIJ):    0.000ns
    Discrete Jitter          (DJ):    0.000ns
    Phase Error              (PE):    0.000ns
  Timing Exception:       False Path

    Location             Delay type                Incr(ns)  Path(ns)    Netlist Resource(s)
  -------------------------------------------------------------------    -------------------
                         (clock net_clk rise edge)    0.000     0.000 r  
                                                      0.000     0.000 r  net_clk (IN)
                         net (fo=1291, unset)         0.410     0.410    u_snap/net_clk
    SLICE_X61Y39         FDRE                                         r  u_snap/snap_reg[48]/C
  -------------------------------------------------------------------    -------------------
    SLICE_X61Y39         FDRE (Prop_fdre_C_Q)         0.128     0.538 r  u_snap/snap_reg[48]/Q
                         net (fo=1, routed)           0.117     0.655    u_snap/p_1_in__0[16]
    SLICE_X61Y38         FDRE                                         r  u_snap/dst_sec_reg[16]/D
  -------------------------------------------------------------------    -------------------

                         (clock aclk rise edge)       0.000     0.000 r  
                                                      0.000     0.000 r  aclk (IN)
                         net (fo=376, unset)          0.432     0.432    u_snap/aclk
    SLICE_X61Y38         FDRE                                         r  u_snap/dst_sec_reg[16]/C

Slack:                    inf
  Source:                 u_snap/snap_reg[79]/C
                            (rising edge-triggered cell FDRE clocked by net_clk  {rise@0.000ns fall@3.200ns period=6.400ns})
  Destination:            u_snap/dst_sec_reg[47]/D
                            (rising edge-triggered cell FDRE clocked by aclk  {rise@0.000ns fall@5.000ns period=10.000ns})
  Path Group:             (none)
  Path Type:              Hold (Min at Fast Process Corner)
  Data Path Delay:        0.251ns  (logic 0.128ns (51.098%)  route 0.123ns (48.902%))
  Logic Levels:           0  
  Clock Path Skew:        0.022ns (DCD - SCD - CPR)
    Destination Clock Delay (DCD):    0.432ns
    Source Clock Delay      (SCD):    0.410ns
    Clock Pessimism Removal (CPR):    -0.000ns
  Clock Uncertainty:      0.035ns  ((TSJ^2 + TIJ^2)^1/2 + DJ) / 2 + PE
    Total System Jitter     (TSJ):    0.071ns
    Total Input Jitter      (TIJ):    0.000ns
    Discrete Jitter          (DJ):    0.000ns
    Phase Error              (PE):    0.000ns
  Timing Exception:       False Path

    Location             Delay type                Incr(ns)  Path(ns)    Netlist Resource(s)
  -------------------------------------------------------------------    -------------------
                         (clock net_clk rise edge)    0.000     0.000 r  
                                                      0.000     0.000 r  net_clk (IN)
                         net (fo=1291, unset)         0.410     0.410    u_snap/net_clk
    SLICE_X55Y43         FDRE                                         r  u_snap/snap_reg[79]/C
  -------------------------------------------------------------------    -------------------
    SLICE_X55Y43         FDRE (Prop_fdre_C_Q)         0.128     0.538 r  u_snap/snap_reg[79]/Q
                         net (fo=1, routed)           0.123     0.661    u_snap/p_1_in__0[47]
    SLICE_X57Y43         FDRE                                         r  u_snap/dst_sec_reg[47]/D
  -------------------------------------------------------------------    -------------------

                         (clock aclk rise edge)       0.000     0.000 r  
                                                      0.000     0.000 r  aclk (IN)
                         net (fo=376, unset)          0.432     0.432    u_snap/aclk
    SLICE_X57Y43         FDRE                                         r  u_snap/dst_sec_reg[47]/C

Slack:                    inf
  Source:                 u_snap/snap_reg[7]/C
                            (rising edge-triggered cell FDRE clocked by net_clk  {rise@0.000ns fall@3.200ns period=6.400ns})
  Destination:            u_snap/dst_ns_reg[7]/D
                            (rising edge-triggered cell FDRE clocked by aclk  {rise@0.000ns fall@5.000ns period=10.000ns})
  Path Group:             (none)
  Path Type:              Hold (Min at Fast Process Corner)
  Data Path Delay:        0.251ns  (logic 0.141ns (56.174%)  route 0.110ns (43.826%))
  Logic Levels:           0  
  Clock Path Skew:        0.022ns (DCD - SCD - CPR)
    Destination Clock Delay (DCD):    0.432ns
    Source Clock Delay      (SCD):    0.410ns
    Clock Pessimism Removal (CPR):    -0.000ns
  Clock Uncertainty:      0.035ns  ((TSJ^2 + TIJ^2)^1/2 + DJ) / 2 + PE
    Total System Jitter     (TSJ):    0.071ns
    Total Input Jitter      (TIJ):    0.000ns
    Discrete Jitter          (DJ):    0.000ns
    Phase Error              (PE):    0.000ns
  Timing Exception:       False Path

    Location             Delay type                Incr(ns)  Path(ns)    Netlist Resource(s)
  -------------------------------------------------------------------    -------------------
                         (clock net_clk rise edge)    0.000     0.000 r  
                                                      0.000     0.000 r  net_clk (IN)
                         net (fo=1291, unset)         0.410     0.410    u_snap/net_clk
    SLICE_X59Y35         FDRE                                         r  u_snap/snap_reg[7]/C
  -------------------------------------------------------------------    -------------------
    SLICE_X59Y35         FDRE (Prop_fdre_C_Q)         0.141     0.551 r  u_snap/snap_reg[7]/Q
                         net (fo=1, routed)           0.110     0.661    u_snap/snap_reg_n_0_[7]
    SLICE_X59Y36         FDRE                                         r  u_snap/dst_ns_reg[7]/D
  -------------------------------------------------------------------    -------------------

                         (clock aclk rise edge)       0.000     0.000 r  
                                                      0.000     0.000 r  aclk (IN)
                         net (fo=376, unset)          0.432     0.432    u_snap/aclk
    SLICE_X59Y36         FDRE                                         r  u_snap/dst_ns_reg[7]/C

Slack:                    inf
  Source:                 u_snap/snap_reg[32]/C
                            (rising edge-triggered cell FDRE clocked by net_clk  {rise@0.000ns fall@3.200ns period=6.400ns})
  Destination:            u_snap/dst_sec_reg[0]/D
                            (rising edge-triggered cell FDRE clocked by aclk  {rise@0.000ns fall@5.000ns period=10.000ns})
  Path Group:             (none)
  Path Type:              Hold (Min at Fast Process Corner)
  Data Path Delay:        0.251ns  (logic 0.141ns (56.174%)  route 0.110ns (43.826%))
  Logic Levels:           0  
  Clock Path Skew:        0.022ns (DCD - SCD - CPR)
    Destination Clock Delay (DCD):    0.432ns
    Source Clock Delay      (SCD):    0.410ns
    Clock Pessimism Removal (CPR):    -0.000ns
  Clock Uncertainty:      0.035ns  ((TSJ^2 + TIJ^2)^1/2 + DJ) / 2 + PE
    Total System Jitter     (TSJ):    0.071ns
    Total Input Jitter      (TIJ):    0.000ns
    Discrete Jitter          (DJ):    0.000ns
    Phase Error              (PE):    0.000ns
  Timing Exception:       False Path

    Location             Delay type                Incr(ns)  Path(ns)    Netlist Resource(s)
  -------------------------------------------------------------------    -------------------
                         (clock net_clk rise edge)    0.000     0.000 r  
                                                      0.000     0.000 r  net_clk (IN)
                         net (fo=1291, unset)         0.410     0.410    u_snap/net_clk
    SLICE_X61Y42         FDRE                                         r  u_snap/snap_reg[32]/C
  -------------------------------------------------------------------    -------------------
    SLICE_X61Y42         FDRE (Prop_fdre_C_Q)         0.141     0.551 r  u_snap/snap_reg[32]/Q
                         net (fo=1, routed)           0.110     0.661    u_snap/p_1_in__0[0]
    SLICE_X61Y41         FDRE                                         r  u_snap/dst_sec_reg[0]/D
  -------------------------------------------------------------------    -------------------

                         (clock aclk rise edge)       0.000     0.000 r  
                                                      0.000     0.000 r  aclk (IN)
                         net (fo=376, unset)          0.432     0.432    u_snap/aclk
    SLICE_X61Y41         FDRE                                         r  u_snap/dst_sec_reg[0]/C

Slack:                    inf
  Source:                 u_bridge/rdata_hold_reg[16]/C
                            (rising edge-triggered cell FDRE clocked by net_clk  {rise@0.000ns fall@3.200ns period=6.400ns})
  Destination:            u_bridge/m_rdata_reg[16]/D
                            (rising edge-triggered cell FDRE clocked by aclk  {rise@0.000ns fall@5.000ns period=10.000ns})
  Path Group:             (none)
  Path Type:              Hold (Min at Fast Process Corner)
  Data Path Delay:        0.253ns  (logic 0.141ns (55.730%)  route 0.112ns (44.270%))
  Logic Levels:           0  
  Clock Path Skew:        0.022ns (DCD - SCD - CPR)
    Destination Clock Delay (DCD):    0.432ns
    Source Clock Delay      (SCD):    0.410ns
    Clock Pessimism Removal (CPR):    -0.000ns
  Clock Uncertainty:      0.035ns  ((TSJ^2 + TIJ^2)^1/2 + DJ) / 2 + PE
    Total System Jitter     (TSJ):    0.071ns
    Total Input Jitter      (TIJ):    0.000ns
    Discrete Jitter          (DJ):    0.000ns
    Phase Error              (PE):    0.000ns
  Timing Exception:       False Path

    Location             Delay type                Incr(ns)  Path(ns)    Netlist Resource(s)
  -------------------------------------------------------------------    -------------------
                         (clock net_clk rise edge)    0.000     0.000 r  
                                                      0.000     0.000 r  net_clk (IN)
                         net (fo=1291, unset)         0.410     0.410    u_bridge/net_clk
    SLICE_X33Y37         FDRE                                         r  u_bridge/rdata_hold_reg[16]/C
  -------------------------------------------------------------------    -------------------
    SLICE_X33Y37         FDRE (Prop_fdre_C_Q)         0.141     0.551 r  u_bridge/rdata_hold_reg[16]/Q
                         net (fo=1, routed)           0.112     0.663    u_bridge/rdata_hold[16]
    SLICE_X32Y38         FDRE                                         r  u_bridge/m_rdata_reg[16]/D
  -------------------------------------------------------------------    -------------------

                         (clock aclk rise edge)       0.000     0.000 r  
                                                      0.000     0.000 r  aclk (IN)
                         net (fo=376, unset)          0.432     0.432    u_bridge/aclk
    SLICE_X32Y38         FDRE                                         r  u_bridge/m_rdata_reg[16]/C

Slack:                    inf
  Source:                 u_snap/snap_reg[19]/C
                            (rising edge-triggered cell FDRE clocked by net_clk  {rise@0.000ns fall@3.200ns period=6.400ns})
  Destination:            u_snap/dst_ns_reg[19]/D
                            (rising edge-triggered cell FDRE clocked by aclk  {rise@0.000ns fall@5.000ns period=10.000ns})
  Path Group:             (none)
  Path Type:              Hold (Min at Fast Process Corner)
  Data Path Delay:        0.253ns  (logic 0.141ns (55.730%)  route 0.112ns (44.270%))
  Logic Levels:           0  
  Clock Path Skew:        0.022ns (DCD - SCD - CPR)
    Destination Clock Delay (DCD):    0.432ns
    Source Clock Delay      (SCD):    0.410ns
    Clock Pessimism Removal (CPR):    -0.000ns
  Clock Uncertainty:      0.035ns  ((TSJ^2 + TIJ^2)^1/2 + DJ) / 2 + PE
    Total System Jitter     (TSJ):    0.071ns
    Total Input Jitter      (TIJ):    0.000ns
    Discrete Jitter          (DJ):    0.000ns
    Phase Error              (PE):    0.000ns
  Timing Exception:       False Path

    Location             Delay type                Incr(ns)  Path(ns)    Netlist Resource(s)
  -------------------------------------------------------------------    -------------------
                         (clock net_clk rise edge)    0.000     0.000 r  
                                                      0.000     0.000 r  net_clk (IN)
                         net (fo=1291, unset)         0.410     0.410    u_snap/net_clk
    SLICE_X61Y39         FDRE                                         r  u_snap/snap_reg[19]/C
  -------------------------------------------------------------------    -------------------
    SLICE_X61Y39         FDRE (Prop_fdre_C_Q)         0.141     0.551 r  u_snap/snap_reg[19]/Q
                         net (fo=1, routed)           0.112     0.663    u_snap/snap_reg_n_0_[19]
    SLICE_X61Y40         FDRE                                         r  u_snap/dst_ns_reg[19]/D
  -------------------------------------------------------------------    -------------------

                         (clock aclk rise edge)       0.000     0.000 r  
                                                      0.000     0.000 r  aclk (IN)
                         net (fo=376, unset)          0.432     0.432    u_snap/aclk
    SLICE_X61Y40         FDRE                                         r  u_snap/dst_ns_reg[19]/C

Slack:                    inf
  Source:                 u_snap/snap_reg[20]/C
                            (rising edge-triggered cell FDRE clocked by net_clk  {rise@0.000ns fall@3.200ns period=6.400ns})
  Destination:            u_snap/dst_ns_reg[20]/D
                            (rising edge-triggered cell FDRE clocked by aclk  {rise@0.000ns fall@5.000ns period=10.000ns})
  Path Group:             (none)
  Path Type:              Hold (Min at Fast Process Corner)
  Data Path Delay:        0.253ns  (logic 0.141ns (55.730%)  route 0.112ns (44.270%))
  Logic Levels:           0  
  Clock Path Skew:        0.022ns (DCD - SCD - CPR)
    Destination Clock Delay (DCD):    0.432ns
    Source Clock Delay      (SCD):    0.410ns
    Clock Pessimism Removal (CPR):    -0.000ns
  Clock Uncertainty:      0.035ns  ((TSJ^2 + TIJ^2)^1/2 + DJ) / 2 + PE
    Total System Jitter     (TSJ):    0.071ns
    Total Input Jitter      (TIJ):    0.000ns
    Discrete Jitter          (DJ):    0.000ns
    Phase Error              (PE):    0.000ns
  Timing Exception:       False Path

    Location             Delay type                Incr(ns)  Path(ns)    Netlist Resource(s)
  -------------------------------------------------------------------    -------------------
                         (clock net_clk rise edge)    0.000     0.000 r  
                                                      0.000     0.000 r  net_clk (IN)
                         net (fo=1291, unset)         0.410     0.410    u_snap/net_clk
    SLICE_X61Y39         FDRE                                         r  u_snap/snap_reg[20]/C
  -------------------------------------------------------------------    -------------------
    SLICE_X61Y39         FDRE (Prop_fdre_C_Q)         0.141     0.551 r  u_snap/snap_reg[20]/Q
                         net (fo=1, routed)           0.112     0.663    u_snap/snap_reg_n_0_[20]
    SLICE_X61Y40         FDRE                                         r  u_snap/dst_ns_reg[20]/D
  -------------------------------------------------------------------    -------------------

                         (clock aclk rise edge)       0.000     0.000 r  
                                                      0.000     0.000 r  aclk (IN)
                         net (fo=376, unset)          0.432     0.432    u_snap/aclk
    SLICE_X61Y40         FDRE                                         r  u_snap/dst_ns_reg[20]/C

Slack:                    inf
  Source:                 u_snap/snap_reg[30]/C
                            (rising edge-triggered cell FDRE clocked by net_clk  {rise@0.000ns fall@3.200ns period=6.400ns})
  Destination:            u_snap/dst_ns_reg[30]/D
                            (rising edge-triggered cell FDRE clocked by aclk  {rise@0.000ns fall@5.000ns period=10.000ns})
  Path Group:             (none)
  Path Type:              Hold (Min at Fast Process Corner)
  Data Path Delay:        0.253ns  (logic 0.141ns (55.730%)  route 0.112ns (44.270%))
  Logic Levels:           0  
  Clock Path Skew:        0.022ns (DCD - SCD - CPR)
    Destination Clock Delay (DCD):    0.432ns
    Source Clock Delay      (SCD):    0.410ns
    Clock Pessimism Removal (CPR):    -0.000ns
  Clock Uncertainty:      0.035ns  ((TSJ^2 + TIJ^2)^1/2 + DJ) / 2 + PE
    Total System Jitter     (TSJ):    0.071ns
    Total Input Jitter      (TIJ):    0.000ns
    Discrete Jitter          (DJ):    0.000ns
    Phase Error              (PE):    0.000ns
  Timing Exception:       False Path

    Location             Delay type                Incr(ns)  Path(ns)    Netlist Resource(s)
  -------------------------------------------------------------------    -------------------
                         (clock net_clk rise edge)    0.000     0.000 r  
                                                      0.000     0.000 r  net_clk (IN)
                         net (fo=1291, unset)         0.410     0.410    u_snap/net_clk
    SLICE_X61Y37         FDRE                                         r  u_snap/snap_reg[30]/C
  -------------------------------------------------------------------    -------------------
    SLICE_X61Y37         FDRE (Prop_fdre_C_Q)         0.141     0.551 r  u_snap/snap_reg[30]/Q
                         net (fo=1, routed)           0.112     0.663    u_snap/snap_reg_n_0_[30]
    SLICE_X61Y38         FDRE                                         r  u_snap/dst_ns_reg[30]/D
  -------------------------------------------------------------------    -------------------

                         (clock aclk rise edge)       0.000     0.000 r  
                                                      0.000     0.000 r  aclk (IN)
                         net (fo=376, unset)          0.432     0.432    u_snap/aclk
    SLICE_X61Y38         FDRE                                         r  u_snap/dst_ns_reg[30]/C

Slack:                    inf
  Source:                 u_snap/snap_reg[65]/C
                            (rising edge-triggered cell FDRE clocked by net_clk  {rise@0.000ns fall@3.200ns period=6.400ns})
  Destination:            u_snap/dst_sec_reg[33]/D
                            (rising edge-triggered cell FDRE clocked by aclk  {rise@0.000ns fall@5.000ns period=10.000ns})
  Path Group:             (none)
  Path Type:              Hold (Min at Fast Process Corner)
  Data Path Delay:        0.253ns  (logic 0.141ns (55.730%)  route 0.112ns (44.270%))
  Logic Levels:           0  
  Clock Path Skew:        0.022ns (DCD - SCD - CPR)
    Destination Clock Delay (DCD):    0.432ns
    Source Clock Delay      (SCD):    0.410ns
    Clock Pessimism Removal (CPR):    -0.000ns
  Clock Uncertainty:      0.035ns  ((TSJ^2 + TIJ^2)^1/2 + DJ) / 2 + PE
    Total System Jitter     (TSJ):    0.071ns
    Total Input Jitter      (TIJ):    0.000ns
    Discrete Jitter          (DJ):    0.000ns
    Phase Error              (PE):    0.000ns
  Timing Exception:       False Path

    Location             Delay type                Incr(ns)  Path(ns)    Netlist Resource(s)
  -------------------------------------------------------------------    -------------------
                         (clock net_clk rise edge)    0.000     0.000 r  
                                                      0.000     0.000 r  net_clk (IN)
                         net (fo=1291, unset)         0.410     0.410    u_snap/net_clk
    SLICE_X57Y41         FDRE                                         r  u_snap/snap_reg[65]/C
  -------------------------------------------------------------------    -------------------
    SLICE_X57Y41         FDRE (Prop_fdre_C_Q)         0.141     0.551 r  u_snap/snap_reg[65]/Q
                         net (fo=1, routed)           0.112     0.663    u_snap/p_1_in__0[33]
    SLICE_X57Y40         FDRE                                         r  u_snap/dst_sec_reg[33]/D
  -------------------------------------------------------------------    -------------------

                         (clock aclk rise edge)       0.000     0.000 r  
                                                      0.000     0.000 r  aclk (IN)
                         net (fo=376, unset)          0.432     0.432    u_snap/aclk
    SLICE_X57Y40         FDRE                                         r  u_snap/dst_sec_reg[33]/C

Slack:                    inf
  Source:                 u_snap/ack_tgl_reg/C
                            (rising edge-triggered cell FDRE clocked by net_clk  {rise@0.000ns fall@3.200ns period=6.400ns})
  Destination:            u_snap/ack_sync_reg[0]/D
                            (rising edge-triggered cell FDRE clocked by aclk  {rise@0.000ns fall@5.000ns period=10.000ns})
  Path Group:             (none)
  Path Type:              Hold (Min at Fast Process Corner)
  Data Path Delay:        0.254ns  (logic 0.141ns (55.488%)  route 0.113ns (44.512%))
  Logic Levels:           0  
  Clock Path Skew:        0.022ns (DCD - SCD - CPR)
    Destination Clock Delay (DCD):    0.432ns
    Source Clock Delay      (SCD):    0.410ns
    Clock Pessimism Removal (CPR):    -0.000ns
  Clock Uncertainty:      0.035ns  ((TSJ^2 + TIJ^2)^1/2 + DJ) / 2 + PE
    Total System Jitter     (TSJ):    0.071ns
    Total Input Jitter      (TIJ):    0.000ns
    Discrete Jitter          (DJ):    0.000ns
    Phase Error              (PE):    0.000ns
  Timing Exception:       False Path

    Location             Delay type                Incr(ns)  Path(ns)    Netlist Resource(s)
  -------------------------------------------------------------------    -------------------
                         (clock net_clk rise edge)    0.000     0.000 r  
                                                      0.000     0.000 r  net_clk (IN)
                         net (fo=1291, unset)         0.410     0.410    u_snap/net_clk
    SLICE_X57Y36         FDRE                                         r  u_snap/ack_tgl_reg/C
  -------------------------------------------------------------------    -------------------
    SLICE_X57Y36         FDRE (Prop_fdre_C_Q)         0.141     0.551 r  u_snap/ack_tgl_reg/Q
                         net (fo=2, routed)           0.113     0.664    u_snap/ack_tgl_reg_n_0
    SLICE_X58Y36         FDRE                                         r  u_snap/ack_sync_reg[0]/D
  -------------------------------------------------------------------    -------------------

                         (clock aclk rise edge)       0.000     0.000 r  
                                                      0.000     0.000 r  aclk (IN)
                         net (fo=376, unset)          0.432     0.432    u_snap/aclk
    SLICE_X58Y36         FDRE                                         r  u_snap/ack_sync_reg[0]/C

Slack:                    inf
  Source:                 u_snap/snap_reg[77]/C
                            (rising edge-triggered cell FDRE clocked by net_clk  {rise@0.000ns fall@3.200ns period=6.400ns})
  Destination:            u_snap/dst_sec_reg[45]/D
                            (rising edge-triggered cell FDRE clocked by aclk  {rise@0.000ns fall@5.000ns period=10.000ns})
  Path Group:             (none)
  Path Type:              Hold (Min at Fast Process Corner)
  Data Path Delay:        0.256ns  (logic 0.141ns (55.080%)  route 0.115ns (44.920%))
  Logic Levels:           0  
  Clock Path Skew:        0.022ns (DCD - SCD - CPR)
    Destination Clock Delay (DCD):    0.432ns
    Source Clock Delay      (SCD):    0.410ns
    Clock Pessimism Removal (CPR):    -0.000ns
  Clock Uncertainty:      0.035ns  ((TSJ^2 + TIJ^2)^1/2 + DJ) / 2 + PE
    Total System Jitter     (TSJ):    0.071ns
    Total Input Jitter      (TIJ):    0.000ns
    Discrete Jitter          (DJ):    0.000ns
    Phase Error              (PE):    0.000ns
  Timing Exception:       False Path

    Location             Delay type                Incr(ns)  Path(ns)    Netlist Resource(s)
  -------------------------------------------------------------------    -------------------
                         (clock net_clk rise edge)    0.000     0.000 r  
                                                      0.000     0.000 r  net_clk (IN)
                         net (fo=1291, unset)         0.410     0.410    u_snap/net_clk
    SLICE_X55Y43         FDRE                                         r  u_snap/snap_reg[77]/C
  -------------------------------------------------------------------    -------------------
    SLICE_X55Y43         FDRE (Prop_fdre_C_Q)         0.141     0.551 r  u_snap/snap_reg[77]/Q
                         net (fo=1, routed)           0.115     0.666    u_snap/p_1_in__0[45]
    SLICE_X57Y43         FDRE                                         r  u_snap/dst_sec_reg[45]/D
  -------------------------------------------------------------------    -------------------

                         (clock aclk rise edge)       0.000     0.000 r  
                                                      0.000     0.000 r  aclk (IN)
                         net (fo=376, unset)          0.432     0.432    u_snap/aclk
    SLICE_X57Y43         FDRE                                         r  u_snap/dst_sec_reg[45]/C

Slack:                    inf
  Source:                 u_snap/snap_reg[53]/C
                            (rising edge-triggered cell FDRE clocked by net_clk  {rise@0.000ns fall@3.200ns period=6.400ns})
  Destination:            u_snap/dst_sec_reg[21]/D
                            (rising edge-triggered cell FDRE clocked by aclk  {rise@0.000ns fall@5.000ns period=10.000ns})
  Path Group:             (none)
  Path Type:              Hold (Min at Fast Process Corner)
  Data Path Delay:        0.258ns  (logic 0.141ns (54.595%)  route 0.117ns (45.405%))
  Logic Levels:           0  
  Clock Path Skew:        0.022ns (DCD - SCD - CPR)
    Destination Clock Delay (DCD):    0.432ns
    Source Clock Delay      (SCD):    0.410ns
    Clock Pessimism Removal (CPR):    -0.000ns
  Clock Uncertainty:      0.035ns  ((TSJ^2 + TIJ^2)^1/2 + DJ) / 2 + PE
    Total System Jitter     (TSJ):    0.071ns
    Total Input Jitter      (TIJ):    0.000ns
    Discrete Jitter          (DJ):    0.000ns
    Phase Error              (PE):    0.000ns
  Timing Exception:       False Path

    Location             Delay type                Incr(ns)  Path(ns)    Netlist Resource(s)
  -------------------------------------------------------------------    -------------------
                         (clock net_clk rise edge)    0.000     0.000 r  
                                                      0.000     0.000 r  net_clk (IN)
                         net (fo=1291, unset)         0.410     0.410    u_snap/net_clk
    SLICE_X60Y42         FDRE                                         r  u_snap/snap_reg[53]/C
  -------------------------------------------------------------------    -------------------
    SLICE_X60Y42         FDRE (Prop_fdre_C_Q)         0.141     0.551 r  u_snap/snap_reg[53]/Q
                         net (fo=1, routed)           0.117     0.668    u_snap/p_1_in__0[21]
    SLICE_X59Y42         FDRE                                         r  u_snap/dst_sec_reg[21]/D
  -------------------------------------------------------------------    -------------------

                         (clock aclk rise edge)       0.000     0.000 r  
                                                      0.000     0.000 r  aclk (IN)
                         net (fo=376, unset)          0.432     0.432    u_snap/aclk
    SLICE_X59Y42         FDRE                                         r  u_snap/dst_sec_reg[21]/C

Slack:                    inf
  Source:                 u_snap/snap_reg[26]/C
                            (rising edge-triggered cell FDRE clocked by net_clk  {rise@0.000ns fall@3.200ns period=6.400ns})
  Destination:            u_snap/dst_ns_reg[26]/D
                            (rising edge-triggered cell FDRE clocked by aclk  {rise@0.000ns fall@5.000ns period=10.000ns})
  Path Group:             (none)
  Path Type:              Hold (Min at Fast Process Corner)
  Data Path Delay:        0.262ns  (logic 0.141ns (53.724%)  route 0.121ns (46.276%))
  Logic Levels:           0  
  Clock Path Skew:        0.022ns (DCD - SCD - CPR)
    Destination Clock Delay (DCD):    0.432ns
    Source Clock Delay      (SCD):    0.410ns
    Clock Pessimism Removal (CPR):    -0.000ns
  Clock Uncertainty:      0.035ns  ((TSJ^2 + TIJ^2)^1/2 + DJ) / 2 + PE
    Total System Jitter     (TSJ):    0.071ns
    Total Input Jitter      (TIJ):    0.000ns
    Discrete Jitter          (DJ):    0.000ns
    Phase Error              (PE):    0.000ns
  Timing Exception:       False Path

    Location             Delay type                Incr(ns)  Path(ns)    Netlist Resource(s)
  -------------------------------------------------------------------    -------------------
                         (clock net_clk rise edge)    0.000     0.000 r  
                                                      0.000     0.000 r  net_clk (IN)
                         net (fo=1291, unset)         0.410     0.410    u_snap/net_clk
    SLICE_X55Y43         FDRE                                         r  u_snap/snap_reg[26]/C
  -------------------------------------------------------------------    -------------------
    SLICE_X55Y43         FDRE (Prop_fdre_C_Q)         0.141     0.551 r  u_snap/snap_reg[26]/Q
                         net (fo=1, routed)           0.121     0.673    u_snap/snap_reg_n_0_[26]
    SLICE_X56Y43         FDRE                                         r  u_snap/dst_ns_reg[26]/D
  -------------------------------------------------------------------    -------------------

                         (clock aclk rise edge)       0.000     0.000 r  
                                                      0.000     0.000 r  aclk (IN)
                         net (fo=376, unset)          0.432     0.432    u_snap/aclk
    SLICE_X56Y43         FDRE                                         r  u_snap/dst_ns_reg[26]/C

Slack:                    inf
  Source:                 u_snap/snap_reg[0]/C
                            (rising edge-triggered cell FDRE clocked by net_clk  {rise@0.000ns fall@3.200ns period=6.400ns})
  Destination:            u_snap/dst_ns_reg[0]/D
                            (rising edge-triggered cell FDRE clocked by aclk  {rise@0.000ns fall@5.000ns period=10.000ns})
  Path Group:             (none)
  Path Type:              Hold (Min at Fast Process Corner)
  Data Path Delay:        0.269ns  (logic 0.164ns (60.928%)  route 0.105ns (39.072%))
  Logic Levels:           0  
  Clock Path Skew:        0.022ns (DCD - SCD - CPR)
    Destination Clock Delay (DCD):    0.432ns
    Source Clock Delay      (SCD):    0.410ns
    Clock Pessimism Removal (CPR):    -0.000ns
  Clock Uncertainty:      0.035ns  ((TSJ^2 + TIJ^2)^1/2 + DJ) / 2 + PE
    Total System Jitter     (TSJ):    0.071ns
    Total Input Jitter      (TIJ):    0.000ns
    Discrete Jitter          (DJ):    0.000ns
    Phase Error              (PE):    0.000ns
  Timing Exception:       False Path

    Location             Delay type                Incr(ns)  Path(ns)    Netlist Resource(s)
  -------------------------------------------------------------------    -------------------
                         (clock net_clk rise edge)    0.000     0.000 r  
                                                      0.000     0.000 r  net_clk (IN)
                         net (fo=1291, unset)         0.410     0.410    u_snap/net_clk
    SLICE_X54Y35         FDRE                                         r  u_snap/snap_reg[0]/C
  -------------------------------------------------------------------    -------------------
    SLICE_X54Y35         FDRE (Prop_fdre_C_Q)         0.164     0.574 r  u_snap/snap_reg[0]/Q
                         net (fo=1, routed)           0.105     0.679    u_snap/snap_reg_n_0_[0]
    SLICE_X55Y35         FDRE                                         r  u_snap/dst_ns_reg[0]/D
  -------------------------------------------------------------------    -------------------

                         (clock aclk rise edge)       0.000     0.000 r  
                                                      0.000     0.000 r  aclk (IN)
                         net (fo=376, unset)          0.432     0.432    u_snap/aclk
    SLICE_X55Y35         FDRE                                         r  u_snap/dst_ns_reg[0]/C

Slack:                    inf
  Source:                 u_snap/snap_reg[8]/C
                            (rising edge-triggered cell FDRE clocked by net_clk  {rise@0.000ns fall@3.200ns period=6.400ns})
  Destination:            u_snap/dst_ns_reg[8]/D
                            (rising edge-triggered cell FDRE clocked by aclk  {rise@0.000ns fall@5.000ns period=10.000ns})
  Path Group:             (none)
  Path Type:              Hold (Min at Fast Process Corner)
  Data Path Delay:        0.271ns  (logic 0.148ns (54.703%)  route 0.123ns (45.297%))
  Logic Levels:           0  
  Clock Path Skew:        0.022ns (DCD - SCD - CPR)
    Destination Clock Delay (DCD):    0.432ns
    Source Clock Delay      (SCD):    0.410ns
    Clock Pessimism Removal (CPR):    -0.000ns
  Clock Uncertainty:      0.035ns  ((TSJ^2 + TIJ^2)^1/2 + DJ) / 2 + PE
    Total System Jitter     (TSJ):    0.071ns
    Total Input Jitter      (TIJ):    0.000ns
    Discrete Jitter          (DJ):    0.000ns
    Phase Error              (PE):    0.000ns
  Timing Exception:       False Path

    Location             Delay type                Incr(ns)  Path(ns)    Netlist Resource(s)
  -------------------------------------------------------------------    -------------------
                         (clock net_clk rise edge)    0.000     0.000 r  
                                                      0.000     0.000 r  net_clk (IN)
                         net (fo=1291, unset)         0.410     0.410    u_snap/net_clk
    SLICE_X54Y37         FDRE                                         r  u_snap/snap_reg[8]/C
  -------------------------------------------------------------------    -------------------
    SLICE_X54Y37         FDRE (Prop_fdre_C_Q)         0.148     0.558 r  u_snap/snap_reg[8]/Q
                         net (fo=1, routed)           0.123     0.681    u_snap/snap_reg_n_0_[8]
    SLICE_X56Y37         FDRE                                         r  u_snap/dst_ns_reg[8]/D
  -------------------------------------------------------------------    -------------------

                         (clock aclk rise edge)       0.000     0.000 r  
                                                      0.000     0.000 r  aclk (IN)
                         net (fo=376, unset)          0.432     0.432    u_snap/aclk
    SLICE_X56Y37         FDRE                                         r  u_snap/dst_ns_reg[8]/C





--------------------------------------------------------------------------------------
Path Group:  (none)
From Clock:  aclk
  To Clock:  net_clk

Max Delay             2 Endpoints
Min Delay            47 Endpoints
--------------------------------------------------------------------------------------


Max Delay Paths
--------------------------------------------------------------------------------------
Slack:                    inf
  Source:                 u_bridge/req_tgl_reg/C
                            (rising edge-triggered cell FDRE clocked by aclk  {rise@0.000ns fall@5.000ns period=10.000ns})
  Destination:            u_bridge/req_sync_reg[0]/D
                            (rising edge-triggered cell FDRE clocked by net_clk  {rise@0.000ns fall@3.200ns period=6.400ns})
  Path Group:             (none)
  Path Type:              Setup (Max at Slow Process Corner)
  Data Path Delay:        1.086ns  (logic 0.456ns (42.004%)  route 0.630ns (57.996%))
  Logic Levels:           0  
  Clock Path Skew:        -0.049ns (DCD - SCD + CPR)
    Destination Clock Delay (DCD):    0.924ns
    Source Clock Delay      (SCD):    0.973ns
    Clock Pessimism Removal (CPR):    0.000ns
  Clock Uncertainty:      0.035ns  ((TSJ^2 + TIJ^2)^1/2 + DJ) / 2 + PE
    Total System Jitter     (TSJ):    0.071ns
    Total Input Jitter      (TIJ):    0.000ns
    Discrete Jitter          (DJ):    0.000ns
    Phase Error              (PE):    0.000ns
  Timing Exception:       False Path

    Location             Delay type                Incr(ns)  Path(ns)    Netlist Resource(s)
  -------------------------------------------------------------------    -------------------
                         (clock aclk rise edge)       0.000     0.000 r  
                                                      0.000     0.000 r  aclk (IN)
                         net (fo=376, unset)          0.973     0.973    u_bridge/aclk
    SLICE_X44Y27         FDRE                                         r  u_bridge/req_tgl_reg/C
  -------------------------------------------------------------------    -------------------
    SLICE_X44Y27         FDRE (Prop_fdre_C_Q)         0.456     1.429 r  u_bridge/req_tgl_reg/Q
                         net (fo=5, routed)           0.630     2.059    u_bridge/req_tgl
    SLICE_X39Y27         FDRE                                         r  u_bridge/req_sync_reg[0]/D
  -------------------------------------------------------------------    -------------------

                         (clock net_clk rise edge)    0.000     0.000 r  
                                                      0.000     0.000 r  net_clk (IN)
                         net (fo=1291, unset)         0.924     0.924    u_bridge/net_clk
    SLICE_X39Y27         FDRE                                         r  u_bridge/req_sync_reg[0]/C

Slack:                    inf
  Source:                 u_snap/req_tgl_reg/C
                            (rising edge-triggered cell FDRE clocked by aclk  {rise@0.000ns fall@5.000ns period=10.000ns})
  Destination:            u_snap/req_sync_reg[0]/D
                            (rising edge-triggered cell FDRE clocked by net_clk  {rise@0.000ns fall@3.200ns period=6.400ns})
  Path Group:             (none)
  Path Type:              Setup (Max at Slow Process Corner)
  Data Path Delay:        1.007ns  (logic 0.518ns (51.455%)  route 0.489ns (48.545%))
  Logic Levels:           0  
  Clock Path Skew:        -0.049ns (DCD - SCD + CPR)
    Destination Clock Delay (DCD):    0.924ns
    Source Clock Delay      (SCD):    0.973ns
    Clock Pessimism Removal (CPR):    0.000ns
  Clock Uncertainty:      0.035ns  ((TSJ^2 + TIJ^2)^1/2 + DJ) / 2 + PE
    Total System Jitter     (TSJ):    0.071ns
    Total Input Jitter      (TIJ):    0.000ns
    Discrete Jitter          (DJ):    0.000ns
    Phase Error              (PE):    0.000ns
  Timing Exception:       False Path

    Location             Delay type                Incr(ns)  Path(ns)    Netlist Resource(s)
  -------------------------------------------------------------------    -------------------
                         (clock aclk rise edge)       0.000     0.000 r  
                                                      0.000     0.000 r  aclk (IN)
                         net (fo=376, unset)          0.973     0.973    u_snap/aclk
    SLICE_X58Y36         FDRE                                         r  u_snap/req_tgl_reg/C
  -------------------------------------------------------------------    -------------------
    SLICE_X58Y36         FDRE (Prop_fdre_C_Q)         0.518     1.491 r  u_snap/req_tgl_reg/Q
                         net (fo=5, routed)           0.489     1.980    u_snap/req_tgl_reg_n_0
    SLICE_X60Y37         FDRE                                         r  u_snap/req_sync_reg[0]/D
  -------------------------------------------------------------------    -------------------

                         (clock net_clk rise edge)    0.000     0.000 r  
                                                      0.000     0.000 r  net_clk (IN)
                         net (fo=1291, unset)         0.924     0.924    u_snap/net_clk
    SLICE_X60Y37         FDRE                                         r  u_snap/req_sync_reg[0]/C





Min Delay Paths
--------------------------------------------------------------------------------------
Slack:                    inf
  Source:                 u_bridge/wdata_hold_reg[28]/C
                            (rising edge-triggered cell FDRE clocked by aclk  {rise@0.000ns fall@5.000ns period=10.000ns})
  Destination:            u_bridge/s_wdata_reg[28]/D
                            (rising edge-triggered cell FDRE clocked by net_clk  {rise@0.000ns fall@3.200ns period=6.400ns})
  Path Group:             (none)
  Path Type:              Hold (Min at Fast Process Corner)
  Data Path Delay:        0.240ns  (logic 0.141ns (58.691%)  route 0.099ns (41.309%))
  Logic Levels:           0  
  Clock Path Skew:        0.022ns (DCD - SCD - CPR)
    Destination Clock Delay (DCD):    0.432ns
    Source Clock Delay      (SCD):    0.410ns
    Clock Pessimism Removal (CPR):    -0.000ns
  Clock Uncertainty:      0.035ns  ((TSJ^2 + TIJ^2)^1/2 + DJ) / 2 + PE
    Total System Jitter     (TSJ):    0.071ns
    Total Input Jitter      (TIJ):    0.000ns
    Discrete Jitter          (DJ):    0.000ns
    Phase Error              (PE):    0.000ns
  Timing Exception:       False Path

    Location             Delay type                Incr(ns)  Path(ns)    Netlist Resource(s)
  -------------------------------------------------------------------    -------------------
                         (clock aclk rise edge)       0.000     0.000 r  
                                                      0.000     0.000 r  aclk (IN)
                         net (fo=376, unset)          0.410     0.410    u_bridge/aclk
    SLICE_X53Y34         FDRE                                         r  u_bridge/wdata_hold_reg[28]/C
  -------------------------------------------------------------------    -------------------
    SLICE_X53Y34         FDRE (Prop_fdre_C_Q)         0.141     0.551 r  u_bridge/wdata_hold_reg[28]/Q
                         net (fo=1, routed)           0.099     0.650    u_bridge/wdata_hold[28]
    SLICE_X51Y33         FDRE                                         r  u_bridge/s_wdata_reg[28]/D
  -------------------------------------------------------------------    -------------------

                         (clock net_clk rise edge)    0.000     0.000 r  
                                                      0.000     0.000 r  net_clk (IN)
                         net (fo=1291, unset)         0.432     0.432    u_bridge/net_clk
    SLICE_X51Y33         FDRE                                         r  u_bridge/s_wdata_reg[28]/C

Slack:                    inf
  Source:                 u_bridge/wdata_hold_reg[29]/C
                            (rising edge-triggered cell FDRE clocked by aclk  {rise@0.000ns fall@5.000ns period=10.000ns})
  Destination:            u_bridge/s_wdata_reg[29]/D
                            (rising edge-triggered cell FDRE clocked by net_clk  {rise@0.000ns fall@3.200ns period=6.400ns})
  Path Group:             (none)
  Path Type:              Hold (Min at Fast Process Corner)
  Data Path Delay:        0.240ns  (logic 0.141ns (58.691%)  route 0.099ns (41.309%))
  Logic Levels:           0  
  Clock Path Skew:        0.022ns (DCD - SCD - CPR)
    Destination Clock Delay (DCD):    0.432ns
    Source Clock Delay      (SCD):    0.410ns
    Clock Pessimism Removal (CPR):    -0.000ns
  Clock Uncertainty:      0.035ns  ((TSJ^2 + TIJ^2)^1/2 + DJ) / 2 + PE
    Total System Jitter     (TSJ):    0.071ns
    Total Input Jitter      (TIJ):    0.000ns
    Discrete Jitter          (DJ):    0.000ns
    Phase Error              (PE):    0.000ns
  Timing Exception:       False Path

    Location             Delay type                Incr(ns)  Path(ns)    Netlist Resource(s)
  -------------------------------------------------------------------    -------------------
                         (clock aclk rise edge)       0.000     0.000 r  
                                                      0.000     0.000 r  aclk (IN)
                         net (fo=376, unset)          0.410     0.410    u_bridge/aclk
    SLICE_X53Y34         FDRE                                         r  u_bridge/wdata_hold_reg[29]/C
  -------------------------------------------------------------------    -------------------
    SLICE_X53Y34         FDRE (Prop_fdre_C_Q)         0.141     0.551 r  u_bridge/wdata_hold_reg[29]/Q
                         net (fo=1, routed)           0.099     0.650    u_bridge/wdata_hold[29]
    SLICE_X51Y33         FDRE                                         r  u_bridge/s_wdata_reg[29]/D
  -------------------------------------------------------------------    -------------------

                         (clock net_clk rise edge)    0.000     0.000 r  
                                                      0.000     0.000 r  net_clk (IN)
                         net (fo=1291, unset)         0.432     0.432    u_bridge/net_clk
    SLICE_X51Y33         FDRE                                         r  u_bridge/s_wdata_reg[29]/C

Slack:                    inf
  Source:                 u_bridge/addr_hold_reg[9]/C
                            (rising edge-triggered cell FDRE clocked by aclk  {rise@0.000ns fall@5.000ns period=10.000ns})
  Destination:            u_bridge/s_addr_reg[9]/D
                            (rising edge-triggered cell FDRE clocked by net_clk  {rise@0.000ns fall@3.200ns period=6.400ns})
  Path Group:             (none)
  Path Type:              Hold (Min at Fast Process Corner)
  Data Path Delay:        0.262ns  (logic 0.141ns (53.747%)  route 0.121ns (46.253%))
  Logic Levels:           0  
  Clock Path Skew:        0.022ns (DCD - SCD - CPR)
    Destination Clock Delay (DCD):    0.432ns
    Source Clock Delay      (SCD):    0.410ns
    Clock Pessimism Removal (CPR):    -0.000ns
  Clock Uncertainty:      0.035ns  ((TSJ^2 + TIJ^2)^1/2 + DJ) / 2 + PE
    Total System Jitter     (TSJ):    0.071ns
    Total Input Jitter      (TIJ):    0.000ns
    Discrete Jitter          (DJ):    0.000ns
    Phase Error              (PE):    0.000ns
  Timing Exception:       False Path

    Location             Delay type                Incr(ns)  Path(ns)    Netlist Resource(s)
  -------------------------------------------------------------------    -------------------
                         (clock aclk rise edge)       0.000     0.000 r  
                                                      0.000     0.000 r  aclk (IN)
                         net (fo=376, unset)          0.410     0.410    u_bridge/aclk
    SLICE_X56Y33         FDRE                                         r  u_bridge/addr_hold_reg[9]/C
  -------------------------------------------------------------------    -------------------
    SLICE_X56Y33         FDRE (Prop_fdre_C_Q)         0.141     0.551 r  u_bridge/addr_hold_reg[9]/Q
                         net (fo=1, routed)           0.121     0.672    u_bridge/addr_hold[9]
    SLICE_X55Y33         FDRE                                         r  u_bridge/s_addr_reg[9]/D
  -------------------------------------------------------------------    -------------------

                         (clock net_clk rise edge)    0.000     0.000 r  
                                                      0.000     0.000 r  net_clk (IN)
                         net (fo=1291, unset)         0.432     0.432    u_bridge/net_clk
    SLICE_X55Y33         FDRE                                         r  u_bridge/s_addr_reg[9]/C

Slack:                    inf
  Source:                 u_bridge/wdata_hold_reg[10]/C
                            (rising edge-triggered cell FDRE clocked by aclk  {rise@0.000ns fall@5.000ns period=10.000ns})
  Destination:            u_bridge/s_wdata_reg[10]/D
                            (rising edge-triggered cell FDRE clocked by net_clk  {rise@0.000ns fall@3.200ns period=6.400ns})
  Path Group:             (none)
  Path Type:              Hold (Min at Fast Process Corner)
  Data Path Delay:        0.301ns  (logic 0.141ns (46.775%)  route 0.160ns (53.225%))
  Logic Levels:           0  
  Clock Path Skew:        0.022ns (DCD - SCD - CPR)
    Destination Clock Delay (DCD):    0.432ns
    Source Clock Delay      (SCD):    0.410ns
    Clock Pessimism Removal (CPR):    -0.000ns
  Clock Uncertainty:      0.035ns  ((TSJ^2 + TIJ^2)^1/2 + DJ) / 2 + PE
    Total System Jitter     (TSJ):    0.071ns
    Total Input Jitter      (TIJ):    0.000ns
    Discrete Jitter          (DJ):    0.000ns
    Phase Error              (PE):    0.000ns
  Timing Exception:       False Path

    Location             Delay type                Incr(ns)  Path(ns)    Netlist Resource(s)
  -------------------------------------------------------------------    -------------------
                         (clock aclk rise edge)       0.000     0.000 r  
                                                      0.000     0.000 r  aclk (IN)
                         net (fo=376, unset)          0.410     0.410    u_bridge/aclk
    SLICE_X51Y31         FDRE                                         r  u_bridge/wdata_hold_reg[10]/C
  -------------------------------------------------------------------    -------------------
    SLICE_X51Y31         FDRE (Prop_fdre_C_Q)         0.141     0.551 r  u_bridge/wdata_hold_reg[10]/Q
                         net (fo=1, routed)           0.160     0.712    u_bridge/wdata_hold[10]
    SLICE_X48Y31         FDRE                                         r  u_bridge/s_wdata_reg[10]/D
  -------------------------------------------------------------------    -------------------

                         (clock net_clk rise edge)    0.000     0.000 r  
                                                      0.000     0.000 r  net_clk (IN)
                         net (fo=1291, unset)         0.432     0.432    u_bridge/net_clk
    SLICE_X48Y31         FDRE                                         r  u_bridge/s_wdata_reg[10]/C

Slack:                    inf
  Source:                 u_bridge/addr_hold_reg[1]/C
                            (rising edge-triggered cell FDRE clocked by aclk  {rise@0.000ns fall@5.000ns period=10.000ns})
  Destination:            u_bridge/s_addr_reg[1]/D
                            (rising edge-triggered cell FDRE clocked by net_clk  {rise@0.000ns fall@3.200ns period=6.400ns})
  Path Group:             (none)
  Path Type:              Hold (Min at Fast Process Corner)
  Data Path Delay:        0.315ns  (logic 0.141ns (44.752%)  route 0.174ns (55.248%))
  Logic Levels:           0  
  Clock Path Skew:        0.022ns (DCD - SCD - CPR)
    Destination Clock Delay (DCD):    0.432ns
    Source Clock Delay      (SCD):    0.410ns
    Clock Pessimism Removal (CPR):    -0.000ns
  Clock Uncertainty:      0.035ns  ((TSJ^2 + TIJ^2)^1/2 + DJ) / 2 + PE
    Total System Jitter     (TSJ):    0.071ns
    Total Input Jitter      (TIJ):    0.000ns
    Discrete Jitter          (DJ):    0.000ns
    Phase Error              (PE):    0.000ns
  Timing Exception:       False Path

    Location             Delay type                Incr(ns)  Path(ns)    Netlist Resource(s)
  -------------------------------------------------------------------    -------------------
                         (clock aclk rise edge)       0.000     0.000 r  
                                                      0.000     0.000 r  aclk (IN)
                         net (fo=376, unset)          0.410     0.410    u_bridge/aclk
    SLICE_X56Y33         FDRE                                         r  u_bridge/addr_hold_reg[1]/C
  -------------------------------------------------------------------    -------------------
    SLICE_X56Y33         FDRE (Prop_fdre_C_Q)         0.141     0.551 r  u_bridge/addr_hold_reg[1]/Q
                         net (fo=1, routed)           0.174     0.725    u_bridge/addr_hold[1]
    SLICE_X55Y33         FDRE                                         r  u_bridge/s_addr_reg[1]/D
  -------------------------------------------------------------------    -------------------

                         (clock net_clk rise edge)    0.000     0.000 r  
                                                      0.000     0.000 r  net_clk (IN)
                         net (fo=1291, unset)         0.432     0.432    u_bridge/net_clk
    SLICE_X55Y33         FDRE                                         r  u_bridge/s_addr_reg[1]/C

Slack:                    inf
  Source:                 u_bridge/addr_hold_reg[0]/C
                            (rising edge-triggered cell FDRE clocked by aclk  {rise@0.000ns fall@5.000ns period=10.000ns})
  Destination:            u_bridge/s_addr_reg[0]/D
                            (rising edge-triggered cell FDRE clocked by net_clk  {rise@0.000ns fall@3.200ns period=6.400ns})
  Path Group:             (none)
  Path Type:              Hold (Min at Fast Process Corner)
  Data Path Delay:        0.316ns  (logic 0.141ns (44.649%)  route 0.175ns (55.351%))
  Logic Levels:           0  
  Clock Path Skew:        0.022ns (DCD - SCD - CPR)
    Destination Clock Delay (DCD):    0.432ns
    Source Clock Delay      (SCD):    0.410ns
    Clock Pessimism Removal (CPR):    -0.000ns
  Clock Uncertainty:      0.035ns  ((TSJ^2 + TIJ^2)^1/2 + DJ) / 2 + PE
    Total System Jitter     (TSJ):    0.071ns
    Total Input Jitter      (TIJ):    0.000ns
    Discrete Jitter          (DJ):    0.000ns
    Phase Error              (PE):    0.000ns
  Timing Exception:       False Path

    Location             Delay type                Incr(ns)  Path(ns)    Netlist Resource(s)
  -------------------------------------------------------------------    -------------------
                         (clock aclk rise edge)       0.000     0.000 r  
                                                      0.000     0.000 r  aclk (IN)
                         net (fo=376, unset)          0.410     0.410    u_bridge/aclk
    SLICE_X56Y33         FDRE                                         r  u_bridge/addr_hold_reg[0]/C
  -------------------------------------------------------------------    -------------------
    SLICE_X56Y33         FDRE (Prop_fdre_C_Q)         0.141     0.551 r  u_bridge/addr_hold_reg[0]/Q
                         net (fo=1, routed)           0.175     0.726    u_bridge/addr_hold[0]
    SLICE_X55Y33         FDRE                                         r  u_bridge/s_addr_reg[0]/D
  -------------------------------------------------------------------    -------------------

                         (clock net_clk rise edge)    0.000     0.000 r  
                                                      0.000     0.000 r  net_clk (IN)
                         net (fo=1291, unset)         0.432     0.432    u_bridge/net_clk
    SLICE_X55Y33         FDRE                                         r  u_bridge/s_addr_reg[0]/C

Slack:                    inf
  Source:                 u_bridge/addr_hold_reg[10]/C
                            (rising edge-triggered cell FDRE clocked by aclk  {rise@0.000ns fall@5.000ns period=10.000ns})
  Destination:            u_bridge/s_addr_reg[10]/D
                            (rising edge-triggered cell FDRE clocked by net_clk  {rise@0.000ns fall@3.200ns period=6.400ns})
  Path Group:             (none)
  Path Type:              Hold (Min at Fast Process Corner)
  Data Path Delay:        0.316ns  (logic 0.141ns (44.615%)  route 0.175ns (55.385%))
  Logic Levels:           0  
  Clock Path Skew:        0.022ns (DCD - SCD - CPR)
    Destination Clock Delay (DCD):    0.432ns
    Source Clock Delay      (SCD):    0.410ns
    Clock Pessimism Removal (CPR):    -0.000ns
  Clock Uncertainty:      0.035ns  ((TSJ^2 + TIJ^2)^1/2 + DJ) / 2 + PE
    Total System Jitter     (TSJ):    0.071ns
    Total Input Jitter      (TIJ):    0.000ns
    Discrete Jitter          (DJ):    0.000ns
    Phase Error              (PE):    0.000ns
  Timing Exception:       False Path

    Location             Delay type                Incr(ns)  Path(ns)    Netlist Resource(s)
  -------------------------------------------------------------------    -------------------
                         (clock aclk rise edge)       0.000     0.000 r  
                                                      0.000     0.000 r  aclk (IN)
                         net (fo=376, unset)          0.410     0.410    u_bridge/aclk
    SLICE_X56Y33         FDRE                                         r  u_bridge/addr_hold_reg[10]/C
  -------------------------------------------------------------------    -------------------
    SLICE_X56Y33         FDRE (Prop_fdre_C_Q)         0.141     0.551 r  u_bridge/addr_hold_reg[10]/Q
                         net (fo=1, routed)           0.175     0.726    u_bridge/addr_hold[10]
    SLICE_X55Y33         FDRE                                         r  u_bridge/s_addr_reg[10]/D
  -------------------------------------------------------------------    -------------------

                         (clock net_clk rise edge)    0.000     0.000 r  
                                                      0.000     0.000 r  net_clk (IN)
                         net (fo=1291, unset)         0.432     0.432    u_bridge/net_clk
    SLICE_X55Y33         FDRE                                         r  u_bridge/s_addr_reg[10]/C

Slack:                    inf
  Source:                 u_bridge/wdata_hold_reg[8]/C
                            (rising edge-triggered cell FDRE clocked by aclk  {rise@0.000ns fall@5.000ns period=10.000ns})
  Destination:            u_bridge/s_wdata_reg[8]/D
                            (rising edge-triggered cell FDRE clocked by net_clk  {rise@0.000ns fall@3.200ns period=6.400ns})
  Path Group:             (none)
  Path Type:              Hold (Min at Fast Process Corner)
  Data Path Delay:        0.321ns  (logic 0.141ns (43.902%)  route 0.180ns (56.098%))
  Logic Levels:           0  
  Clock Path Skew:        0.022ns (DCD - SCD - CPR)
    Destination Clock Delay (DCD):    0.432ns
    Source Clock Delay      (SCD):    0.410ns
    Clock Pessimism Removal (CPR):    -0.000ns
  Clock Uncertainty:      0.035ns  ((TSJ^2 + TIJ^2)^1/2 + DJ) / 2 + PE
    Total System Jitter     (TSJ):    0.071ns
    Total Input Jitter      (TIJ):    0.000ns
    Discrete Jitter          (DJ):    0.000ns
    Phase Error              (PE):    0.000ns
  Timing Exception:       False Path

    Location             Delay type                Incr(ns)  Path(ns)    Netlist Resource(s)
  -------------------------------------------------------------------    -------------------
                         (clock aclk rise edge)       0.000     0.000 r  
                                                      0.000     0.000 r  aclk (IN)
                         net (fo=376, unset)          0.410     0.410    u_bridge/aclk
    SLICE_X47Y32         FDRE                                         r  u_bridge/wdata_hold_reg[8]/C
  -------------------------------------------------------------------    -------------------
    SLICE_X47Y32         FDRE (Prop_fdre_C_Q)         0.141     0.551 r  u_bridge/wdata_hold_reg[8]/Q
                         net (fo=1, routed)           0.180     0.731    u_bridge/wdata_hold[8]
    SLICE_X45Y32         FDRE                                         r  u_bridge/s_wdata_reg[8]/D
  -------------------------------------------------------------------    -------------------

                         (clock net_clk rise edge)    0.000     0.000 r  
                                                      0.000     0.000 r  net_clk (IN)
                         net (fo=1291, unset)         0.432     0.432    u_bridge/net_clk
    SLICE_X45Y32         FDRE                                         r  u_bridge/s_wdata_reg[8]/C

Slack:                    inf
  Source:                 u_bridge/addr_hold_reg[5]/C
                            (rising edge-triggered cell FDRE clocked by aclk  {rise@0.000ns fall@5.000ns period=10.000ns})
  Destination:            u_bridge/s_addr_reg[5]/D
                            (rising edge-triggered cell FDRE clocked by net_clk  {rise@0.000ns fall@3.200ns period=6.400ns})
  Path Group:             (none)
  Path Type:              Hold (Min at Fast Process Corner)
  Data Path Delay:        0.322ns  (logic 0.141ns (43.799%)  route 0.181ns (56.201%))
  Logic Levels:           0  
  Clock Path Skew:        0.022ns (DCD - SCD - CPR)
    Destination Clock Delay (DCD):    0.432ns
    Source Clock Delay      (SCD):    0.410ns
    Clock Pessimism Removal (CPR):    -0.000ns
  Clock Uncertainty:      0.035ns  ((TSJ^2 + TIJ^2)^1/2 + DJ) / 2 + PE
    Total System Jitter     (TSJ):    0.071ns
    Total Input Jitter      (TIJ):    0.000ns
    Discrete Jitter          (DJ):    0.000ns
    Phase Error              (PE):    0.000ns
  Timing Exception:       False Path

    Location             Delay type                Incr(ns)  Path(ns)    Netlist Resource(s)
  -------------------------------------------------------------------    -------------------
                         (clock aclk rise edge)       0.000     0.000 r  
                                                      0.000     0.000 r  aclk (IN)
                         net (fo=376, unset)          0.410     0.410    u_bridge/aclk
    SLICE_X45Y31         FDRE                                         r  u_bridge/addr_hold_reg[5]/C
  -------------------------------------------------------------------    -------------------
    SLICE_X45Y31         FDRE (Prop_fdre_C_Q)         0.141     0.551 r  u_bridge/addr_hold_reg[5]/Q
                         net (fo=1, routed)           0.181     0.732    u_bridge/addr_hold[5]
    SLICE_X36Y31         FDRE                                         r  u_bridge/s_addr_reg[5]/D
  -------------------------------------------------------------------    -------------------

                         (clock net_clk rise edge)    0.000     0.000 r  
                                                      0.000     0.000 r  net_clk (IN)
                         net (fo=1291, unset)         0.432     0.432    u_bridge/net_clk
    SLICE_X36Y31         FDRE                                         r  u_bridge/s_addr_reg[5]/C

Slack:                    inf
  Source:                 u_bridge/wdata_hold_reg[15]/C
                            (rising edge-triggered cell FDRE clocked by aclk  {rise@0.000ns fall@5.000ns period=10.000ns})
  Destination:            u_bridge/s_wdata_reg[15]/D
                            (rising edge-triggered cell FDRE clocked by net_clk  {rise@0.000ns fall@3.200ns period=6.400ns})
  Path Group:             (none)
  Path Type:              Hold (Min at Fast Process Corner)
  Data Path Delay:        0.326ns  (logic 0.141ns (43.226%)  route 0.185ns (56.774%))
  Logic Levels:           0  
  Clock Path Skew:        0.022ns (DCD - SCD - CPR)
    Destination Clock Delay (DCD):    0.432ns
    Source Clock Delay      (SCD):    0.410ns
    Clock Pessimism Removal (CPR):    -0.000ns
  Clock Uncertainty:      0.035ns  ((TSJ^2 + TIJ^2)^1/2 + DJ) / 2 + PE
    Total System Jitter     (TSJ):    0.071ns
    Total Input Jitter      (TIJ):    0.000ns
    Discrete Jitter          (DJ):    0.000ns
    Phase Error              (PE):    0.000ns
  Timing Exception:       False Path

    Location             Delay type                Incr(ns)  Path(ns)    Netlist Resource(s)
  -------------------------------------------------------------------    -------------------
                         (clock aclk rise edge)       0.000     0.000 r  
                                                      0.000     0.000 r  aclk (IN)
                         net (fo=376, unset)          0.410     0.410    u_bridge/aclk
    SLICE_X52Y34         FDRE                                         r  u_bridge/wdata_hold_reg[15]/C
  -------------------------------------------------------------------    -------------------
    SLICE_X52Y34         FDRE (Prop_fdre_C_Q)         0.141     0.551 r  u_bridge/wdata_hold_reg[15]/Q
                         net (fo=1, routed)           0.185     0.736    u_bridge/wdata_hold[15]
    SLICE_X48Y31         FDRE                                         r  u_bridge/s_wdata_reg[15]/D
  -------------------------------------------------------------------    -------------------

                         (clock net_clk rise edge)    0.000     0.000 r  
                                                      0.000     0.000 r  net_clk (IN)
                         net (fo=1291, unset)         0.432     0.432    u_bridge/net_clk
    SLICE_X48Y31         FDRE                                         r  u_bridge/s_wdata_reg[15]/C

Slack:                    inf
  Source:                 u_bridge/addr_hold_reg[6]/C
                            (rising edge-triggered cell FDRE clocked by aclk  {rise@0.000ns fall@5.000ns period=10.000ns})
  Destination:            u_bridge/s_addr_reg[6]/D
                            (rising edge-triggered cell FDRE clocked by net_clk  {rise@0.000ns fall@3.200ns period=6.400ns})
  Path Group:             (none)
  Path Type:              Hold (Min at Fast Process Corner)
  Data Path Delay:        0.339ns  (logic 0.141ns (41.541%)  route 0.198ns (58.459%))
  Logic Levels:           0  
  Clock Path Skew:        0.022ns (DCD - SCD - CPR)
    Destination Clock Delay (DCD):    0.432ns
    Source Clock Delay      (SCD):    0.410ns
    Clock Pessimism Removal (CPR):    -0.000ns
  Clock Uncertainty:      0.035ns  ((TSJ^2 + TIJ^2)^1/2 + DJ) / 2 + PE
    Total System Jitter     (TSJ):    0.071ns
    Total Input Jitter      (TIJ):    0.000ns
    Discrete Jitter          (DJ):    0.000ns
    Phase Error              (PE):    0.000ns
  Timing Exception:       False Path

    Location             Delay type                Incr(ns)  Path(ns)    Netlist Resource(s)
  -------------------------------------------------------------------    -------------------
                         (clock aclk rise edge)       0.000     0.000 r  
                                                      0.000     0.000 r  aclk (IN)
                         net (fo=376, unset)          0.410     0.410    u_bridge/aclk
    SLICE_X45Y31         FDRE                                         r  u_bridge/addr_hold_reg[6]/C
  -------------------------------------------------------------------    -------------------
    SLICE_X45Y31         FDRE (Prop_fdre_C_Q)         0.141     0.551 r  u_bridge/addr_hold_reg[6]/Q
                         net (fo=1, routed)           0.198     0.750    u_bridge/addr_hold[6]
    SLICE_X36Y31         FDRE                                         r  u_bridge/s_addr_reg[6]/D
  -------------------------------------------------------------------    -------------------

                         (clock net_clk rise edge)    0.000     0.000 r  
                                                      0.000     0.000 r  net_clk (IN)
                         net (fo=1291, unset)         0.432     0.432    u_bridge/net_clk
    SLICE_X36Y31         FDRE                                         r  u_bridge/s_addr_reg[6]/C

Slack:                    inf
  Source:                 u_bridge/wdata_hold_reg[19]/C
                            (rising edge-triggered cell FDRE clocked by aclk  {rise@0.000ns fall@5.000ns period=10.000ns})
  Destination:            u_bridge/s_wdata_reg[19]/D
                            (rising edge-triggered cell FDRE clocked by net_clk  {rise@0.000ns fall@3.200ns period=6.400ns})
  Path Group:             (none)
  Path Type:              Hold (Min at Fast Process Corner)
  Data Path Delay:        0.343ns  (logic 0.164ns (47.756%)  route 0.179ns (52.244%))
  Logic Levels:           0  
  Clock Path Skew:        0.022ns (DCD - SCD - CPR)
    Destination Clock Delay (DCD):    0.432ns
    Source Clock Delay      (SCD):    0.410ns
    Clock Pessimism Removal (CPR):    -0.000ns
  Clock Uncertainty:      0.035ns  ((TSJ^2 + TIJ^2)^1/2 + DJ) / 2 + PE
    Total System Jitter     (TSJ):    0.071ns
    Total Input Jitter      (TIJ):    0.000ns
    Discrete Jitter          (DJ):    0.000ns
    Phase Error              (PE):    0.000ns
  Timing Exception:       False Path

    Location             Delay type                Incr(ns)  Path(ns)    Netlist Resource(s)
  -------------------------------------------------------------------    -------------------
                         (clock aclk rise edge)       0.000     0.000 r  
                                                      0.000     0.000 r  aclk (IN)
                         net (fo=376, unset)          0.410     0.410    u_bridge/aclk
    SLICE_X46Y31         FDRE                                         r  u_bridge/wdata_hold_reg[19]/C
  -------------------------------------------------------------------    -------------------
    SLICE_X46Y31         FDRE (Prop_fdre_C_Q)         0.164     0.574 r  u_bridge/wdata_hold_reg[19]/Q
                         net (fo=1, routed)           0.179     0.754    u_bridge/wdata_hold[19]
    SLICE_X45Y30         FDRE                                         r  u_bridge/s_wdata_reg[19]/D
  -------------------------------------------------------------------    -------------------

                         (clock net_clk rise edge)    0.000     0.000 r  
                                                      0.000     0.000 r  net_clk (IN)
                         net (fo=1291, unset)         0.432     0.432    u_bridge/net_clk
    SLICE_X45Y30         FDRE                                         r  u_bridge/s_wdata_reg[19]/C

Slack:                    inf
  Source:                 u_bridge/wdata_hold_reg[31]/C
                            (rising edge-triggered cell FDRE clocked by aclk  {rise@0.000ns fall@5.000ns period=10.000ns})
  Destination:            u_bridge/s_wdata_reg[31]/D
                            (rising edge-triggered cell FDRE clocked by net_clk  {rise@0.000ns fall@3.200ns period=6.400ns})
  Path Group:             (none)
  Path Type:              Hold (Min at Fast Process Corner)
  Data Path Delay:        0.355ns  (logic 0.141ns (39.689%)  route 0.214ns (60.311%))
  Logic Levels:           0  
  Clock Path Skew:        0.022ns (DCD - SCD - CPR)
    Destination Clock Delay (DCD):    0.432ns
    Source Clock Delay      (SCD):    0.410ns
    Clock Pessimism Removal (CPR):    -0.000ns
  Clock Uncertainty:      0.035ns  ((TSJ^2 + TIJ^2)^1/2 + DJ) / 2 + PE
    Total System Jitter     (TSJ):    0.071ns
    Total Input Jitter      (TIJ):    0.000ns
    Discrete Jitter          (DJ):    0.000ns
    Phase Error              (PE):    0.000ns
  Timing Exception:       False Path

    Location             Delay type                Incr(ns)  Path(ns)    Netlist Resource(s)
  -------------------------------------------------------------------    -------------------
                         (clock aclk rise edge)       0.000     0.000 r  
                                                      0.000     0.000 r  aclk (IN)
                         net (fo=376, unset)          0.410     0.410    u_bridge/aclk
    SLICE_X53Y34         FDRE                                         r  u_bridge/wdata_hold_reg[31]/C
  -------------------------------------------------------------------    -------------------
    SLICE_X53Y34         FDRE (Prop_fdre_C_Q)         0.141     0.551 r  u_bridge/wdata_hold_reg[31]/Q
                         net (fo=1, routed)           0.214     0.765    u_bridge/wdata_hold[31]
    SLICE_X50Y31         FDRE                                         r  u_bridge/s_wdata_reg[31]/D
  -------------------------------------------------------------------    -------------------

                         (clock net_clk rise edge)    0.000     0.000 r  
                                                      0.000     0.000 r  net_clk (IN)
                         net (fo=1291, unset)         0.432     0.432    u_bridge/net_clk
    SLICE_X50Y31         FDRE                                         r  u_bridge/s_wdata_reg[31]/C

Slack:                    inf
  Source:                 u_bridge/wdata_hold_reg[25]/C
                            (rising edge-triggered cell FDRE clocked by aclk  {rise@0.000ns fall@5.000ns period=10.000ns})
  Destination:            u_bridge/s_wdata_reg[25]/D
                            (rising edge-triggered cell FDRE clocked by net_clk  {rise@0.000ns fall@3.200ns period=6.400ns})
  Path Group:             (none)
  Path Type:              Hold (Min at Fast Process Corner)
  Data Path Delay:        0.362ns  (logic 0.141ns (38.898%)  route 0.221ns (61.102%))
  Logic Levels:           0  
  Clock Path Skew:        0.022ns (DCD - SCD - CPR)
    Destination Clock Delay (DCD):    0.432ns
    Source Clock Delay      (SCD):    0.410ns
    Clock Pessimism Removal (CPR):    -0.000ns
  Clock Uncertainty:      0.035ns  ((TSJ^2 + TIJ^2)^1/2 + DJ) / 2 + PE
    Total System Jitter     (TSJ):    0.071ns
    Total Input Jitter      (TIJ):    0.000ns
    Discrete Jitter          (DJ):    0.000ns
    Phase Error              (PE):    0.000ns
  Timing Exception:       False Path

    Location             Delay type                Incr(ns)  Path(ns)    Netlist Resource(s)
  -------------------------------------------------------------------    -------------------
                         (clock aclk rise edge)       0.000     0.000 r  
                                                      0.000     0.000 r  aclk (IN)
                         net (fo=376, unset)          0.410     0.410    u_bridge/aclk
    SLICE_X52Y34         FDRE                                         r  u_bridge/wdata_hold_reg[25]/C
  -------------------------------------------------------------------    -------------------
    SLICE_X52Y34         FDRE (Prop_fdre_C_Q)         0.141     0.551 r  u_bridge/wdata_hold_reg[25]/Q
                         net (fo=1, routed)           0.221     0.773    u_bridge/wdata_hold[25]
    SLICE_X50Y31         FDRE                                         r  u_bridge/s_wdata_reg[25]/D
  -------------------------------------------------------------------    -------------------

                         (clock net_clk rise edge)    0.000     0.000 r  
                                                      0.000     0.000 r  net_clk (IN)
                         net (fo=1291, unset)         0.432     0.432    u_bridge/net_clk
    SLICE_X50Y31         FDRE                                         r  u_bridge/s_wdata_reg[25]/C

Slack:                    inf
  Source:                 u_bridge/wdata_hold_reg[9]/C
                            (rising edge-triggered cell FDRE clocked by aclk  {rise@0.000ns fall@5.000ns period=10.000ns})
  Destination:            u_bridge/s_wdata_reg[9]/D
                            (rising edge-triggered cell FDRE clocked by net_clk  {rise@0.000ns fall@3.200ns period=6.400ns})
  Path Group:             (none)
  Path Type:              Hold (Min at Fast Process Corner)
  Data Path Delay:        0.367ns  (logic 0.141ns (38.451%)  route 0.226ns (61.549%))
  Logic Levels:           0  
  Clock Path Skew:        0.022ns (DCD - SCD - CPR)
    Destination Clock Delay (DCD):    0.432ns
    Source Clock Delay      (SCD):    0.410ns
    Clock Pessimism Removal (CPR):    -0.000ns
  Clock Uncertainty:      0.035ns  ((TSJ^2 + TIJ^2)^1/2 + DJ) / 2 + PE
    Total System Jitter     (TSJ):    0.071ns
    Total Input Jitter      (TIJ):    0.000ns
    Discrete Jitter          (DJ):    0.000ns
    Phase Error              (PE):    0.000ns
  Timing Exception:       False Path

    Location             Delay type                Incr(ns)  Path(ns)    Netlist Resource(s)
  -------------------------------------------------------------------    -------------------
                         (clock aclk rise edge)       0.000     0.000 r  
                                                      0.000     0.000 r  aclk (IN)
                         net (fo=376, unset)          0.410     0.410    u_bridge/aclk
    SLICE_X49Y29         FDRE                                         r  u_bridge/wdata_hold_reg[9]/C
  -------------------------------------------------------------------    -------------------
    SLICE_X49Y29         FDRE (Prop_fdre_C_Q)         0.141     0.551 r  u_bridge/wdata_hold_reg[9]/Q
                         net (fo=1, routed)           0.226     0.777    u_bridge/wdata_hold[9]
    SLICE_X46Y30         FDRE                                         r  u_bridge/s_wdata_reg[9]/D
  -------------------------------------------------------------------    -------------------

                         (clock net_clk rise edge)    0.000     0.000 r  
                                                      0.000     0.000 r  net_clk (IN)
                         net (fo=1291, unset)         0.432     0.432    u_bridge/net_clk
    SLICE_X46Y30         FDRE                                         r  u_bridge/s_wdata_reg[9]/C

Slack:                    inf
  Source:                 u_bridge/wdata_hold_reg[1]/C
                            (rising edge-triggered cell FDRE clocked by aclk  {rise@0.000ns fall@5.000ns period=10.000ns})
  Destination:            u_bridge/s_wdata_reg[1]/D
                            (rising edge-triggered cell FDRE clocked by net_clk  {rise@0.000ns fall@3.200ns period=6.400ns})
  Path Group:             (none)
  Path Type:              Hold (Min at Fast Process Corner)
  Data Path Delay:        0.367ns  (logic 0.164ns (44.666%)  route 0.203ns (55.334%))
  Logic Levels:           0  
  Clock Path Skew:        0.022ns (DCD - SCD - CPR)
    Destination Clock Delay (DCD):    0.432ns
    Source Clock Delay      (SCD):    0.410ns
    Clock Pessimism Removal (CPR):    -0.000ns
  Clock Uncertainty:      0.035ns  ((TSJ^2 + TIJ^2)^1/2 + DJ) / 2 + PE
    Total System Jitter     (TSJ):    0.071ns
    Total Input Jitter      (TIJ):    0.000ns
    Discrete Jitter          (DJ):    0.000ns
    Phase Error              (PE):    0.000ns
  Timing Exception:       False Path

    Location             Delay type                Incr(ns)  Path(ns)    Netlist Resource(s)
  -------------------------------------------------------------------    -------------------
                         (clock aclk rise edge)       0.000     0.000 r  
                                                      0.000     0.000 r  aclk (IN)
                         net (fo=376, unset)          0.410     0.410    u_bridge/aclk
    SLICE_X46Y31         FDRE                                         r  u_bridge/wdata_hold_reg[1]/C
  -------------------------------------------------------------------    -------------------
    SLICE_X46Y31         FDRE (Prop_fdre_C_Q)         0.164     0.574 r  u_bridge/wdata_hold_reg[1]/Q
                         net (fo=1, routed)           0.203     0.777    u_bridge/wdata_hold[1]
    SLICE_X44Y32         FDRE                                         r  u_bridge/s_wdata_reg[1]/D
  -------------------------------------------------------------------    -------------------

                         (clock net_clk rise edge)    0.000     0.000 r  
                                                      0.000     0.000 r  net_clk (IN)
                         net (fo=1291, unset)         0.432     0.432    u_bridge/net_clk
    SLICE_X44Y32         FDRE                                         r  u_bridge/s_wdata_reg[1]/C

Slack:                    inf
  Source:                 u_snap/req_tgl_reg/C
                            (rising edge-triggered cell FDRE clocked by aclk  {rise@0.000ns fall@5.000ns period=10.000ns})
  Destination:            u_snap/req_sync_reg[0]/D
                            (rising edge-triggered cell FDRE clocked by net_clk  {rise@0.000ns fall@3.200ns period=6.400ns})
  Path Group:             (none)
  Path Type:              Hold (Min at Fast Process Corner)
  Data Path Delay:        0.377ns  (logic 0.164ns (43.534%)  route 0.213ns (56.466%))
  Logic Levels:           0  
  Clock Path Skew:        0.022ns (DCD - SCD - CPR)
    Destination Clock Delay (DCD):    0.432ns
    Source Clock Delay      (SCD):    0.410ns
    Clock Pessimism Removal (CPR):    -0.000ns
  Clock Uncertainty:      0.035ns  ((TSJ^2 + TIJ^2)^1/2 + DJ) / 2 + PE
    Total System Jitter     (TSJ):    0.071ns
    Total Input Jitter      (TIJ):    0.000ns
    Discrete Jitter          (DJ):    0.000ns
    Phase Error              (PE):    0.000ns
  Timing Exception:       False Path

    Location             Delay type                Incr(ns)  Path(ns)    Netlist Resource(s)
  -------------------------------------------------------------------    -------------------
                         (clock aclk rise edge)       0.000     0.000 r  
                                                      0.000     0.000 r  aclk (IN)
                         net (fo=376, unset)          0.410     0.410    u_snap/aclk
    SLICE_X58Y36         FDRE                                         r  u_snap/req_tgl_reg/C
  -------------------------------------------------------------------    -------------------
    SLICE_X58Y36         FDRE (Prop_fdre_C_Q)         0.164     0.574 r  u_snap/req_tgl_reg/Q
                         net (fo=5, routed)           0.213     0.787    u_snap/req_tgl_reg_n_0
    SLICE_X60Y37         FDRE                                         r  u_snap/req_sync_reg[0]/D
  -------------------------------------------------------------------    -------------------

                         (clock net_clk rise edge)    0.000     0.000 r  
                                                      0.000     0.000 r  net_clk (IN)
                         net (fo=1291, unset)         0.432     0.432    u_snap/net_clk
    SLICE_X60Y37         FDRE                                         r  u_snap/req_sync_reg[0]/C

Slack:                    inf
  Source:                 u_bridge/wdata_hold_reg[27]/C
                            (rising edge-triggered cell FDRE clocked by aclk  {rise@0.000ns fall@5.000ns period=10.000ns})
  Destination:            u_bridge/s_wdata_reg[27]/D
                            (rising edge-triggered cell FDRE clocked by net_clk  {rise@0.000ns fall@3.200ns period=6.400ns})
  Path Group:             (none)
  Path Type:              Hold (Min at Fast Process Corner)
  Data Path Delay:        0.385ns  (logic 0.141ns (36.596%)  route 0.244ns (63.404%))
  Logic Levels:           0  
  Clock Path Skew:        0.022ns (DCD - SCD - CPR)
    Destination Clock Delay (DCD):    0.432ns
    Source Clock Delay      (SCD):    0.410ns
    Clock Pessimism Removal (CPR):    -0.000ns
  Clock Uncertainty:      0.035ns  ((TSJ^2 + TIJ^2)^1/2 + DJ) / 2 + PE
    Total System Jitter     (TSJ):    0.071ns
    Total Input Jitter      (TIJ):    0.000ns
    Discrete Jitter          (DJ):    0.000ns
    Phase Error              (PE):    0.000ns
  Timing Exception:       False Path

    Location             Delay type                Incr(ns)  Path(ns)    Netlist Resource(s)
  -------------------------------------------------------------------    -------------------
                         (clock aclk rise edge)       0.000     0.000 r  
                                                      0.000     0.000 r  aclk (IN)
                         net (fo=376, unset)          0.410     0.410    u_bridge/aclk
    SLICE_X53Y34         FDRE                                         r  u_bridge/wdata_hold_reg[27]/C
  -------------------------------------------------------------------    -------------------
    SLICE_X53Y34         FDRE (Prop_fdre_C_Q)         0.141     0.551 r  u_bridge/wdata_hold_reg[27]/Q
                         net (fo=1, routed)           0.244     0.795    u_bridge/wdata_hold[27]
    SLICE_X49Y34         FDRE                                         r  u_bridge/s_wdata_reg[27]/D
  -------------------------------------------------------------------    -------------------

                         (clock net_clk rise edge)    0.000     0.000 r  
                                                      0.000     0.000 r  net_clk (IN)
                         net (fo=1291, unset)         0.432     0.432    u_bridge/net_clk
    SLICE_X49Y34         FDRE                                         r  u_bridge/s_wdata_reg[27]/C

Slack:                    inf
  Source:                 u_bridge/wdata_hold_reg[26]/C
                            (rising edge-triggered cell FDRE clocked by aclk  {rise@0.000ns fall@5.000ns period=10.000ns})
  Destination:            u_bridge/s_wdata_reg[26]/D
                            (rising edge-triggered cell FDRE clocked by net_clk  {rise@0.000ns fall@3.200ns period=6.400ns})
  Path Group:             (none)
  Path Type:              Hold (Min at Fast Process Corner)
  Data Path Delay:        0.387ns  (logic 0.141ns (36.408%)  route 0.246ns (63.592%))
  Logic Levels:           0  
  Clock Path Skew:        0.022ns (DCD - SCD - CPR)
    Destination Clock Delay (DCD):    0.432ns
    Source Clock Delay      (SCD):    0.410ns
    Clock Pessimism Removal (CPR):    -0.000ns
  Clock Uncertainty:      0.035ns  ((TSJ^2 + TIJ^2)^1/2 + DJ) / 2 + PE
    Total System Jitter     (TSJ):    0.071ns
    Total Input Jitter      (TIJ):    0.000ns
    Discrete Jitter          (DJ):    0.000ns
    Phase Error              (PE):    0.000ns
  Timing Exception:       False Path

    Location             Delay type                Incr(ns)  Path(ns)    Netlist Resource(s)
  -------------------------------------------------------------------    -------------------
                         (clock aclk rise edge)       0.000     0.000 r  
                                                      0.000     0.000 r  aclk (IN)
                         net (fo=376, unset)          0.410     0.410    u_bridge/aclk
    SLICE_X52Y34         FDRE                                         r  u_bridge/wdata_hold_reg[26]/C
  -------------------------------------------------------------------    -------------------
    SLICE_X52Y34         FDRE (Prop_fdre_C_Q)         0.141     0.551 r  u_bridge/wdata_hold_reg[26]/Q
                         net (fo=1, routed)           0.246     0.797    u_bridge/wdata_hold[26]
    SLICE_X49Y34         FDRE                                         r  u_bridge/s_wdata_reg[26]/D
  -------------------------------------------------------------------    -------------------

                         (clock net_clk rise edge)    0.000     0.000 r  
                                                      0.000     0.000 r  net_clk (IN)
                         net (fo=1291, unset)         0.432     0.432    u_bridge/net_clk
    SLICE_X49Y34         FDRE                                         r  u_bridge/s_wdata_reg[26]/C

Slack:                    inf
  Source:                 u_bridge/we_hold_reg/C
                            (rising edge-triggered cell FDRE clocked by aclk  {rise@0.000ns fall@5.000ns period=10.000ns})
  Destination:            u_bridge/s_we_reg/D
                            (rising edge-triggered cell FDRE clocked by net_clk  {rise@0.000ns fall@3.200ns period=6.400ns})
  Path Group:             (none)
  Path Type:              Hold (Min at Fast Process Corner)
  Data Path Delay:        0.388ns  (logic 0.141ns (36.335%)  route 0.247ns (63.665%))
  Logic Levels:           0  
  Clock Path Skew:        0.022ns (DCD - SCD - CPR)
    Destination Clock Delay (DCD):    0.432ns
    Source Clock Delay      (SCD):    0.410ns
    Clock Pessimism Removal (CPR):    -0.000ns
  Clock Uncertainty:      0.035ns  ((TSJ^2 + TIJ^2)^1/2 + DJ) / 2 + PE
    Total System Jitter     (TSJ):    0.071ns
    Total Input Jitter      (TIJ):    0.000ns
    Discrete Jitter          (DJ):    0.000ns
    Phase Error              (PE):    0.000ns
  Timing Exception:       False Path

    Location             Delay type                Incr(ns)  Path(ns)    Netlist Resource(s)
  -------------------------------------------------------------------    -------------------
                         (clock aclk rise edge)       0.000     0.000 r  
                                                      0.000     0.000 r  aclk (IN)
                         net (fo=376, unset)          0.410     0.410    u_bridge/aclk
    SLICE_X45Y31         FDRE                                         r  u_bridge/we_hold_reg/C
  -------------------------------------------------------------------    -------------------
    SLICE_X45Y31         FDRE (Prop_fdre_C_Q)         0.141     0.551 r  u_bridge/we_hold_reg/Q
                         net (fo=1, routed)           0.247     0.798    u_bridge/we_hold
    SLICE_X36Y31         FDRE                                         r  u_bridge/s_we_reg/D
  -------------------------------------------------------------------    -------------------

                         (clock net_clk rise edge)    0.000     0.000 r  
                                                      0.000     0.000 r  net_clk (IN)
                         net (fo=1291, unset)         0.432     0.432    u_bridge/net_clk
    SLICE_X36Y31         FDRE                                         r  u_bridge/s_we_reg/C





--------------------------------------------------------------------------------------
Path Group:  (none)
From Clock:  aclk
  To Clock:  

Max Delay            37 Endpoints
Min Delay            37 Endpoints
--------------------------------------------------------------------------------------


Max Delay Paths
--------------------------------------------------------------------------------------
Slack:                    inf
  Source:                 u_axi/s_axi_arready_reg/C
                            (rising edge-triggered cell FDRE clocked by aclk  {rise@0.000ns fall@5.000ns period=10.000ns})
  Destination:            s_axi_arready
                            (output port)
  Path Group:             (none)
  Path Type:              Max at Slow Process Corner
  Data Path Delay:        1.491ns  (logic 0.518ns (34.742%)  route 0.973ns (65.258%))
  Logic Levels:           0  
  Clock Uncertainty:      0.025ns  ((TSJ^2 + TIJ^2)^1/2 + DJ) / 2 + PE
    Total System Jitter     (TSJ):    0.050ns
    Total Input Jitter      (TIJ):    0.000ns
    Discrete Jitter          (DJ):    0.000ns
    Phase Error              (PE):    0.000ns

    Location             Delay type                Incr(ns)  Path(ns)    Netlist Resource(s)
  -------------------------------------------------------------------    -------------------
                         (clock aclk rise edge)       0.000     0.000 r  
                                                      0.000     0.000 r  aclk (IN)
                         net (fo=376, unset)          0.973     0.973    u_axi/aclk
    SLICE_X58Y32         FDRE                                         r  u_axi/s_axi_arready_reg/C
  -------------------------------------------------------------------    -------------------
    SLICE_X58Y32         FDRE (Prop_fdre_C_Q)         0.518     1.491 r  u_axi/s_axi_arready_reg/Q
                         net (fo=0)                   0.973     2.464    s_axi_arready
                                                                      r  s_axi_arready (OUT)
  -------------------------------------------------------------------    -------------------

Slack:                    inf
  Source:                 u_axi/s_axi_rdata_reg[22]/C
                            (rising edge-triggered cell FDRE clocked by aclk  {rise@0.000ns fall@5.000ns period=10.000ns})
  Destination:            s_axi_rdata[22]
                            (output port)
  Path Group:             (none)
  Path Type:              Max at Slow Process Corner
  Data Path Delay:        1.491ns  (logic 0.518ns (34.742%)  route 0.973ns (65.258%))
  Logic Levels:           0  
  Clock Uncertainty:      0.025ns  ((TSJ^2 + TIJ^2)^1/2 + DJ) / 2 + PE
    Total System Jitter     (TSJ):    0.050ns
    Total Input Jitter      (TIJ):    0.000ns
    Discrete Jitter          (DJ):    0.000ns
    Phase Error              (PE):    0.000ns

    Location             Delay type                Incr(ns)  Path(ns)    Netlist Resource(s)
  -------------------------------------------------------------------    -------------------
                         (clock aclk rise edge)       0.000     0.000 r  
                                                      0.000     0.000 r  aclk (IN)
                         net (fo=376, unset)          0.973     0.973    u_axi/aclk
    SLICE_X58Y39         FDRE                                         r  u_axi/s_axi_rdata_reg[22]/C
  -------------------------------------------------------------------    -------------------
    SLICE_X58Y39         FDRE (Prop_fdre_C_Q)         0.518     1.491 r  u_axi/s_axi_rdata_reg[22]/Q
                         net (fo=0)                   0.973     2.464    s_axi_rdata[22]
                                                                      r  s_axi_rdata[22] (OUT)
  -------------------------------------------------------------------    -------------------

Slack:                    inf
  Source:                 u_axi/s_axi_rdata_reg[25]/C
                            (rising edge-triggered cell FDRE clocked by aclk  {rise@0.000ns fall@5.000ns period=10.000ns})
  Destination:            s_axi_rdata[25]
                            (output port)
  Path Group:             (none)
  Path Type:              Max at Slow Process Corner
  Data Path Delay:        1.491ns  (logic 0.518ns (34.742%)  route 0.973ns (65.258%))
  Logic Levels:           0  
  Clock Uncertainty:      0.025ns  ((TSJ^2 + TIJ^2)^1/2 + DJ) / 2 + PE
    Total System Jitter     (TSJ):    0.050ns
    Total Input Jitter      (TIJ):    0.000ns
    Discrete Jitter          (DJ):    0.000ns
    Phase Error              (PE):    0.000ns

    Location             Delay type                Incr(ns)  Path(ns)    Netlist Resource(s)
  -------------------------------------------------------------------    -------------------
                         (clock aclk rise edge)       0.000     0.000 r  
                                                      0.000     0.000 r  aclk (IN)
                         net (fo=376, unset)          0.973     0.973    u_axi/aclk
    SLICE_X54Y44         FDRE                                         r  u_axi/s_axi_rdata_reg[25]/C
  -------------------------------------------------------------------    -------------------
    SLICE_X54Y44         FDRE (Prop_fdre_C_Q)         0.518     1.491 r  u_axi/s_axi_rdata_reg[25]/Q
                         net (fo=0)                   0.973     2.464    s_axi_rdata[25]
                                                                      r  s_axi_rdata[25] (OUT)
  -------------------------------------------------------------------    -------------------

Slack:                    inf
  Source:                 u_axi/s_axi_rdata_reg[26]/C
                            (rising edge-triggered cell FDRE clocked by aclk  {rise@0.000ns fall@5.000ns period=10.000ns})
  Destination:            s_axi_rdata[26]
                            (output port)
  Path Group:             (none)
  Path Type:              Max at Slow Process Corner
  Data Path Delay:        1.491ns  (logic 0.518ns (34.742%)  route 0.973ns (65.258%))
  Logic Levels:           0  
  Clock Uncertainty:      0.025ns  ((TSJ^2 + TIJ^2)^1/2 + DJ) / 2 + PE
    Total System Jitter     (TSJ):    0.050ns
    Total Input Jitter      (TIJ):    0.000ns
    Discrete Jitter          (DJ):    0.000ns
    Phase Error              (PE):    0.000ns

    Location             Delay type                Incr(ns)  Path(ns)    Netlist Resource(s)
  -------------------------------------------------------------------    -------------------
                         (clock aclk rise edge)       0.000     0.000 r  
                                                      0.000     0.000 r  aclk (IN)
                         net (fo=376, unset)          0.973     0.973    u_axi/aclk
    SLICE_X54Y44         FDRE                                         r  u_axi/s_axi_rdata_reg[26]/C
  -------------------------------------------------------------------    -------------------
    SLICE_X54Y44         FDRE (Prop_fdre_C_Q)         0.518     1.491 r  u_axi/s_axi_rdata_reg[26]/Q
                         net (fo=0)                   0.973     2.464    s_axi_rdata[26]
                                                                      r  s_axi_rdata[26] (OUT)
  -------------------------------------------------------------------    -------------------

Slack:                    inf
  Source:                 u_axi/s_axi_rdata_reg[28]/C
                            (rising edge-triggered cell FDRE clocked by aclk  {rise@0.000ns fall@5.000ns period=10.000ns})
  Destination:            s_axi_rdata[28]
                            (output port)
  Path Group:             (none)
  Path Type:              Max at Slow Process Corner
  Data Path Delay:        1.491ns  (logic 0.518ns (34.742%)  route 0.973ns (65.258%))
  Logic Levels:           0  
  Clock Uncertainty:      0.025ns  ((TSJ^2 + TIJ^2)^1/2 + DJ) / 2 + PE
    Total System Jitter     (TSJ):    0.050ns
    Total Input Jitter      (TIJ):    0.000ns
    Discrete Jitter          (DJ):    0.000ns
    Phase Error              (PE):    0.000ns

    Location             Delay type                Incr(ns)  Path(ns)    Netlist Resource(s)
  -------------------------------------------------------------------    -------------------
                         (clock aclk rise edge)       0.000     0.000 r  
                                                      0.000     0.000 r  aclk (IN)
                         net (fo=376, unset)          0.973     0.973    u_axi/aclk
    SLICE_X58Y39         FDRE                                         r  u_axi/s_axi_rdata_reg[28]/C
  -------------------------------------------------------------------    -------------------
    SLICE_X58Y39         FDRE (Prop_fdre_C_Q)         0.518     1.491 r  u_axi/s_axi_rdata_reg[28]/Q
                         net (fo=0)                   0.973     2.464    s_axi_rdata[28]
                                                                      r  s_axi_rdata[28] (OUT)
  -------------------------------------------------------------------    -------------------

Slack:                    inf
  Source:                 u_axi/s_axi_rdata_reg[29]/C
                            (rising edge-triggered cell FDRE clocked by aclk  {rise@0.000ns fall@5.000ns period=10.000ns})
  Destination:            s_axi_rdata[29]
                            (output port)
  Path Group:             (none)
  Path Type:              Max at Slow Process Corner
  Data Path Delay:        1.491ns  (logic 0.518ns (34.742%)  route 0.973ns (65.258%))
  Logic Levels:           0  
  Clock Uncertainty:      0.025ns  ((TSJ^2 + TIJ^2)^1/2 + DJ) / 2 + PE
    Total System Jitter     (TSJ):    0.050ns
    Total Input Jitter      (TIJ):    0.000ns
    Discrete Jitter          (DJ):    0.000ns
    Phase Error              (PE):    0.000ns

    Location             Delay type                Incr(ns)  Path(ns)    Netlist Resource(s)
  -------------------------------------------------------------------    -------------------
                         (clock aclk rise edge)       0.000     0.000 r  
                                                      0.000     0.000 r  aclk (IN)
                         net (fo=376, unset)          0.973     0.973    u_axi/aclk
    SLICE_X54Y44         FDRE                                         r  u_axi/s_axi_rdata_reg[29]/C
  -------------------------------------------------------------------    -------------------
    SLICE_X54Y44         FDRE (Prop_fdre_C_Q)         0.518     1.491 r  u_axi/s_axi_rdata_reg[29]/Q
                         net (fo=0)                   0.973     2.464    s_axi_rdata[29]
                                                                      r  s_axi_rdata[29] (OUT)
  -------------------------------------------------------------------    -------------------

Slack:                    inf
  Source:                 u_axi/s_axi_rdata_reg[31]/C
                            (rising edge-triggered cell FDRE clocked by aclk  {rise@0.000ns fall@5.000ns period=10.000ns})
  Destination:            s_axi_rdata[31]
                            (output port)
  Path Group:             (none)
  Path Type:              Max at Slow Process Corner
  Data Path Delay:        1.491ns  (logic 0.518ns (34.742%)  route 0.973ns (65.258%))
  Logic Levels:           0  
  Clock Uncertainty:      0.025ns  ((TSJ^2 + TIJ^2)^1/2 + DJ) / 2 + PE
    Total System Jitter     (TSJ):    0.050ns
    Total Input Jitter      (TIJ):    0.000ns
    Discrete Jitter          (DJ):    0.000ns
    Phase Error              (PE):    0.000ns

    Location             Delay type                Incr(ns)  Path(ns)    Netlist Resource(s)
  -------------------------------------------------------------------    -------------------
                         (clock aclk rise edge)       0.000     0.000 r  
                                                      0.000     0.000 r  aclk (IN)
                         net (fo=376, unset)          0.973     0.973    u_axi/aclk
    SLICE_X54Y44         FDRE                                         r  u_axi/s_axi_rdata_reg[31]/C
  -------------------------------------------------------------------    -------------------
    SLICE_X54Y44         FDRE (Prop_fdre_C_Q)         0.518     1.491 r  u_axi/s_axi_rdata_reg[31]/Q
                         net (fo=0)                   0.973     2.464    s_axi_rdata[31]
                                                                      r  s_axi_rdata[31] (OUT)
  -------------------------------------------------------------------    -------------------

Slack:                    inf
  Source:                 u_axi/s_axi_rvalid_reg/C
                            (rising edge-triggered cell FDRE clocked by aclk  {rise@0.000ns fall@5.000ns period=10.000ns})
  Destination:            s_axi_rvalid
                            (output port)
  Path Group:             (none)
  Path Type:              Max at Slow Process Corner
  Data Path Delay:        1.491ns  (logic 0.518ns (34.742%)  route 0.973ns (65.258%))
  Logic Levels:           0  
  Clock Uncertainty:      0.025ns  ((TSJ^2 + TIJ^2)^1/2 + DJ) / 2 + PE
    Total System Jitter     (TSJ):    0.050ns
    Total Input Jitter      (TIJ):    0.000ns
    Discrete Jitter          (DJ):    0.000ns
    Phase Error              (PE):    0.000ns

    Location             Delay type                Incr(ns)  Path(ns)    Netlist Resource(s)
  -------------------------------------------------------------------    -------------------
                         (clock aclk rise edge)       0.000     0.000 r  
                                                      0.000     0.000 r  aclk (IN)
                         net (fo=376, unset)          0.973     0.973    u_axi/aclk
    SLICE_X58Y33         FDRE                                         r  u_axi/s_axi_rvalid_reg/C
  -------------------------------------------------------------------    -------------------
    SLICE_X58Y33         FDRE (Prop_fdre_C_Q)         0.518     1.491 r  u_axi/s_axi_rvalid_reg/Q
                         net (fo=1, unset)            0.973     2.464    s_axi_rvalid
                                                                      r  s_axi_rvalid (OUT)
  -------------------------------------------------------------------    -------------------

Slack:                    inf
  Source:                 u_axi/s_axi_bvalid_reg/C
                            (rising edge-triggered cell FDRE clocked by aclk  {rise@0.000ns fall@5.000ns period=10.000ns})
  Destination:            s_axi_bvalid
                            (output port)
  Path Group:             (none)
  Path Type:              Max at Slow Process Corner
  Data Path Delay:        1.451ns  (logic 0.478ns (32.943%)  route 0.973ns (67.057%))
  Logic Levels:           0  
  Clock Uncertainty:      0.025ns  ((TSJ^2 + TIJ^2)^1/2 + DJ) / 2 + PE
    Total System Jitter     (TSJ):    0.050ns
    Total Input Jitter      (TIJ):    0.000ns
    Discrete Jitter          (DJ):    0.000ns
    Phase Error              (PE):    0.000ns

    Location             Delay type                Incr(ns)  Path(ns)    Netlist Resource(s)
  -------------------------------------------------------------------    -------------------
                         (clock aclk rise edge)       0.000     0.000 r  
                                                      0.000     0.000 r  aclk (IN)
                         net (fo=376, unset)          0.973     0.973    u_axi/aclk
    SLICE_X58Y32         FDRE                                         r  u_axi/s_axi_bvalid_reg/C
  -------------------------------------------------------------------    -------------------
    SLICE_X58Y32         FDRE (Prop_fdre_C_Q)         0.478     1.451 r  u_axi/s_axi_bvalid_reg/Q
                         net (fo=1, unset)            0.973     2.424    s_axi_bvalid
                                                                      r  s_axi_bvalid (OUT)
  -------------------------------------------------------------------    -------------------

Slack:                    inf
  Source:                 u_axi/s_axi_awready_reg/C
                            (rising edge-triggered cell FDRE clocked by aclk  {rise@0.000ns fall@5.000ns period=10.000ns})
  Destination:            s_axi_awready
                            (output port)
  Path Group:             (none)
  Path Type:              Max at Slow Process Corner
  Data Path Delay:        1.429ns  (logic 0.456ns (31.910%)  route 0.973ns (68.090%))
  Logic Levels:           0  
  Clock Uncertainty:      0.025ns  ((TSJ^2 + TIJ^2)^1/2 + DJ) / 2 + PE
    Total System Jitter     (TSJ):    0.050ns
    Total Input Jitter      (TIJ):    0.000ns
    Discrete Jitter          (DJ):    0.000ns
    Phase Error              (PE):    0.000ns

    Location             Delay type                Incr(ns)  Path(ns)    Netlist Resource(s)
  -------------------------------------------------------------------    -------------------
                         (clock aclk rise edge)       0.000     0.000 r  
                                                      0.000     0.000 r  aclk (IN)
                         net (fo=376, unset)          0.973     0.973    u_axi/aclk
    SLICE_X57Y32         FDRE                                         r  u_axi/s_axi_awready_reg/C
  -------------------------------------------------------------------    -------------------
    SLICE_X57Y32         FDRE (Prop_fdre_C_Q)         0.456     1.429 r  u_axi/s_axi_awready_reg/Q
                         net (fo=0)                   0.973     2.402    s_axi_awready
                                                                      r  s_axi_awready (OUT)
  -------------------------------------------------------------------    -------------------

Slack:                    inf
  Source:                 u_axi/s_axi_rdata_reg[0]/C
                            (rising edge-triggered cell FDRE clocked by aclk  {rise@0.000ns fall@5.000ns period=10.000ns})
  Destination:            s_axi_rdata[0]
                            (output port)
  Path Group:             (none)
  Path Type:              Max at Slow Process Corner
  Data Path Delay:        1.429ns  (logic 0.456ns (31.910%)  route 0.973ns (68.090%))
  Logic Levels:           0  
  Clock Uncertainty:      0.025ns  ((TSJ^2 + TIJ^2)^1/2 + DJ) / 2 + PE
    Total System Jitter     (TSJ):    0.050ns
    Total Input Jitter      (TIJ):    0.000ns
    Discrete Jitter          (DJ):    0.000ns
    Phase Error              (PE):    0.000ns

    Location             Delay type                Incr(ns)  Path(ns)    Netlist Resource(s)
  -------------------------------------------------------------------    -------------------
                         (clock aclk rise edge)       0.000     0.000 r  
                                                      0.000     0.000 r  aclk (IN)
                         net (fo=376, unset)          0.973     0.973    u_axi/aclk
    SLICE_X57Y37         FDRE                                         r  u_axi/s_axi_rdata_reg[0]/C
  -------------------------------------------------------------------    -------------------
    SLICE_X57Y37         FDRE (Prop_fdre_C_Q)         0.456     1.429 r  u_axi/s_axi_rdata_reg[0]/Q
                         net (fo=0)                   0.973     2.402    s_axi_rdata[0]
                                                                      r  s_axi_rdata[0] (OUT)
  -------------------------------------------------------------------    -------------------

Slack:                    inf
  Source:                 u_axi/s_axi_rdata_reg[10]/C
                            (rising edge-triggered cell FDRE clocked by aclk  {rise@0.000ns fall@5.000ns period=10.000ns})
  Destination:            s_axi_rdata[10]
                            (output port)
  Path Group:             (none)
  Path Type:              Max at Slow Process Corner
  Data Path Delay:        1.429ns  (logic 0.456ns (31.910%)  route 0.973ns (68.090%))
  Logic Levels:           0  
  Clock Uncertainty:      0.025ns  ((TSJ^2 + TIJ^2)^1/2 + DJ) / 2 + PE
    Total System Jitter     (TSJ):    0.050ns
    Total Input Jitter      (TIJ):    0.000ns
    Discrete Jitter          (DJ):    0.000ns
    Phase Error              (PE):    0.000ns

    Location             Delay type                Incr(ns)  Path(ns)    Netlist Resource(s)
  -------------------------------------------------------------------    -------------------
                         (clock aclk rise edge)       0.000     0.000 r  
                                                      0.000     0.000 r  aclk (IN)
                         net (fo=376, unset)          0.973     0.973    u_axi/aclk
    SLICE_X55Y38         FDRE                                         r  u_axi/s_axi_rdata_reg[10]/C
  -------------------------------------------------------------------    -------------------
    SLICE_X55Y38         FDRE (Prop_fdre_C_Q)         0.456     1.429 r  u_axi/s_axi_rdata_reg[10]/Q
                         net (fo=0)                   0.973     2.402    s_axi_rdata[10]
                                                                      r  s_axi_rdata[10] (OUT)
  -------------------------------------------------------------------    -------------------

Slack:                    inf
  Source:                 u_axi/s_axi_rdata_reg[11]/C
                            (rising edge-triggered cell FDRE clocked by aclk  {rise@0.000ns fall@5.000ns period=10.000ns})
  Destination:            s_axi_rdata[11]
                            (output port)
  Path Group:             (none)
  Path Type:              Max at Slow Process Corner
  Data Path Delay:        1.429ns  (logic 0.456ns (31.910%)  route 0.973ns (68.090%))
  Logic Levels:           0  
  Clock Uncertainty:      0.025ns  ((TSJ^2 + TIJ^2)^1/2 + DJ) / 2 + PE
    Total System Jitter     (TSJ):    0.050ns
    Total Input Jitter      (TIJ):    0.000ns
    Discrete Jitter          (DJ):    0.000ns
    Phase Error              (PE):    0.000ns

    Location             Delay type                Incr(ns)  Path(ns)    Netlist Resource(s)
  -------------------------------------------------------------------    -------------------
                         (clock aclk rise edge)       0.000     0.000 r  
                                                      0.000     0.000 r  aclk (IN)
                         net (fo=376, unset)          0.973     0.973    u_axi/aclk
    SLICE_X55Y38         FDRE                                         r  u_axi/s_axi_rdata_reg[11]/C
  -------------------------------------------------------------------    -------------------
    SLICE_X55Y38         FDRE (Prop_fdre_C_Q)         0.456     1.429 r  u_axi/s_axi_rdata_reg[11]/Q
                         net (fo=0)                   0.973     2.402    s_axi_rdata[11]
                                                                      r  s_axi_rdata[11] (OUT)
  -------------------------------------------------------------------    -------------------

Slack:                    inf
  Source:                 u_axi/s_axi_rdata_reg[12]/C
                            (rising edge-triggered cell FDRE clocked by aclk  {rise@0.000ns fall@5.000ns period=10.000ns})
  Destination:            s_axi_rdata[12]
                            (output port)
  Path Group:             (none)
  Path Type:              Max at Slow Process Corner
  Data Path Delay:        1.429ns  (logic 0.456ns (31.910%)  route 0.973ns (68.090%))
  Logic Levels:           0  
  Clock Uncertainty:      0.025ns  ((TSJ^2 + TIJ^2)^1/2 + DJ) / 2 + PE
    Total System Jitter     (TSJ):    0.050ns
    Total Input Jitter      (TIJ):    0.000ns
    Discrete Jitter          (DJ):    0.000ns
    Phase Error              (PE):    0.000ns

    Location             Delay type                Incr(ns)  Path(ns)    Netlist Resource(s)
  -------------------------------------------------------------------    -------------------
                         (clock aclk rise edge)       0.000     0.000 r  
                                                      0.000     0.000 r  aclk (IN)
                         net (fo=376, unset)          0.973     0.973    u_axi/aclk
    SLICE_X56Y39         FDRE                                         r  u_axi/s_axi_rdata_reg[12]/C
  -------------------------------------------------------------------    -------------------
    SLICE_X56Y39         FDRE (Prop_fdre_C_Q)         0.456     1.429 r  u_axi/s_axi_rdata_reg[12]/Q
                         net (fo=0)                   0.973     2.402    s_axi_rdata[12]
                                                                      r  s_axi_rdata[12] (OUT)
  -------------------------------------------------------------------    -------------------

Slack:                    inf
  Source:                 u_axi/s_axi_rdata_reg[13]/C
                            (rising edge-triggered cell FDRE clocked by aclk  {rise@0.000ns fall@5.000ns period=10.000ns})
  Destination:            s_axi_rdata[13]
                            (output port)
  Path Group:             (none)
  Path Type:              Max at Slow Process Corner
  Data Path Delay:        1.429ns  (logic 0.456ns (31.910%)  route 0.973ns (68.090%))
  Logic Levels:           0  
  Clock Uncertainty:      0.025ns  ((TSJ^2 + TIJ^2)^1/2 + DJ) / 2 + PE
    Total System Jitter     (TSJ):    0.050ns
    Total Input Jitter      (TIJ):    0.000ns
    Discrete Jitter          (DJ):    0.000ns
    Phase Error              (PE):    0.000ns

    Location             Delay type                Incr(ns)  Path(ns)    Netlist Resource(s)
  -------------------------------------------------------------------    -------------------
                         (clock aclk rise edge)       0.000     0.000 r  
                                                      0.000     0.000 r  aclk (IN)
                         net (fo=376, unset)          0.973     0.973    u_axi/aclk
    SLICE_X56Y40         FDRE                                         r  u_axi/s_axi_rdata_reg[13]/C
  -------------------------------------------------------------------    -------------------
    SLICE_X56Y40         FDRE (Prop_fdre_C_Q)         0.456     1.429 r  u_axi/s_axi_rdata_reg[13]/Q
                         net (fo=0)                   0.973     2.402    s_axi_rdata[13]
                                                                      r  s_axi_rdata[13] (OUT)
  -------------------------------------------------------------------    -------------------

Slack:                    inf
  Source:                 u_axi/s_axi_rdata_reg[14]/C
                            (rising edge-triggered cell FDRE clocked by aclk  {rise@0.000ns fall@5.000ns period=10.000ns})
  Destination:            s_axi_rdata[14]
                            (output port)
  Path Group:             (none)
  Path Type:              Max at Slow Process Corner
  Data Path Delay:        1.429ns  (logic 0.456ns (31.910%)  route 0.973ns (68.090%))
  Logic Levels:           0  
  Clock Uncertainty:      0.025ns  ((TSJ^2 + TIJ^2)^1/2 + DJ) / 2 + PE
    Total System Jitter     (TSJ):    0.050ns
    Total Input Jitter      (TIJ):    0.000ns
    Discrete Jitter          (DJ):    0.000ns
    Phase Error              (PE):    0.000ns

    Location             Delay type                Incr(ns)  Path(ns)    Netlist Resource(s)
  -------------------------------------------------------------------    -------------------
                         (clock aclk rise edge)       0.000     0.000 r  
                                                      0.000     0.000 r  aclk (IN)
                         net (fo=376, unset)          0.973     0.973    u_axi/aclk
    SLICE_X56Y39         FDRE                                         r  u_axi/s_axi_rdata_reg[14]/C
  -------------------------------------------------------------------    -------------------
    SLICE_X56Y39         FDRE (Prop_fdre_C_Q)         0.456     1.429 r  u_axi/s_axi_rdata_reg[14]/Q
                         net (fo=0)                   0.973     2.402    s_axi_rdata[14]
                                                                      r  s_axi_rdata[14] (OUT)
  -------------------------------------------------------------------    -------------------

Slack:                    inf
  Source:                 u_axi/s_axi_rdata_reg[15]/C
                            (rising edge-triggered cell FDRE clocked by aclk  {rise@0.000ns fall@5.000ns period=10.000ns})
  Destination:            s_axi_rdata[15]
                            (output port)
  Path Group:             (none)
  Path Type:              Max at Slow Process Corner
  Data Path Delay:        1.429ns  (logic 0.456ns (31.910%)  route 0.973ns (68.090%))
  Logic Levels:           0  
  Clock Uncertainty:      0.025ns  ((TSJ^2 + TIJ^2)^1/2 + DJ) / 2 + PE
    Total System Jitter     (TSJ):    0.050ns
    Total Input Jitter      (TIJ):    0.000ns
    Discrete Jitter          (DJ):    0.000ns
    Phase Error              (PE):    0.000ns

    Location             Delay type                Incr(ns)  Path(ns)    Netlist Resource(s)
  -------------------------------------------------------------------    -------------------
                         (clock aclk rise edge)       0.000     0.000 r  
                                                      0.000     0.000 r  aclk (IN)
                         net (fo=376, unset)          0.973     0.973    u_axi/aclk
    SLICE_X56Y40         FDRE                                         r  u_axi/s_axi_rdata_reg[15]/C
  -------------------------------------------------------------------    -------------------
    SLICE_X56Y40         FDRE (Prop_fdre_C_Q)         0.456     1.429 r  u_axi/s_axi_rdata_reg[15]/Q
                         net (fo=0)                   0.973     2.402    s_axi_rdata[15]
                                                                      r  s_axi_rdata[15] (OUT)
  -------------------------------------------------------------------    -------------------

Slack:                    inf
  Source:                 u_axi/s_axi_rdata_reg[16]/C
                            (rising edge-triggered cell FDRE clocked by aclk  {rise@0.000ns fall@5.000ns period=10.000ns})
  Destination:            s_axi_rdata[16]
                            (output port)
  Path Group:             (none)
  Path Type:              Max at Slow Process Corner
  Data Path Delay:        1.429ns  (logic 0.456ns (31.910%)  route 0.973ns (68.090%))
  Logic Levels:           0  
  Clock Uncertainty:      0.025ns  ((TSJ^2 + TIJ^2)^1/2 + DJ) / 2 + PE
    Total System Jitter     (TSJ):    0.050ns
    Total Input Jitter      (TIJ):    0.000ns
    Discrete Jitter          (DJ):    0.000ns
    Phase Error              (PE):    0.000ns

    Location             Delay type                Incr(ns)  Path(ns)    Netlist Resource(s)
  -------------------------------------------------------------------    -------------------
                         (clock aclk rise edge)       0.000     0.000 r  
                                                      0.000     0.000 r  aclk (IN)
                         net (fo=376, unset)          0.973     0.973    u_axi/aclk
    SLICE_X55Y37         FDRE                                         r  u_axi/s_axi_rdata_reg[16]/C
  -------------------------------------------------------------------    -------------------
    SLICE_X55Y37         FDRE (Prop_fdre_C_Q)         0.456     1.429 r  u_axi/s_axi_rdata_reg[16]/Q
                         net (fo=0)                   0.973     2.402    s_axi_rdata[16]
                                                                      r  s_axi_rdata[16] (OUT)
  -------------------------------------------------------------------    -------------------

Slack:                    inf
  Source:                 u_axi/s_axi_rdata_reg[17]/C
                            (rising edge-triggered cell FDRE clocked by aclk  {rise@0.000ns fall@5.000ns period=10.000ns})
  Destination:            s_axi_rdata[17]
                            (output port)
  Path Group:             (none)
  Path Type:              Max at Slow Process Corner
  Data Path Delay:        1.429ns  (logic 0.456ns (31.910%)  route 0.973ns (68.090%))
  Logic Levels:           0  
  Clock Uncertainty:      0.025ns  ((TSJ^2 + TIJ^2)^1/2 + DJ) / 2 + PE
    Total System Jitter     (TSJ):    0.050ns
    Total Input Jitter      (TIJ):    0.000ns
    Discrete Jitter          (DJ):    0.000ns
    Phase Error              (PE):    0.000ns

    Location             Delay type                Incr(ns)  Path(ns)    Netlist Resource(s)
  -------------------------------------------------------------------    -------------------
                         (clock aclk rise edge)       0.000     0.000 r  
                                                      0.000     0.000 r  aclk (IN)
                         net (fo=376, unset)          0.973     0.973    u_axi/aclk
    SLICE_X56Y40         FDRE                                         r  u_axi/s_axi_rdata_reg[17]/C
  -------------------------------------------------------------------    -------------------
    SLICE_X56Y40         FDRE (Prop_fdre_C_Q)         0.456     1.429 r  u_axi/s_axi_rdata_reg[17]/Q
                         net (fo=0)                   0.973     2.402    s_axi_rdata[17]
                                                                      r  s_axi_rdata[17] (OUT)
  -------------------------------------------------------------------    -------------------

Slack:                    inf
  Source:                 u_axi/s_axi_rdata_reg[18]/C
                            (rising edge-triggered cell FDRE clocked by aclk  {rise@0.000ns fall@5.000ns period=10.000ns})
  Destination:            s_axi_rdata[18]
                            (output port)
  Path Group:             (none)
  Path Type:              Max at Slow Process Corner
  Data Path Delay:        1.429ns  (logic 0.456ns (31.910%)  route 0.973ns (68.090%))
  Logic Levels:           0  
  Clock Uncertainty:      0.025ns  ((TSJ^2 + TIJ^2)^1/2 + DJ) / 2 + PE
    Total System Jitter     (TSJ):    0.050ns
    Total Input Jitter      (TIJ):    0.000ns
    Discrete Jitter          (DJ):    0.000ns
    Phase Error              (PE):    0.000ns

    Location             Delay type                Incr(ns)  Path(ns)    Netlist Resource(s)
  -------------------------------------------------------------------    -------------------
                         (clock aclk rise edge)       0.000     0.000 r  
                                                      0.000     0.000 r  aclk (IN)
                         net (fo=376, unset)          0.973     0.973    u_axi/aclk
    SLICE_X56Y39         FDRE                                         r  u_axi/s_axi_rdata_reg[18]/C
  -------------------------------------------------------------------    -------------------
    SLICE_X56Y39         FDRE (Prop_fdre_C_Q)         0.456     1.429 r  u_axi/s_axi_rdata_reg[18]/Q
                         net (fo=0)                   0.973     2.402    s_axi_rdata[18]
                                                                      r  s_axi_rdata[18] (OUT)
  -------------------------------------------------------------------    -------------------





Min Delay Paths
--------------------------------------------------------------------------------------
Slack:                    inf
  Source:                 u_axi/s_axi_awready_reg/C
                            (rising edge-triggered cell FDRE clocked by aclk  {rise@0.000ns fall@5.000ns period=10.000ns})
  Destination:            s_axi_awready
                            (output port)
  Path Group:             (none)
  Path Type:              Min at Fast Process Corner
  Data Path Delay:        0.551ns  (logic 0.141ns (25.583%)  route 0.410ns (74.417%))
  Logic Levels:           0  
  Clock Uncertainty:      0.025ns  ((TSJ^2 + TIJ^2)^1/2 + DJ) / 2 + PE
    Total System Jitter     (TSJ):    0.050ns
    Total Input Jitter      (TIJ):    0.000ns
    Discrete Jitter          (DJ):    0.000ns
    Phase Error              (PE):    0.000ns

    Location             Delay type                Incr(ns)  Path(ns)    Netlist Resource(s)
  -------------------------------------------------------------------    -------------------
                         (clock aclk rise edge)       0.000     0.000 r  
                                                      0.000     0.000 r  aclk (IN)
                         net (fo=376, unset)          0.410     0.410    u_axi/aclk
    SLICE_X57Y32         FDRE                                         r  u_axi/s_axi_awready_reg/C
  -------------------------------------------------------------------    -------------------
    SLICE_X57Y32         FDRE (Prop_fdre_C_Q)         0.141     0.551 r  u_axi/s_axi_awready_reg/Q
                         net (fo=0)                   0.410     0.961    s_axi_awready
                                                                      r  s_axi_awready (OUT)
  -------------------------------------------------------------------    -------------------

Slack:                    inf
  Source:                 u_axi/s_axi_rdata_reg[0]/C
                            (rising edge-triggered cell FDRE clocked by aclk  {rise@0.000ns fall@5.000ns period=10.000ns})
  Destination:            s_axi_rdata[0]
                            (output port)
  Path Group:             (none)
  Path Type:              Min at Fast Process Corner
  Data Path Delay:        0.551ns  (logic 0.141ns (25.583%)  route 0.410ns (74.417%))
  Logic Levels:           0  
  Clock Uncertainty:      0.025ns  ((TSJ^2 + TIJ^2)^1/2 + DJ) / 2 + PE
    Total System Jitter     (TSJ):    0.050ns
    Total Input Jitter      (TIJ):    0.000ns
    Discrete Jitter          (DJ):    0.000ns
    Phase Error              (PE):    0.000ns

    Location             Delay type                Incr(ns)  Path(ns)    Netlist Resource(s)
  -------------------------------------------------------------------    -------------------
                         (clock aclk rise edge)       0.000     0.000 r  
                                                      0.000     0.000 r  aclk (IN)
                         net (fo=376, unset)          0.410     0.410    u_axi/aclk
    SLICE_X57Y37         FDRE                                         r  u_axi/s_axi_rdata_reg[0]/C
  -------------------------------------------------------------------    -------------------
    SLICE_X57Y37         FDRE (Prop_fdre_C_Q)         0.141     0.551 r  u_axi/s_axi_rdata_reg[0]/Q
                         net (fo=0)                   0.410     0.961    s_axi_rdata[0]
                                                                      r  s_axi_rdata[0] (OUT)
  -------------------------------------------------------------------    -------------------

Slack:                    inf
  Source:                 u_axi/s_axi_rdata_reg[10]/C
                            (rising edge-triggered cell FDRE clocked by aclk  {rise@0.000ns fall@5.000ns period=10.000ns})
  Destination:            s_axi_rdata[10]
                            (output port)
  Path Group:             (none)
  Path Type:              Min at Fast Process Corner
  Data Path Delay:        0.551ns  (logic 0.141ns (25.583%)  route 0.410ns (74.417%))
  Logic Levels:           0  
  Clock Uncertainty:      0.025ns  ((TSJ^2 + TIJ^2)^1/2 + DJ) / 2 + PE
    Total System Jitter     (TSJ):    0.050ns
    Total Input Jitter      (TIJ):    0.000ns
    Discrete Jitter          (DJ):    0.000ns
    Phase Error              (PE):    0.000ns

    Location             Delay type                Incr(ns)  Path(ns)    Netlist Resource(s)
  -------------------------------------------------------------------    -------------------
                         (clock aclk rise edge)       0.000     0.000 r  
                                                      0.000     0.000 r  aclk (IN)
                         net (fo=376, unset)          0.410     0.410    u_axi/aclk
    SLICE_X55Y38         FDRE                                         r  u_axi/s_axi_rdata_reg[10]/C
  -------------------------------------------------------------------    -------------------
    SLICE_X55Y38         FDRE (Prop_fdre_C_Q)         0.141     0.551 r  u_axi/s_axi_rdata_reg[10]/Q
                         net (fo=0)                   0.410     0.961    s_axi_rdata[10]
                                                                      r  s_axi_rdata[10] (OUT)
  -------------------------------------------------------------------    -------------------

Slack:                    inf
  Source:                 u_axi/s_axi_rdata_reg[11]/C
                            (rising edge-triggered cell FDRE clocked by aclk  {rise@0.000ns fall@5.000ns period=10.000ns})
  Destination:            s_axi_rdata[11]
                            (output port)
  Path Group:             (none)
  Path Type:              Min at Fast Process Corner
  Data Path Delay:        0.551ns  (logic 0.141ns (25.583%)  route 0.410ns (74.417%))
  Logic Levels:           0  
  Clock Uncertainty:      0.025ns  ((TSJ^2 + TIJ^2)^1/2 + DJ) / 2 + PE
    Total System Jitter     (TSJ):    0.050ns
    Total Input Jitter      (TIJ):    0.000ns
    Discrete Jitter          (DJ):    0.000ns
    Phase Error              (PE):    0.000ns

    Location             Delay type                Incr(ns)  Path(ns)    Netlist Resource(s)
  -------------------------------------------------------------------    -------------------
                         (clock aclk rise edge)       0.000     0.000 r  
                                                      0.000     0.000 r  aclk (IN)
                         net (fo=376, unset)          0.410     0.410    u_axi/aclk
    SLICE_X55Y38         FDRE                                         r  u_axi/s_axi_rdata_reg[11]/C
  -------------------------------------------------------------------    -------------------
    SLICE_X55Y38         FDRE (Prop_fdre_C_Q)         0.141     0.551 r  u_axi/s_axi_rdata_reg[11]/Q
                         net (fo=0)                   0.410     0.961    s_axi_rdata[11]
                                                                      r  s_axi_rdata[11] (OUT)
  -------------------------------------------------------------------    -------------------

Slack:                    inf
  Source:                 u_axi/s_axi_rdata_reg[12]/C
                            (rising edge-triggered cell FDRE clocked by aclk  {rise@0.000ns fall@5.000ns period=10.000ns})
  Destination:            s_axi_rdata[12]
                            (output port)
  Path Group:             (none)
  Path Type:              Min at Fast Process Corner
  Data Path Delay:        0.551ns  (logic 0.141ns (25.583%)  route 0.410ns (74.417%))
  Logic Levels:           0  
  Clock Uncertainty:      0.025ns  ((TSJ^2 + TIJ^2)^1/2 + DJ) / 2 + PE
    Total System Jitter     (TSJ):    0.050ns
    Total Input Jitter      (TIJ):    0.000ns
    Discrete Jitter          (DJ):    0.000ns
    Phase Error              (PE):    0.000ns

    Location             Delay type                Incr(ns)  Path(ns)    Netlist Resource(s)
  -------------------------------------------------------------------    -------------------
                         (clock aclk rise edge)       0.000     0.000 r  
                                                      0.000     0.000 r  aclk (IN)
                         net (fo=376, unset)          0.410     0.410    u_axi/aclk
    SLICE_X56Y39         FDRE                                         r  u_axi/s_axi_rdata_reg[12]/C
  -------------------------------------------------------------------    -------------------
    SLICE_X56Y39         FDRE (Prop_fdre_C_Q)         0.141     0.551 r  u_axi/s_axi_rdata_reg[12]/Q
                         net (fo=0)                   0.410     0.961    s_axi_rdata[12]
                                                                      r  s_axi_rdata[12] (OUT)
  -------------------------------------------------------------------    -------------------

Slack:                    inf
  Source:                 u_axi/s_axi_rdata_reg[13]/C
                            (rising edge-triggered cell FDRE clocked by aclk  {rise@0.000ns fall@5.000ns period=10.000ns})
  Destination:            s_axi_rdata[13]
                            (output port)
  Path Group:             (none)
  Path Type:              Min at Fast Process Corner
  Data Path Delay:        0.551ns  (logic 0.141ns (25.583%)  route 0.410ns (74.417%))
  Logic Levels:           0  
  Clock Uncertainty:      0.025ns  ((TSJ^2 + TIJ^2)^1/2 + DJ) / 2 + PE
    Total System Jitter     (TSJ):    0.050ns
    Total Input Jitter      (TIJ):    0.000ns
    Discrete Jitter          (DJ):    0.000ns
    Phase Error              (PE):    0.000ns

    Location             Delay type                Incr(ns)  Path(ns)    Netlist Resource(s)
  -------------------------------------------------------------------    -------------------
                         (clock aclk rise edge)       0.000     0.000 r  
                                                      0.000     0.000 r  aclk (IN)
                         net (fo=376, unset)          0.410     0.410    u_axi/aclk
    SLICE_X56Y40         FDRE                                         r  u_axi/s_axi_rdata_reg[13]/C
  -------------------------------------------------------------------    -------------------
    SLICE_X56Y40         FDRE (Prop_fdre_C_Q)         0.141     0.551 r  u_axi/s_axi_rdata_reg[13]/Q
                         net (fo=0)                   0.410     0.961    s_axi_rdata[13]
                                                                      r  s_axi_rdata[13] (OUT)
  -------------------------------------------------------------------    -------------------

Slack:                    inf
  Source:                 u_axi/s_axi_rdata_reg[14]/C
                            (rising edge-triggered cell FDRE clocked by aclk  {rise@0.000ns fall@5.000ns period=10.000ns})
  Destination:            s_axi_rdata[14]
                            (output port)
  Path Group:             (none)
  Path Type:              Min at Fast Process Corner
  Data Path Delay:        0.551ns  (logic 0.141ns (25.583%)  route 0.410ns (74.417%))
  Logic Levels:           0  
  Clock Uncertainty:      0.025ns  ((TSJ^2 + TIJ^2)^1/2 + DJ) / 2 + PE
    Total System Jitter     (TSJ):    0.050ns
    Total Input Jitter      (TIJ):    0.000ns
    Discrete Jitter          (DJ):    0.000ns
    Phase Error              (PE):    0.000ns

    Location             Delay type                Incr(ns)  Path(ns)    Netlist Resource(s)
  -------------------------------------------------------------------    -------------------
                         (clock aclk rise edge)       0.000     0.000 r  
                                                      0.000     0.000 r  aclk (IN)
                         net (fo=376, unset)          0.410     0.410    u_axi/aclk
    SLICE_X56Y39         FDRE                                         r  u_axi/s_axi_rdata_reg[14]/C
  -------------------------------------------------------------------    -------------------
    SLICE_X56Y39         FDRE (Prop_fdre_C_Q)         0.141     0.551 r  u_axi/s_axi_rdata_reg[14]/Q
                         net (fo=0)                   0.410     0.961    s_axi_rdata[14]
                                                                      r  s_axi_rdata[14] (OUT)
  -------------------------------------------------------------------    -------------------

Slack:                    inf
  Source:                 u_axi/s_axi_rdata_reg[15]/C
                            (rising edge-triggered cell FDRE clocked by aclk  {rise@0.000ns fall@5.000ns period=10.000ns})
  Destination:            s_axi_rdata[15]
                            (output port)
  Path Group:             (none)
  Path Type:              Min at Fast Process Corner
  Data Path Delay:        0.551ns  (logic 0.141ns (25.583%)  route 0.410ns (74.417%))
  Logic Levels:           0  
  Clock Uncertainty:      0.025ns  ((TSJ^2 + TIJ^2)^1/2 + DJ) / 2 + PE
    Total System Jitter     (TSJ):    0.050ns
    Total Input Jitter      (TIJ):    0.000ns
    Discrete Jitter          (DJ):    0.000ns
    Phase Error              (PE):    0.000ns

    Location             Delay type                Incr(ns)  Path(ns)    Netlist Resource(s)
  -------------------------------------------------------------------    -------------------
                         (clock aclk rise edge)       0.000     0.000 r  
                                                      0.000     0.000 r  aclk (IN)
                         net (fo=376, unset)          0.410     0.410    u_axi/aclk
    SLICE_X56Y40         FDRE                                         r  u_axi/s_axi_rdata_reg[15]/C
  -------------------------------------------------------------------    -------------------
    SLICE_X56Y40         FDRE (Prop_fdre_C_Q)         0.141     0.551 r  u_axi/s_axi_rdata_reg[15]/Q
                         net (fo=0)                   0.410     0.961    s_axi_rdata[15]
                                                                      r  s_axi_rdata[15] (OUT)
  -------------------------------------------------------------------    -------------------

Slack:                    inf
  Source:                 u_axi/s_axi_rdata_reg[16]/C
                            (rising edge-triggered cell FDRE clocked by aclk  {rise@0.000ns fall@5.000ns period=10.000ns})
  Destination:            s_axi_rdata[16]
                            (output port)
  Path Group:             (none)
  Path Type:              Min at Fast Process Corner
  Data Path Delay:        0.551ns  (logic 0.141ns (25.583%)  route 0.410ns (74.417%))
  Logic Levels:           0  
  Clock Uncertainty:      0.025ns  ((TSJ^2 + TIJ^2)^1/2 + DJ) / 2 + PE
    Total System Jitter     (TSJ):    0.050ns
    Total Input Jitter      (TIJ):    0.000ns
    Discrete Jitter          (DJ):    0.000ns
    Phase Error              (PE):    0.000ns

    Location             Delay type                Incr(ns)  Path(ns)    Netlist Resource(s)
  -------------------------------------------------------------------    -------------------
                         (clock aclk rise edge)       0.000     0.000 r  
                                                      0.000     0.000 r  aclk (IN)
                         net (fo=376, unset)          0.410     0.410    u_axi/aclk
    SLICE_X55Y37         FDRE                                         r  u_axi/s_axi_rdata_reg[16]/C
  -------------------------------------------------------------------    -------------------
    SLICE_X55Y37         FDRE (Prop_fdre_C_Q)         0.141     0.551 r  u_axi/s_axi_rdata_reg[16]/Q
                         net (fo=0)                   0.410     0.961    s_axi_rdata[16]
                                                                      r  s_axi_rdata[16] (OUT)
  -------------------------------------------------------------------    -------------------

Slack:                    inf
  Source:                 u_axi/s_axi_rdata_reg[17]/C
                            (rising edge-triggered cell FDRE clocked by aclk  {rise@0.000ns fall@5.000ns period=10.000ns})
  Destination:            s_axi_rdata[17]
                            (output port)
  Path Group:             (none)
  Path Type:              Min at Fast Process Corner
  Data Path Delay:        0.551ns  (logic 0.141ns (25.583%)  route 0.410ns (74.417%))
  Logic Levels:           0  
  Clock Uncertainty:      0.025ns  ((TSJ^2 + TIJ^2)^1/2 + DJ) / 2 + PE
    Total System Jitter     (TSJ):    0.050ns
    Total Input Jitter      (TIJ):    0.000ns
    Discrete Jitter          (DJ):    0.000ns
    Phase Error              (PE):    0.000ns

    Location             Delay type                Incr(ns)  Path(ns)    Netlist Resource(s)
  -------------------------------------------------------------------    -------------------
                         (clock aclk rise edge)       0.000     0.000 r  
                                                      0.000     0.000 r  aclk (IN)
                         net (fo=376, unset)          0.410     0.410    u_axi/aclk
    SLICE_X56Y40         FDRE                                         r  u_axi/s_axi_rdata_reg[17]/C
  -------------------------------------------------------------------    -------------------
    SLICE_X56Y40         FDRE (Prop_fdre_C_Q)         0.141     0.551 r  u_axi/s_axi_rdata_reg[17]/Q
                         net (fo=0)                   0.410     0.961    s_axi_rdata[17]
                                                                      r  s_axi_rdata[17] (OUT)
  -------------------------------------------------------------------    -------------------

Slack:                    inf
  Source:                 u_axi/s_axi_rdata_reg[18]/C
                            (rising edge-triggered cell FDRE clocked by aclk  {rise@0.000ns fall@5.000ns period=10.000ns})
  Destination:            s_axi_rdata[18]
                            (output port)
  Path Group:             (none)
  Path Type:              Min at Fast Process Corner
  Data Path Delay:        0.551ns  (logic 0.141ns (25.583%)  route 0.410ns (74.417%))
  Logic Levels:           0  
  Clock Uncertainty:      0.025ns  ((TSJ^2 + TIJ^2)^1/2 + DJ) / 2 + PE
    Total System Jitter     (TSJ):    0.050ns
    Total Input Jitter      (TIJ):    0.000ns
    Discrete Jitter          (DJ):    0.000ns
    Phase Error              (PE):    0.000ns

    Location             Delay type                Incr(ns)  Path(ns)    Netlist Resource(s)
  -------------------------------------------------------------------    -------------------
                         (clock aclk rise edge)       0.000     0.000 r  
                                                      0.000     0.000 r  aclk (IN)
                         net (fo=376, unset)          0.410     0.410    u_axi/aclk
    SLICE_X56Y39         FDRE                                         r  u_axi/s_axi_rdata_reg[18]/C
  -------------------------------------------------------------------    -------------------
    SLICE_X56Y39         FDRE (Prop_fdre_C_Q)         0.141     0.551 r  u_axi/s_axi_rdata_reg[18]/Q
                         net (fo=0)                   0.410     0.961    s_axi_rdata[18]
                                                                      r  s_axi_rdata[18] (OUT)
  -------------------------------------------------------------------    -------------------

Slack:                    inf
  Source:                 u_axi/s_axi_rdata_reg[19]/C
                            (rising edge-triggered cell FDRE clocked by aclk  {rise@0.000ns fall@5.000ns period=10.000ns})
  Destination:            s_axi_rdata[19]
                            (output port)
  Path Group:             (none)
  Path Type:              Min at Fast Process Corner
  Data Path Delay:        0.551ns  (logic 0.141ns (25.583%)  route 0.410ns (74.417%))
  Logic Levels:           0  
  Clock Uncertainty:      0.025ns  ((TSJ^2 + TIJ^2)^1/2 + DJ) / 2 + PE
    Total System Jitter     (TSJ):    0.050ns
    Total Input Jitter      (TIJ):    0.000ns
    Discrete Jitter          (DJ):    0.000ns
    Phase Error              (PE):    0.000ns

    Location             Delay type                Incr(ns)  Path(ns)    Netlist Resource(s)
  -------------------------------------------------------------------    -------------------
                         (clock aclk rise edge)       0.000     0.000 r  
                                                      0.000     0.000 r  aclk (IN)
                         net (fo=376, unset)          0.410     0.410    u_axi/aclk
    SLICE_X56Y40         FDRE                                         r  u_axi/s_axi_rdata_reg[19]/C
  -------------------------------------------------------------------    -------------------
    SLICE_X56Y40         FDRE (Prop_fdre_C_Q)         0.141     0.551 r  u_axi/s_axi_rdata_reg[19]/Q
                         net (fo=0)                   0.410     0.961    s_axi_rdata[19]
                                                                      r  s_axi_rdata[19] (OUT)
  -------------------------------------------------------------------    -------------------

Slack:                    inf
  Source:                 u_axi/s_axi_rdata_reg[1]/C
                            (rising edge-triggered cell FDRE clocked by aclk  {rise@0.000ns fall@5.000ns period=10.000ns})
  Destination:            s_axi_rdata[1]
                            (output port)
  Path Group:             (none)
  Path Type:              Min at Fast Process Corner
  Data Path Delay:        0.551ns  (logic 0.141ns (25.583%)  route 0.410ns (74.417%))
  Logic Levels:           0  
  Clock Uncertainty:      0.025ns  ((TSJ^2 + TIJ^2)^1/2 + DJ) / 2 + PE
    Total System Jitter     (TSJ):    0.050ns
    Total Input Jitter      (TIJ):    0.000ns
    Discrete Jitter          (DJ):    0.000ns
    Phase Error              (PE):    0.000ns

    Location             Delay type                Incr(ns)  Path(ns)    Netlist Resource(s)
  -------------------------------------------------------------------    -------------------
                         (clock aclk rise edge)       0.000     0.000 r  
                                                      0.000     0.000 r  aclk (IN)
                         net (fo=376, unset)          0.410     0.410    u_axi/aclk
    SLICE_X56Y34         FDRE                                         r  u_axi/s_axi_rdata_reg[1]/C
  -------------------------------------------------------------------    -------------------
    SLICE_X56Y34         FDRE (Prop_fdre_C_Q)         0.141     0.551 r  u_axi/s_axi_rdata_reg[1]/Q
                         net (fo=0)                   0.410     0.961    s_axi_rdata[1]
                                                                      r  s_axi_rdata[1] (OUT)
  -------------------------------------------------------------------    -------------------

Slack:                    inf
  Source:                 u_axi/s_axi_rdata_reg[20]/C
                            (rising edge-triggered cell FDRE clocked by aclk  {rise@0.000ns fall@5.000ns period=10.000ns})
  Destination:            s_axi_rdata[20]
                            (output port)
  Path Group:             (none)
  Path Type:              Min at Fast Process Corner
  Data Path Delay:        0.551ns  (logic 0.141ns (25.583%)  route 0.410ns (74.417%))
  Logic Levels:           0  
  Clock Uncertainty:      0.025ns  ((TSJ^2 + TIJ^2)^1/2 + DJ) / 2 + PE
    Total System Jitter     (TSJ):    0.050ns
    Total Input Jitter      (TIJ):    0.000ns
    Discrete Jitter          (DJ):    0.000ns
    Phase Error              (PE):    0.000ns

    Location             Delay type                Incr(ns)  Path(ns)    Netlist Resource(s)
  -------------------------------------------------------------------    -------------------
                         (clock aclk rise edge)       0.000     0.000 r  
                                                      0.000     0.000 r  aclk (IN)
                         net (fo=376, unset)          0.410     0.410    u_axi/aclk
    SLICE_X59Y39         FDRE                                         r  u_axi/s_axi_rdata_reg[20]/C
  -------------------------------------------------------------------    -------------------
    SLICE_X59Y39         FDRE (Prop_fdre_C_Q)         0.141     0.551 r  u_axi/s_axi_rdata_reg[20]/Q
                         net (fo=0)                   0.410     0.961    s_axi_rdata[20]
                                                                      r  s_axi_rdata[20] (OUT)
  -------------------------------------------------------------------    -------------------

Slack:                    inf
  Source:                 u_axi/s_axi_rdata_reg[21]/C
                            (rising edge-triggered cell FDRE clocked by aclk  {rise@0.000ns fall@5.000ns period=10.000ns})
  Destination:            s_axi_rdata[21]
                            (output port)
  Path Group:             (none)
  Path Type:              Min at Fast Process Corner
  Data Path Delay:        0.551ns  (logic 0.141ns (25.583%)  route 0.410ns (74.417%))
  Logic Levels:           0  
  Clock Uncertainty:      0.025ns  ((TSJ^2 + TIJ^2)^1/2 + DJ) / 2 + PE
    Total System Jitter     (TSJ):    0.050ns
    Total Input Jitter      (TIJ):    0.000ns
    Discrete Jitter          (DJ):    0.000ns
    Phase Error              (PE):    0.000ns

    Location             Delay type                Incr(ns)  Path(ns)    Netlist Resource(s)
  -------------------------------------------------------------------    -------------------
                         (clock aclk rise edge)       0.000     0.000 r  
                                                      0.000     0.000 r  aclk (IN)
                         net (fo=376, unset)          0.410     0.410    u_axi/aclk
    SLICE_X55Y42         FDRE                                         r  u_axi/s_axi_rdata_reg[21]/C
  -------------------------------------------------------------------    -------------------
    SLICE_X55Y42         FDRE (Prop_fdre_C_Q)         0.141     0.551 r  u_axi/s_axi_rdata_reg[21]/Q
                         net (fo=0)                   0.410     0.961    s_axi_rdata[21]
                                                                      r  s_axi_rdata[21] (OUT)
  -------------------------------------------------------------------    -------------------

Slack:                    inf
  Source:                 u_axi/s_axi_rdata_reg[23]/C
                            (rising edge-triggered cell FDRE clocked by aclk  {rise@0.000ns fall@5.000ns period=10.000ns})
  Destination:            s_axi_rdata[23]
                            (output port)
  Path Group:             (none)
  Path Type:              Min at Fast Process Corner
  Data Path Delay:        0.551ns  (logic 0.141ns (25.583%)  route 0.410ns (74.417%))
  Logic Levels:           0  
  Clock Uncertainty:      0.025ns  ((TSJ^2 + TIJ^2)^1/2 + DJ) / 2 + PE
    Total System Jitter     (TSJ):    0.050ns
    Total Input Jitter      (TIJ):    0.000ns
    Discrete Jitter          (DJ):    0.000ns
    Phase Error              (PE):    0.000ns

    Location             Delay type                Incr(ns)  Path(ns)    Netlist Resource(s)
  -------------------------------------------------------------------    -------------------
                         (clock aclk rise edge)       0.000     0.000 r  
                                                      0.000     0.000 r  aclk (IN)
                         net (fo=376, unset)          0.410     0.410    u_axi/aclk
    SLICE_X56Y44         FDRE                                         r  u_axi/s_axi_rdata_reg[23]/C
  -------------------------------------------------------------------    -------------------
    SLICE_X56Y44         FDRE (Prop_fdre_C_Q)         0.141     0.551 r  u_axi/s_axi_rdata_reg[23]/Q
                         net (fo=0)                   0.410     0.961    s_axi_rdata[23]
                                                                      r  s_axi_rdata[23] (OUT)
  -------------------------------------------------------------------    -------------------

Slack:                    inf
  Source:                 u_axi/s_axi_rdata_reg[24]/C
                            (rising edge-triggered cell FDRE clocked by aclk  {rise@0.000ns fall@5.000ns period=10.000ns})
  Destination:            s_axi_rdata[24]
                            (output port)
  Path Group:             (none)
  Path Type:              Min at Fast Process Corner
  Data Path Delay:        0.551ns  (logic 0.141ns (25.583%)  route 0.410ns (74.417%))
  Logic Levels:           0  
  Clock Uncertainty:      0.025ns  ((TSJ^2 + TIJ^2)^1/2 + DJ) / 2 + PE
    Total System Jitter     (TSJ):    0.050ns
    Total Input Jitter      (TIJ):    0.000ns
    Discrete Jitter          (DJ):    0.000ns
    Phase Error              (PE):    0.000ns

    Location             Delay type                Incr(ns)  Path(ns)    Netlist Resource(s)
  -------------------------------------------------------------------    -------------------
                         (clock aclk rise edge)       0.000     0.000 r  
                                                      0.000     0.000 r  aclk (IN)
                         net (fo=376, unset)          0.410     0.410    u_axi/aclk
    SLICE_X56Y44         FDRE                                         r  u_axi/s_axi_rdata_reg[24]/C
  -------------------------------------------------------------------    -------------------
    SLICE_X56Y44         FDRE (Prop_fdre_C_Q)         0.141     0.551 r  u_axi/s_axi_rdata_reg[24]/Q
                         net (fo=0)                   0.410     0.961    s_axi_rdata[24]
                                                                      r  s_axi_rdata[24] (OUT)
  -------------------------------------------------------------------    -------------------

Slack:                    inf
  Source:                 u_axi/s_axi_rdata_reg[27]/C
                            (rising edge-triggered cell FDRE clocked by aclk  {rise@0.000ns fall@5.000ns period=10.000ns})
  Destination:            s_axi_rdata[27]
                            (output port)
  Path Group:             (none)
  Path Type:              Min at Fast Process Corner
  Data Path Delay:        0.551ns  (logic 0.141ns (25.583%)  route 0.410ns (74.417%))
  Logic Levels:           0  
  Clock Uncertainty:      0.025ns  ((TSJ^2 + TIJ^2)^1/2 + DJ) / 2 + PE
    Total System Jitter     (TSJ):    0.050ns
    Total Input Jitter      (TIJ):    0.000ns
    Discrete Jitter          (DJ):    0.000ns
    Phase Error              (PE):    0.000ns

    Location             Delay type                Incr(ns)  Path(ns)    Netlist Resource(s)
  -------------------------------------------------------------------    -------------------
                         (clock aclk rise edge)       0.000     0.000 r  
                                                      0.000     0.000 r  aclk (IN)
                         net (fo=376, unset)          0.410     0.410    u_axi/aclk
    SLICE_X56Y44         FDRE                                         r  u_axi/s_axi_rdata_reg[27]/C
  -------------------------------------------------------------------    -------------------
    SLICE_X56Y44         FDRE (Prop_fdre_C_Q)         0.141     0.551 r  u_axi/s_axi_rdata_reg[27]/Q
                         net (fo=0)                   0.410     0.961    s_axi_rdata[27]
                                                                      r  s_axi_rdata[27] (OUT)
  -------------------------------------------------------------------    -------------------

Slack:                    inf
  Source:                 u_axi/s_axi_rdata_reg[2]/C
                            (rising edge-triggered cell FDRE clocked by aclk  {rise@0.000ns fall@5.000ns period=10.000ns})
  Destination:            s_axi_rdata[2]
                            (output port)
  Path Group:             (none)
  Path Type:              Min at Fast Process Corner
  Data Path Delay:        0.551ns  (logic 0.141ns (25.583%)  route 0.410ns (74.417%))
  Logic Levels:           0  
  Clock Uncertainty:      0.025ns  ((TSJ^2 + TIJ^2)^1/2 + DJ) / 2 + PE
    Total System Jitter     (TSJ):    0.050ns
    Total Input Jitter      (TIJ):    0.000ns
    Discrete Jitter          (DJ):    0.000ns
    Phase Error              (PE):    0.000ns

    Location             Delay type                Incr(ns)  Path(ns)    Netlist Resource(s)
  -------------------------------------------------------------------    -------------------
                         (clock aclk rise edge)       0.000     0.000 r  
                                                      0.000     0.000 r  aclk (IN)
                         net (fo=376, unset)          0.410     0.410    u_axi/aclk
    SLICE_X56Y36         FDRE                                         r  u_axi/s_axi_rdata_reg[2]/C
  -------------------------------------------------------------------    -------------------
    SLICE_X56Y36         FDRE (Prop_fdre_C_Q)         0.141     0.551 r  u_axi/s_axi_rdata_reg[2]/Q
                         net (fo=0)                   0.410     0.961    s_axi_rdata[2]
                                                                      r  s_axi_rdata[2] (OUT)
  -------------------------------------------------------------------    -------------------

Slack:                    inf
  Source:                 u_axi/s_axi_rdata_reg[30]/C
                            (rising edge-triggered cell FDRE clocked by aclk  {rise@0.000ns fall@5.000ns period=10.000ns})
  Destination:            s_axi_rdata[30]
                            (output port)
  Path Group:             (none)
  Path Type:              Min at Fast Process Corner
  Data Path Delay:        0.551ns  (logic 0.141ns (25.583%)  route 0.410ns (74.417%))
  Logic Levels:           0  
  Clock Uncertainty:      0.025ns  ((TSJ^2 + TIJ^2)^1/2 + DJ) / 2 + PE
    Total System Jitter     (TSJ):    0.050ns
    Total Input Jitter      (TIJ):    0.000ns
    Discrete Jitter          (DJ):    0.000ns
    Phase Error              (PE):    0.000ns

    Location             Delay type                Incr(ns)  Path(ns)    Netlist Resource(s)
  -------------------------------------------------------------------    -------------------
                         (clock aclk rise edge)       0.000     0.000 r  
                                                      0.000     0.000 r  aclk (IN)
                         net (fo=376, unset)          0.410     0.410    u_axi/aclk
    SLICE_X59Y39         FDRE                                         r  u_axi/s_axi_rdata_reg[30]/C
  -------------------------------------------------------------------    -------------------
    SLICE_X59Y39         FDRE (Prop_fdre_C_Q)         0.141     0.551 r  u_axi/s_axi_rdata_reg[30]/Q
                         net (fo=0)                   0.410     0.961    s_axi_rdata[30]
                                                                      r  s_axi_rdata[30] (OUT)
  -------------------------------------------------------------------    -------------------





--------------------------------------------------------------------------------------
Path Group:  (none)
From Clock:  net_clk
  To Clock:  

Max Delay            81 Endpoints
Min Delay            81 Endpoints
--------------------------------------------------------------------------------------


Max Delay Paths
--------------------------------------------------------------------------------------
Slack:                    inf
  Source:                 u_clk/pps_reg/C
                            (rising edge-triggered cell FDRE clocked by net_clk  {rise@0.000ns fall@3.200ns period=6.400ns})
  Destination:            pps
                            (output port)
  Path Group:             (none)
  Path Type:              Max at Slow Process Corner
  Data Path Delay:        1.491ns  (logic 0.518ns (34.742%)  route 0.973ns (65.258%))
  Logic Levels:           0  
  Clock Uncertainty:      0.025ns  ((TSJ^2 + TIJ^2)^1/2 + DJ) / 2 + PE
    Total System Jitter     (TSJ):    0.050ns
    Total Input Jitter      (TIJ):    0.000ns
    Discrete Jitter          (DJ):    0.000ns
    Phase Error              (PE):    0.000ns

    Location             Delay type                Incr(ns)  Path(ns)    Netlist Resource(s)
  -------------------------------------------------------------------    -------------------
                         (clock net_clk rise edge)    0.000     0.000 r  
                                                      0.000     0.000 r  net_clk (IN)
                         net (fo=1291, unset)         0.973     0.973    u_clk/net_clk
    SLICE_X42Y38         FDRE                                         r  u_clk/pps_reg/C
  -------------------------------------------------------------------    -------------------
    SLICE_X42Y38         FDRE (Prop_fdre_C_Q)         0.518     1.491 r  u_clk/pps_reg/Q
                         net (fo=0)                   0.973     2.464    pps
                                                                      r  pps (OUT)
  -------------------------------------------------------------------    -------------------

Slack:                    inf
  Source:                 u_clk/time_ns_reg[12]/C
                            (rising edge-triggered cell FDRE clocked by net_clk  {rise@0.000ns fall@3.200ns period=6.400ns})
  Destination:            time_ns[12]
                            (output port)
  Path Group:             (none)
  Path Type:              Max at Slow Process Corner
  Data Path Delay:        1.491ns  (logic 0.518ns (34.742%)  route 0.973ns (65.258%))
  Logic Levels:           0  
  Clock Uncertainty:      0.025ns  ((TSJ^2 + TIJ^2)^1/2 + DJ) / 2 + PE
    Total System Jitter     (TSJ):    0.050ns
    Total Input Jitter      (TIJ):    0.000ns
    Discrete Jitter          (DJ):    0.000ns
    Phase Error              (PE):    0.000ns

    Location             Delay type                Incr(ns)  Path(ns)    Netlist Resource(s)
  -------------------------------------------------------------------    -------------------
                         (clock net_clk rise edge)    0.000     0.000 r  
                                                      0.000     0.000 r  net_clk (IN)
                         net (fo=1291, unset)         0.973     0.973    u_clk/net_clk
    SLICE_X46Y27         FDRE                                         r  u_clk/time_ns_reg[12]/C
  -------------------------------------------------------------------    -------------------
    SLICE_X46Y27         FDRE (Prop_fdre_C_Q)         0.518     1.491 r  u_clk/time_ns_reg[12]/Q
                         net (fo=6, unset)            0.973     2.464    time_ns[12]
                                                                      r  time_ns[12] (OUT)
  -------------------------------------------------------------------    -------------------

Slack:                    inf
  Source:                 u_clk/time_ns_reg[15]/C
                            (rising edge-triggered cell FDRE clocked by net_clk  {rise@0.000ns fall@3.200ns period=6.400ns})
  Destination:            time_ns[15]
                            (output port)
  Path Group:             (none)
  Path Type:              Max at Slow Process Corner
  Data Path Delay:        1.491ns  (logic 0.518ns (34.742%)  route 0.973ns (65.258%))
  Logic Levels:           0  
  Clock Uncertainty:      0.025ns  ((TSJ^2 + TIJ^2)^1/2 + DJ) / 2 + PE
    Total System Jitter     (TSJ):    0.050ns
    Total Input Jitter      (TIJ):    0.000ns
    Discrete Jitter          (DJ):    0.000ns
    Phase Error              (PE):    0.000ns

    Location             Delay type                Incr(ns)  Path(ns)    Netlist Resource(s)
  -------------------------------------------------------------------    -------------------
                         (clock net_clk rise edge)    0.000     0.000 r  
                                                      0.000     0.000 r  net_clk (IN)
                         net (fo=1291, unset)         0.973     0.973    u_clk/net_clk
    SLICE_X36Y34         FDRE                                         r  u_clk/time_ns_reg[15]/C
  -------------------------------------------------------------------    -------------------
    SLICE_X36Y34         FDRE (Prop_fdre_C_Q)         0.518     1.491 r  u_clk/time_ns_reg[15]/Q
                         net (fo=6, unset)            0.973     2.464    time_ns[15]
                                                                      r  time_ns[15] (OUT)
  -------------------------------------------------------------------    -------------------

Slack:                    inf
  Source:                 u_clk/time_ns_reg[20]/C
                            (rising edge-triggered cell FDRE clocked by net_clk  {rise@0.000ns fall@3.200ns period=6.400ns})
  Destination:            time_ns[20]
                            (output port)
  Path Group:             (none)
  Path Type:              Max at Slow Process Corner
  Data Path Delay:        1.491ns  (logic 0.518ns (34.742%)  route 0.973ns (65.258%))
  Logic Levels:           0  
  Clock Uncertainty:      0.025ns  ((TSJ^2 + TIJ^2)^1/2 + DJ) / 2 + PE
    Total System Jitter     (TSJ):    0.050ns
    Total Input Jitter      (TIJ):    0.000ns
    Discrete Jitter          (DJ):    0.000ns
    Phase Error              (PE):    0.000ns

    Location             Delay type                Incr(ns)  Path(ns)    Netlist Resource(s)
  -------------------------------------------------------------------    -------------------
                         (clock net_clk rise edge)    0.000     0.000 r  
                                                      0.000     0.000 r  net_clk (IN)
                         net (fo=1291, unset)         0.973     0.973    u_clk/net_clk
    SLICE_X50Y29         FDRE                                         r  u_clk/time_ns_reg[20]/C
  -------------------------------------------------------------------    -------------------
    SLICE_X50Y29         FDRE (Prop_fdre_C_Q)         0.518     1.491 r  u_clk/time_ns_reg[20]/Q
                         net (fo=6, unset)            0.973     2.464    time_ns[20]
                                                                      r  time_ns[20] (OUT)
  -------------------------------------------------------------------    -------------------

Slack:                    inf
  Source:                 u_clk/time_ns_reg[31]/C
                            (rising edge-triggered cell FDRE clocked by net_clk  {rise@0.000ns fall@3.200ns period=6.400ns})
  Destination:            time_ns[31]
                            (output port)
  Path Group:             (none)
  Path Type:              Max at Slow Process Corner
  Data Path Delay:        1.491ns  (logic 0.518ns (34.742%)  route 0.973ns (65.258%))
  Logic Levels:           0  
  Clock Uncertainty:      0.025ns  ((TSJ^2 + TIJ^2)^1/2 + DJ) / 2 + PE
    Total System Jitter     (TSJ):    0.050ns
    Total Input Jitter      (TIJ):    0.000ns
    Discrete Jitter          (DJ):    0.000ns
    Phase Error              (PE):    0.000ns

    Location             Delay type                Incr(ns)  Path(ns)    Netlist Resource(s)
  -------------------------------------------------------------------    -------------------
                         (clock net_clk rise edge)    0.000     0.000 r  
                                                      0.000     0.000 r  net_clk (IN)
                         net (fo=1291, unset)         0.973     0.973    u_clk/net_clk
    SLICE_X42Y37         FDRE                                         r  u_clk/time_ns_reg[31]/C
  -------------------------------------------------------------------    -------------------
    SLICE_X42Y37         FDRE (Prop_fdre_C_Q)         0.518     1.491 r  u_clk/time_ns_reg[31]/Q
                         net (fo=7, unset)            0.973     2.464    time_ns[31]
                                                                      r  time_ns[31] (OUT)
  -------------------------------------------------------------------    -------------------

Slack:                    inf
  Source:                 u_clk/time_sec_reg[14]/C
                            (rising edge-triggered cell FDRE clocked by net_clk  {rise@0.000ns fall@3.200ns period=6.400ns})
  Destination:            time_sec[14]
                            (output port)
  Path Group:             (none)
  Path Type:              Max at Slow Process Corner
  Data Path Delay:        1.491ns  (logic 0.518ns (34.742%)  route 0.973ns (65.258%))
  Logic Levels:           0  
  Clock Uncertainty:      0.025ns  ((TSJ^2 + TIJ^2)^1/2 + DJ) / 2 + PE
    Total System Jitter     (TSJ):    0.050ns
    Total Input Jitter      (TIJ):    0.000ns
    Discrete Jitter          (DJ):    0.000ns
    Phase Error              (PE):    0.000ns

    Location             Delay type                Incr(ns)  Path(ns)    Netlist Resource(s)
  -------------------------------------------------------------------    -------------------
                         (clock net_clk rise edge)    0.000     0.000 r  
                                                      0.000     0.000 r  net_clk (IN)
                         net (fo=1291, unset)         0.973     0.973    u_clk/net_clk
    SLICE_X42Y37         FDRE                                         r  u_clk/time_sec_reg[14]/C
  -------------------------------------------------------------------    -------------------
    SLICE_X42Y37         FDRE (Prop_fdre_C_Q)         0.518     1.491 r  u_clk/time_sec_reg[14]/Q
                         net (fo=5, unset)            0.973     2.464    time_sec[14]
                                                                      r  time_sec[14] (OUT)
  -------------------------------------------------------------------    -------------------

Slack:                    inf
  Source:                 u_clk/time_sec_reg[16]/C
                            (rising edge-triggered cell FDRE clocked by net_clk  {rise@0.000ns fall@3.200ns period=6.400ns})
  Destination:            time_sec[16]
                            (output port)
  Path Group:             (none)
  Path Type:              Max at Slow Process Corner
  Data Path Delay:        1.491ns  (logic 0.518ns (34.742%)  route 0.973ns (65.258%))
  Logic Levels:           0  
  Clock Uncertainty:      0.025ns  ((TSJ^2 + TIJ^2)^1/2 + DJ) / 2 + PE
    Total System Jitter     (TSJ):    0.050ns
    Total Input Jitter      (TIJ):    0.000ns
    Discrete Jitter          (DJ):    0.000ns
    Phase Error              (PE):    0.000ns

    Location             Delay type                Incr(ns)  Path(ns)    Netlist Resource(s)
  -------------------------------------------------------------------    -------------------
                         (clock net_clk rise edge)    0.000     0.000 r  
                                                      0.000     0.000 r  net_clk (IN)
                         net (fo=1291, unset)         0.973     0.973    u_clk/net_clk
    SLICE_X42Y43         FDRE                                         r  u_clk/time_sec_reg[16]/C
  -------------------------------------------------------------------    -------------------
    SLICE_X42Y43         FDRE (Prop_fdre_C_Q)         0.518     1.491 r  u_clk/time_sec_reg[16]/Q
                         net (fo=5, unset)            0.973     2.464    time_sec[16]
                                                                      r  time_sec[16] (OUT)
  -------------------------------------------------------------------    -------------------

Slack:                    inf
  Source:                 u_clk/time_sec_reg[18]/C
                            (rising edge-triggered cell FDRE clocked by net_clk  {rise@0.000ns fall@3.200ns period=6.400ns})
  Destination:            time_sec[18]
                            (output port)
  Path Group:             (none)
  Path Type:              Max at Slow Process Corner
  Data Path Delay:        1.491ns  (logic 0.518ns (34.742%)  route 0.973ns (65.258%))
  Logic Levels:           0  
  Clock Uncertainty:      0.025ns  ((TSJ^2 + TIJ^2)^1/2 + DJ) / 2 + PE
    Total System Jitter     (TSJ):    0.050ns
    Total Input Jitter      (TIJ):    0.000ns
    Discrete Jitter          (DJ):    0.000ns
    Phase Error              (PE):    0.000ns

    Location             Delay type                Incr(ns)  Path(ns)    Netlist Resource(s)
  -------------------------------------------------------------------    -------------------
                         (clock net_clk rise edge)    0.000     0.000 r  
                                                      0.000     0.000 r  net_clk (IN)
                         net (fo=1291, unset)         0.973     0.973    u_clk/net_clk
    SLICE_X46Y37         FDRE                                         r  u_clk/time_sec_reg[18]/C
  -------------------------------------------------------------------    -------------------
    SLICE_X46Y37         FDRE (Prop_fdre_C_Q)         0.518     1.491 r  u_clk/time_sec_reg[18]/Q
                         net (fo=5, unset)            0.973     2.464    time_sec[18]
                                                                      r  time_sec[18] (OUT)
  -------------------------------------------------------------------    -------------------

Slack:                    inf
  Source:                 u_clk/time_sec_reg[19]/C
                            (rising edge-triggered cell FDRE clocked by net_clk  {rise@0.000ns fall@3.200ns period=6.400ns})
  Destination:            time_sec[19]
                            (output port)
  Path Group:             (none)
  Path Type:              Max at Slow Process Corner
  Data Path Delay:        1.491ns  (logic 0.518ns (34.742%)  route 0.973ns (65.258%))
  Logic Levels:           0  
  Clock Uncertainty:      0.025ns  ((TSJ^2 + TIJ^2)^1/2 + DJ) / 2 + PE
    Total System Jitter     (TSJ):    0.050ns
    Total Input Jitter      (TIJ):    0.000ns
    Discrete Jitter          (DJ):    0.000ns
    Phase Error              (PE):    0.000ns

    Location             Delay type                Incr(ns)  Path(ns)    Netlist Resource(s)
  -------------------------------------------------------------------    -------------------
                         (clock net_clk rise edge)    0.000     0.000 r  
                                                      0.000     0.000 r  net_clk (IN)
                         net (fo=1291, unset)         0.973     0.973    u_clk/net_clk
    SLICE_X46Y38         FDRE                                         r  u_clk/time_sec_reg[19]/C
  -------------------------------------------------------------------    -------------------
    SLICE_X46Y38         FDRE (Prop_fdre_C_Q)         0.518     1.491 r  u_clk/time_sec_reg[19]/Q
                         net (fo=5, unset)            0.973     2.464    time_sec[19]
                                                                      r  time_sec[19] (OUT)
  -------------------------------------------------------------------    -------------------

Slack:                    inf
  Source:                 u_clk/time_sec_reg[1]/C
                            (rising edge-triggered cell FDRE clocked by net_clk  {rise@0.000ns fall@3.200ns period=6.400ns})
  Destination:            time_sec[1]
                            (output port)
  Path Group:             (none)
  Path Type:              Max at Slow Process Corner
  Data Path Delay:        1.491ns  (logic 0.518ns (34.742%)  route 0.973ns (65.258%))
  Logic Levels:           0  
  Clock Uncertainty:      0.025ns  ((TSJ^2 + TIJ^2)^1/2 + DJ) / 2 + PE
    Total System Jitter     (TSJ):    0.050ns
    Total Input Jitter      (TIJ):    0.000ns
    Discrete Jitter          (DJ):    0.000ns
    Phase Error              (PE):    0.000ns

    Location             Delay type                Incr(ns)  Path(ns)    Netlist Resource(s)
  -------------------------------------------------------------------    -------------------
                         (clock net_clk rise edge)    0.000     0.000 r  
                                                      0.000     0.000 r  net_clk (IN)
                         net (fo=1291, unset)         0.973     0.973    u_clk/net_clk
    SLICE_X42Y40         FDRE                                         r  u_clk/time_sec_reg[1]/C
  -------------------------------------------------------------------    -------------------
    SLICE_X42Y40         FDRE (Prop_fdre_C_Q)         0.518     1.491 r  u_clk/time_sec_reg[1]/Q
                         net (fo=5, unset)            0.973     2.464    time_sec[1]
                                                                      r  time_sec[1] (OUT)
  -------------------------------------------------------------------    -------------------

Slack:                    inf
  Source:                 u_clk/time_sec_reg[20]/C
                            (rising edge-triggered cell FDRE clocked by net_clk  {rise@0.000ns fall@3.200ns period=6.400ns})
  Destination:            time_sec[20]
                            (output port)
  Path Group:             (none)
  Path Type:              Max at Slow Process Corner
  Data Path Delay:        1.491ns  (logic 0.518ns (34.742%)  route 0.973ns (65.258%))
  Logic Levels:           0  
  Clock Uncertainty:      0.025ns  ((TSJ^2 + TIJ^2)^1/2 + DJ) / 2 + PE
    Total System Jitter     (TSJ):    0.050ns
    Total Input Jitter      (TIJ):    0.000ns
    Discrete Jitter          (DJ):    0.000ns
    Phase Error              (PE):    0.000ns

    Location             Delay type                Incr(ns)  Path(ns)    Netlist Resource(s)
  -------------------------------------------------------------------    -------------------
                         (clock net_clk rise edge)    0.000     0.000 r  
                                                      0.000     0.000 r  net_clk (IN)
                         net (fo=1291, unset)         0.973     0.973    u_clk/net_clk
    SLICE_X42Y41         FDRE                                         r  u_clk/time_sec_reg[20]/C
  -------------------------------------------------------------------    -------------------
    SLICE_X42Y41         FDRE (Prop_fdre_C_Q)         0.518     1.491 r  u_clk/time_sec_reg[20]/Q
                         net (fo=5, unset)            0.973     2.464    time_sec[20]
                                                                      r  time_sec[20] (OUT)
  -------------------------------------------------------------------    -------------------

Slack:                    inf
  Source:                 u_clk/time_sec_reg[21]/C
                            (rising edge-triggered cell FDRE clocked by net_clk  {rise@0.000ns fall@3.200ns period=6.400ns})
  Destination:            time_sec[21]
                            (output port)
  Path Group:             (none)
  Path Type:              Max at Slow Process Corner
  Data Path Delay:        1.491ns  (logic 0.518ns (34.742%)  route 0.973ns (65.258%))
  Logic Levels:           0  
  Clock Uncertainty:      0.025ns  ((TSJ^2 + TIJ^2)^1/2 + DJ) / 2 + PE
    Total System Jitter     (TSJ):    0.050ns
    Total Input Jitter      (TIJ):    0.000ns
    Discrete Jitter          (DJ):    0.000ns
    Phase Error              (PE):    0.000ns

    Location             Delay type                Incr(ns)  Path(ns)    Netlist Resource(s)
  -------------------------------------------------------------------    -------------------
                         (clock net_clk rise edge)    0.000     0.000 r  
                                                      0.000     0.000 r  net_clk (IN)
                         net (fo=1291, unset)         0.973     0.973    u_clk/net_clk
    SLICE_X46Y38         FDRE                                         r  u_clk/time_sec_reg[21]/C
  -------------------------------------------------------------------    -------------------
    SLICE_X46Y38         FDRE (Prop_fdre_C_Q)         0.518     1.491 r  u_clk/time_sec_reg[21]/Q
                         net (fo=5, unset)            0.973     2.464    time_sec[21]
                                                                      r  time_sec[21] (OUT)
  -------------------------------------------------------------------    -------------------

Slack:                    inf
  Source:                 u_clk/time_sec_reg[25]/C
                            (rising edge-triggered cell FDRE clocked by net_clk  {rise@0.000ns fall@3.200ns period=6.400ns})
  Destination:            time_sec[25]
                            (output port)
  Path Group:             (none)
  Path Type:              Max at Slow Process Corner
  Data Path Delay:        1.491ns  (logic 0.518ns (34.742%)  route 0.973ns (65.258%))
  Logic Levels:           0  
  Clock Uncertainty:      0.025ns  ((TSJ^2 + TIJ^2)^1/2 + DJ) / 2 + PE
    Total System Jitter     (TSJ):    0.050ns
    Total Input Jitter      (TIJ):    0.000ns
    Discrete Jitter          (DJ):    0.000ns
    Phase Error              (PE):    0.000ns

    Location             Delay type                Incr(ns)  Path(ns)    Netlist Resource(s)
  -------------------------------------------------------------------    -------------------
                         (clock net_clk rise edge)    0.000     0.000 r  
                                                      0.000     0.000 r  net_clk (IN)
                         net (fo=1291, unset)         0.973     0.973    u_clk/net_clk
    SLICE_X42Y42         FDRE                                         r  u_clk/time_sec_reg[25]/C
  -------------------------------------------------------------------    -------------------
    SLICE_X42Y42         FDRE (Prop_fdre_C_Q)         0.518     1.491 r  u_clk/time_sec_reg[25]/Q
                         net (fo=5, unset)            0.973     2.464    time_sec[25]
                                                                      r  time_sec[25] (OUT)
  -------------------------------------------------------------------    -------------------

Slack:                    inf
  Source:                 u_clk/time_sec_reg[27]/C
                            (rising edge-triggered cell FDRE clocked by net_clk  {rise@0.000ns fall@3.200ns period=6.400ns})
  Destination:            time_sec[27]
                            (output port)
  Path Group:             (none)
  Path Type:              Max at Slow Process Corner
  Data Path Delay:        1.491ns  (logic 0.518ns (34.742%)  route 0.973ns (65.258%))
  Logic Levels:           0  
  Clock Uncertainty:      0.025ns  ((TSJ^2 + TIJ^2)^1/2 + DJ) / 2 + PE
    Total System Jitter     (TSJ):    0.050ns
    Total Input Jitter      (TIJ):    0.000ns
    Discrete Jitter          (DJ):    0.000ns
    Phase Error              (PE):    0.000ns

    Location             Delay type                Incr(ns)  Path(ns)    Netlist Resource(s)
  -------------------------------------------------------------------    -------------------
                         (clock net_clk rise edge)    0.000     0.000 r  
                                                      0.000     0.000 r  net_clk (IN)
                         net (fo=1291, unset)         0.973     0.973    u_clk/net_clk
    SLICE_X42Y42         FDRE                                         r  u_clk/time_sec_reg[27]/C
  -------------------------------------------------------------------    -------------------
    SLICE_X42Y42         FDRE (Prop_fdre_C_Q)         0.518     1.491 r  u_clk/time_sec_reg[27]/Q
                         net (fo=5, unset)            0.973     2.464    time_sec[27]
                                                                      r  time_sec[27] (OUT)
  -------------------------------------------------------------------    -------------------

Slack:                    inf
  Source:                 u_clk/time_sec_reg[32]/C
                            (rising edge-triggered cell FDRE clocked by net_clk  {rise@0.000ns fall@3.200ns period=6.400ns})
  Destination:            time_sec[32]
                            (output port)
  Path Group:             (none)
  Path Type:              Max at Slow Process Corner
  Data Path Delay:        1.491ns  (logic 0.518ns (34.742%)  route 0.973ns (65.258%))
  Logic Levels:           0  
  Clock Uncertainty:      0.025ns  ((TSJ^2 + TIJ^2)^1/2 + DJ) / 2 + PE
    Total System Jitter     (TSJ):    0.050ns
    Total Input Jitter      (TIJ):    0.000ns
    Discrete Jitter          (DJ):    0.000ns
    Phase Error              (PE):    0.000ns

    Location             Delay type                Incr(ns)  Path(ns)    Netlist Resource(s)
  -------------------------------------------------------------------    -------------------
                         (clock net_clk rise edge)    0.000     0.000 r  
                                                      0.000     0.000 r  net_clk (IN)
                         net (fo=1291, unset)         0.973     0.973    u_clk/net_clk
    SLICE_X42Y40         FDRE                                         r  u_clk/time_sec_reg[32]/C
  -------------------------------------------------------------------    -------------------
    SLICE_X42Y40         FDRE (Prop_fdre_C_Q)         0.518     1.491 r  u_clk/time_sec_reg[32]/Q
                         net (fo=5, unset)            0.973     2.464    time_sec[32]
                                                                      r  time_sec[32] (OUT)
  -------------------------------------------------------------------    -------------------

Slack:                    inf
  Source:                 u_clk/time_sec_reg[34]/C
                            (rising edge-triggered cell FDRE clocked by net_clk  {rise@0.000ns fall@3.200ns period=6.400ns})
  Destination:            time_sec[34]
                            (output port)
  Path Group:             (none)
  Path Type:              Max at Slow Process Corner
  Data Path Delay:        1.491ns  (logic 0.518ns (34.742%)  route 0.973ns (65.258%))
  Logic Levels:           0  
  Clock Uncertainty:      0.025ns  ((TSJ^2 + TIJ^2)^1/2 + DJ) / 2 + PE
    Total System Jitter     (TSJ):    0.050ns
    Total Input Jitter      (TIJ):    0.000ns
    Discrete Jitter          (DJ):    0.000ns
    Phase Error              (PE):    0.000ns

    Location             Delay type                Incr(ns)  Path(ns)    Netlist Resource(s)
  -------------------------------------------------------------------    -------------------
                         (clock net_clk rise edge)    0.000     0.000 r  
                                                      0.000     0.000 r  net_clk (IN)
                         net (fo=1291, unset)         0.973     0.973    u_clk/net_clk
    SLICE_X42Y39         FDRE                                         r  u_clk/time_sec_reg[34]/C
  -------------------------------------------------------------------    -------------------
    SLICE_X42Y39         FDRE (Prop_fdre_C_Q)         0.518     1.491 r  u_clk/time_sec_reg[34]/Q
                         net (fo=5, unset)            0.973     2.464    time_sec[34]
                                                                      r  time_sec[34] (OUT)
  -------------------------------------------------------------------    -------------------

Slack:                    inf
  Source:                 u_clk/time_sec_reg[36]/C
                            (rising edge-triggered cell FDRE clocked by net_clk  {rise@0.000ns fall@3.200ns period=6.400ns})
  Destination:            time_sec[36]
                            (output port)
  Path Group:             (none)
  Path Type:              Max at Slow Process Corner
  Data Path Delay:        1.491ns  (logic 0.518ns (34.742%)  route 0.973ns (65.258%))
  Logic Levels:           0  
  Clock Uncertainty:      0.025ns  ((TSJ^2 + TIJ^2)^1/2 + DJ) / 2 + PE
    Total System Jitter     (TSJ):    0.050ns
    Total Input Jitter      (TIJ):    0.000ns
    Discrete Jitter          (DJ):    0.000ns
    Phase Error              (PE):    0.000ns

    Location             Delay type                Incr(ns)  Path(ns)    Netlist Resource(s)
  -------------------------------------------------------------------    -------------------
                         (clock net_clk rise edge)    0.000     0.000 r  
                                                      0.000     0.000 r  net_clk (IN)
                         net (fo=1291, unset)         0.973     0.973    u_clk/net_clk
    SLICE_X42Y39         FDRE                                         r  u_clk/time_sec_reg[36]/C
  -------------------------------------------------------------------    -------------------
    SLICE_X42Y39         FDRE (Prop_fdre_C_Q)         0.518     1.491 r  u_clk/time_sec_reg[36]/Q
                         net (fo=5, unset)            0.973     2.464    time_sec[36]
                                                                      r  time_sec[36] (OUT)
  -------------------------------------------------------------------    -------------------

Slack:                    inf
  Source:                 u_clk/time_sec_reg[40]/C
                            (rising edge-triggered cell FDRE clocked by net_clk  {rise@0.000ns fall@3.200ns period=6.400ns})
  Destination:            time_sec[40]
                            (output port)
  Path Group:             (none)
  Path Type:              Max at Slow Process Corner
  Data Path Delay:        1.491ns  (logic 0.518ns (34.742%)  route 0.973ns (65.258%))
  Logic Levels:           0  
  Clock Uncertainty:      0.025ns  ((TSJ^2 + TIJ^2)^1/2 + DJ) / 2 + PE
    Total System Jitter     (TSJ):    0.050ns
    Total Input Jitter      (TIJ):    0.000ns
    Discrete Jitter          (DJ):    0.000ns
    Phase Error              (PE):    0.000ns

    Location             Delay type                Incr(ns)  Path(ns)    Netlist Resource(s)
  -------------------------------------------------------------------    -------------------
                         (clock net_clk rise edge)    0.000     0.000 r  
                                                      0.000     0.000 r  net_clk (IN)
                         net (fo=1291, unset)         0.973     0.973    u_clk/net_clk
    SLICE_X42Y41         FDRE                                         r  u_clk/time_sec_reg[40]/C
  -------------------------------------------------------------------    -------------------
    SLICE_X42Y41         FDRE (Prop_fdre_C_Q)         0.518     1.491 r  u_clk/time_sec_reg[40]/Q
                         net (fo=5, unset)            0.973     2.464    time_sec[40]
                                                                      r  time_sec[40] (OUT)
  -------------------------------------------------------------------    -------------------

Slack:                    inf
  Source:                 u_clk/time_ns_reg[0]/C
                            (rising edge-triggered cell FDRE clocked by net_clk  {rise@0.000ns fall@3.200ns period=6.400ns})
  Destination:            time_ns[0]
                            (output port)
  Path Group:             (none)
  Path Type:              Max at Slow Process Corner
  Data Path Delay:        1.429ns  (logic 0.456ns (31.910%)  route 0.973ns (68.090%))
  Logic Levels:           0  
  Clock Uncertainty:      0.025ns  ((TSJ^2 + TIJ^2)^1/2 + DJ) / 2 + PE
    Total System Jitter     (TSJ):    0.050ns
    Total Input Jitter      (TIJ):    0.000ns
    Discrete Jitter          (DJ):    0.000ns
    Phase Error              (PE):    0.000ns

    Location             Delay type                Incr(ns)  Path(ns)    Netlist Resource(s)
  -------------------------------------------------------------------    -------------------
                         (clock net_clk rise edge)    0.000     0.000 r  
                                                      0.000     0.000 r  net_clk (IN)
                         net (fo=1291, unset)         0.973     0.973    u_clk/net_clk
    SLICE_X44Y29         FDRE                                         r  u_clk/time_ns_reg[0]/C
  -------------------------------------------------------------------    -------------------
    SLICE_X44Y29         FDRE (Prop_fdre_C_Q)         0.456     1.429 r  u_clk/time_ns_reg[0]/Q
                         net (fo=5, unset)            0.973     2.402    time_ns[0]
                                                                      r  time_ns[0] (OUT)
  -------------------------------------------------------------------    -------------------

Slack:                    inf
  Source:                 u_clk/time_ns_reg[10]/C
                            (rising edge-triggered cell FDRE clocked by net_clk  {rise@0.000ns fall@3.200ns period=6.400ns})
  Destination:            time_ns[10]
                            (output port)
  Path Group:             (none)
  Path Type:              Max at Slow Process Corner
  Data Path Delay:        1.429ns  (logic 0.456ns (31.910%)  route 0.973ns (68.090%))
  Logic Levels:           0  
  Clock Uncertainty:      0.025ns  ((TSJ^2 + TIJ^2)^1/2 + DJ) / 2 + PE
    Total System Jitter     (TSJ):    0.050ns
    Total Input Jitter      (TIJ):    0.000ns
    Discrete Jitter          (DJ):    0.000ns
    Phase Error              (PE):    0.000ns

    Location             Delay type                Incr(ns)  Path(ns)    Netlist Resource(s)
  -------------------------------------------------------------------    -------------------
                         (clock net_clk rise edge)    0.000     0.000 r  
                                                      0.000     0.000 r  net_clk (IN)
                         net (fo=1291, unset)         0.973     0.973    u_clk/net_clk
    SLICE_X48Y28         FDRE                                         r  u_clk/time_ns_reg[10]/C
  -------------------------------------------------------------------    -------------------
    SLICE_X48Y28         FDRE (Prop_fdre_C_Q)         0.456     1.429 r  u_clk/time_ns_reg[10]/Q
                         net (fo=6, unset)            0.973     2.402    time_ns[10]
                                                                      r  time_ns[10] (OUT)
  -------------------------------------------------------------------    -------------------





Min Delay Paths
--------------------------------------------------------------------------------------
Slack:                    inf
  Source:                 u_clk/time_ns_reg[0]/C
                            (rising edge-triggered cell FDRE clocked by net_clk  {rise@0.000ns fall@3.200ns period=6.400ns})
  Destination:            time_ns[0]
                            (output port)
  Path Group:             (none)
  Path Type:              Min at Fast Process Corner
  Data Path Delay:        0.551ns  (logic 0.141ns (25.583%)  route 0.410ns (74.417%))
  Logic Levels:           0  
  Clock Uncertainty:      0.025ns  ((TSJ^2 + TIJ^2)^1/2 + DJ) / 2 + PE
    Total System Jitter     (TSJ):    0.050ns
    Total Input Jitter      (TIJ):    0.000ns
    Discrete Jitter          (DJ):    0.000ns
    Phase Error              (PE):    0.000ns

    Location             Delay type                Incr(ns)  Path(ns)    Netlist Resource(s)
  -------------------------------------------------------------------    -------------------
                         (clock net_clk rise edge)    0.000     0.000 r  
                                                      0.000     0.000 r  net_clk (IN)
                         net (fo=1291, unset)         0.410     0.410    u_clk/net_clk
    SLICE_X44Y29         FDRE                                         r  u_clk/time_ns_reg[0]/C
  -------------------------------------------------------------------    -------------------
    SLICE_X44Y29         FDRE (Prop_fdre_C_Q)         0.141     0.551 r  u_clk/time_ns_reg[0]/Q
                         net (fo=5, unset)            0.410     0.961    time_ns[0]
                                                                      r  time_ns[0] (OUT)
  -------------------------------------------------------------------    -------------------

Slack:                    inf
  Source:                 u_clk/time_ns_reg[10]/C
                            (rising edge-triggered cell FDRE clocked by net_clk  {rise@0.000ns fall@3.200ns period=6.400ns})
  Destination:            time_ns[10]
                            (output port)
  Path Group:             (none)
  Path Type:              Min at Fast Process Corner
  Data Path Delay:        0.551ns  (logic 0.141ns (25.583%)  route 0.410ns (74.417%))
  Logic Levels:           0  
  Clock Uncertainty:      0.025ns  ((TSJ^2 + TIJ^2)^1/2 + DJ) / 2 + PE
    Total System Jitter     (TSJ):    0.050ns
    Total Input Jitter      (TIJ):    0.000ns
    Discrete Jitter          (DJ):    0.000ns
    Phase Error              (PE):    0.000ns

    Location             Delay type                Incr(ns)  Path(ns)    Netlist Resource(s)
  -------------------------------------------------------------------    -------------------
                         (clock net_clk rise edge)    0.000     0.000 r  
                                                      0.000     0.000 r  net_clk (IN)
                         net (fo=1291, unset)         0.410     0.410    u_clk/net_clk
    SLICE_X48Y28         FDRE                                         r  u_clk/time_ns_reg[10]/C
  -------------------------------------------------------------------    -------------------
    SLICE_X48Y28         FDRE (Prop_fdre_C_Q)         0.141     0.551 r  u_clk/time_ns_reg[10]/Q
                         net (fo=6, unset)            0.410     0.961    time_ns[10]
                                                                      r  time_ns[10] (OUT)
  -------------------------------------------------------------------    -------------------

Slack:                    inf
  Source:                 u_clk/time_ns_reg[11]/C
                            (rising edge-triggered cell FDRE clocked by net_clk  {rise@0.000ns fall@3.200ns period=6.400ns})
  Destination:            time_ns[11]
                            (output port)
  Path Group:             (none)
  Path Type:              Min at Fast Process Corner
  Data Path Delay:        0.551ns  (logic 0.141ns (25.583%)  route 0.410ns (74.417%))
  Logic Levels:           0  
  Clock Uncertainty:      0.025ns  ((TSJ^2 + TIJ^2)^1/2 + DJ) / 2 + PE
    Total System Jitter     (TSJ):    0.050ns
    Total Input Jitter      (TIJ):    0.000ns
    Discrete Jitter          (DJ):    0.000ns
    Phase Error              (PE):    0.000ns

    Location             Delay type                Incr(ns)  Path(ns)    Netlist Resource(s)
  -------------------------------------------------------------------    -------------------
                         (clock net_clk rise edge)    0.000     0.000 r  
                                                      0.000     0.000 r  net_clk (IN)
                         net (fo=1291, unset)         0.410     0.410    u_clk/net_clk
    SLICE_X48Y28         FDRE                                         r  u_clk/time_ns_reg[11]/C
  -------------------------------------------------------------------    -------------------
    SLICE_X48Y28         FDRE (Prop_fdre_C_Q)         0.141     0.551 r  u_clk/time_ns_reg[11]/Q
                         net (fo=6, unset)            0.410     0.961    time_ns[11]
                                                                      r  time_ns[11] (OUT)
  -------------------------------------------------------------------    -------------------

Slack:                    inf
  Source:                 u_clk/time_ns_reg[13]/C
                            (rising edge-triggered cell FDRE clocked by net_clk  {rise@0.000ns fall@3.200ns period=6.400ns})
  Destination:            time_ns[13]
                            (output port)
  Path Group:             (none)
  Path Type:              Min at Fast Process Corner
  Data Path Delay:        0.551ns  (logic 0.141ns (25.583%)  route 0.410ns (74.417%))
  Logic Levels:           0  
  Clock Uncertainty:      0.025ns  ((TSJ^2 + TIJ^2)^1/2 + DJ) / 2 + PE
    Total System Jitter     (TSJ):    0.050ns
    Total Input Jitter      (TIJ):    0.000ns
    Discrete Jitter          (DJ):    0.000ns
    Phase Error              (PE):    0.000ns

    Location             Delay type                Incr(ns)  Path(ns)    Netlist Resource(s)
  -------------------------------------------------------------------    -------------------
                         (clock net_clk rise edge)    0.000     0.000 r  
                                                      0.000     0.000 r  net_clk (IN)
                         net (fo=1291, unset)         0.410     0.410    u_clk/net_clk
    SLICE_X40Y32         FDRE                                         r  u_clk/time_ns_reg[13]/C
  -------------------------------------------------------------------    -------------------
    SLICE_X40Y32         FDRE (Prop_fdre_C_Q)         0.141     0.551 r  u_clk/time_ns_reg[13]/Q
                         net (fo=6, unset)            0.410     0.961    time_ns[13]
                                                                      r  time_ns[13] (OUT)
  -------------------------------------------------------------------    -------------------

Slack:                    inf
  Source:                 u_clk/time_ns_reg[14]/C
                            (rising edge-triggered cell FDRE clocked by net_clk  {rise@0.000ns fall@3.200ns period=6.400ns})
  Destination:            time_ns[14]
                            (output port)
  Path Group:             (none)
  Path Type:              Min at Fast Process Corner
  Data Path Delay:        0.551ns  (logic 0.141ns (25.583%)  route 0.410ns (74.417%))
  Logic Levels:           0  
  Clock Uncertainty:      0.025ns  ((TSJ^2 + TIJ^2)^1/2 + DJ) / 2 + PE
    Total System Jitter     (TSJ):    0.050ns
    Total Input Jitter      (TIJ):    0.000ns
    Discrete Jitter          (DJ):    0.000ns
    Phase Error              (PE):    0.000ns

    Location             Delay type                Incr(ns)  Path(ns)    Netlist Resource(s)
  -------------------------------------------------------------------    -------------------
                         (clock net_clk rise edge)    0.000     0.000 r  
                                                      0.000     0.000 r  net_clk (IN)
                         net (fo=1291, unset)         0.410     0.410    u_clk/net_clk
    SLICE_X40Y32         FDRE                                         r  u_clk/time_ns_reg[14]/C
  -------------------------------------------------------------------    -------------------
    SLICE_X40Y32         FDRE (Prop_fdre_C_Q)         0.141     0.551 r  u_clk/time_ns_reg[14]/Q
                         net (fo=6, unset)            0.410     0.961    time_ns[14]
                                                                      r  time_ns[14] (OUT)
  -------------------------------------------------------------------    -------------------

Slack:                    inf
  Source:                 u_clk/time_ns_reg[16]/C
                            (rising edge-triggered cell FDRE clocked by net_clk  {rise@0.000ns fall@3.200ns period=6.400ns})
  Destination:            time_ns[16]
                            (output port)
  Path Group:             (none)
  Path Type:              Min at Fast Process Corner
  Data Path Delay:        0.551ns  (logic 0.141ns (25.583%)  route 0.410ns (74.417%))
  Logic Levels:           0  
  Clock Uncertainty:      0.025ns  ((TSJ^2 + TIJ^2)^1/2 + DJ) / 2 + PE
    Total System Jitter     (TSJ):    0.050ns
    Total Input Jitter      (TIJ):    0.000ns
    Discrete Jitter          (DJ):    0.000ns
    Phase Error              (PE):    0.000ns

    Location             Delay type                Incr(ns)  Path(ns)    Netlist Resource(s)
  -------------------------------------------------------------------    -------------------
                         (clock net_clk rise edge)    0.000     0.000 r  
                                                      0.000     0.000 r  net_clk (IN)
                         net (fo=1291, unset)         0.410     0.410    u_clk/net_clk
    SLICE_X44Y31         FDRE                                         r  u_clk/time_ns_reg[16]/C
  -------------------------------------------------------------------    -------------------
    SLICE_X44Y31         FDRE (Prop_fdre_C_Q)         0.141     0.551 r  u_clk/time_ns_reg[16]/Q
                         net (fo=6, unset)            0.410     0.961    time_ns[16]
                                                                      r  time_ns[16] (OUT)
  -------------------------------------------------------------------    -------------------

Slack:                    inf
  Source:                 u_clk/time_ns_reg[17]/C
                            (rising edge-triggered cell FDRE clocked by net_clk  {rise@0.000ns fall@3.200ns period=6.400ns})
  Destination:            time_ns[17]
                            (output port)
  Path Group:             (none)
  Path Type:              Min at Fast Process Corner
  Data Path Delay:        0.551ns  (logic 0.141ns (25.583%)  route 0.410ns (74.417%))
  Logic Levels:           0  
  Clock Uncertainty:      0.025ns  ((TSJ^2 + TIJ^2)^1/2 + DJ) / 2 + PE
    Total System Jitter     (TSJ):    0.050ns
    Total Input Jitter      (TIJ):    0.000ns
    Discrete Jitter          (DJ):    0.000ns
    Phase Error              (PE):    0.000ns

    Location             Delay type                Incr(ns)  Path(ns)    Netlist Resource(s)
  -------------------------------------------------------------------    -------------------
                         (clock net_clk rise edge)    0.000     0.000 r  
                                                      0.000     0.000 r  net_clk (IN)
                         net (fo=1291, unset)         0.410     0.410    u_clk/net_clk
    SLICE_X44Y31         FDRE                                         r  u_clk/time_ns_reg[17]/C
  -------------------------------------------------------------------    -------------------
    SLICE_X44Y31         FDRE (Prop_fdre_C_Q)         0.141     0.551 r  u_clk/time_ns_reg[17]/Q
                         net (fo=6, unset)            0.410     0.961    time_ns[17]
                                                                      r  time_ns[17] (OUT)
  -------------------------------------------------------------------    -------------------

Slack:                    inf
  Source:                 u_clk/time_ns_reg[18]/C
                            (rising edge-triggered cell FDRE clocked by net_clk  {rise@0.000ns fall@3.200ns period=6.400ns})
  Destination:            time_ns[18]
                            (output port)
  Path Group:             (none)
  Path Type:              Min at Fast Process Corner
  Data Path Delay:        0.551ns  (logic 0.141ns (25.583%)  route 0.410ns (74.417%))
  Logic Levels:           0  
  Clock Uncertainty:      0.025ns  ((TSJ^2 + TIJ^2)^1/2 + DJ) / 2 + PE
    Total System Jitter     (TSJ):    0.050ns
    Total Input Jitter      (TIJ):    0.000ns
    Discrete Jitter          (DJ):    0.000ns
    Phase Error              (PE):    0.000ns

    Location             Delay type                Incr(ns)  Path(ns)    Netlist Resource(s)
  -------------------------------------------------------------------    -------------------
                         (clock net_clk rise edge)    0.000     0.000 r  
                                                      0.000     0.000 r  net_clk (IN)
                         net (fo=1291, unset)         0.410     0.410    u_clk/net_clk
    SLICE_X48Y30         FDRE                                         r  u_clk/time_ns_reg[18]/C
  -------------------------------------------------------------------    -------------------
    SLICE_X48Y30         FDRE (Prop_fdre_C_Q)         0.141     0.551 r  u_clk/time_ns_reg[18]/Q
                         net (fo=6, unset)            0.410     0.961    time_ns[18]
                                                                      r  time_ns[18] (OUT)
  -------------------------------------------------------------------    -------------------

Slack:                    inf
  Source:                 u_clk/time_ns_reg[19]/C
                            (rising edge-triggered cell FDRE clocked by net_clk  {rise@0.000ns fall@3.200ns period=6.400ns})
  Destination:            time_ns[19]
                            (output port)
  Path Group:             (none)
  Path Type:              Min at Fast Process Corner
  Data Path Delay:        0.551ns  (logic 0.141ns (25.583%)  route 0.410ns (74.417%))
  Logic Levels:           0  
  Clock Uncertainty:      0.025ns  ((TSJ^2 + TIJ^2)^1/2 + DJ) / 2 + PE
    Total System Jitter     (TSJ):    0.050ns
    Total Input Jitter      (TIJ):    0.000ns
    Discrete Jitter          (DJ):    0.000ns
    Phase Error              (PE):    0.000ns

    Location             Delay type                Incr(ns)  Path(ns)    Netlist Resource(s)
  -------------------------------------------------------------------    -------------------
                         (clock net_clk rise edge)    0.000     0.000 r  
                                                      0.000     0.000 r  net_clk (IN)
                         net (fo=1291, unset)         0.410     0.410    u_clk/net_clk
    SLICE_X47Y31         FDRE                                         r  u_clk/time_ns_reg[19]/C
  -------------------------------------------------------------------    -------------------
    SLICE_X47Y31         FDRE (Prop_fdre_C_Q)         0.141     0.551 r  u_clk/time_ns_reg[19]/Q
                         net (fo=6, unset)            0.410     0.961    time_ns[19]
                                                                      r  time_ns[19] (OUT)
  -------------------------------------------------------------------    -------------------

Slack:                    inf
  Source:                 u_clk/time_ns_reg[1]/C
                            (rising edge-triggered cell FDRE clocked by net_clk  {rise@0.000ns fall@3.200ns period=6.400ns})
  Destination:            time_ns[1]
                            (output port)
  Path Group:             (none)
  Path Type:              Min at Fast Process Corner
  Data Path Delay:        0.551ns  (logic 0.141ns (25.583%)  route 0.410ns (74.417%))
  Logic Levels:           0  
  Clock Uncertainty:      0.025ns  ((TSJ^2 + TIJ^2)^1/2 + DJ) / 2 + PE
    Total System Jitter     (TSJ):    0.050ns
    Total Input Jitter      (TIJ):    0.000ns
    Discrete Jitter          (DJ):    0.000ns
    Phase Error              (PE):    0.000ns

    Location             Delay type                Incr(ns)  Path(ns)    Netlist Resource(s)
  -------------------------------------------------------------------    -------------------
                         (clock net_clk rise edge)    0.000     0.000 r  
                                                      0.000     0.000 r  net_clk (IN)
                         net (fo=1291, unset)         0.410     0.410    u_clk/net_clk
    SLICE_X49Y27         FDRE                                         r  u_clk/time_ns_reg[1]/C
  -------------------------------------------------------------------    -------------------
    SLICE_X49Y27         FDRE (Prop_fdre_C_Q)         0.141     0.551 r  u_clk/time_ns_reg[1]/Q
                         net (fo=5, unset)            0.410     0.961    time_ns[1]
                                                                      r  time_ns[1] (OUT)
  -------------------------------------------------------------------    -------------------

Slack:                    inf
  Source:                 u_clk/time_ns_reg[21]/C
                            (rising edge-triggered cell FDRE clocked by net_clk  {rise@0.000ns fall@3.200ns period=6.400ns})
  Destination:            time_ns[21]
                            (output port)
  Path Group:             (none)
  Path Type:              Min at Fast Process Corner
  Data Path Delay:        0.551ns  (logic 0.141ns (25.583%)  route 0.410ns (74.417%))
  Logic Levels:           0  
  Clock Uncertainty:      0.025ns  ((TSJ^2 + TIJ^2)^1/2 + DJ) / 2 + PE
    Total System Jitter     (TSJ):    0.050ns
    Total Input Jitter      (TIJ):    0.000ns
    Discrete Jitter          (DJ):    0.000ns
    Phase Error              (PE):    0.000ns

    Location             Delay type                Incr(ns)  Path(ns)    Netlist Resource(s)
  -------------------------------------------------------------------    -------------------
                         (clock net_clk rise edge)    0.000     0.000 r  
                                                      0.000     0.000 r  net_clk (IN)
                         net (fo=1291, unset)         0.410     0.410    u_clk/net_clk
    SLICE_X48Y32         FDRE                                         r  u_clk/time_ns_reg[21]/C
  -------------------------------------------------------------------    -------------------
    SLICE_X48Y32         FDRE (Prop_fdre_C_Q)         0.141     0.551 r  u_clk/time_ns_reg[21]/Q
                         net (fo=6, unset)            0.410     0.961    time_ns[21]
                                                                      r  time_ns[21] (OUT)
  -------------------------------------------------------------------    -------------------

Slack:                    inf
  Source:                 u_clk/time_ns_reg[22]/C
                            (rising edge-triggered cell FDRE clocked by net_clk  {rise@0.000ns fall@3.200ns period=6.400ns})
  Destination:            time_ns[22]
                            (output port)
  Path Group:             (none)
  Path Type:              Min at Fast Process Corner
  Data Path Delay:        0.551ns  (logic 0.141ns (25.583%)  route 0.410ns (74.417%))
  Logic Levels:           0  
  Clock Uncertainty:      0.025ns  ((TSJ^2 + TIJ^2)^1/2 + DJ) / 2 + PE
    Total System Jitter     (TSJ):    0.050ns
    Total Input Jitter      (TIJ):    0.000ns
    Discrete Jitter          (DJ):    0.000ns
    Phase Error              (PE):    0.000ns

    Location             Delay type                Incr(ns)  Path(ns)    Netlist Resource(s)
  -------------------------------------------------------------------    -------------------
                         (clock net_clk rise edge)    0.000     0.000 r  
                                                      0.000     0.000 r  net_clk (IN)
                         net (fo=1291, unset)         0.410     0.410    u_clk/net_clk
    SLICE_X48Y33         FDRE                                         r  u_clk/time_ns_reg[22]/C
  -------------------------------------------------------------------    -------------------
    SLICE_X48Y33         FDRE (Prop_fdre_C_Q)         0.141     0.551 r  u_clk/time_ns_reg[22]/Q
                         net (fo=6, unset)            0.410     0.961    time_ns[22]
                                                                      r  time_ns[22] (OUT)
  -------------------------------------------------------------------    -------------------

Slack:                    inf
  Source:                 u_clk/time_ns_reg[23]/C
                            (rising edge-triggered cell FDRE clocked by net_clk  {rise@0.000ns fall@3.200ns period=6.400ns})
  Destination:            time_ns[23]
                            (output port)
  Path Group:             (none)
  Path Type:              Min at Fast Process Corner
  Data Path Delay:        0.551ns  (logic 0.141ns (25.583%)  route 0.410ns (74.417%))
  Logic Levels:           0  
  Clock Uncertainty:      0.025ns  ((TSJ^2 + TIJ^2)^1/2 + DJ) / 2 + PE
    Total System Jitter     (TSJ):    0.050ns
    Total Input Jitter      (TIJ):    0.000ns
    Discrete Jitter          (DJ):    0.000ns
    Phase Error              (PE):    0.000ns

    Location             Delay type                Incr(ns)  Path(ns)    Netlist Resource(s)
  -------------------------------------------------------------------    -------------------
                         (clock net_clk rise edge)    0.000     0.000 r  
                                                      0.000     0.000 r  net_clk (IN)
                         net (fo=1291, unset)         0.410     0.410    u_clk/net_clk
    SLICE_X48Y33         FDRE                                         r  u_clk/time_ns_reg[23]/C
  -------------------------------------------------------------------    -------------------
    SLICE_X48Y33         FDRE (Prop_fdre_C_Q)         0.141     0.551 r  u_clk/time_ns_reg[23]/Q
                         net (fo=6, unset)            0.410     0.961    time_ns[23]
                                                                      r  time_ns[23] (OUT)
  -------------------------------------------------------------------    -------------------

Slack:                    inf
  Source:                 u_clk/time_ns_reg[24]/C
                            (rising edge-triggered cell FDRE clocked by net_clk  {rise@0.000ns fall@3.200ns period=6.400ns})
  Destination:            time_ns[24]
                            (output port)
  Path Group:             (none)
  Path Type:              Min at Fast Process Corner
  Data Path Delay:        0.551ns  (logic 0.141ns (25.583%)  route 0.410ns (74.417%))
  Logic Levels:           0  
  Clock Uncertainty:      0.025ns  ((TSJ^2 + TIJ^2)^1/2 + DJ) / 2 + PE
    Total System Jitter     (TSJ):    0.050ns
    Total Input Jitter      (TIJ):    0.000ns
    Discrete Jitter          (DJ):    0.000ns
    Phase Error              (PE):    0.000ns

    Location             Delay type                Incr(ns)  Path(ns)    Netlist Resource(s)
  -------------------------------------------------------------------    -------------------
                         (clock net_clk rise edge)    0.000     0.000 r  
                                                      0.000     0.000 r  net_clk (IN)
                         net (fo=1291, unset)         0.410     0.410    u_clk/net_clk
    SLICE_X51Y30         FDRE                                         r  u_clk/time_ns_reg[24]/C
  -------------------------------------------------------------------    -------------------
    SLICE_X51Y30         FDRE (Prop_fdre_C_Q)         0.141     0.551 r  u_clk/time_ns_reg[24]/Q
                         net (fo=6, unset)            0.410     0.961    time_ns[24]
                                                                      r  time_ns[24] (OUT)
  -------------------------------------------------------------------    -------------------

Slack:                    inf
  Source:                 u_clk/time_ns_reg[25]/C
                            (rising edge-triggered cell FDRE clocked by net_clk  {rise@0.000ns fall@3.200ns period=6.400ns})
  Destination:            time_ns[25]
                            (output port)
  Path Group:             (none)
  Path Type:              Min at Fast Process Corner
  Data Path Delay:        0.551ns  (logic 0.141ns (25.583%)  route 0.410ns (74.417%))
  Logic Levels:           0  
  Clock Uncertainty:      0.025ns  ((TSJ^2 + TIJ^2)^1/2 + DJ) / 2 + PE
    Total System Jitter     (TSJ):    0.050ns
    Total Input Jitter      (TIJ):    0.000ns
    Discrete Jitter          (DJ):    0.000ns
    Phase Error              (PE):    0.000ns

    Location             Delay type                Incr(ns)  Path(ns)    Netlist Resource(s)
  -------------------------------------------------------------------    -------------------
                         (clock net_clk rise edge)    0.000     0.000 r  
                                                      0.000     0.000 r  net_clk (IN)
                         net (fo=1291, unset)         0.410     0.410    u_clk/net_clk
    SLICE_X48Y34         FDRE                                         r  u_clk/time_ns_reg[25]/C
  -------------------------------------------------------------------    -------------------
    SLICE_X48Y34         FDRE (Prop_fdre_C_Q)         0.141     0.551 r  u_clk/time_ns_reg[25]/Q
                         net (fo=6, unset)            0.410     0.961    time_ns[25]
                                                                      r  time_ns[25] (OUT)
  -------------------------------------------------------------------    -------------------

Slack:                    inf
  Source:                 u_clk/time_ns_reg[26]/C
                            (rising edge-triggered cell FDRE clocked by net_clk  {rise@0.000ns fall@3.200ns period=6.400ns})
  Destination:            time_ns[26]
                            (output port)
  Path Group:             (none)
  Path Type:              Min at Fast Process Corner
  Data Path Delay:        0.551ns  (logic 0.141ns (25.583%)  route 0.410ns (74.417%))
  Logic Levels:           0  
  Clock Uncertainty:      0.025ns  ((TSJ^2 + TIJ^2)^1/2 + DJ) / 2 + PE
    Total System Jitter     (TSJ):    0.050ns
    Total Input Jitter      (TIJ):    0.000ns
    Discrete Jitter          (DJ):    0.000ns
    Phase Error              (PE):    0.000ns

    Location             Delay type                Incr(ns)  Path(ns)    Netlist Resource(s)
  -------------------------------------------------------------------    -------------------
                         (clock net_clk rise edge)    0.000     0.000 r  
                                                      0.000     0.000 r  net_clk (IN)
                         net (fo=1291, unset)         0.410     0.410    u_clk/net_clk
    SLICE_X48Y32         FDRE                                         r  u_clk/time_ns_reg[26]/C
  -------------------------------------------------------------------    -------------------
    SLICE_X48Y32         FDRE (Prop_fdre_C_Q)         0.141     0.551 r  u_clk/time_ns_reg[26]/Q
                         net (fo=6, unset)            0.410     0.961    time_ns[26]
                                                                      r  time_ns[26] (OUT)
  -------------------------------------------------------------------    -------------------

Slack:                    inf
  Source:                 u_clk/time_ns_reg[27]/C
                            (rising edge-triggered cell FDRE clocked by net_clk  {rise@0.000ns fall@3.200ns period=6.400ns})
  Destination:            time_ns[27]
                            (output port)
  Path Group:             (none)
  Path Type:              Min at Fast Process Corner
  Data Path Delay:        0.551ns  (logic 0.141ns (25.583%)  route 0.410ns (74.417%))
  Logic Levels:           0  
  Clock Uncertainty:      0.025ns  ((TSJ^2 + TIJ^2)^1/2 + DJ) / 2 + PE
    Total System Jitter     (TSJ):    0.050ns
    Total Input Jitter      (TIJ):    0.000ns
    Discrete Jitter          (DJ):    0.000ns
    Phase Error              (PE):    0.000ns

    Location             Delay type                Incr(ns)  Path(ns)    Netlist Resource(s)
  -------------------------------------------------------------------    -------------------
                         (clock net_clk rise edge)    0.000     0.000 r  
                                                      0.000     0.000 r  net_clk (IN)
                         net (fo=1291, unset)         0.410     0.410    u_clk/net_clk
    SLICE_X47Y31         FDRE                                         r  u_clk/time_ns_reg[27]/C
  -------------------------------------------------------------------    -------------------
    SLICE_X47Y31         FDRE (Prop_fdre_C_Q)         0.141     0.551 r  u_clk/time_ns_reg[27]/Q
                         net (fo=6, unset)            0.410     0.961    time_ns[27]
                                                                      r  time_ns[27] (OUT)
  -------------------------------------------------------------------    -------------------

Slack:                    inf
  Source:                 u_clk/time_ns_reg[28]/C
                            (rising edge-triggered cell FDRE clocked by net_clk  {rise@0.000ns fall@3.200ns period=6.400ns})
  Destination:            time_ns[28]
                            (output port)
  Path Group:             (none)
  Path Type:              Min at Fast Process Corner
  Data Path Delay:        0.551ns  (logic 0.141ns (25.583%)  route 0.410ns (74.417%))
  Logic Levels:           0  
  Clock Uncertainty:      0.025ns  ((TSJ^2 + TIJ^2)^1/2 + DJ) / 2 + PE
    Total System Jitter     (TSJ):    0.050ns
    Total Input Jitter      (TIJ):    0.000ns
    Discrete Jitter          (DJ):    0.000ns
    Phase Error              (PE):    0.000ns

    Location             Delay type                Incr(ns)  Path(ns)    Netlist Resource(s)
  -------------------------------------------------------------------    -------------------
                         (clock net_clk rise edge)    0.000     0.000 r  
                                                      0.000     0.000 r  net_clk (IN)
                         net (fo=1291, unset)         0.410     0.410    u_clk/net_clk
    SLICE_X43Y31         FDRE                                         r  u_clk/time_ns_reg[28]/C
  -------------------------------------------------------------------    -------------------
    SLICE_X43Y31         FDRE (Prop_fdre_C_Q)         0.141     0.551 r  u_clk/time_ns_reg[28]/Q
                         net (fo=6, unset)            0.410     0.961    time_ns[28]
                                                                      r  time_ns[28] (OUT)
  -------------------------------------------------------------------    -------------------

Slack:                    inf
  Source:                 u_clk/time_ns_reg[29]/C
                            (rising edge-triggered cell FDRE clocked by net_clk  {rise@0.000ns fall@3.200ns period=6.400ns})
  Destination:            time_ns[29]
                            (output port)
  Path Group:             (none)
  Path Type:              Min at Fast Process Corner
  Data Path Delay:        0.551ns  (logic 0.141ns (25.583%)  route 0.410ns (74.417%))
  Logic Levels:           0  
  Clock Uncertainty:      0.025ns  ((TSJ^2 + TIJ^2)^1/2 + DJ) / 2 + PE
    Total System Jitter     (TSJ):    0.050ns
    Total Input Jitter      (TIJ):    0.000ns
    Discrete Jitter          (DJ):    0.000ns
    Phase Error              (PE):    0.000ns

    Location             Delay type                Incr(ns)  Path(ns)    Netlist Resource(s)
  -------------------------------------------------------------------    -------------------
                         (clock net_clk rise edge)    0.000     0.000 r  
                                                      0.000     0.000 r  net_clk (IN)
                         net (fo=1291, unset)         0.410     0.410    u_clk/net_clk
    SLICE_X39Y35         FDRE                                         r  u_clk/time_ns_reg[29]/C
  -------------------------------------------------------------------    -------------------
    SLICE_X39Y35         FDRE (Prop_fdre_C_Q)         0.141     0.551 r  u_clk/time_ns_reg[29]/Q
                         net (fo=6, unset)            0.410     0.961    time_ns[29]
                                                                      r  time_ns[29] (OUT)
  -------------------------------------------------------------------    -------------------

Slack:                    inf
  Source:                 u_clk/time_ns_reg[2]/C
                            (rising edge-triggered cell FDRE clocked by net_clk  {rise@0.000ns fall@3.200ns period=6.400ns})
  Destination:            time_ns[2]
                            (output port)
  Path Group:             (none)
  Path Type:              Min at Fast Process Corner
  Data Path Delay:        0.551ns  (logic 0.141ns (25.583%)  route 0.410ns (74.417%))
  Logic Levels:           0  
  Clock Uncertainty:      0.025ns  ((TSJ^2 + TIJ^2)^1/2 + DJ) / 2 + PE
    Total System Jitter     (TSJ):    0.050ns
    Total Input Jitter      (TIJ):    0.000ns
    Discrete Jitter          (DJ):    0.000ns
    Phase Error              (PE):    0.000ns

    Location             Delay type                Incr(ns)  Path(ns)    Netlist Resource(s)
  -------------------------------------------------------------------    -------------------
                         (clock net_clk rise edge)    0.000     0.000 r  
                                                      0.000     0.000 r  net_clk (IN)
                         net (fo=1291, unset)         0.410     0.410    u_clk/net_clk
    SLICE_X40Y31         FDRE                                         r  u_clk/time_ns_reg[2]/C
  -------------------------------------------------------------------    -------------------
    SLICE_X40Y31         FDRE (Prop_fdre_C_Q)         0.141     0.551 r  u_clk/time_ns_reg[2]/Q
                         net (fo=5, unset)            0.410     0.961    time_ns[2]
                                                                      r  time_ns[2] (OUT)
  -------------------------------------------------------------------    -------------------





--------------------------------------------------------------------------------------
Path Group:  (none)
From Clock:  
  To Clock:  aclk

Max Delay           428 Endpoints
Min Delay           428 Endpoints
--------------------------------------------------------------------------------------


Max Delay Paths
--------------------------------------------------------------------------------------
Slack:                    inf
  Source:                 aresetn
                            (input port)
  Destination:            u_axi/br_req_reg/R
                            (rising edge-triggered cell FDRE clocked by aclk  {rise@0.000ns fall@5.000ns period=10.000ns})
  Path Group:             (none)
  Path Type:              Setup (Max at Slow Process Corner)
  Data Path Delay:        4.200ns  (logic 0.124ns (2.952%)  route 4.076ns (97.048%))
  Logic Levels:           1  (LUT1=1)
  Clock Path Skew:        0.924ns (DCD - SCD + CPR)
    Destination Clock Delay (DCD):    0.924ns
    Source Clock Delay      (SCD):    0.000ns
    Clock Pessimism Removal (CPR):    0.000ns
  Clock Uncertainty:      0.025ns  ((TSJ^2 + TIJ^2)^1/2 + DJ) / 2 + PE
    Total System Jitter     (TSJ):    0.050ns
    Total Input Jitter      (TIJ):    0.000ns
    Discrete Jitter          (DJ):    0.000ns
    Phase Error              (PE):    0.000ns

    Location             Delay type                Incr(ns)  Path(ns)    Netlist Resource(s)
  -------------------------------------------------------------------    -------------------
                                                      0.000     0.000 f  aresetn (IN)
                         net (fo=5, unset)            0.973     0.973    u_axi/aresetn
    SLICE_X60Y43         LUT1 (Prop_lut1_I0_O)        0.124     1.097 r  u_axi/s_axi_awready_i_1/O
                         net (fo=286, routed)         3.103     4.200    u_axi/SR[0]
    SLICE_X44Y27         FDRE                                         r  u_axi/br_req_reg/R
  -------------------------------------------------------------------    -------------------

                         (clock aclk rise edge)       0.000     0.000 r  
                                                      0.000     0.000 r  aclk (IN)
                         net (fo=376, unset)          0.924     0.924    u_axi/aclk
    SLICE_X44Y27         FDRE                                         r  u_axi/br_req_reg/C

Slack:                    inf
  Source:                 aresetn
                            (input port)
  Destination:            u_bridge/m_busy_reg/R
                            (rising edge-triggered cell FDRE clocked by aclk  {rise@0.000ns fall@5.000ns period=10.000ns})
  Path Group:             (none)
  Path Type:              Setup (Max at Slow Process Corner)
  Data Path Delay:        4.200ns  (logic 0.124ns (2.952%)  route 4.076ns (97.048%))
  Logic Levels:           1  (LUT1=1)
  Clock Path Skew:        0.924ns (DCD - SCD + CPR)
    Destination Clock Delay (DCD):    0.924ns
    Source Clock Delay      (SCD):    0.000ns
    Clock Pessimism Removal (CPR):    0.000ns
  Clock Uncertainty:      0.025ns  ((TSJ^2 + TIJ^2)^1/2 + DJ) / 2 + PE
    Total System Jitter     (TSJ):    0.050ns
    Total Input Jitter      (TIJ):    0.000ns
    Discrete Jitter          (DJ):    0.000ns
    Phase Error              (PE):    0.000ns

    Location             Delay type                Incr(ns)  Path(ns)    Netlist Resource(s)
  -------------------------------------------------------------------    -------------------
                                                      0.000     0.000 f  aresetn (IN)
                         net (fo=5, unset)            0.973     0.973    u_axi/aresetn
    SLICE_X60Y43         LUT1 (Prop_lut1_I0_O)        0.124     1.097 r  u_axi/s_axi_awready_i_1/O
                         net (fo=286, routed)         3.103     4.200    u_bridge/SR[0]
    SLICE_X44Y27         FDRE                                         r  u_bridge/m_busy_reg/R
  -------------------------------------------------------------------    -------------------

                         (clock aclk rise edge)       0.000     0.000 r  
                                                      0.000     0.000 r  aclk (IN)
                         net (fo=376, unset)          0.924     0.924    u_bridge/aclk
    SLICE_X44Y27         FDRE                                         r  u_bridge/m_busy_reg/C

Slack:                    inf
  Source:                 aresetn
                            (input port)
  Destination:            u_bridge/req_tgl_reg/R
                            (rising edge-triggered cell FDRE clocked by aclk  {rise@0.000ns fall@5.000ns period=10.000ns})
  Path Group:             (none)
  Path Type:              Setup (Max at Slow Process Corner)
  Data Path Delay:        4.200ns  (logic 0.124ns (2.952%)  route 4.076ns (97.048%))
  Logic Levels:           1  (LUT1=1)
  Clock Path Skew:        0.924ns (DCD - SCD + CPR)
    Destination Clock Delay (DCD):    0.924ns
    Source Clock Delay      (SCD):    0.000ns
    Clock Pessimism Removal (CPR):    0.000ns
  Clock Uncertainty:      0.025ns  ((TSJ^2 + TIJ^2)^1/2 + DJ) / 2 + PE
    Total System Jitter     (TSJ):    0.050ns
    Total Input Jitter      (TIJ):    0.000ns
    Discrete Jitter          (DJ):    0.000ns
    Phase Error              (PE):    0.000ns

    Location             Delay type                Incr(ns)  Path(ns)    Netlist Resource(s)
  -------------------------------------------------------------------    -------------------
                                                      0.000     0.000 f  aresetn (IN)
                         net (fo=5, unset)            0.973     0.973    u_axi/aresetn
    SLICE_X60Y43         LUT1 (Prop_lut1_I0_O)        0.124     1.097 r  u_axi/s_axi_awready_i_1/O
                         net (fo=286, routed)         3.103     4.200    u_bridge/SR[0]
    SLICE_X44Y27         FDRE                                         r  u_bridge/req_tgl_reg/R
  -------------------------------------------------------------------    -------------------

                         (clock aclk rise edge)       0.000     0.000 r  
                                                      0.000     0.000 r  aclk (IN)
                         net (fo=376, unset)          0.924     0.924    u_bridge/aclk
    SLICE_X44Y27         FDRE                                         r  u_bridge/req_tgl_reg/C

Slack:                    inf
  Source:                 aresetn
                            (input port)
  Destination:            u_bridge/ack_sync_reg[0]/R
                            (rising edge-triggered cell FDRE clocked by aclk  {rise@0.000ns fall@5.000ns period=10.000ns})
  Path Group:             (none)
  Path Type:              Setup (Max at Slow Process Corner)
  Data Path Delay:        4.069ns  (logic 0.124ns (3.047%)  route 3.945ns (96.953%))
  Logic Levels:           1  (LUT1=1)
  Clock Path Skew:        0.924ns (DCD - SCD + CPR)
    Destination Clock Delay (DCD):    0.924ns
    Source Clock Delay      (SCD):    0.000ns
    Clock Pessimism Removal (CPR):    0.000ns
  Clock Uncertainty:      0.025ns  ((TSJ^2 + TIJ^2)^1/2 + DJ) / 2 + PE
    Total System Jitter     (TSJ):    0.050ns
    Total Input Jitter      (TIJ):    0.000ns
    Discrete Jitter          (DJ):    0.000ns
    Phase Error              (PE):    0.000ns

    Location             Delay type                Incr(ns)  Path(ns)    Netlist Resource(s)
  -------------------------------------------------------------------    -------------------
                                                      0.000     0.000 f  aresetn (IN)
                         net (fo=5, unset)            0.973     0.973    u_axi/aresetn
    SLICE_X60Y43         LUT1 (Prop_lut1_I0_O)        0.124     1.097 r  u_axi/s_axi_awready_i_1/O
                         net (fo=286, routed)         2.972     4.069    u_bridge/SR[0]
    SLICE_X38Y27         FDRE                                         r  u_bridge/ack_sync_reg[0]/R
  -------------------------------------------------------------------    -------------------

                         (clock aclk rise edge)       0.000     0.000 r  
                                                      0.000     0.000 r  aclk (IN)
                         net (fo=376, unset)          0.924     0.924    u_bridge/aclk
    SLICE_X38Y27         FDRE                                         r  u_bridge/ack_sync_reg[0]/C

Slack:                    inf
  Source:                 aresetn
                            (input port)
  Destination:            u_bridge/ack_sync_reg[1]/R
                            (rising edge-triggered cell FDRE clocked by aclk  {rise@0.000ns fall@5.000ns period=10.000ns})
  Path Group:             (none)
  Path Type:              Setup (Max at Slow Process Corner)
  Data Path Delay:        4.069ns  (logic 0.124ns (3.047%)  route 3.945ns (96.953%))
  Logic Levels:           1  (LUT1=1)
  Clock Path Skew:        0.924ns (DCD - SCD + CPR)
    Destination Clock Delay (DCD):    0.924ns
    Source Clock Delay      (SCD):    0.000ns
    Clock Pessimism Removal (CPR):    0.000ns
  Clock Uncertainty:      0.025ns  ((TSJ^2 + TIJ^2)^1/2 + DJ) / 2 + PE
    Total System Jitter     (TSJ):    0.050ns
    Total Input Jitter      (TIJ):    0.000ns
    Discrete Jitter          (DJ):    0.000ns
    Phase Error              (PE):    0.000ns

    Location             Delay type                Incr(ns)  Path(ns)    Netlist Resource(s)
  -------------------------------------------------------------------    -------------------
                                                      0.000     0.000 f  aresetn (IN)
                         net (fo=5, unset)            0.973     0.973    u_axi/aresetn
    SLICE_X60Y43         LUT1 (Prop_lut1_I0_O)        0.124     1.097 r  u_axi/s_axi_awready_i_1/O
                         net (fo=286, routed)         2.972     4.069    u_bridge/SR[0]
    SLICE_X38Y27         FDRE                                         r  u_bridge/ack_sync_reg[1]/R
  -------------------------------------------------------------------    -------------------

                         (clock aclk rise edge)       0.000     0.000 r  
                                                      0.000     0.000 r  aclk (IN)
                         net (fo=376, unset)          0.924     0.924    u_bridge/aclk
    SLICE_X38Y27         FDRE                                         r  u_bridge/ack_sync_reg[1]/C

Slack:                    inf
  Source:                 aresetn
                            (input port)
  Destination:            u_axi/br_addr_reg[2]/R
                            (rising edge-triggered cell FDRE clocked by aclk  {rise@0.000ns fall@5.000ns period=10.000ns})
  Path Group:             (none)
  Path Type:              Setup (Max at Slow Process Corner)
  Data Path Delay:        3.919ns  (logic 0.124ns (3.164%)  route 3.795ns (96.836%))
  Logic Levels:           1  (LUT1=1)
  Clock Path Skew:        0.924ns (DCD - SCD + CPR)
    Destination Clock Delay (DCD):    0.924ns
    Source Clock Delay      (SCD):    0.000ns
    Clock Pessimism Removal (CPR):    0.000ns
  Clock Uncertainty:      0.025ns  ((TSJ^2 + TIJ^2)^1/2 + DJ) / 2 + PE
    Total System Jitter     (TSJ):    0.050ns
    Total Input Jitter      (TIJ):    0.000ns
    Discrete Jitter          (DJ):    0.000ns
    Phase Error              (PE):    0.000ns

    Location             Delay type                Incr(ns)  Path(ns)    Netlist Resource(s)
  -------------------------------------------------------------------    -------------------
                                                      0.000     0.000 f  aresetn (IN)
                         net (fo=5, unset)            0.973     0.973    u_axi/aresetn
    SLICE_X60Y43         LUT1 (Prop_lut1_I0_O)        0.124     1.097 r  u_axi/s_axi_awready_i_1/O
                         net (fo=286, routed)         2.822     3.919    u_axi/SR[0]
    SLICE_X52Y31         FDRE                                         r  u_axi/br_addr_reg[2]/R
  -------------------------------------------------------------------    -------------------

                         (clock aclk rise edge)       0.000     0.000 r  
                                                      0.000     0.000 r  aclk (IN)
                         net (fo=376, unset)          0.924     0.924    u_axi/aclk
    SLICE_X52Y31         FDRE                                         r  u_axi/br_addr_reg[2]/C

Slack:                    inf
  Source:                 aresetn
                            (input port)
  Destination:            u_axi/br_wdata_reg[14]/R
                            (rising edge-triggered cell FDRE clocked by aclk  {rise@0.000ns fall@5.000ns period=10.000ns})
  Path Group:             (none)
  Path Type:              Setup (Max at Slow Process Corner)
  Data Path Delay:        3.914ns  (logic 0.124ns (3.168%)  route 3.790ns (96.832%))
  Logic Levels:           1  (LUT1=1)
  Clock Path Skew:        0.924ns (DCD - SCD + CPR)
    Destination Clock Delay (DCD):    0.924ns
    Source Clock Delay      (SCD):    0.000ns
    Clock Pessimism Removal (CPR):    0.000ns
  Clock Uncertainty:      0.025ns  ((TSJ^2 + TIJ^2)^1/2 + DJ) / 2 + PE
    Total System Jitter     (TSJ):    0.050ns
    Total Input Jitter      (TIJ):    0.000ns
    Discrete Jitter          (DJ):    0.000ns
    Phase Error              (PE):    0.000ns

    Location             Delay type                Incr(ns)  Path(ns)    Netlist Resource(s)
  -------------------------------------------------------------------    -------------------
                                                      0.000     0.000 f  aresetn (IN)
                         net (fo=5, unset)            0.973     0.973    u_axi/aresetn
    SLICE_X60Y43         LUT1 (Prop_lut1_I0_O)        0.124     1.097 r  u_axi/s_axi_awready_i_1/O
                         net (fo=286, routed)         2.817     3.914    u_axi/SR[0]
    SLICE_X53Y31         FDRE                                         r  u_axi/br_wdata_reg[14]/R
  -------------------------------------------------------------------    -------------------

                         (clock aclk rise edge)       0.000     0.000 r  
                                                      0.000     0.000 r  aclk (IN)
                         net (fo=376, unset)          0.924     0.924    u_axi/aclk
    SLICE_X53Y31         FDRE                                         r  u_axi/br_wdata_reg[14]/C

Slack:                    inf
  Source:                 aresetn
                            (input port)
  Destination:            u_axi/br_wdata_reg[18]/R
                            (rising edge-triggered cell FDRE clocked by aclk  {rise@0.000ns fall@5.000ns period=10.000ns})
  Path Group:             (none)
  Path Type:              Setup (Max at Slow Process Corner)
  Data Path Delay:        3.914ns  (logic 0.124ns (3.168%)  route 3.790ns (96.832%))
  Logic Levels:           1  (LUT1=1)
  Clock Path Skew:        0.924ns (DCD - SCD + CPR)
    Destination Clock Delay (DCD):    0.924ns
    Source Clock Delay      (SCD):    0.000ns
    Clock Pessimism Removal (CPR):    0.000ns
  Clock Uncertainty:      0.025ns  ((TSJ^2 + TIJ^2)^1/2 + DJ) / 2 + PE
    Total System Jitter     (TSJ):    0.050ns
    Total Input Jitter      (TIJ):    0.000ns
    Discrete Jitter          (DJ):    0.000ns
    Phase Error              (PE):    0.000ns

    Location             Delay type                Incr(ns)  Path(ns)    Netlist Resource(s)
  -------------------------------------------------------------------    -------------------
                                                      0.000     0.000 f  aresetn (IN)
                         net (fo=5, unset)            0.973     0.973    u_axi/aresetn
    SLICE_X60Y43         LUT1 (Prop_lut1_I0_O)        0.124     1.097 r  u_axi/s_axi_awready_i_1/O
                         net (fo=286, routed)         2.817     3.914    u_axi/SR[0]
    SLICE_X53Y31         FDRE                                         r  u_axi/br_wdata_reg[18]/R
  -------------------------------------------------------------------    -------------------

                         (clock aclk rise edge)       0.000     0.000 r  
                                                      0.000     0.000 r  aclk (IN)
                         net (fo=376, unset)          0.924     0.924    u_axi/aclk
    SLICE_X53Y31         FDRE                                         r  u_axi/br_wdata_reg[18]/C

Slack:                    inf
  Source:                 aresetn
                            (input port)
  Destination:            u_axi/br_wdata_reg[19]/R
                            (rising edge-triggered cell FDRE clocked by aclk  {rise@0.000ns fall@5.000ns period=10.000ns})
  Path Group:             (none)
  Path Type:              Setup (Max at Slow Process Corner)
  Data Path Delay:        3.914ns  (logic 0.124ns (3.168%)  route 3.790ns (96.832%))
  Logic Levels:           1  (LUT1=1)
  Clock Path Skew:        0.924ns (DCD - SCD + CPR)
    Destination Clock Delay (DCD):    0.924ns
    Source Clock Delay      (SCD):    0.000ns
    Clock Pessimism Removal (CPR):    0.000ns
  Clock Uncertainty:      0.025ns  ((TSJ^2 + TIJ^2)^1/2 + DJ) / 2 + PE
    Total System Jitter     (TSJ):    0.050ns
    Total Input Jitter      (TIJ):    0.000ns
    Discrete Jitter          (DJ):    0.000ns
    Phase Error              (PE):    0.000ns

    Location             Delay type                Incr(ns)  Path(ns)    Netlist Resource(s)
  -------------------------------------------------------------------    -------------------
                                                      0.000     0.000 f  aresetn (IN)
                         net (fo=5, unset)            0.973     0.973    u_axi/aresetn
    SLICE_X60Y43         LUT1 (Prop_lut1_I0_O)        0.124     1.097 r  u_axi/s_axi_awready_i_1/O
                         net (fo=286, routed)         2.817     3.914    u_axi/SR[0]
    SLICE_X53Y31         FDRE                                         r  u_axi/br_wdata_reg[19]/R
  -------------------------------------------------------------------    -------------------

                         (clock aclk rise edge)       0.000     0.000 r  
                                                      0.000     0.000 r  aclk (IN)
                         net (fo=376, unset)          0.924     0.924    u_axi/aclk
    SLICE_X53Y31         FDRE                                         r  u_axi/br_wdata_reg[19]/C

Slack:                    inf
  Source:                 aresetn
                            (input port)
  Destination:            u_axi/br_wdata_reg[1]/R
                            (rising edge-triggered cell FDRE clocked by aclk  {rise@0.000ns fall@5.000ns period=10.000ns})
  Path Group:             (none)
  Path Type:              Setup (Max at Slow Process Corner)
  Data Path Delay:        3.914ns  (logic 0.124ns (3.168%)  route 3.790ns (96.832%))
  Logic Levels:           1  (LUT1=1)
  Clock Path Skew:        0.924ns (DCD - SCD + CPR)
    Destination Clock Delay (DCD):    0.924ns
    Source Clock Delay      (SCD):    0.000ns
    Clock Pessimism Removal (CPR):    0.000ns
  Clock Uncertainty:      0.025ns  ((TSJ^2 + TIJ^2)^1/2 + DJ) / 2 + PE
    Total System Jitter     (TSJ):    0.050ns
    Total Input Jitter      (TIJ):    0.000ns
    Discrete Jitter          (DJ):    0.000ns
    Phase Error              (PE):    0.000ns

    Location             Delay type                Incr(ns)  Path(ns)    Netlist Resource(s)
  -------------------------------------------------------------------    -------------------
                                                      0.000     0.000 f  aresetn (IN)
                         net (fo=5, unset)            0.973     0.973    u_axi/aresetn
    SLICE_X60Y43         LUT1 (Prop_lut1_I0_O)        0.124     1.097 r  u_axi/s_axi_awready_i_1/O
                         net (fo=286, routed)         2.817     3.914    u_axi/SR[0]
    SLICE_X53Y31         FDRE                                         r  u_axi/br_wdata_reg[1]/R
  -------------------------------------------------------------------    -------------------

                         (clock aclk rise edge)       0.000     0.000 r  
                                                      0.000     0.000 r  aclk (IN)
                         net (fo=376, unset)          0.924     0.924    u_axi/aclk
    SLICE_X53Y31         FDRE                                         r  u_axi/br_wdata_reg[1]/C

Slack:                    inf
  Source:                 aresetn
                            (input port)
  Destination:            u_axi/br_wdata_reg[2]/R
                            (rising edge-triggered cell FDRE clocked by aclk  {rise@0.000ns fall@5.000ns period=10.000ns})
  Path Group:             (none)
  Path Type:              Setup (Max at Slow Process Corner)
  Data Path Delay:        3.914ns  (logic 0.124ns (3.168%)  route 3.790ns (96.832%))
  Logic Levels:           1  (LUT1=1)
  Clock Path Skew:        0.924ns (DCD - SCD + CPR)
    Destination Clock Delay (DCD):    0.924ns
    Source Clock Delay      (SCD):    0.000ns
    Clock Pessimism Removal (CPR):    0.000ns
  Clock Uncertainty:      0.025ns  ((TSJ^2 + TIJ^2)^1/2 + DJ) / 2 + PE
    Total System Jitter     (TSJ):    0.050ns
    Total Input Jitter      (TIJ):    0.000ns
    Discrete Jitter          (DJ):    0.000ns
    Phase Error              (PE):    0.000ns

    Location             Delay type                Incr(ns)  Path(ns)    Netlist Resource(s)
  -------------------------------------------------------------------    -------------------
                                                      0.000     0.000 f  aresetn (IN)
                         net (fo=5, unset)            0.973     0.973    u_axi/aresetn
    SLICE_X60Y43         LUT1 (Prop_lut1_I0_O)        0.124     1.097 r  u_axi/s_axi_awready_i_1/O
                         net (fo=286, routed)         2.817     3.914    u_axi/SR[0]
    SLICE_X53Y31         FDRE                                         r  u_axi/br_wdata_reg[2]/R
  -------------------------------------------------------------------    -------------------

                         (clock aclk rise edge)       0.000     0.000 r  
                                                      0.000     0.000 r  aclk (IN)
                         net (fo=376, unset)          0.924     0.924    u_axi/aclk
    SLICE_X53Y31         FDRE                                         r  u_axi/br_wdata_reg[2]/C

Slack:                    inf
  Source:                 aresetn
                            (input port)
  Destination:            u_axi/br_wdata_reg[3]/R
                            (rising edge-triggered cell FDRE clocked by aclk  {rise@0.000ns fall@5.000ns period=10.000ns})
  Path Group:             (none)
  Path Type:              Setup (Max at Slow Process Corner)
  Data Path Delay:        3.914ns  (logic 0.124ns (3.168%)  route 3.790ns (96.832%))
  Logic Levels:           1  (LUT1=1)
  Clock Path Skew:        0.924ns (DCD - SCD + CPR)
    Destination Clock Delay (DCD):    0.924ns
    Source Clock Delay      (SCD):    0.000ns
    Clock Pessimism Removal (CPR):    0.000ns
  Clock Uncertainty:      0.025ns  ((TSJ^2 + TIJ^2)^1/2 + DJ) / 2 + PE
    Total System Jitter     (TSJ):    0.050ns
    Total Input Jitter      (TIJ):    0.000ns
    Discrete Jitter          (DJ):    0.000ns
    Phase Error              (PE):    0.000ns

    Location             Delay type                Incr(ns)  Path(ns)    Netlist Resource(s)
  -------------------------------------------------------------------    -------------------
                                                      0.000     0.000 f  aresetn (IN)
                         net (fo=5, unset)            0.973     0.973    u_axi/aresetn
    SLICE_X60Y43         LUT1 (Prop_lut1_I0_O)        0.124     1.097 r  u_axi/s_axi_awready_i_1/O
                         net (fo=286, routed)         2.817     3.914    u_axi/SR[0]
    SLICE_X53Y31         FDRE                                         r  u_axi/br_wdata_reg[3]/R
  -------------------------------------------------------------------    -------------------

                         (clock aclk rise edge)       0.000     0.000 r  
                                                      0.000     0.000 r  aclk (IN)
                         net (fo=376, unset)          0.924     0.924    u_axi/aclk
    SLICE_X53Y31         FDRE                                         r  u_axi/br_wdata_reg[3]/C

Slack:                    inf
  Source:                 aresetn
                            (input port)
  Destination:            u_axi/br_wdata_reg[7]/R
                            (rising edge-triggered cell FDRE clocked by aclk  {rise@0.000ns fall@5.000ns period=10.000ns})
  Path Group:             (none)
  Path Type:              Setup (Max at Slow Process Corner)
  Data Path Delay:        3.914ns  (logic 0.124ns (3.168%)  route 3.790ns (96.832%))
  Logic Levels:           1  (LUT1=1)
  Clock Path Skew:        0.924ns (DCD - SCD + CPR)
    Destination Clock Delay (DCD):    0.924ns
    Source Clock Delay      (SCD):    0.000ns
    Clock Pessimism Removal (CPR):    0.000ns
  Clock Uncertainty:      0.025ns  ((TSJ^2 + TIJ^2)^1/2 + DJ) / 2 + PE
    Total System Jitter     (TSJ):    0.050ns
    Total Input Jitter      (TIJ):    0.000ns
    Discrete Jitter          (DJ):    0.000ns
    Phase Error              (PE):    0.000ns

    Location             Delay type                Incr(ns)  Path(ns)    Netlist Resource(s)
  -------------------------------------------------------------------    -------------------
                                                      0.000     0.000 f  aresetn (IN)
                         net (fo=5, unset)            0.973     0.973    u_axi/aresetn
    SLICE_X60Y43         LUT1 (Prop_lut1_I0_O)        0.124     1.097 r  u_axi/s_axi_awready_i_1/O
                         net (fo=286, routed)         2.817     3.914    u_axi/SR[0]
    SLICE_X53Y31         FDRE                                         r  u_axi/br_wdata_reg[7]/R
  -------------------------------------------------------------------    -------------------

                         (clock aclk rise edge)       0.000     0.000 r  
                                                      0.000     0.000 r  aclk (IN)
                         net (fo=376, unset)          0.924     0.924    u_axi/aclk
    SLICE_X53Y31         FDRE                                         r  u_axi/br_wdata_reg[7]/C

Slack:                    inf
  Source:                 aresetn
                            (input port)
  Destination:            u_axi/br_wdata_reg[8]/R
                            (rising edge-triggered cell FDRE clocked by aclk  {rise@0.000ns fall@5.000ns period=10.000ns})
  Path Group:             (none)
  Path Type:              Setup (Max at Slow Process Corner)
  Data Path Delay:        3.914ns  (logic 0.124ns (3.168%)  route 3.790ns (96.832%))
  Logic Levels:           1  (LUT1=1)
  Clock Path Skew:        0.924ns (DCD - SCD + CPR)
    Destination Clock Delay (DCD):    0.924ns
    Source Clock Delay      (SCD):    0.000ns
    Clock Pessimism Removal (CPR):    0.000ns
  Clock Uncertainty:      0.025ns  ((TSJ^2 + TIJ^2)^1/2 + DJ) / 2 + PE
    Total System Jitter     (TSJ):    0.050ns
    Total Input Jitter      (TIJ):    0.000ns
    Discrete Jitter          (DJ):    0.000ns
    Phase Error              (PE):    0.000ns

    Location             Delay type                Incr(ns)  Path(ns)    Netlist Resource(s)
  -------------------------------------------------------------------    -------------------
                                                      0.000     0.000 f  aresetn (IN)
                         net (fo=5, unset)            0.973     0.973    u_axi/aresetn
    SLICE_X60Y43         LUT1 (Prop_lut1_I0_O)        0.124     1.097 r  u_axi/s_axi_awready_i_1/O
                         net (fo=286, routed)         2.817     3.914    u_axi/SR[0]
    SLICE_X53Y31         FDRE                                         r  u_axi/br_wdata_reg[8]/R
  -------------------------------------------------------------------    -------------------

                         (clock aclk rise edge)       0.000     0.000 r  
                                                      0.000     0.000 r  aclk (IN)
                         net (fo=376, unset)          0.924     0.924    u_axi/aclk
    SLICE_X53Y31         FDRE                                         r  u_axi/br_wdata_reg[8]/C

Slack:                    inf
  Source:                 aresetn
                            (input port)
  Destination:            u_bridge/m_rdata_reg[1]/R
                            (rising edge-triggered cell FDRE clocked by aclk  {rise@0.000ns fall@5.000ns period=10.000ns})
  Path Group:             (none)
  Path Type:              Setup (Max at Slow Process Corner)
  Data Path Delay:        3.554ns  (logic 0.124ns (3.489%)  route 3.430ns (96.511%))
  Logic Levels:           1  (LUT1=1)
  Clock Path Skew:        0.924ns (DCD - SCD + CPR)
    Destination Clock Delay (DCD):    0.924ns
    Source Clock Delay      (SCD):    0.000ns
    Clock Pessimism Removal (CPR):    0.000ns
  Clock Uncertainty:      0.025ns  ((TSJ^2 + TIJ^2)^1/2 + DJ) / 2 + PE
    Total System Jitter     (TSJ):    0.050ns
    Total Input Jitter      (TIJ):    0.000ns
    Discrete Jitter          (DJ):    0.000ns
    Phase Error              (PE):    0.000ns

    Location             Delay type                Incr(ns)  Path(ns)    Netlist Resource(s)
  -------------------------------------------------------------------    -------------------
                                                      0.000     0.000 f  aresetn (IN)
                         net (fo=5, unset)            0.973     0.973    u_axi/aresetn
    SLICE_X60Y43         LUT1 (Prop_lut1_I0_O)        0.124     1.097 r  u_axi/s_axi_awready_i_1/O
                         net (fo=286, routed)         2.457     3.554    u_bridge/SR[0]
    SLICE_X32Y34         FDRE                                         r  u_bridge/m_rdata_reg[1]/R
  -------------------------------------------------------------------    -------------------

                         (clock aclk rise edge)       0.000     0.000 r  
                                                      0.000     0.000 r  aclk (IN)
                         net (fo=376, unset)          0.924     0.924    u_bridge/aclk
    SLICE_X32Y34         FDRE                                         r  u_bridge/m_rdata_reg[1]/C

Slack:                    inf
  Source:                 aresetn
                            (input port)
  Destination:            u_bridge/m_rdata_reg[3]/R
                            (rising edge-triggered cell FDRE clocked by aclk  {rise@0.000ns fall@5.000ns period=10.000ns})
  Path Group:             (none)
  Path Type:              Setup (Max at Slow Process Corner)
  Data Path Delay:        3.554ns  (logic 0.124ns (3.489%)  route 3.430ns (96.511%))
  Logic Levels:           1  (LUT1=1)
  Clock Path Skew:        0.924ns (DCD - SCD + CPR)
    Destination Clock Delay (DCD):    0.924ns
    Source Clock Delay      (SCD):    0.000ns
    Clock Pessimism Removal (CPR):    0.000ns
  Clock Uncertainty:      0.025ns  ((TSJ^2 + TIJ^2)^1/2 + DJ) / 2 + PE
    Total System Jitter     (TSJ):    0.050ns
    Total Input Jitter      (TIJ):    0.000ns
    Discrete Jitter          (DJ):    0.000ns
    Phase Error              (PE):    0.000ns

    Location             Delay type                Incr(ns)  Path(ns)    Netlist Resource(s)
  -------------------------------------------------------------------    -------------------
                                                      0.000     0.000 f  aresetn (IN)
                         net (fo=5, unset)            0.973     0.973    u_axi/aresetn
    SLICE_X60Y43         LUT1 (Prop_lut1_I0_O)        0.124     1.097 r  u_axi/s_axi_awready_i_1/O
                         net (fo=286, routed)         2.457     3.554    u_bridge/SR[0]
    SLICE_X32Y34         FDRE                                         r  u_bridge/m_rdata_reg[3]/R
  -------------------------------------------------------------------    -------------------

                         (clock aclk rise edge)       0.000     0.000 r  
                                                      0.000     0.000 r  aclk (IN)
                         net (fo=376, unset)          0.924     0.924    u_bridge/aclk
    SLICE_X32Y34         FDRE                                         r  u_bridge/m_rdata_reg[3]/C

Slack:                    inf
  Source:                 aresetn
                            (input port)
  Destination:            u_bridge/m_rdata_reg[5]/R
                            (rising edge-triggered cell FDRE clocked by aclk  {rise@0.000ns fall@5.000ns period=10.000ns})
  Path Group:             (none)
  Path Type:              Setup (Max at Slow Process Corner)
  Data Path Delay:        3.554ns  (logic 0.124ns (3.489%)  route 3.430ns (96.511%))
  Logic Levels:           1  (LUT1=1)
  Clock Path Skew:        0.924ns (DCD - SCD + CPR)
    Destination Clock Delay (DCD):    0.924ns
    Source Clock Delay      (SCD):    0.000ns
    Clock Pessimism Removal (CPR):    0.000ns
  Clock Uncertainty:      0.025ns  ((TSJ^2 + TIJ^2)^1/2 + DJ) / 2 + PE
    Total System Jitter     (TSJ):    0.050ns
    Total Input Jitter      (TIJ):    0.000ns
    Discrete Jitter          (DJ):    0.000ns
    Phase Error              (PE):    0.000ns

    Location             Delay type                Incr(ns)  Path(ns)    Netlist Resource(s)
  -------------------------------------------------------------------    -------------------
                                                      0.000     0.000 f  aresetn (IN)
                         net (fo=5, unset)            0.973     0.973    u_axi/aresetn
    SLICE_X60Y43         LUT1 (Prop_lut1_I0_O)        0.124     1.097 r  u_axi/s_axi_awready_i_1/O
                         net (fo=286, routed)         2.457     3.554    u_bridge/SR[0]
    SLICE_X32Y34         FDRE                                         r  u_bridge/m_rdata_reg[5]/R
  -------------------------------------------------------------------    -------------------

                         (clock aclk rise edge)       0.000     0.000 r  
                                                      0.000     0.000 r  aclk (IN)
                         net (fo=376, unset)          0.924     0.924    u_bridge/aclk
    SLICE_X32Y34         FDRE                                         r  u_bridge/m_rdata_reg[5]/C

Slack:                    inf
  Source:                 aresetn
                            (input port)
  Destination:            u_bridge/m_rdata_reg[6]/R
                            (rising edge-triggered cell FDRE clocked by aclk  {rise@0.000ns fall@5.000ns period=10.000ns})
  Path Group:             (none)
  Path Type:              Setup (Max at Slow Process Corner)
  Data Path Delay:        3.554ns  (logic 0.124ns (3.489%)  route 3.430ns (96.511%))
  Logic Levels:           1  (LUT1=1)
  Clock Path Skew:        0.924ns (DCD - SCD + CPR)
    Destination Clock Delay (DCD):    0.924ns
    Source Clock Delay      (SCD):    0.000ns
    Clock Pessimism Removal (CPR):    0.000ns
  Clock Uncertainty:      0.025ns  ((TSJ^2 + TIJ^2)^1/2 + DJ) / 2 + PE
    Total System Jitter     (TSJ):    0.050ns
    Total Input Jitter      (TIJ):    0.000ns
    Discrete Jitter          (DJ):    0.000ns
    Phase Error              (PE):    0.000ns

    Location             Delay type                Incr(ns)  Path(ns)    Netlist Resource(s)
  -------------------------------------------------------------------    -------------------
                                                      0.000     0.000 f  aresetn (IN)
                         net (fo=5, unset)            0.973     0.973    u_axi/aresetn
    SLICE_X60Y43         LUT1 (Prop_lut1_I0_O)        0.124     1.097 r  u_axi/s_axi_awready_i_1/O
                         net (fo=286, routed)         2.457     3.554    u_bridge/SR[0]
    SLICE_X32Y34         FDRE                                         r  u_bridge/m_rdata_reg[6]/R
  -------------------------------------------------------------------    -------------------

                         (clock aclk rise edge)       0.000     0.000 r  
                                                      0.000     0.000 r  aclk (IN)
                         net (fo=376, unset)          0.924     0.924    u_bridge/aclk
    SLICE_X32Y34         FDRE                                         r  u_bridge/m_rdata_reg[6]/C

Slack:                    inf
  Source:                 aresetn
                            (input port)
  Destination:            u_bridge/m_rdata_reg[7]/R
                            (rising edge-triggered cell FDRE clocked by aclk  {rise@0.000ns fall@5.000ns period=10.000ns})
  Path Group:             (none)
  Path Type:              Setup (Max at Slow Process Corner)
  Data Path Delay:        3.554ns  (logic 0.124ns (3.489%)  route 3.430ns (96.511%))
  Logic Levels:           1  (LUT1=1)
  Clock Path Skew:        0.924ns (DCD - SCD + CPR)
    Destination Clock Delay (DCD):    0.924ns
    Source Clock Delay      (SCD):    0.000ns
    Clock Pessimism Removal (CPR):    0.000ns
  Clock Uncertainty:      0.025ns  ((TSJ^2 + TIJ^2)^1/2 + DJ) / 2 + PE
    Total System Jitter     (TSJ):    0.050ns
    Total Input Jitter      (TIJ):    0.000ns
    Discrete Jitter          (DJ):    0.000ns
    Phase Error              (PE):    0.000ns

    Location             Delay type                Incr(ns)  Path(ns)    Netlist Resource(s)
  -------------------------------------------------------------------    -------------------
                                                      0.000     0.000 f  aresetn (IN)
                         net (fo=5, unset)            0.973     0.973    u_axi/aresetn
    SLICE_X60Y43         LUT1 (Prop_lut1_I0_O)        0.124     1.097 r  u_axi/s_axi_awready_i_1/O
                         net (fo=286, routed)         2.457     3.554    u_bridge/SR[0]
    SLICE_X32Y34         FDRE                                         r  u_bridge/m_rdata_reg[7]/R
  -------------------------------------------------------------------    -------------------

                         (clock aclk rise edge)       0.000     0.000 r  
                                                      0.000     0.000 r  aclk (IN)
                         net (fo=376, unset)          0.924     0.924    u_bridge/aclk
    SLICE_X32Y34         FDRE                                         r  u_bridge/m_rdata_reg[7]/C

Slack:                    inf
  Source:                 aresetn
                            (input port)
  Destination:            u_bridge/m_rdata_reg[2]/R
                            (rising edge-triggered cell FDRE clocked by aclk  {rise@0.000ns fall@5.000ns period=10.000ns})
  Path Group:             (none)
  Path Type:              Setup (Max at Slow Process Corner)
  Data Path Delay:        3.473ns  (logic 0.124ns (3.571%)  route 3.349ns (96.429%))
  Logic Levels:           1  (LUT1=1)
  Clock Path Skew:        0.924ns (DCD - SCD + CPR)
    Destination Clock Delay (DCD):    0.924ns
    Source Clock Delay      (SCD):    0.000ns
    Clock Pessimism Removal (CPR):    0.000ns
  Clock Uncertainty:      0.025ns  ((TSJ^2 + TIJ^2)^1/2 + DJ) / 2 + PE
    Total System Jitter     (TSJ):    0.050ns
    Total Input Jitter      (TIJ):    0.000ns
    Discrete Jitter          (DJ):    0.000ns
    Phase Error              (PE):    0.000ns

    Location             Delay type                Incr(ns)  Path(ns)    Netlist Resource(s)
  -------------------------------------------------------------------    -------------------
                                                      0.000     0.000 f  aresetn (IN)
                         net (fo=5, unset)            0.973     0.973    u_axi/aresetn
    SLICE_X60Y43         LUT1 (Prop_lut1_I0_O)        0.124     1.097 r  u_axi/s_axi_awready_i_1/O
                         net (fo=286, routed)         2.376     3.473    u_bridge/SR[0]
    SLICE_X34Y34         FDRE                                         r  u_bridge/m_rdata_reg[2]/R
  -------------------------------------------------------------------    -------------------

                         (clock aclk rise edge)       0.000     0.000 r  
                                                      0.000     0.000 r  aclk (IN)
                         net (fo=376, unset)          0.924     0.924    u_bridge/aclk
    SLICE_X34Y34         FDRE                                         r  u_bridge/m_rdata_reg[2]/C





Min Delay Paths
--------------------------------------------------------------------------------------
Slack:                    inf
  Source:                 s_axi_wdata[0]
                            (input port)
  Destination:            u_axi/wdata_q_reg[0]/D
                            (rising edge-triggered cell FDRE clocked by aclk  {rise@0.000ns fall@5.000ns period=10.000ns})
  Path Group:             (none)
  Path Type:              Hold (Min at Fast Process Corner)
  Data Path Delay:        0.410ns  (logic 0.000ns (0.000%)  route 0.410ns (100.000%))
  Logic Levels:           0  
  Clock Path Skew:        0.432ns (DCD - SCD - CPR)
    Destination Clock Delay (DCD):    0.432ns
    Source Clock Delay      (SCD):    0.000ns
    Clock Pessimism Removal (CPR):    -0.000ns

    Location             Delay type                Incr(ns)  Path(ns)    Netlist Resource(s)
  -------------------------------------------------------------------    -------------------
                                                      0.000     0.000 r  s_axi_wdata[0] (IN)
                         net (fo=0)                   0.410     0.410    u_axi/s_axi_wdata[0]
    SLICE_X57Y31         FDRE                                         r  u_axi/wdata_q_reg[0]/D
  -------------------------------------------------------------------    -------------------

                         (clock aclk rise edge)       0.000     0.000 r  
                                                      0.000     0.000 r  aclk (IN)
                         net (fo=376, unset)          0.432     0.432    u_axi/aclk
    SLICE_X57Y31         FDRE                                         r  u_axi/wdata_q_reg[0]/C

Slack:                    inf
  Source:                 s_axi_wdata[10]
                            (input port)
  Destination:            u_axi/wdata_q_reg[10]/D
                            (rising edge-triggered cell FDRE clocked by aclk  {rise@0.000ns fall@5.000ns period=10.000ns})
  Path Group:             (none)
  Path Type:              Hold (Min at Fast Process Corner)
  Data Path Delay:        0.410ns  (logic 0.000ns (0.000%)  route 0.410ns (100.000%))
  Logic Levels:           0  
  Clock Path Skew:        0.432ns (DCD - SCD - CPR)
    Destination Clock Delay (DCD):    0.432ns
    Source Clock Delay      (SCD):    0.000ns
    Clock Pessimism Removal (CPR):    -0.000ns

    Location             Delay type                Incr(ns)  Path(ns)    Netlist Resource(s)
  -------------------------------------------------------------------    -------------------
                                                      0.000     0.000 r  s_axi_wdata[10] (IN)
                         net (fo=0)                   0.410     0.410    u_axi/s_axi_wdata[10]
    SLICE_X55Y31         FDRE                                         r  u_axi/wdata_q_reg[10]/D
  -------------------------------------------------------------------    -------------------

                         (clock aclk rise edge)       0.000     0.000 r  
                                                      0.000     0.000 r  aclk (IN)
                         net (fo=376, unset)          0.432     0.432    u_axi/aclk
    SLICE_X55Y31         FDRE                                         r  u_axi/wdata_q_reg[10]/C

Slack:                    inf
  Source:                 s_axi_wdata[11]
                            (input port)
  Destination:            u_axi/wdata_q_reg[11]/D
                            (rising edge-triggered cell FDRE clocked by aclk  {rise@0.000ns fall@5.000ns period=10.000ns})
  Path Group:             (none)
  Path Type:              Hold (Min at Fast Process Corner)
  Data Path Delay:        0.410ns  (logic 0.000ns (0.000%)  route 0.410ns (100.000%))
  Logic Levels:           0  
  Clock Path Skew:        0.432ns (DCD - SCD - CPR)
    Destination Clock Delay (DCD):    0.432ns
    Source Clock Delay      (SCD):    0.000ns
    Clock Pessimism Removal (CPR):    -0.000ns

    Location             Delay type                Incr(ns)  Path(ns)    Netlist Resource(s)
  -------------------------------------------------------------------    -------------------
                                                      0.000     0.000 r  s_axi_wdata[11] (IN)
                         net (fo=0)                   0.410     0.410    u_axi/s_axi_wdata[11]
    SLICE_X55Y30         FDRE                                         r  u_axi/wdata_q_reg[11]/D
  -------------------------------------------------------------------    -------------------

                         (clock aclk rise edge)       0.000     0.000 r  
                                                      0.000     0.000 r  aclk (IN)
                         net (fo=376, unset)          0.432     0.432    u_axi/aclk
    SLICE_X55Y30         FDRE                                         r  u_axi/wdata_q_reg[11]/C

Slack:                    inf
  Source:                 s_axi_wdata[12]
                            (input port)
  Destination:            u_axi/wdata_q_reg[12]/D
                            (rising edge-triggered cell FDRE clocked by aclk  {rise@0.000ns fall@5.000ns period=10.000ns})
  Path Group:             (none)
  Path Type:              Hold (Min at Fast Process Corner)
  Data Path Delay:        0.410ns  (logic 0.000ns (0.000%)  route 0.410ns (100.000%))
  Logic Levels:           0  
  Clock Path Skew:        0.432ns (DCD - SCD - CPR)
    Destination Clock Delay (DCD):    0.432ns
    Source Clock Delay      (SCD):    0.000ns
    Clock Pessimism Removal (CPR):    -0.000ns

    Location             Delay type                Incr(ns)  Path(ns)    Netlist Resource(s)
  -------------------------------------------------------------------    -------------------
                                                      0.000     0.000 r  s_axi_wdata[12] (IN)
                         net (fo=0)                   0.410     0.410    u_axi/s_axi_wdata[12]
    SLICE_X55Y31         FDRE                                         r  u_axi/wdata_q_reg[12]/D
  -------------------------------------------------------------------    -------------------

                         (clock aclk rise edge)       0.000     0.000 r  
                                                      0.000     0.000 r  aclk (IN)
                         net (fo=376, unset)          0.432     0.432    u_axi/aclk
    SLICE_X55Y31         FDRE                                         r  u_axi/wdata_q_reg[12]/C

Slack:                    inf
  Source:                 s_axi_wdata[13]
                            (input port)
  Destination:            u_axi/wdata_q_reg[13]/D
                            (rising edge-triggered cell FDRE clocked by aclk  {rise@0.000ns fall@5.000ns period=10.000ns})
  Path Group:             (none)
  Path Type:              Hold (Min at Fast Process Corner)
  Data Path Delay:        0.410ns  (logic 0.000ns (0.000%)  route 0.410ns (100.000%))
  Logic Levels:           0  
  Clock Path Skew:        0.432ns (DCD - SCD - CPR)
    Destination Clock Delay (DCD):    0.432ns
    Source Clock Delay      (SCD):    0.000ns
    Clock Pessimism Removal (CPR):    -0.000ns

    Location             Delay type                Incr(ns)  Path(ns)    Netlist Resource(s)
  -------------------------------------------------------------------    -------------------
                                                      0.000     0.000 r  s_axi_wdata[13] (IN)
                         net (fo=0)                   0.410     0.410    u_axi/s_axi_wdata[13]
    SLICE_X54Y34         FDRE                                         r  u_axi/wdata_q_reg[13]/D
  -------------------------------------------------------------------    -------------------

                         (clock aclk rise edge)       0.000     0.000 r  
                                                      0.000     0.000 r  aclk (IN)
                         net (fo=376, unset)          0.432     0.432    u_axi/aclk
    SLICE_X54Y34         FDRE                                         r  u_axi/wdata_q_reg[13]/C

Slack:                    inf
  Source:                 s_axi_wdata[14]
                            (input port)
  Destination:            u_axi/wdata_q_reg[14]/D
                            (rising edge-triggered cell FDRE clocked by aclk  {rise@0.000ns fall@5.000ns period=10.000ns})
  Path Group:             (none)
  Path Type:              Hold (Min at Fast Process Corner)
  Data Path Delay:        0.410ns  (logic 0.000ns (0.000%)  route 0.410ns (100.000%))
  Logic Levels:           0  
  Clock Path Skew:        0.432ns (DCD - SCD - CPR)
    Destination Clock Delay (DCD):    0.432ns
    Source Clock Delay      (SCD):    0.000ns
    Clock Pessimism Removal (CPR):    -0.000ns

    Location             Delay type                Incr(ns)  Path(ns)    Netlist Resource(s)
  -------------------------------------------------------------------    -------------------
                                                      0.000     0.000 r  s_axi_wdata[14] (IN)
                         net (fo=0)                   0.410     0.410    u_axi/s_axi_wdata[14]
    SLICE_X52Y30         FDRE                                         r  u_axi/wdata_q_reg[14]/D
  -------------------------------------------------------------------    -------------------

                         (clock aclk rise edge)       0.000     0.000 r  
                                                      0.000     0.000 r  aclk (IN)
                         net (fo=376, unset)          0.432     0.432    u_axi/aclk
    SLICE_X52Y30         FDRE                                         r  u_axi/wdata_q_reg[14]/C

Slack:                    inf
  Source:                 s_axi_wdata[15]
                            (input port)
  Destination:            u_axi/wdata_q_reg[15]/D
                            (rising edge-triggered cell FDRE clocked by aclk  {rise@0.000ns fall@5.000ns period=10.000ns})
  Path Group:             (none)
  Path Type:              Hold (Min at Fast Process Corner)
  Data Path Delay:        0.410ns  (logic 0.000ns (0.000%)  route 0.410ns (100.000%))
  Logic Levels:           0  
  Clock Path Skew:        0.432ns (DCD - SCD - CPR)
    Destination Clock Delay (DCD):    0.432ns
    Source Clock Delay      (SCD):    0.000ns
    Clock Pessimism Removal (CPR):    -0.000ns

    Location             Delay type                Incr(ns)  Path(ns)    Netlist Resource(s)
  -------------------------------------------------------------------    -------------------
                                                      0.000     0.000 r  s_axi_wdata[15] (IN)
                         net (fo=0)                   0.410     0.410    u_axi/s_axi_wdata[15]
    SLICE_X54Y34         FDRE                                         r  u_axi/wdata_q_reg[15]/D
  -------------------------------------------------------------------    -------------------

                         (clock aclk rise edge)       0.000     0.000 r  
                                                      0.000     0.000 r  aclk (IN)
                         net (fo=376, unset)          0.432     0.432    u_axi/aclk
    SLICE_X54Y34         FDRE                                         r  u_axi/wdata_q_reg[15]/C

Slack:                    inf
  Source:                 s_axi_wdata[16]
                            (input port)
  Destination:            u_axi/wdata_q_reg[16]/D
                            (rising edge-triggered cell FDRE clocked by aclk  {rise@0.000ns fall@5.000ns period=10.000ns})
  Path Group:             (none)
  Path Type:              Hold (Min at Fast Process Corner)
  Data Path Delay:        0.410ns  (logic 0.000ns (0.000%)  route 0.410ns (100.000%))
  Logic Levels:           0  
  Clock Path Skew:        0.432ns (DCD - SCD - CPR)
    Destination Clock Delay (DCD):    0.432ns
    Source Clock Delay      (SCD):    0.000ns
    Clock Pessimism Removal (CPR):    -0.000ns

    Location             Delay type                Incr(ns)  Path(ns)    Netlist Resource(s)
  -------------------------------------------------------------------    -------------------
                                                      0.000     0.000 r  s_axi_wdata[16] (IN)
                         net (fo=0)                   0.410     0.410    u_axi/s_axi_wdata[16]
    SLICE_X55Y31         FDRE                                         r  u_axi/wdata_q_reg[16]/D
  -------------------------------------------------------------------    -------------------

                         (clock aclk rise edge)       0.000     0.000 r  
                                                      0.000     0.000 r  aclk (IN)
                         net (fo=376, unset)          0.432     0.432    u_axi/aclk
    SLICE_X55Y31         FDRE                                         r  u_axi/wdata_q_reg[16]/C

Slack:                    inf
  Source:                 s_axi_wdata[17]
                            (input port)
  Destination:            u_axi/wdata_q_reg[17]/D
                            (rising edge-triggered cell FDRE clocked by aclk  {rise@0.000ns fall@5.000ns period=10.000ns})
  Path Group:             (none)
  Path Type:              Hold (Min at Fast Process Corner)
  Data Path Delay:        0.410ns  (logic 0.000ns (0.000%)  route 0.410ns (100.000%))
  Logic Levels:           0  
  Clock Path Skew:        0.432ns (DCD - SCD - CPR)
    Destination Clock Delay (DCD):    0.432ns
    Source Clock Delay      (SCD):    0.000ns
    Clock Pessimism Removal (CPR):    -0.000ns

    Location             Delay type                Incr(ns)  Path(ns)    Netlist Resource(s)
  -------------------------------------------------------------------    -------------------
                                                      0.000     0.000 r  s_axi_wdata[17] (IN)
                         net (fo=0)                   0.410     0.410    u_axi/s_axi_wdata[17]
    SLICE_X55Y31         FDRE                                         r  u_axi/wdata_q_reg[17]/D
  -------------------------------------------------------------------    -------------------

                         (clock aclk rise edge)       0.000     0.000 r  
                                                      0.000     0.000 r  aclk (IN)
                         net (fo=376, unset)          0.432     0.432    u_axi/aclk
    SLICE_X55Y31         FDRE                                         r  u_axi/wdata_q_reg[17]/C

Slack:                    inf
  Source:                 s_axi_wdata[18]
                            (input port)
  Destination:            u_axi/wdata_q_reg[18]/D
                            (rising edge-triggered cell FDRE clocked by aclk  {rise@0.000ns fall@5.000ns period=10.000ns})
  Path Group:             (none)
  Path Type:              Hold (Min at Fast Process Corner)
  Data Path Delay:        0.410ns  (logic 0.000ns (0.000%)  route 0.410ns (100.000%))
  Logic Levels:           0  
  Clock Path Skew:        0.432ns (DCD - SCD - CPR)
    Destination Clock Delay (DCD):    0.432ns
    Source Clock Delay      (SCD):    0.000ns
    Clock Pessimism Removal (CPR):    -0.000ns

    Location             Delay type                Incr(ns)  Path(ns)    Netlist Resource(s)
  -------------------------------------------------------------------    -------------------
                                                      0.000     0.000 r  s_axi_wdata[18] (IN)
                         net (fo=0)                   0.410     0.410    u_axi/s_axi_wdata[18]
    SLICE_X52Y30         FDRE                                         r  u_axi/wdata_q_reg[18]/D
  -------------------------------------------------------------------    -------------------

                         (clock aclk rise edge)       0.000     0.000 r  
                                                      0.000     0.000 r  aclk (IN)
                         net (fo=376, unset)          0.432     0.432    u_axi/aclk
    SLICE_X52Y30         FDRE                                         r  u_axi/wdata_q_reg[18]/C

Slack:                    inf
  Source:                 s_axi_wdata[19]
                            (input port)
  Destination:            u_axi/wdata_q_reg[19]/D
                            (rising edge-triggered cell FDRE clocked by aclk  {rise@0.000ns fall@5.000ns period=10.000ns})
  Path Group:             (none)
  Path Type:              Hold (Min at Fast Process Corner)
  Data Path Delay:        0.410ns  (logic 0.000ns (0.000%)  route 0.410ns (100.000%))
  Logic Levels:           0  
  Clock Path Skew:        0.432ns (DCD - SCD - CPR)
    Destination Clock Delay (DCD):    0.432ns
    Source Clock Delay      (SCD):    0.000ns
    Clock Pessimism Removal (CPR):    -0.000ns

    Location             Delay type                Incr(ns)  Path(ns)    Netlist Resource(s)
  -------------------------------------------------------------------    -------------------
                                                      0.000     0.000 r  s_axi_wdata[19] (IN)
                         net (fo=0)                   0.410     0.410    u_axi/s_axi_wdata[19]
    SLICE_X52Y30         FDRE                                         r  u_axi/wdata_q_reg[19]/D
  -------------------------------------------------------------------    -------------------

                         (clock aclk rise edge)       0.000     0.000 r  
                                                      0.000     0.000 r  aclk (IN)
                         net (fo=376, unset)          0.432     0.432    u_axi/aclk
    SLICE_X52Y30         FDRE                                         r  u_axi/wdata_q_reg[19]/C

Slack:                    inf
  Source:                 s_axi_wdata[1]
                            (input port)
  Destination:            u_axi/wdata_q_reg[1]/D
                            (rising edge-triggered cell FDRE clocked by aclk  {rise@0.000ns fall@5.000ns period=10.000ns})
  Path Group:             (none)
  Path Type:              Hold (Min at Fast Process Corner)
  Data Path Delay:        0.410ns  (logic 0.000ns (0.000%)  route 0.410ns (100.000%))
  Logic Levels:           0  
  Clock Path Skew:        0.432ns (DCD - SCD - CPR)
    Destination Clock Delay (DCD):    0.432ns
    Source Clock Delay      (SCD):    0.000ns
    Clock Pessimism Removal (CPR):    -0.000ns

    Location             Delay type                Incr(ns)  Path(ns)    Netlist Resource(s)
  -------------------------------------------------------------------    -------------------
                                                      0.000     0.000 r  s_axi_wdata[1] (IN)
                         net (fo=0)                   0.410     0.410    u_axi/s_axi_wdata[1]
    SLICE_X52Y30         FDRE                                         r  u_axi/wdata_q_reg[1]/D
  -------------------------------------------------------------------    -------------------

                         (clock aclk rise edge)       0.000     0.000 r  
                                                      0.000     0.000 r  aclk (IN)
                         net (fo=376, unset)          0.432     0.432    u_axi/aclk
    SLICE_X52Y30         FDRE                                         r  u_axi/wdata_q_reg[1]/C

Slack:                    inf
  Source:                 s_axi_wdata[20]
                            (input port)
  Destination:            u_axi/wdata_q_reg[20]/D
                            (rising edge-triggered cell FDRE clocked by aclk  {rise@0.000ns fall@5.000ns period=10.000ns})
  Path Group:             (none)
  Path Type:              Hold (Min at Fast Process Corner)
  Data Path Delay:        0.410ns  (logic 0.000ns (0.000%)  route 0.410ns (100.000%))
  Logic Levels:           0  
  Clock Path Skew:        0.432ns (DCD - SCD - CPR)
    Destination Clock Delay (DCD):    0.432ns
    Source Clock Delay      (SCD):    0.000ns
    Clock Pessimism Removal (CPR):    -0.000ns

    Location             Delay type                Incr(ns)  Path(ns)    Netlist Resource(s)
  -------------------------------------------------------------------    -------------------
                                                      0.000     0.000 r  s_axi_wdata[20] (IN)
                         net (fo=0)                   0.410     0.410    u_axi/s_axi_wdata[20]
    SLICE_X55Y31         FDRE                                         r  u_axi/wdata_q_reg[20]/D
  -------------------------------------------------------------------    -------------------

                         (clock aclk rise edge)       0.000     0.000 r  
                                                      0.000     0.000 r  aclk (IN)
                         net (fo=376, unset)          0.432     0.432    u_axi/aclk
    SLICE_X55Y31         FDRE                                         r  u_axi/wdata_q_reg[20]/C

Slack:                    inf
  Source:                 s_axi_wdata[21]
                            (input port)
  Destination:            u_axi/wdata_q_reg[21]/D
                            (rising edge-triggered cell FDRE clocked by aclk  {rise@0.000ns fall@5.000ns period=10.000ns})
  Path Group:             (none)
  Path Type:              Hold (Min at Fast Process Corner)
  Data Path Delay:        0.410ns  (logic 0.000ns (0.000%)  route 0.410ns (100.000%))
  Logic Levels:           0  
  Clock Path Skew:        0.432ns (DCD - SCD - CPR)
    Destination Clock Delay (DCD):    0.432ns
    Source Clock Delay      (SCD):    0.000ns
    Clock Pessimism Removal (CPR):    -0.000ns

    Location             Delay type                Incr(ns)  Path(ns)    Netlist Resource(s)
  -------------------------------------------------------------------    -------------------
                                                      0.000     0.000 r  s_axi_wdata[21] (IN)
                         net (fo=0)                   0.410     0.410    u_axi/s_axi_wdata[21]
    SLICE_X59Y34         FDRE                                         r  u_axi/wdata_q_reg[21]/D
  -------------------------------------------------------------------    -------------------

                         (clock aclk rise edge)       0.000     0.000 r  
                                                      0.000     0.000 r  aclk (IN)
                         net (fo=376, unset)          0.432     0.432    u_axi/aclk
    SLICE_X59Y34         FDRE                                         r  u_axi/wdata_q_reg[21]/C

Slack:                    inf
  Source:                 s_axi_wdata[22]
                            (input port)
  Destination:            u_axi/wdata_q_reg[22]/D
                            (rising edge-triggered cell FDRE clocked by aclk  {rise@0.000ns fall@5.000ns period=10.000ns})
  Path Group:             (none)
  Path Type:              Hold (Min at Fast Process Corner)
  Data Path Delay:        0.410ns  (logic 0.000ns (0.000%)  route 0.410ns (100.000%))
  Logic Levels:           0  
  Clock Path Skew:        0.432ns (DCD - SCD - CPR)
    Destination Clock Delay (DCD):    0.432ns
    Source Clock Delay      (SCD):    0.000ns
    Clock Pessimism Removal (CPR):    -0.000ns

    Location             Delay type                Incr(ns)  Path(ns)    Netlist Resource(s)
  -------------------------------------------------------------------    -------------------
                                                      0.000     0.000 r  s_axi_wdata[22] (IN)
                         net (fo=0)                   0.410     0.410    u_axi/s_axi_wdata[22]
    SLICE_X54Y34         FDRE                                         r  u_axi/wdata_q_reg[22]/D
  -------------------------------------------------------------------    -------------------

                         (clock aclk rise edge)       0.000     0.000 r  
                                                      0.000     0.000 r  aclk (IN)
                         net (fo=376, unset)          0.432     0.432    u_axi/aclk
    SLICE_X54Y34         FDRE                                         r  u_axi/wdata_q_reg[22]/C

Slack:                    inf
  Source:                 s_axi_wdata[23]
                            (input port)
  Destination:            u_axi/wdata_q_reg[23]/D
                            (rising edge-triggered cell FDRE clocked by aclk  {rise@0.000ns fall@5.000ns period=10.000ns})
  Path Group:             (none)
  Path Type:              Hold (Min at Fast Process Corner)
  Data Path Delay:        0.410ns  (logic 0.000ns (0.000%)  route 0.410ns (100.000%))
  Logic Levels:           0  
  Clock Path Skew:        0.432ns (DCD - SCD - CPR)
    Destination Clock Delay (DCD):    0.432ns
    Source Clock Delay      (SCD):    0.000ns
    Clock Pessimism Removal (CPR):    -0.000ns

    Location             Delay type                Incr(ns)  Path(ns)    Netlist Resource(s)
  -------------------------------------------------------------------    -------------------
                                                      0.000     0.000 r  s_axi_wdata[23] (IN)
                         net (fo=0)                   0.410     0.410    u_axi/s_axi_wdata[23]
    SLICE_X59Y34         FDRE                                         r  u_axi/wdata_q_reg[23]/D
  -------------------------------------------------------------------    -------------------

                         (clock aclk rise edge)       0.000     0.000 r  
                                                      0.000     0.000 r  aclk (IN)
                         net (fo=376, unset)          0.432     0.432    u_axi/aclk
    SLICE_X59Y34         FDRE                                         r  u_axi/wdata_q_reg[23]/C

Slack:                    inf
  Source:                 s_axi_wdata[24]
                            (input port)
  Destination:            u_axi/wdata_q_reg[24]/D
                            (rising edge-triggered cell FDRE clocked by aclk  {rise@0.000ns fall@5.000ns period=10.000ns})
  Path Group:             (none)
  Path Type:              Hold (Min at Fast Process Corner)
  Data Path Delay:        0.410ns  (logic 0.000ns (0.000%)  route 0.410ns (100.000%))
  Logic Levels:           0  
  Clock Path Skew:        0.432ns (DCD - SCD - CPR)
    Destination Clock Delay (DCD):    0.432ns
    Source Clock Delay      (SCD):    0.000ns
    Clock Pessimism Removal (CPR):    -0.000ns

    Location             Delay type                Incr(ns)  Path(ns)    Netlist Resource(s)
  -------------------------------------------------------------------    -------------------
                                                      0.000     0.000 r  s_axi_wdata[24] (IN)
                         net (fo=0)                   0.410     0.410    u_axi/s_axi_wdata[24]
    SLICE_X59Y34         FDRE                                         r  u_axi/wdata_q_reg[24]/D
  -------------------------------------------------------------------    -------------------

                         (clock aclk rise edge)       0.000     0.000 r  
                                                      0.000     0.000 r  aclk (IN)
                         net (fo=376, unset)          0.432     0.432    u_axi/aclk
    SLICE_X59Y34         FDRE                                         r  u_axi/wdata_q_reg[24]/C

Slack:                    inf
  Source:                 s_axi_wdata[25]
                            (input port)
  Destination:            u_axi/wdata_q_reg[25]/D
                            (rising edge-triggered cell FDRE clocked by aclk  {rise@0.000ns fall@5.000ns period=10.000ns})
  Path Group:             (none)
  Path Type:              Hold (Min at Fast Process Corner)
  Data Path Delay:        0.410ns  (logic 0.000ns (0.000%)  route 0.410ns (100.000%))
  Logic Levels:           0  
  Clock Path Skew:        0.432ns (DCD - SCD - CPR)
    Destination Clock Delay (DCD):    0.432ns
    Source Clock Delay      (SCD):    0.000ns
    Clock Pessimism Removal (CPR):    -0.000ns

    Location             Delay type                Incr(ns)  Path(ns)    Netlist Resource(s)
  -------------------------------------------------------------------    -------------------
                                                      0.000     0.000 r  s_axi_wdata[25] (IN)
                         net (fo=0)                   0.410     0.410    u_axi/s_axi_wdata[25]
    SLICE_X54Y34         FDRE                                         r  u_axi/wdata_q_reg[25]/D
  -------------------------------------------------------------------    -------------------

                         (clock aclk rise edge)       0.000     0.000 r  
                                                      0.000     0.000 r  aclk (IN)
                         net (fo=376, unset)          0.432     0.432    u_axi/aclk
    SLICE_X54Y34         FDRE                                         r  u_axi/wdata_q_reg[25]/C

Slack:                    inf
  Source:                 s_axi_wdata[26]
                            (input port)
  Destination:            u_axi/wdata_q_reg[26]/D
                            (rising edge-triggered cell FDRE clocked by aclk  {rise@0.000ns fall@5.000ns period=10.000ns})
  Path Group:             (none)
  Path Type:              Hold (Min at Fast Process Corner)
  Data Path Delay:        0.410ns  (logic 0.000ns (0.000%)  route 0.410ns (100.000%))
  Logic Levels:           0  
  Clock Path Skew:        0.432ns (DCD - SCD - CPR)
    Destination Clock Delay (DCD):    0.432ns
    Source Clock Delay      (SCD):    0.000ns
    Clock Pessimism Removal (CPR):    -0.000ns

    Location             Delay type                Incr(ns)  Path(ns)    Netlist Resource(s)
  -------------------------------------------------------------------    -------------------
                                                      0.000     0.000 r  s_axi_wdata[26] (IN)
                         net (fo=0)                   0.410     0.410    u_axi/s_axi_wdata[26]
    SLICE_X59Y34         FDRE                                         r  u_axi/wdata_q_reg[26]/D
  -------------------------------------------------------------------    -------------------

                         (clock aclk rise edge)       0.000     0.000 r  
                                                      0.000     0.000 r  aclk (IN)
                         net (fo=376, unset)          0.432     0.432    u_axi/aclk
    SLICE_X59Y34         FDRE                                         r  u_axi/wdata_q_reg[26]/C

Slack:                    inf
  Source:                 s_axi_wdata[27]
                            (input port)
  Destination:            u_axi/wdata_q_reg[27]/D
                            (rising edge-triggered cell FDRE clocked by aclk  {rise@0.000ns fall@5.000ns period=10.000ns})
  Path Group:             (none)
  Path Type:              Hold (Min at Fast Process Corner)
  Data Path Delay:        0.410ns  (logic 0.000ns (0.000%)  route 0.410ns (100.000%))
  Logic Levels:           0  
  Clock Path Skew:        0.432ns (DCD - SCD - CPR)
    Destination Clock Delay (DCD):    0.432ns
    Source Clock Delay      (SCD):    0.000ns
    Clock Pessimism Removal (CPR):    -0.000ns

    Location             Delay type                Incr(ns)  Path(ns)    Netlist Resource(s)
  -------------------------------------------------------------------    -------------------
                                                      0.000     0.000 r  s_axi_wdata[27] (IN)
                         net (fo=0)                   0.410     0.410    u_axi/s_axi_wdata[27]
    SLICE_X58Y34         FDRE                                         r  u_axi/wdata_q_reg[27]/D
  -------------------------------------------------------------------    -------------------

                         (clock aclk rise edge)       0.000     0.000 r  
                                                      0.000     0.000 r  aclk (IN)
                         net (fo=376, unset)          0.432     0.432    u_axi/aclk
    SLICE_X58Y34         FDRE                                         r  u_axi/wdata_q_reg[27]/C





--------------------------------------------------------------------------------------
Path Group:  (none)
From Clock:  
  To Clock:  net_clk

Max Delay          1366 Endpoints
Min Delay          1366 Endpoints
--------------------------------------------------------------------------------------


Max Delay Paths
--------------------------------------------------------------------------------------
Slack:                    inf
  Source:                 net_rst_n
                            (input port)
  Destination:            u_snap/snap_reg[61]/R
                            (rising edge-triggered cell FDRE clocked by net_clk  {rise@0.000ns fall@3.200ns period=6.400ns})
  Path Group:             (none)
  Path Type:              Setup (Max at Slow Process Corner)
  Data Path Delay:        5.439ns  (logic 0.149ns (2.740%)  route 5.290ns (97.260%))
  Logic Levels:           1  (LUT1=1)
  Clock Path Skew:        0.924ns (DCD - SCD + CPR)
    Destination Clock Delay (DCD):    0.924ns
    Source Clock Delay      (SCD):    0.000ns
    Clock Pessimism Removal (CPR):    0.000ns
  Clock Uncertainty:      0.025ns  ((TSJ^2 + TIJ^2)^1/2 + DJ) / 2 + PE
    Total System Jitter     (TSJ):    0.050ns
    Total Input Jitter      (TIJ):    0.000ns
    Discrete Jitter          (DJ):    0.000ns
    Phase Error              (PE):    0.000ns

    Location             Delay type                Incr(ns)  Path(ns)    Netlist Resource(s)
  -------------------------------------------------------------------    -------------------
                                                      0.000     0.000 f  net_rst_n (IN)
                         net (fo=251, unset)          0.973     0.973    u_regs/net_rst_n
    SLICE_X31Y32         LUT1 (Prop_lut1_I0_O)        0.149     1.122 r  u_regs/time_sec[47]_i_1/O
                         net (fo=456, routed)         4.317     5.439    u_snap/p_0_in__0
    SLICE_X52Y43         FDRE                                         r  u_snap/snap_reg[61]/R
  -------------------------------------------------------------------    -------------------

                         (clock net_clk rise edge)    0.000     0.000 r  
                                                      0.000     0.000 r  net_clk (IN)
                         net (fo=1291, unset)         0.924     0.924    u_snap/net_clk
    SLICE_X52Y43         FDRE                                         r  u_snap/snap_reg[61]/C

Slack:                    inf
  Source:                 net_rst_n
                            (input port)
  Destination:            u_snap/snap_reg[63]/R
                            (rising edge-triggered cell FDRE clocked by net_clk  {rise@0.000ns fall@3.200ns period=6.400ns})
  Path Group:             (none)
  Path Type:              Setup (Max at Slow Process Corner)
  Data Path Delay:        5.439ns  (logic 0.149ns (2.740%)  route 5.290ns (97.260%))
  Logic Levels:           1  (LUT1=1)
  Clock Path Skew:        0.924ns (DCD - SCD + CPR)
    Destination Clock Delay (DCD):    0.924ns
    Source Clock Delay      (SCD):    0.000ns
    Clock Pessimism Removal (CPR):    0.000ns
  Clock Uncertainty:      0.025ns  ((TSJ^2 + TIJ^2)^1/2 + DJ) / 2 + PE
    Total System Jitter     (TSJ):    0.050ns
    Total Input Jitter      (TIJ):    0.000ns
    Discrete Jitter          (DJ):    0.000ns
    Phase Error              (PE):    0.000ns

    Location             Delay type                Incr(ns)  Path(ns)    Netlist Resource(s)
  -------------------------------------------------------------------    -------------------
                                                      0.000     0.000 f  net_rst_n (IN)
                         net (fo=251, unset)          0.973     0.973    u_regs/net_rst_n
    SLICE_X31Y32         LUT1 (Prop_lut1_I0_O)        0.149     1.122 r  u_regs/time_sec[47]_i_1/O
                         net (fo=456, routed)         4.317     5.439    u_snap/p_0_in__0
    SLICE_X52Y43         FDRE                                         r  u_snap/snap_reg[63]/R
  -------------------------------------------------------------------    -------------------

                         (clock net_clk rise edge)    0.000     0.000 r  
                                                      0.000     0.000 r  net_clk (IN)
                         net (fo=1291, unset)         0.924     0.924    u_snap/net_clk
    SLICE_X52Y43         FDRE                                         r  u_snap/snap_reg[63]/C

Slack:                    inf
  Source:                 net_rst_n
                            (input port)
  Destination:            u_snap/snap_reg[67]/R
                            (rising edge-triggered cell FDRE clocked by net_clk  {rise@0.000ns fall@3.200ns period=6.400ns})
  Path Group:             (none)
  Path Type:              Setup (Max at Slow Process Corner)
  Data Path Delay:        5.439ns  (logic 0.149ns (2.740%)  route 5.290ns (97.260%))
  Logic Levels:           1  (LUT1=1)
  Clock Path Skew:        0.924ns (DCD - SCD + CPR)
    Destination Clock Delay (DCD):    0.924ns
    Source Clock Delay      (SCD):    0.000ns
    Clock Pessimism Removal (CPR):    0.000ns
  Clock Uncertainty:      0.025ns  ((TSJ^2 + TIJ^2)^1/2 + DJ) / 2 + PE
    Total System Jitter     (TSJ):    0.050ns
    Total Input Jitter      (TIJ):    0.000ns
    Discrete Jitter          (DJ):    0.000ns
    Phase Error              (PE):    0.000ns

    Location             Delay type                Incr(ns)  Path(ns)    Netlist Resource(s)
  -------------------------------------------------------------------    -------------------
                                                      0.000     0.000 f  net_rst_n (IN)
                         net (fo=251, unset)          0.973     0.973    u_regs/net_rst_n
    SLICE_X31Y32         LUT1 (Prop_lut1_I0_O)        0.149     1.122 r  u_regs/time_sec[47]_i_1/O
                         net (fo=456, routed)         4.317     5.439    u_snap/p_0_in__0
    SLICE_X52Y43         FDRE                                         r  u_snap/snap_reg[67]/R
  -------------------------------------------------------------------    -------------------

                         (clock net_clk rise edge)    0.000     0.000 r  
                                                      0.000     0.000 r  net_clk (IN)
                         net (fo=1291, unset)         0.924     0.924    u_snap/net_clk
    SLICE_X52Y43         FDRE                                         r  u_snap/snap_reg[67]/C

Slack:                    inf
  Source:                 net_rst_n
                            (input port)
  Destination:            u_snap/snap_reg[70]/R
                            (rising edge-triggered cell FDRE clocked by net_clk  {rise@0.000ns fall@3.200ns period=6.400ns})
  Path Group:             (none)
  Path Type:              Setup (Max at Slow Process Corner)
  Data Path Delay:        5.439ns  (logic 0.149ns (2.740%)  route 5.290ns (97.260%))
  Logic Levels:           1  (LUT1=1)
  Clock Path Skew:        0.924ns (DCD - SCD + CPR)
    Destination Clock Delay (DCD):    0.924ns
    Source Clock Delay      (SCD):    0.000ns
    Clock Pessimism Removal (CPR):    0.000ns
  Clock Uncertainty:      0.025ns  ((TSJ^2 + TIJ^2)^1/2 + DJ) / 2 + PE
    Total System Jitter     (TSJ):    0.050ns
    Total Input Jitter      (TIJ):    0.000ns
    Discrete Jitter          (DJ):    0.000ns
    Phase Error              (PE):    0.000ns

    Location             Delay type                Incr(ns)  Path(ns)    Netlist Resource(s)
  -------------------------------------------------------------------    -------------------
                                                      0.000     0.000 f  net_rst_n (IN)
                         net (fo=251, unset)          0.973     0.973    u_regs/net_rst_n
    SLICE_X31Y32         LUT1 (Prop_lut1_I0_O)        0.149     1.122 r  u_regs/time_sec[47]_i_1/O
                         net (fo=456, routed)         4.317     5.439    u_snap/p_0_in__0
    SLICE_X52Y43         FDRE                                         r  u_snap/snap_reg[70]/R
  -------------------------------------------------------------------    -------------------

                         (clock net_clk rise edge)    0.000     0.000 r  
                                                      0.000     0.000 r  net_clk (IN)
                         net (fo=1291, unset)         0.924     0.924    u_snap/net_clk
    SLICE_X52Y43         FDRE                                         r  u_snap/snap_reg[70]/C

Slack:                    inf
  Source:                 net_rst_n
                            (input port)
  Destination:            u_snap/snap_reg[24]/R
                            (rising edge-triggered cell FDRE clocked by net_clk  {rise@0.000ns fall@3.200ns period=6.400ns})
  Path Group:             (none)
  Path Type:              Setup (Max at Slow Process Corner)
  Data Path Delay:        5.434ns  (logic 0.149ns (2.742%)  route 5.285ns (97.258%))
  Logic Levels:           1  (LUT1=1)
  Clock Path Skew:        0.924ns (DCD - SCD + CPR)
    Destination Clock Delay (DCD):    0.924ns
    Source Clock Delay      (SCD):    0.000ns
    Clock Pessimism Removal (CPR):    0.000ns
  Clock Uncertainty:      0.025ns  ((TSJ^2 + TIJ^2)^1/2 + DJ) / 2 + PE
    Total System Jitter     (TSJ):    0.050ns
    Total Input Jitter      (TIJ):    0.000ns
    Discrete Jitter          (DJ):    0.000ns
    Phase Error              (PE):    0.000ns

    Location             Delay type                Incr(ns)  Path(ns)    Netlist Resource(s)
  -------------------------------------------------------------------    -------------------
                                                      0.000     0.000 f  net_rst_n (IN)
                         net (fo=251, unset)          0.973     0.973    u_regs/net_rst_n
    SLICE_X31Y32         LUT1 (Prop_lut1_I0_O)        0.149     1.122 r  u_regs/time_sec[47]_i_1/O
                         net (fo=456, routed)         4.312     5.434    u_snap/p_0_in__0
    SLICE_X53Y43         FDRE                                         r  u_snap/snap_reg[24]/R
  -------------------------------------------------------------------    -------------------

                         (clock net_clk rise edge)    0.000     0.000 r  
                                                      0.000     0.000 r  net_clk (IN)
                         net (fo=1291, unset)         0.924     0.924    u_snap/net_clk
    SLICE_X53Y43         FDRE                                         r  u_snap/snap_reg[24]/C

Slack:                    inf
  Source:                 net_rst_n
                            (input port)
  Destination:            u_snap/snap_reg[29]/R
                            (rising edge-triggered cell FDRE clocked by net_clk  {rise@0.000ns fall@3.200ns period=6.400ns})
  Path Group:             (none)
  Path Type:              Setup (Max at Slow Process Corner)
  Data Path Delay:        5.434ns  (logic 0.149ns (2.742%)  route 5.285ns (97.258%))
  Logic Levels:           1  (LUT1=1)
  Clock Path Skew:        0.924ns (DCD - SCD + CPR)
    Destination Clock Delay (DCD):    0.924ns
    Source Clock Delay      (SCD):    0.000ns
    Clock Pessimism Removal (CPR):    0.000ns
  Clock Uncertainty:      0.025ns  ((TSJ^2 + TIJ^2)^1/2 + DJ) / 2 + PE
    Total System Jitter     (TSJ):    0.050ns
    Total Input Jitter      (TIJ):    0.000ns
    Discrete Jitter          (DJ):    0.000ns
    Phase Error              (PE):    0.000ns

    Location             Delay type                Incr(ns)  Path(ns)    Netlist Resource(s)
  -------------------------------------------------------------------    -------------------
                                                      0.000     0.000 f  net_rst_n (IN)
                         net (fo=251, unset)          0.973     0.973    u_regs/net_rst_n
    SLICE_X31Y32         LUT1 (Prop_lut1_I0_O)        0.149     1.122 r  u_regs/time_sec[47]_i_1/O
                         net (fo=456, routed)         4.312     5.434    u_snap/p_0_in__0
    SLICE_X53Y43         FDRE                                         r  u_snap/snap_reg[29]/R
  -------------------------------------------------------------------    -------------------

                         (clock net_clk rise edge)    0.000     0.000 r  
                                                      0.000     0.000 r  net_clk (IN)
                         net (fo=1291, unset)         0.924     0.924    u_snap/net_clk
    SLICE_X53Y43         FDRE                                         r  u_snap/snap_reg[29]/C

Slack:                    inf
  Source:                 net_rst_n
                            (input port)
  Destination:            u_snap/snap_reg[31]/R
                            (rising edge-triggered cell FDRE clocked by net_clk  {rise@0.000ns fall@3.200ns period=6.400ns})
  Path Group:             (none)
  Path Type:              Setup (Max at Slow Process Corner)
  Data Path Delay:        5.434ns  (logic 0.149ns (2.742%)  route 5.285ns (97.258%))
  Logic Levels:           1  (LUT1=1)
  Clock Path Skew:        0.924ns (DCD - SCD + CPR)
    Destination Clock Delay (DCD):    0.924ns
    Source Clock Delay      (SCD):    0.000ns
    Clock Pessimism Removal (CPR):    0.000ns
  Clock Uncertainty:      0.025ns  ((TSJ^2 + TIJ^2)^1/2 + DJ) / 2 + PE
    Total System Jitter     (TSJ):    0.050ns
    Total Input Jitter      (TIJ):    0.000ns
    Discrete Jitter          (DJ):    0.000ns
    Phase Error              (PE):    0.000ns

    Location             Delay type                Incr(ns)  Path(ns)    Netlist Resource(s)
  -------------------------------------------------------------------    -------------------
                                                      0.000     0.000 f  net_rst_n (IN)
                         net (fo=251, unset)          0.973     0.973    u_regs/net_rst_n
    SLICE_X31Y32         LUT1 (Prop_lut1_I0_O)        0.149     1.122 r  u_regs/time_sec[47]_i_1/O
                         net (fo=456, routed)         4.312     5.434    u_snap/p_0_in__0
    SLICE_X53Y43         FDRE                                         r  u_snap/snap_reg[31]/R
  -------------------------------------------------------------------    -------------------

                         (clock net_clk rise edge)    0.000     0.000 r  
                                                      0.000     0.000 r  net_clk (IN)
                         net (fo=1291, unset)         0.924     0.924    u_snap/net_clk
    SLICE_X53Y43         FDRE                                         r  u_snap/snap_reg[31]/C

Slack:                    inf
  Source:                 net_rst_n
                            (input port)
  Destination:            u_snap/snap_reg[57]/R
                            (rising edge-triggered cell FDRE clocked by net_clk  {rise@0.000ns fall@3.200ns period=6.400ns})
  Path Group:             (none)
  Path Type:              Setup (Max at Slow Process Corner)
  Data Path Delay:        5.434ns  (logic 0.149ns (2.742%)  route 5.285ns (97.258%))
  Logic Levels:           1  (LUT1=1)
  Clock Path Skew:        0.924ns (DCD - SCD + CPR)
    Destination Clock Delay (DCD):    0.924ns
    Source Clock Delay      (SCD):    0.000ns
    Clock Pessimism Removal (CPR):    0.000ns
  Clock Uncertainty:      0.025ns  ((TSJ^2 + TIJ^2)^1/2 + DJ) / 2 + PE
    Total System Jitter     (TSJ):    0.050ns
    Total Input Jitter      (TIJ):    0.000ns
    Discrete Jitter          (DJ):    0.000ns
    Phase Error              (PE):    0.000ns

    Location             Delay type                Incr(ns)  Path(ns)    Netlist Resource(s)
  -------------------------------------------------------------------    -------------------
                                                      0.000     0.000 f  net_rst_n (IN)
                         net (fo=251, unset)          0.973     0.973    u_regs/net_rst_n
    SLICE_X31Y32         LUT1 (Prop_lut1_I0_O)        0.149     1.122 r  u_regs/time_sec[47]_i_1/O
                         net (fo=456, routed)         4.312     5.434    u_snap/p_0_in__0
    SLICE_X53Y43         FDRE                                         r  u_snap/snap_reg[57]/R
  -------------------------------------------------------------------    -------------------

                         (clock net_clk rise edge)    0.000     0.000 r  
                                                      0.000     0.000 r  net_clk (IN)
                         net (fo=1291, unset)         0.924     0.924    u_snap/net_clk
    SLICE_X53Y43         FDRE                                         r  u_snap/snap_reg[57]/C

Slack:                    inf
  Source:                 net_rst_n
                            (input port)
  Destination:            u_snap/snap_reg[19]/R
                            (rising edge-triggered cell FDRE clocked by net_clk  {rise@0.000ns fall@3.200ns period=6.400ns})
  Path Group:             (none)
  Path Type:              Setup (Max at Slow Process Corner)
  Data Path Delay:        5.421ns  (logic 0.149ns (2.749%)  route 5.272ns (97.251%))
  Logic Levels:           1  (LUT1=1)
  Clock Path Skew:        0.924ns (DCD - SCD + CPR)
    Destination Clock Delay (DCD):    0.924ns
    Source Clock Delay      (SCD):    0.000ns
    Clock Pessimism Removal (CPR):    0.000ns
  Clock Uncertainty:      0.025ns  ((TSJ^2 + TIJ^2)^1/2 + DJ) / 2 + PE
    Total System Jitter     (TSJ):    0.050ns
    Total Input Jitter      (TIJ):    0.000ns
    Discrete Jitter          (DJ):    0.000ns
    Phase Error              (PE):    0.000ns

    Location             Delay type                Incr(ns)  Path(ns)    Netlist Resource(s)
  -------------------------------------------------------------------    -------------------
                                                      0.000     0.000 f  net_rst_n (IN)
                         net (fo=251, unset)          0.973     0.973    u_regs/net_rst_n
    SLICE_X31Y32         LUT1 (Prop_lut1_I0_O)        0.149     1.122 r  u_regs/time_sec[47]_i_1/O
                         net (fo=456, routed)         4.299     5.421    u_snap/p_0_in__0
    SLICE_X61Y39         FDRE                                         r  u_snap/snap_reg[19]/R
  -------------------------------------------------------------------    -------------------

                         (clock net_clk rise edge)    0.000     0.000 r  
                                                      0.000     0.000 r  net_clk (IN)
                         net (fo=1291, unset)         0.924     0.924    u_snap/net_clk
    SLICE_X61Y39         FDRE                                         r  u_snap/snap_reg[19]/C

Slack:                    inf
  Source:                 net_rst_n
                            (input port)
  Destination:            u_snap/snap_reg[20]/R
                            (rising edge-triggered cell FDRE clocked by net_clk  {rise@0.000ns fall@3.200ns period=6.400ns})
  Path Group:             (none)
  Path Type:              Setup (Max at Slow Process Corner)
  Data Path Delay:        5.421ns  (logic 0.149ns (2.749%)  route 5.272ns (97.251%))
  Logic Levels:           1  (LUT1=1)
  Clock Path Skew:        0.924ns (DCD - SCD + CPR)
    Destination Clock Delay (DCD):    0.924ns
    Source Clock Delay      (SCD):    0.000ns
    Clock Pessimism Removal (CPR):    0.000ns
  Clock Uncertainty:      0.025ns  ((TSJ^2 + TIJ^2)^1/2 + DJ) / 2 + PE
    Total System Jitter     (TSJ):    0.050ns
    Total Input Jitter      (TIJ):    0.000ns
    Discrete Jitter          (DJ):    0.000ns
    Phase Error              (PE):    0.000ns

    Location             Delay type                Incr(ns)  Path(ns)    Netlist Resource(s)
  -------------------------------------------------------------------    -------------------
                                                      0.000     0.000 f  net_rst_n (IN)
                         net (fo=251, unset)          0.973     0.973    u_regs/net_rst_n
    SLICE_X31Y32         LUT1 (Prop_lut1_I0_O)        0.149     1.122 r  u_regs/time_sec[47]_i_1/O
                         net (fo=456, routed)         4.299     5.421    u_snap/p_0_in__0
    SLICE_X61Y39         FDRE                                         r  u_snap/snap_reg[20]/R
  -------------------------------------------------------------------    -------------------

                         (clock net_clk rise edge)    0.000     0.000 r  
                                                      0.000     0.000 r  net_clk (IN)
                         net (fo=1291, unset)         0.924     0.924    u_snap/net_clk
    SLICE_X61Y39         FDRE                                         r  u_snap/snap_reg[20]/C

Slack:                    inf
  Source:                 net_rst_n
                            (input port)
  Destination:            u_snap/snap_reg[41]/R
                            (rising edge-triggered cell FDRE clocked by net_clk  {rise@0.000ns fall@3.200ns period=6.400ns})
  Path Group:             (none)
  Path Type:              Setup (Max at Slow Process Corner)
  Data Path Delay:        5.421ns  (logic 0.149ns (2.749%)  route 5.272ns (97.251%))
  Logic Levels:           1  (LUT1=1)
  Clock Path Skew:        0.924ns (DCD - SCD + CPR)
    Destination Clock Delay (DCD):    0.924ns
    Source Clock Delay      (SCD):    0.000ns
    Clock Pessimism Removal (CPR):    0.000ns
  Clock Uncertainty:      0.025ns  ((TSJ^2 + TIJ^2)^1/2 + DJ) / 2 + PE
    Total System Jitter     (TSJ):    0.050ns
    Total Input Jitter      (TIJ):    0.000ns
    Discrete Jitter          (DJ):    0.000ns
    Phase Error              (PE):    0.000ns

    Location             Delay type                Incr(ns)  Path(ns)    Netlist Resource(s)
  -------------------------------------------------------------------    -------------------
                                                      0.000     0.000 f  net_rst_n (IN)
                         net (fo=251, unset)          0.973     0.973    u_regs/net_rst_n
    SLICE_X31Y32         LUT1 (Prop_lut1_I0_O)        0.149     1.122 r  u_regs/time_sec[47]_i_1/O
                         net (fo=456, routed)         4.299     5.421    u_snap/p_0_in__0
    SLICE_X61Y39         FDRE                                         r  u_snap/snap_reg[41]/R
  -------------------------------------------------------------------    -------------------

                         (clock net_clk rise edge)    0.000     0.000 r  
                                                      0.000     0.000 r  net_clk (IN)
                         net (fo=1291, unset)         0.924     0.924    u_snap/net_clk
    SLICE_X61Y39         FDRE                                         r  u_snap/snap_reg[41]/C

Slack:                    inf
  Source:                 net_rst_n
                            (input port)
  Destination:            u_snap/snap_reg[42]/R
                            (rising edge-triggered cell FDRE clocked by net_clk  {rise@0.000ns fall@3.200ns period=6.400ns})
  Path Group:             (none)
  Path Type:              Setup (Max at Slow Process Corner)
  Data Path Delay:        5.421ns  (logic 0.149ns (2.749%)  route 5.272ns (97.251%))
  Logic Levels:           1  (LUT1=1)
  Clock Path Skew:        0.924ns (DCD - SCD + CPR)
    Destination Clock Delay (DCD):    0.924ns
    Source Clock Delay      (SCD):    0.000ns
    Clock Pessimism Removal (CPR):    0.000ns
  Clock Uncertainty:      0.025ns  ((TSJ^2 + TIJ^2)^1/2 + DJ) / 2 + PE
    Total System Jitter     (TSJ):    0.050ns
    Total Input Jitter      (TIJ):    0.000ns
    Discrete Jitter          (DJ):    0.000ns
    Phase Error              (PE):    0.000ns

    Location             Delay type                Incr(ns)  Path(ns)    Netlist Resource(s)
  -------------------------------------------------------------------    -------------------
                                                      0.000     0.000 f  net_rst_n (IN)
                         net (fo=251, unset)          0.973     0.973    u_regs/net_rst_n
    SLICE_X31Y32         LUT1 (Prop_lut1_I0_O)        0.149     1.122 r  u_regs/time_sec[47]_i_1/O
                         net (fo=456, routed)         4.299     5.421    u_snap/p_0_in__0
    SLICE_X61Y39         FDRE                                         r  u_snap/snap_reg[42]/R
  -------------------------------------------------------------------    -------------------

                         (clock net_clk rise edge)    0.000     0.000 r  
                                                      0.000     0.000 r  net_clk (IN)
                         net (fo=1291, unset)         0.924     0.924    u_snap/net_clk
    SLICE_X61Y39         FDRE                                         r  u_snap/snap_reg[42]/C

Slack:                    inf
  Source:                 net_rst_n
                            (input port)
  Destination:            u_snap/snap_reg[48]/R
                            (rising edge-triggered cell FDRE clocked by net_clk  {rise@0.000ns fall@3.200ns period=6.400ns})
  Path Group:             (none)
  Path Type:              Setup (Max at Slow Process Corner)
  Data Path Delay:        5.421ns  (logic 0.149ns (2.749%)  route 5.272ns (97.251%))
  Logic Levels:           1  (LUT1=1)
  Clock Path Skew:        0.924ns (DCD - SCD + CPR)
    Destination Clock Delay (DCD):    0.924ns
    Source Clock Delay      (SCD):    0.000ns
    Clock Pessimism Removal (CPR):    0.000ns
  Clock Uncertainty:      0.025ns  ((TSJ^2 + TIJ^2)^1/2 + DJ) / 2 + PE
    Total System Jitter     (TSJ):    0.050ns
    Total Input Jitter      (TIJ):    0.000ns
    Discrete Jitter          (DJ):    0.000ns
    Phase Error              (PE):    0.000ns

    Location             Delay type                Incr(ns)  Path(ns)    Netlist Resource(s)
  -------------------------------------------------------------------    -------------------
                                                      0.000     0.000 f  net_rst_n (IN)
                         net (fo=251, unset)          0.973     0.973    u_regs/net_rst_n
    SLICE_X31Y32         LUT1 (Prop_lut1_I0_O)        0.149     1.122 r  u_regs/time_sec[47]_i_1/O
                         net (fo=456, routed)         4.299     5.421    u_snap/p_0_in__0
    SLICE_X61Y39         FDRE                                         r  u_snap/snap_reg[48]/R
  -------------------------------------------------------------------    -------------------

                         (clock net_clk rise edge)    0.000     0.000 r  
                                                      0.000     0.000 r  net_clk (IN)
                         net (fo=1291, unset)         0.924     0.924    u_snap/net_clk
    SLICE_X61Y39         FDRE                                         r  u_snap/snap_reg[48]/C

Slack:                    inf
  Source:                 net_rst_n
                            (input port)
  Destination:            u_snap/snap_reg[46]/R
                            (rising edge-triggered cell FDRE clocked by net_clk  {rise@0.000ns fall@3.200ns period=6.400ns})
  Path Group:             (none)
  Path Type:              Setup (Max at Slow Process Corner)
  Data Path Delay:        5.418ns  (logic 0.149ns (2.750%)  route 5.269ns (97.250%))
  Logic Levels:           1  (LUT1=1)
  Clock Path Skew:        0.924ns (DCD - SCD + CPR)
    Destination Clock Delay (DCD):    0.924ns
    Source Clock Delay      (SCD):    0.000ns
    Clock Pessimism Removal (CPR):    0.000ns
  Clock Uncertainty:      0.025ns  ((TSJ^2 + TIJ^2)^1/2 + DJ) / 2 + PE
    Total System Jitter     (TSJ):    0.050ns
    Total Input Jitter      (TIJ):    0.000ns
    Discrete Jitter          (DJ):    0.000ns
    Phase Error              (PE):    0.000ns

    Location             Delay type                Incr(ns)  Path(ns)    Netlist Resource(s)
  -------------------------------------------------------------------    -------------------
                                                      0.000     0.000 f  net_rst_n (IN)
                         net (fo=251, unset)          0.973     0.973    u_regs/net_rst_n
    SLICE_X31Y32         LUT1 (Prop_lut1_I0_O)        0.149     1.122 r  u_regs/time_sec[47]_i_1/O
                         net (fo=456, routed)         4.296     5.418    u_snap/p_0_in__0
    SLICE_X60Y42         FDRE                                         r  u_snap/snap_reg[46]/R
  -------------------------------------------------------------------    -------------------

                         (clock net_clk rise edge)    0.000     0.000 r  
                                                      0.000     0.000 r  net_clk (IN)
                         net (fo=1291, unset)         0.924     0.924    u_snap/net_clk
    SLICE_X60Y42         FDRE                                         r  u_snap/snap_reg[46]/C

Slack:                    inf
  Source:                 net_rst_n
                            (input port)
  Destination:            u_snap/snap_reg[53]/R
                            (rising edge-triggered cell FDRE clocked by net_clk  {rise@0.000ns fall@3.200ns period=6.400ns})
  Path Group:             (none)
  Path Type:              Setup (Max at Slow Process Corner)
  Data Path Delay:        5.418ns  (logic 0.149ns (2.750%)  route 5.269ns (97.250%))
  Logic Levels:           1  (LUT1=1)
  Clock Path Skew:        0.924ns (DCD - SCD + CPR)
    Destination Clock Delay (DCD):    0.924ns
    Source Clock Delay      (SCD):    0.000ns
    Clock Pessimism Removal (CPR):    0.000ns
  Clock Uncertainty:      0.025ns  ((TSJ^2 + TIJ^2)^1/2 + DJ) / 2 + PE
    Total System Jitter     (TSJ):    0.050ns
    Total Input Jitter      (TIJ):    0.000ns
    Discrete Jitter          (DJ):    0.000ns
    Phase Error              (PE):    0.000ns

    Location             Delay type                Incr(ns)  Path(ns)    Netlist Resource(s)
  -------------------------------------------------------------------    -------------------
                                                      0.000     0.000 f  net_rst_n (IN)
                         net (fo=251, unset)          0.973     0.973    u_regs/net_rst_n
    SLICE_X31Y32         LUT1 (Prop_lut1_I0_O)        0.149     1.122 r  u_regs/time_sec[47]_i_1/O
                         net (fo=456, routed)         4.296     5.418    u_snap/p_0_in__0
    SLICE_X60Y42         FDRE                                         r  u_snap/snap_reg[53]/R
  -------------------------------------------------------------------    -------------------

                         (clock net_clk rise edge)    0.000     0.000 r  
                                                      0.000     0.000 r  net_clk (IN)
                         net (fo=1291, unset)         0.924     0.924    u_snap/net_clk
    SLICE_X60Y42         FDRE                                         r  u_snap/snap_reg[53]/C

Slack:                    inf
  Source:                 net_rst_n
                            (input port)
  Destination:            u_snap/snap_reg[64]/R
                            (rising edge-triggered cell FDRE clocked by net_clk  {rise@0.000ns fall@3.200ns period=6.400ns})
  Path Group:             (none)
  Path Type:              Setup (Max at Slow Process Corner)
  Data Path Delay:        5.418ns  (logic 0.149ns (2.750%)  route 5.269ns (97.250%))
  Logic Levels:           1  (LUT1=1)
  Clock Path Skew:        0.924ns (DCD - SCD + CPR)
    Destination Clock Delay (DCD):    0.924ns
    Source Clock Delay      (SCD):    0.000ns
    Clock Pessimism Removal (CPR):    0.000ns
  Clock Uncertainty:      0.025ns  ((TSJ^2 + TIJ^2)^1/2 + DJ) / 2 + PE
    Total System Jitter     (TSJ):    0.050ns
    Total Input Jitter      (TIJ):    0.000ns
    Discrete Jitter          (DJ):    0.000ns
    Phase Error              (PE):    0.000ns

    Location             Delay type                Incr(ns)  Path(ns)    Netlist Resource(s)
  -------------------------------------------------------------------    -------------------
                                                      0.000     0.000 f  net_rst_n (IN)
                         net (fo=251, unset)          0.973     0.973    u_regs/net_rst_n
    SLICE_X31Y32         LUT1 (Prop_lut1_I0_O)        0.149     1.122 r  u_regs/time_sec[47]_i_1/O
                         net (fo=456, routed)         4.296     5.418    u_snap/p_0_in__0
    SLICE_X60Y42         FDRE                                         r  u_snap/snap_reg[64]/R
  -------------------------------------------------------------------    -------------------

                         (clock net_clk rise edge)    0.000     0.000 r  
                                                      0.000     0.000 r  net_clk (IN)
                         net (fo=1291, unset)         0.924     0.924    u_snap/net_clk
    SLICE_X60Y42         FDRE                                         r  u_snap/snap_reg[64]/C

Slack:                    inf
  Source:                 net_rst_n
                            (input port)
  Destination:            u_snap/snap_reg[78]/R
                            (rising edge-triggered cell FDRE clocked by net_clk  {rise@0.000ns fall@3.200ns period=6.400ns})
  Path Group:             (none)
  Path Type:              Setup (Max at Slow Process Corner)
  Data Path Delay:        5.418ns  (logic 0.149ns (2.750%)  route 5.269ns (97.250%))
  Logic Levels:           1  (LUT1=1)
  Clock Path Skew:        0.924ns (DCD - SCD + CPR)
    Destination Clock Delay (DCD):    0.924ns
    Source Clock Delay      (SCD):    0.000ns
    Clock Pessimism Removal (CPR):    0.000ns
  Clock Uncertainty:      0.025ns  ((TSJ^2 + TIJ^2)^1/2 + DJ) / 2 + PE
    Total System Jitter     (TSJ):    0.050ns
    Total Input Jitter      (TIJ):    0.000ns
    Discrete Jitter          (DJ):    0.000ns
    Phase Error              (PE):    0.000ns

    Location             Delay type                Incr(ns)  Path(ns)    Netlist Resource(s)
  -------------------------------------------------------------------    -------------------
                                                      0.000     0.000 f  net_rst_n (IN)
                         net (fo=251, unset)          0.973     0.973    u_regs/net_rst_n
    SLICE_X31Y32         LUT1 (Prop_lut1_I0_O)        0.149     1.122 r  u_regs/time_sec[47]_i_1/O
                         net (fo=456, routed)         4.296     5.418    u_snap/p_0_in__0
    SLICE_X60Y42         FDRE                                         r  u_snap/snap_reg[78]/R
  -------------------------------------------------------------------    -------------------

                         (clock net_clk rise edge)    0.000     0.000 r  
                                                      0.000     0.000 r  net_clk (IN)
                         net (fo=1291, unset)         0.924     0.924    u_snap/net_clk
    SLICE_X60Y42         FDRE                                         r  u_snap/snap_reg[78]/C

Slack:                    inf
  Source:                 net_rst_n
                            (input port)
  Destination:            u_snap/snap_reg[32]/R
                            (rising edge-triggered cell FDRE clocked by net_clk  {rise@0.000ns fall@3.200ns period=6.400ns})
  Path Group:             (none)
  Path Type:              Setup (Max at Slow Process Corner)
  Data Path Delay:        5.414ns  (logic 0.149ns (2.752%)  route 5.265ns (97.248%))
  Logic Levels:           1  (LUT1=1)
  Clock Path Skew:        0.924ns (DCD - SCD + CPR)
    Destination Clock Delay (DCD):    0.924ns
    Source Clock Delay      (SCD):    0.000ns
    Clock Pessimism Removal (CPR):    0.000ns
  Clock Uncertainty:      0.025ns  ((TSJ^2 + TIJ^2)^1/2 + DJ) / 2 + PE
    Total System Jitter     (TSJ):    0.050ns
    Total Input Jitter      (TIJ):    0.000ns
    Discrete Jitter          (DJ):    0.000ns
    Phase Error              (PE):    0.000ns

    Location             Delay type                Incr(ns)  Path(ns)    Netlist Resource(s)
  -------------------------------------------------------------------    -------------------
                                                      0.000     0.000 f  net_rst_n (IN)
                         net (fo=251, unset)          0.973     0.973    u_regs/net_rst_n
    SLICE_X31Y32         LUT1 (Prop_lut1_I0_O)        0.149     1.122 r  u_regs/time_sec[47]_i_1/O
                         net (fo=456, routed)         4.292     5.414    u_snap/p_0_in__0
    SLICE_X61Y42         FDRE                                         r  u_snap/snap_reg[32]/R
  -------------------------------------------------------------------    -------------------

                         (clock net_clk rise edge)    0.000     0.000 r  
                                                      0.000     0.000 r  net_clk (IN)
                         net (fo=1291, unset)         0.924     0.924    u_snap/net_clk
    SLICE_X61Y42         FDRE                                         r  u_snap/snap_reg[32]/C

Slack:                    inf
  Source:                 net_rst_n
                            (input port)
  Destination:            u_snap/snap_reg[45]/R
                            (rising edge-triggered cell FDRE clocked by net_clk  {rise@0.000ns fall@3.200ns period=6.400ns})
  Path Group:             (none)
  Path Type:              Setup (Max at Slow Process Corner)
  Data Path Delay:        5.270ns  (logic 0.149ns (2.827%)  route 5.121ns (97.173%))
  Logic Levels:           1  (LUT1=1)
  Clock Path Skew:        0.924ns (DCD - SCD + CPR)
    Destination Clock Delay (DCD):    0.924ns
    Source Clock Delay      (SCD):    0.000ns
    Clock Pessimism Removal (CPR):    0.000ns
  Clock Uncertainty:      0.025ns  ((TSJ^2 + TIJ^2)^1/2 + DJ) / 2 + PE
    Total System Jitter     (TSJ):    0.050ns
    Total Input Jitter      (TIJ):    0.000ns
    Discrete Jitter          (DJ):    0.000ns
    Phase Error              (PE):    0.000ns

    Location             Delay type                Incr(ns)  Path(ns)    Netlist Resource(s)
  -------------------------------------------------------------------    -------------------
                                                      0.000     0.000 f  net_rst_n (IN)
                         net (fo=251, unset)          0.973     0.973    u_regs/net_rst_n
    SLICE_X31Y32         LUT1 (Prop_lut1_I0_O)        0.149     1.122 r  u_regs/time_sec[47]_i_1/O
                         net (fo=456, routed)         4.148     5.270    u_snap/p_0_in__0
    SLICE_X56Y42         FDRE                                         r  u_snap/snap_reg[45]/R
  -------------------------------------------------------------------    -------------------

                         (clock net_clk rise edge)    0.000     0.000 r  
                                                      0.000     0.000 r  net_clk (IN)
                         net (fo=1291, unset)         0.924     0.924    u_snap/net_clk
    SLICE_X56Y42         FDRE                                         r  u_snap/snap_reg[45]/C

Slack:                    inf
  Source:                 net_rst_n
                            (input port)
  Destination:            u_snap/snap_reg[55]/R
                            (rising edge-triggered cell FDRE clocked by net_clk  {rise@0.000ns fall@3.200ns period=6.400ns})
  Path Group:             (none)
  Path Type:              Setup (Max at Slow Process Corner)
  Data Path Delay:        5.270ns  (logic 0.149ns (2.827%)  route 5.121ns (97.173%))
  Logic Levels:           1  (LUT1=1)
  Clock Path Skew:        0.924ns (DCD - SCD + CPR)
    Destination Clock Delay (DCD):    0.924ns
    Source Clock Delay      (SCD):    0.000ns
    Clock Pessimism Removal (CPR):    0.000ns
  Clock Uncertainty:      0.025ns  ((TSJ^2 + TIJ^2)^1/2 + DJ) / 2 + PE
    Total System Jitter     (TSJ):    0.050ns
    Total Input Jitter      (TIJ):    0.000ns
    Discrete Jitter          (DJ):    0.000ns
    Phase Error              (PE):    0.000ns

    Location             Delay type                Incr(ns)  Path(ns)    Netlist Resource(s)
  -------------------------------------------------------------------    -------------------
                                                      0.000     0.000 f  net_rst_n (IN)
                         net (fo=251, unset)          0.973     0.973    u_regs/net_rst_n
    SLICE_X31Y32         LUT1 (Prop_lut1_I0_O)        0.149     1.122 r  u_regs/time_sec[47]_i_1/O
                         net (fo=456, routed)         4.148     5.270    u_snap/p_0_in__0
    SLICE_X56Y42         FDRE                                         r  u_snap/snap_reg[55]/R
  -------------------------------------------------------------------    -------------------

                         (clock net_clk rise edge)    0.000     0.000 r  
                                                      0.000     0.000 r  net_clk (IN)
                         net (fo=1291, unset)         0.924     0.924    u_snap/net_clk
    SLICE_X56Y42         FDRE                                         r  u_snap/snap_reg[55]/C





Min Delay Paths
--------------------------------------------------------------------------------------
Slack:                    inf
  Source:                 event_in
                            (input port)
  Destination:            u_cap_in/event_d_reg/D
                            (rising edge-triggered cell FDRE clocked by net_clk  {rise@0.000ns fall@3.200ns period=6.400ns})
  Path Group:             (none)
  Path Type:              Hold (Min at Fast Process Corner)
  Data Path Delay:        0.410ns  (logic 0.000ns (0.000%)  route 0.410ns (100.000%))
  Logic Levels:           0  
  Clock Path Skew:        0.432ns (DCD - SCD - CPR)
    Destination Clock Delay (DCD):    0.432ns
    Source Clock Delay      (SCD):    0.000ns
    Clock Pessimism Removal (CPR):    -0.000ns

    Location             Delay type                Incr(ns)  Path(ns)    Netlist Resource(s)
  -------------------------------------------------------------------    -------------------
                                                      0.000     0.000 r  event_in (IN)
                         net (fo=3, unset)            0.410     0.410    u_cap_in/event_in
    SLICE_X29Y32         FDRE                                         r  u_cap_in/event_d_reg/D
  -------------------------------------------------------------------    -------------------

                         (clock net_clk rise edge)    0.000     0.000 r  
                                                      0.000     0.000 r  net_clk (IN)
                         net (fo=1291, unset)         0.432     0.432    u_cap_in/net_clk
    SLICE_X29Y32         FDRE                                         r  u_cap_in/event_d_reg/C

Slack:                    inf
  Source:                 event_out
                            (input port)
  Destination:            u_cap_out/event_d_reg/D
                            (rising edge-triggered cell FDRE clocked by net_clk  {rise@0.000ns fall@3.200ns period=6.400ns})
  Path Group:             (none)
  Path Type:              Hold (Min at Fast Process Corner)
  Data Path Delay:        0.410ns  (logic 0.000ns (0.000%)  route 0.410ns (100.000%))
  Logic Levels:           0  
  Clock Path Skew:        0.432ns (DCD - SCD - CPR)
    Destination Clock Delay (DCD):    0.432ns
    Source Clock Delay      (SCD):    0.000ns
    Clock Pessimism Removal (CPR):    -0.000ns

    Location             Delay type                Incr(ns)  Path(ns)    Netlist Resource(s)
  -------------------------------------------------------------------    -------------------
                                                      0.000     0.000 r  event_out (IN)
                         net (fo=3, unset)            0.410     0.410    u_cap_out/event_out
    SLICE_X30Y32         FDRE                                         r  u_cap_out/event_d_reg/D
  -------------------------------------------------------------------    -------------------

                         (clock net_clk rise edge)    0.000     0.000 r  
                                                      0.000     0.000 r  net_clk (IN)
                         net (fo=1291, unset)         0.432     0.432    u_cap_out/net_clk
    SLICE_X30Y32         FDRE                                         r  u_cap_out/event_d_reg/C

Slack:                    inf
  Source:                 net_rst_n
                            (input port)
  Destination:            u_hist/last_addr_reg[0]/CE
                            (rising edge-triggered cell FDRE clocked by net_clk  {rise@0.000ns fall@3.200ns period=6.400ns})
  Path Group:             (none)
  Path Type:              Hold (Min at Fast Process Corner)
  Data Path Delay:        0.410ns  (logic 0.000ns (0.000%)  route 0.410ns (100.000%))
  Logic Levels:           0  
  Clock Path Skew:        0.432ns (DCD - SCD - CPR)
    Destination Clock Delay (DCD):    0.432ns
    Source Clock Delay      (SCD):    0.000ns
    Clock Pessimism Removal (CPR):    -0.000ns

    Location             Delay type                Incr(ns)  Path(ns)    Netlist Resource(s)
  -------------------------------------------------------------------    -------------------
                                                      0.000     0.000 r  net_rst_n (IN)
                         net (fo=251, unset)          0.410     0.410    u_hist/net_rst_n
    SLICE_X20Y40         FDRE                                         r  u_hist/last_addr_reg[0]/CE
  -------------------------------------------------------------------    -------------------

                         (clock net_clk rise edge)    0.000     0.000 r  
                                                      0.000     0.000 r  net_clk (IN)
                         net (fo=1291, unset)         0.432     0.432    u_hist/net_clk
    SLICE_X20Y40         FDRE                                         r  u_hist/last_addr_reg[0]/C

Slack:                    inf
  Source:                 net_rst_n
                            (input port)
  Destination:            u_hist/last_addr_reg[1]/CE
                            (rising edge-triggered cell FDRE clocked by net_clk  {rise@0.000ns fall@3.200ns period=6.400ns})
  Path Group:             (none)
  Path Type:              Hold (Min at Fast Process Corner)
  Data Path Delay:        0.410ns  (logic 0.000ns (0.000%)  route 0.410ns (100.000%))
  Logic Levels:           0  
  Clock Path Skew:        0.432ns (DCD - SCD - CPR)
    Destination Clock Delay (DCD):    0.432ns
    Source Clock Delay      (SCD):    0.000ns
    Clock Pessimism Removal (CPR):    -0.000ns

    Location             Delay type                Incr(ns)  Path(ns)    Netlist Resource(s)
  -------------------------------------------------------------------    -------------------
                                                      0.000     0.000 r  net_rst_n (IN)
                         net (fo=251, unset)          0.410     0.410    u_hist/net_rst_n
    SLICE_X25Y42         FDRE                                         r  u_hist/last_addr_reg[1]/CE
  -------------------------------------------------------------------    -------------------

                         (clock net_clk rise edge)    0.000     0.000 r  
                                                      0.000     0.000 r  net_clk (IN)
                         net (fo=1291, unset)         0.432     0.432    u_hist/net_clk
    SLICE_X25Y42         FDRE                                         r  u_hist/last_addr_reg[1]/C

Slack:                    inf
  Source:                 net_rst_n
                            (input port)
  Destination:            u_hist/last_addr_reg[2]/CE
                            (rising edge-triggered cell FDRE clocked by net_clk  {rise@0.000ns fall@3.200ns period=6.400ns})
  Path Group:             (none)
  Path Type:              Hold (Min at Fast Process Corner)
  Data Path Delay:        0.410ns  (logic 0.000ns (0.000%)  route 0.410ns (100.000%))
  Logic Levels:           0  
  Clock Path Skew:        0.432ns (DCD - SCD - CPR)
    Destination Clock Delay (DCD):    0.432ns
    Source Clock Delay      (SCD):    0.000ns
    Clock Pessimism Removal (CPR):    -0.000ns

    Location             Delay type                Incr(ns)  Path(ns)    Netlist Resource(s)
  -------------------------------------------------------------------    -------------------
                                                      0.000     0.000 r  net_rst_n (IN)
                         net (fo=251, unset)          0.410     0.410    u_hist/net_rst_n
    SLICE_X25Y42         FDRE                                         r  u_hist/last_addr_reg[2]/CE
  -------------------------------------------------------------------    -------------------

                         (clock net_clk rise edge)    0.000     0.000 r  
                                                      0.000     0.000 r  net_clk (IN)
                         net (fo=1291, unset)         0.432     0.432    u_hist/net_clk
    SLICE_X25Y42         FDRE                                         r  u_hist/last_addr_reg[2]/C

Slack:                    inf
  Source:                 net_rst_n
                            (input port)
  Destination:            u_hist/last_addr_reg[3]/CE
                            (rising edge-triggered cell FDRE clocked by net_clk  {rise@0.000ns fall@3.200ns period=6.400ns})
  Path Group:             (none)
  Path Type:              Hold (Min at Fast Process Corner)
  Data Path Delay:        0.410ns  (logic 0.000ns (0.000%)  route 0.410ns (100.000%))
  Logic Levels:           0  
  Clock Path Skew:        0.432ns (DCD - SCD - CPR)
    Destination Clock Delay (DCD):    0.432ns
    Source Clock Delay      (SCD):    0.000ns
    Clock Pessimism Removal (CPR):    -0.000ns

    Location             Delay type                Incr(ns)  Path(ns)    Netlist Resource(s)
  -------------------------------------------------------------------    -------------------
                                                      0.000     0.000 r  net_rst_n (IN)
                         net (fo=251, unset)          0.410     0.410    u_hist/net_rst_n
    SLICE_X23Y40         FDRE                                         r  u_hist/last_addr_reg[3]/CE
  -------------------------------------------------------------------    -------------------

                         (clock net_clk rise edge)    0.000     0.000 r  
                                                      0.000     0.000 r  net_clk (IN)
                         net (fo=1291, unset)         0.432     0.432    u_hist/net_clk
    SLICE_X23Y40         FDRE                                         r  u_hist/last_addr_reg[3]/C

Slack:                    inf
  Source:                 net_rst_n
                            (input port)
  Destination:            u_hist/last_addr_reg[4]/CE
                            (rising edge-triggered cell FDRE clocked by net_clk  {rise@0.000ns fall@3.200ns period=6.400ns})
  Path Group:             (none)
  Path Type:              Hold (Min at Fast Process Corner)
  Data Path Delay:        0.410ns  (logic 0.000ns (0.000%)  route 0.410ns (100.000%))
  Logic Levels:           0  
  Clock Path Skew:        0.432ns (DCD - SCD - CPR)
    Destination Clock Delay (DCD):    0.432ns
    Source Clock Delay      (SCD):    0.000ns
    Clock Pessimism Removal (CPR):    -0.000ns

    Location             Delay type                Incr(ns)  Path(ns)    Netlist Resource(s)
  -------------------------------------------------------------------    -------------------
                                                      0.000     0.000 r  net_rst_n (IN)
                         net (fo=251, unset)          0.410     0.410    u_hist/net_rst_n
    SLICE_X20Y40         FDRE                                         r  u_hist/last_addr_reg[4]/CE
  -------------------------------------------------------------------    -------------------

                         (clock net_clk rise edge)    0.000     0.000 r  
                                                      0.000     0.000 r  net_clk (IN)
                         net (fo=1291, unset)         0.432     0.432    u_hist/net_clk
    SLICE_X20Y40         FDRE                                         r  u_hist/last_addr_reg[4]/C

Slack:                    inf
  Source:                 net_rst_n
                            (input port)
  Destination:            u_hist/last_addr_reg[5]/CE
                            (rising edge-triggered cell FDRE clocked by net_clk  {rise@0.000ns fall@3.200ns period=6.400ns})
  Path Group:             (none)
  Path Type:              Hold (Min at Fast Process Corner)
  Data Path Delay:        0.410ns  (logic 0.000ns (0.000%)  route 0.410ns (100.000%))
  Logic Levels:           0  
  Clock Path Skew:        0.432ns (DCD - SCD - CPR)
    Destination Clock Delay (DCD):    0.432ns
    Source Clock Delay      (SCD):    0.000ns
    Clock Pessimism Removal (CPR):    -0.000ns

    Location             Delay type                Incr(ns)  Path(ns)    Netlist Resource(s)
  -------------------------------------------------------------------    -------------------
                                                      0.000     0.000 r  net_rst_n (IN)
                         net (fo=251, unset)          0.410     0.410    u_hist/net_rst_n
    SLICE_X21Y40         FDRE                                         r  u_hist/last_addr_reg[5]/CE
  -------------------------------------------------------------------    -------------------

                         (clock net_clk rise edge)    0.000     0.000 r  
                                                      0.000     0.000 r  net_clk (IN)
                         net (fo=1291, unset)         0.432     0.432    u_hist/net_clk
    SLICE_X21Y40         FDRE                                         r  u_hist/last_addr_reg[5]/C

Slack:                    inf
  Source:                 net_rst_n
                            (input port)
  Destination:            u_hist/last_addr_reg[6]/CE
                            (rising edge-triggered cell FDRE clocked by net_clk  {rise@0.000ns fall@3.200ns period=6.400ns})
  Path Group:             (none)
  Path Type:              Hold (Min at Fast Process Corner)
  Data Path Delay:        0.410ns  (logic 0.000ns (0.000%)  route 0.410ns (100.000%))
  Logic Levels:           0  
  Clock Path Skew:        0.432ns (DCD - SCD - CPR)
    Destination Clock Delay (DCD):    0.432ns
    Source Clock Delay      (SCD):    0.000ns
    Clock Pessimism Removal (CPR):    -0.000ns

    Location             Delay type                Incr(ns)  Path(ns)    Netlist Resource(s)
  -------------------------------------------------------------------    -------------------
                                                      0.000     0.000 r  net_rst_n (IN)
                         net (fo=251, unset)          0.410     0.410    u_hist/net_rst_n
    SLICE_X23Y40         FDRE                                         r  u_hist/last_addr_reg[6]/CE
  -------------------------------------------------------------------    -------------------

                         (clock net_clk rise edge)    0.000     0.000 r  
                                                      0.000     0.000 r  net_clk (IN)
                         net (fo=1291, unset)         0.432     0.432    u_hist/net_clk
    SLICE_X23Y40         FDRE                                         r  u_hist/last_addr_reg[6]/C

Slack:                    inf
  Source:                 net_rst_n
                            (input port)
  Destination:            u_hist/last_data_reg[0]/CE
                            (rising edge-triggered cell FDRE clocked by net_clk  {rise@0.000ns fall@3.200ns period=6.400ns})
  Path Group:             (none)
  Path Type:              Hold (Min at Fast Process Corner)
  Data Path Delay:        0.410ns  (logic 0.000ns (0.000%)  route 0.410ns (100.000%))
  Logic Levels:           0  
  Clock Path Skew:        0.432ns (DCD - SCD - CPR)
    Destination Clock Delay (DCD):    0.432ns
    Source Clock Delay      (SCD):    0.000ns
    Clock Pessimism Removal (CPR):    -0.000ns

    Location             Delay type                Incr(ns)  Path(ns)    Netlist Resource(s)
  -------------------------------------------------------------------    -------------------
                                                      0.000     0.000 r  net_rst_n (IN)
                         net (fo=251, unset)          0.410     0.410    u_hist/net_rst_n
    SLICE_X22Y37         FDRE                                         r  u_hist/last_data_reg[0]/CE
  -------------------------------------------------------------------    -------------------

                         (clock net_clk rise edge)    0.000     0.000 r  
                                                      0.000     0.000 r  net_clk (IN)
                         net (fo=1291, unset)         0.432     0.432    u_hist/net_clk
    SLICE_X22Y37         FDRE                                         r  u_hist/last_data_reg[0]/C

Slack:                    inf
  Source:                 net_rst_n
                            (input port)
  Destination:            u_hist/last_data_reg[10]/CE
                            (rising edge-triggered cell FDRE clocked by net_clk  {rise@0.000ns fall@3.200ns period=6.400ns})
  Path Group:             (none)
  Path Type:              Hold (Min at Fast Process Corner)
  Data Path Delay:        0.410ns  (logic 0.000ns (0.000%)  route 0.410ns (100.000%))
  Logic Levels:           0  
  Clock Path Skew:        0.432ns (DCD - SCD - CPR)
    Destination Clock Delay (DCD):    0.432ns
    Source Clock Delay      (SCD):    0.000ns
    Clock Pessimism Removal (CPR):    -0.000ns

    Location             Delay type                Incr(ns)  Path(ns)    Netlist Resource(s)
  -------------------------------------------------------------------    -------------------
                                                      0.000     0.000 r  net_rst_n (IN)
                         net (fo=251, unset)          0.410     0.410    u_hist/net_rst_n
    SLICE_X22Y39         FDRE                                         r  u_hist/last_data_reg[10]/CE
  -------------------------------------------------------------------    -------------------

                         (clock net_clk rise edge)    0.000     0.000 r  
                                                      0.000     0.000 r  net_clk (IN)
                         net (fo=1291, unset)         0.432     0.432    u_hist/net_clk
    SLICE_X22Y39         FDRE                                         r  u_hist/last_data_reg[10]/C

Slack:                    inf
  Source:                 net_rst_n
                            (input port)
  Destination:            u_hist/last_data_reg[11]/CE
                            (rising edge-triggered cell FDRE clocked by net_clk  {rise@0.000ns fall@3.200ns period=6.400ns})
  Path Group:             (none)
  Path Type:              Hold (Min at Fast Process Corner)
  Data Path Delay:        0.410ns  (logic 0.000ns (0.000%)  route 0.410ns (100.000%))
  Logic Levels:           0  
  Clock Path Skew:        0.432ns (DCD - SCD - CPR)
    Destination Clock Delay (DCD):    0.432ns
    Source Clock Delay      (SCD):    0.000ns
    Clock Pessimism Removal (CPR):    -0.000ns

    Location             Delay type                Incr(ns)  Path(ns)    Netlist Resource(s)
  -------------------------------------------------------------------    -------------------
                                                      0.000     0.000 r  net_rst_n (IN)
                         net (fo=251, unset)          0.410     0.410    u_hist/net_rst_n
    SLICE_X22Y39         FDRE                                         r  u_hist/last_data_reg[11]/CE
  -------------------------------------------------------------------    -------------------

                         (clock net_clk rise edge)    0.000     0.000 r  
                                                      0.000     0.000 r  net_clk (IN)
                         net (fo=1291, unset)         0.432     0.432    u_hist/net_clk
    SLICE_X22Y39         FDRE                                         r  u_hist/last_data_reg[11]/C

Slack:                    inf
  Source:                 net_rst_n
                            (input port)
  Destination:            u_hist/last_data_reg[12]/CE
                            (rising edge-triggered cell FDRE clocked by net_clk  {rise@0.000ns fall@3.200ns period=6.400ns})
  Path Group:             (none)
  Path Type:              Hold (Min at Fast Process Corner)
  Data Path Delay:        0.410ns  (logic 0.000ns (0.000%)  route 0.410ns (100.000%))
  Logic Levels:           0  
  Clock Path Skew:        0.432ns (DCD - SCD - CPR)
    Destination Clock Delay (DCD):    0.432ns
    Source Clock Delay      (SCD):    0.000ns
    Clock Pessimism Removal (CPR):    -0.000ns

    Location             Delay type                Incr(ns)  Path(ns)    Netlist Resource(s)
  -------------------------------------------------------------------    -------------------
                                                      0.000     0.000 r  net_rst_n (IN)
                         net (fo=251, unset)          0.410     0.410    u_hist/net_rst_n
    SLICE_X22Y40         FDRE                                         r  u_hist/last_data_reg[12]/CE
  -------------------------------------------------------------------    -------------------

                         (clock net_clk rise edge)    0.000     0.000 r  
                                                      0.000     0.000 r  net_clk (IN)
                         net (fo=1291, unset)         0.432     0.432    u_hist/net_clk
    SLICE_X22Y40         FDRE                                         r  u_hist/last_data_reg[12]/C

Slack:                    inf
  Source:                 net_rst_n
                            (input port)
  Destination:            u_hist/last_data_reg[13]/CE
                            (rising edge-triggered cell FDRE clocked by net_clk  {rise@0.000ns fall@3.200ns period=6.400ns})
  Path Group:             (none)
  Path Type:              Hold (Min at Fast Process Corner)
  Data Path Delay:        0.410ns  (logic 0.000ns (0.000%)  route 0.410ns (100.000%))
  Logic Levels:           0  
  Clock Path Skew:        0.432ns (DCD - SCD - CPR)
    Destination Clock Delay (DCD):    0.432ns
    Source Clock Delay      (SCD):    0.000ns
    Clock Pessimism Removal (CPR):    -0.000ns

    Location             Delay type                Incr(ns)  Path(ns)    Netlist Resource(s)
  -------------------------------------------------------------------    -------------------
                                                      0.000     0.000 r  net_rst_n (IN)
                         net (fo=251, unset)          0.410     0.410    u_hist/net_rst_n
    SLICE_X22Y40         FDRE                                         r  u_hist/last_data_reg[13]/CE
  -------------------------------------------------------------------    -------------------

                         (clock net_clk rise edge)    0.000     0.000 r  
                                                      0.000     0.000 r  net_clk (IN)
                         net (fo=1291, unset)         0.432     0.432    u_hist/net_clk
    SLICE_X22Y40         FDRE                                         r  u_hist/last_data_reg[13]/C

Slack:                    inf
  Source:                 net_rst_n
                            (input port)
  Destination:            u_hist/last_data_reg[14]/CE
                            (rising edge-triggered cell FDRE clocked by net_clk  {rise@0.000ns fall@3.200ns period=6.400ns})
  Path Group:             (none)
  Path Type:              Hold (Min at Fast Process Corner)
  Data Path Delay:        0.410ns  (logic 0.000ns (0.000%)  route 0.410ns (100.000%))
  Logic Levels:           0  
  Clock Path Skew:        0.432ns (DCD - SCD - CPR)
    Destination Clock Delay (DCD):    0.432ns
    Source Clock Delay      (SCD):    0.000ns
    Clock Pessimism Removal (CPR):    -0.000ns

    Location             Delay type                Incr(ns)  Path(ns)    Netlist Resource(s)
  -------------------------------------------------------------------    -------------------
                                                      0.000     0.000 r  net_rst_n (IN)
                         net (fo=251, unset)          0.410     0.410    u_hist/net_rst_n
    SLICE_X22Y40         FDRE                                         r  u_hist/last_data_reg[14]/CE
  -------------------------------------------------------------------    -------------------

                         (clock net_clk rise edge)    0.000     0.000 r  
                                                      0.000     0.000 r  net_clk (IN)
                         net (fo=1291, unset)         0.432     0.432    u_hist/net_clk
    SLICE_X22Y40         FDRE                                         r  u_hist/last_data_reg[14]/C

Slack:                    inf
  Source:                 net_rst_n
                            (input port)
  Destination:            u_hist/last_data_reg[15]/CE
                            (rising edge-triggered cell FDRE clocked by net_clk  {rise@0.000ns fall@3.200ns period=6.400ns})
  Path Group:             (none)
  Path Type:              Hold (Min at Fast Process Corner)
  Data Path Delay:        0.410ns  (logic 0.000ns (0.000%)  route 0.410ns (100.000%))
  Logic Levels:           0  
  Clock Path Skew:        0.432ns (DCD - SCD - CPR)
    Destination Clock Delay (DCD):    0.432ns
    Source Clock Delay      (SCD):    0.000ns
    Clock Pessimism Removal (CPR):    -0.000ns

    Location             Delay type                Incr(ns)  Path(ns)    Netlist Resource(s)
  -------------------------------------------------------------------    -------------------
                                                      0.000     0.000 r  net_rst_n (IN)
                         net (fo=251, unset)          0.410     0.410    u_hist/net_rst_n
    SLICE_X22Y40         FDRE                                         r  u_hist/last_data_reg[15]/CE
  -------------------------------------------------------------------    -------------------

                         (clock net_clk rise edge)    0.000     0.000 r  
                                                      0.000     0.000 r  net_clk (IN)
                         net (fo=1291, unset)         0.432     0.432    u_hist/net_clk
    SLICE_X22Y40         FDRE                                         r  u_hist/last_data_reg[15]/C

Slack:                    inf
  Source:                 net_rst_n
                            (input port)
  Destination:            u_hist/last_data_reg[16]/CE
                            (rising edge-triggered cell FDRE clocked by net_clk  {rise@0.000ns fall@3.200ns period=6.400ns})
  Path Group:             (none)
  Path Type:              Hold (Min at Fast Process Corner)
  Data Path Delay:        0.410ns  (logic 0.000ns (0.000%)  route 0.410ns (100.000%))
  Logic Levels:           0  
  Clock Path Skew:        0.432ns (DCD - SCD - CPR)
    Destination Clock Delay (DCD):    0.432ns
    Source Clock Delay      (SCD):    0.000ns
    Clock Pessimism Removal (CPR):    -0.000ns

    Location             Delay type                Incr(ns)  Path(ns)    Netlist Resource(s)
  -------------------------------------------------------------------    -------------------
                                                      0.000     0.000 r  net_rst_n (IN)
                         net (fo=251, unset)          0.410     0.410    u_hist/net_rst_n
    SLICE_X22Y41         FDRE                                         r  u_hist/last_data_reg[16]/CE
  -------------------------------------------------------------------    -------------------

                         (clock net_clk rise edge)    0.000     0.000 r  
                                                      0.000     0.000 r  net_clk (IN)
                         net (fo=1291, unset)         0.432     0.432    u_hist/net_clk
    SLICE_X22Y41         FDRE                                         r  u_hist/last_data_reg[16]/C

Slack:                    inf
  Source:                 net_rst_n
                            (input port)
  Destination:            u_hist/last_data_reg[17]/CE
                            (rising edge-triggered cell FDRE clocked by net_clk  {rise@0.000ns fall@3.200ns period=6.400ns})
  Path Group:             (none)
  Path Type:              Hold (Min at Fast Process Corner)
  Data Path Delay:        0.410ns  (logic 0.000ns (0.000%)  route 0.410ns (100.000%))
  Logic Levels:           0  
  Clock Path Skew:        0.432ns (DCD - SCD - CPR)
    Destination Clock Delay (DCD):    0.432ns
    Source Clock Delay      (SCD):    0.000ns
    Clock Pessimism Removal (CPR):    -0.000ns

    Location             Delay type                Incr(ns)  Path(ns)    Netlist Resource(s)
  -------------------------------------------------------------------    -------------------
                                                      0.000     0.000 r  net_rst_n (IN)
                         net (fo=251, unset)          0.410     0.410    u_hist/net_rst_n
    SLICE_X22Y41         FDRE                                         r  u_hist/last_data_reg[17]/CE
  -------------------------------------------------------------------    -------------------

                         (clock net_clk rise edge)    0.000     0.000 r  
                                                      0.000     0.000 r  net_clk (IN)
                         net (fo=1291, unset)         0.432     0.432    u_hist/net_clk
    SLICE_X22Y41         FDRE                                         r  u_hist/last_data_reg[17]/C

Slack:                    inf
  Source:                 net_rst_n
                            (input port)
  Destination:            u_hist/last_data_reg[18]/CE
                            (rising edge-triggered cell FDRE clocked by net_clk  {rise@0.000ns fall@3.200ns period=6.400ns})
  Path Group:             (none)
  Path Type:              Hold (Min at Fast Process Corner)
  Data Path Delay:        0.410ns  (logic 0.000ns (0.000%)  route 0.410ns (100.000%))
  Logic Levels:           0  
  Clock Path Skew:        0.432ns (DCD - SCD - CPR)
    Destination Clock Delay (DCD):    0.432ns
    Source Clock Delay      (SCD):    0.000ns
    Clock Pessimism Removal (CPR):    -0.000ns

    Location             Delay type                Incr(ns)  Path(ns)    Netlist Resource(s)
  -------------------------------------------------------------------    -------------------
                                                      0.000     0.000 r  net_rst_n (IN)
                         net (fo=251, unset)          0.410     0.410    u_hist/net_rst_n
    SLICE_X22Y41         FDRE                                         r  u_hist/last_data_reg[18]/CE
  -------------------------------------------------------------------    -------------------

                         (clock net_clk rise edge)    0.000     0.000 r  
                                                      0.000     0.000 r  net_clk (IN)
                         net (fo=1291, unset)         0.432     0.432    u_hist/net_clk
    SLICE_X22Y41         FDRE                                         r  u_hist/last_data_reg[18]/C

Slack:                    inf
  Source:                 net_rst_n
                            (input port)
  Destination:            u_hist/last_data_reg[19]/CE
                            (rising edge-triggered cell FDRE clocked by net_clk  {rise@0.000ns fall@3.200ns period=6.400ns})
  Path Group:             (none)
  Path Type:              Hold (Min at Fast Process Corner)
  Data Path Delay:        0.410ns  (logic 0.000ns (0.000%)  route 0.410ns (100.000%))
  Logic Levels:           0  
  Clock Path Skew:        0.432ns (DCD - SCD - CPR)
    Destination Clock Delay (DCD):    0.432ns
    Source Clock Delay      (SCD):    0.000ns
    Clock Pessimism Removal (CPR):    -0.000ns

    Location             Delay type                Incr(ns)  Path(ns)    Netlist Resource(s)
  -------------------------------------------------------------------    -------------------
                                                      0.000     0.000 r  net_rst_n (IN)
                         net (fo=251, unset)          0.410     0.410    u_hist/net_rst_n
    SLICE_X22Y41         FDRE                                         r  u_hist/last_data_reg[19]/CE
  -------------------------------------------------------------------    -------------------

                         (clock net_clk rise edge)    0.000     0.000 r  
                                                      0.000     0.000 r  net_clk (IN)
                         net (fo=1291, unset)         0.432     0.432    u_hist/net_clk
    SLICE_X22Y41         FDRE                                         r  u_hist/last_data_reg[19]/C





