Copyright 1986-2022 Xilinx, Inc. All Rights Reserved. Copyright 2022-2024 Advanced Micro Devices, Inc. All Rights Reserved.
---------------------------------------------------------------------------------------------------------------------------------------------------------------------------
| Tool Version : Vivado v.2024.1 (win64) Build 5076996 Wed May 22 18:37:14 MDT 2024
| Date         : Tue Sep 15 23:03:46 2026
| Host         : SRIKARVELA8715 running 64-bit major release  (build 9200)
| Command      : report_timing_summary -max_paths 20 -report_unconstrained -file C:/work/ptp-timestamping-unit/synth/reports/xc7z020clg400-3/post_route_timing_summary.rpt
| Design       : ptp_tsu_top
| Device       : 7z020-clg400
| Speed File   : -3  PRODUCTION 1.12 2019-11-22
| Design State : Routed
---------------------------------------------------------------------------------------------------------------------------------------------------------------------------

Timing Summary Report

------------------------------------------------------------------------------------------------
| Timer Settings
| --------------
------------------------------------------------------------------------------------------------

  Enable Multi Corner Analysis               :  Yes
  Enable Pessimism Removal                   :  Yes
  Pessimism Removal Resolution               :  Nearest Common Node
  Enable Input Delay Default Clock           :  No
  Enable Preset / Clear Arcs                 :  No
  Disable Flight Delays                      :  No
  Ignore I/O Paths                           :  No
  Timing Early Launch at Borrowing Latches   :  No
  Borrow Time for Max Delay Exceptions       :  Yes
  Merge Timing Exceptions                    :  Yes
  Inter-SLR Compensation                     :  Conservative

  Corner  Analyze    Analyze    
  Name    Max Paths  Min Paths  
  ------  ---------  ---------  
  Slow    Yes        Yes        
  Fast    Yes        Yes        


------------------------------------------------------------------------------------------------
| Report Methodology
| ------------------
------------------------------------------------------------------------------------------------

Rule       Severity  Description                    Violations  
---------  --------  -----------------------------  ----------  
TIMING-18  Warning   Missing input or output delay  183         

Note: This report is based on the most recent report_methodology run and may not be up-to-date. Run report_methodology on the current design for the latest report.



check_timing report

Table of Contents
-----------------
1. checking no_clock (0)
2. checking constant_clock (0)
3. checking pulse_width_clock (0)
4. checking unconstrained_internal_endpoints (0)
5. checking no_input_delay (65)
6. checking no_output_delay (118)
7. checking multiple_clock (0)
8. checking generated_clocks (0)
9. checking loops (0)
10. checking partial_input_delay (0)
11. checking partial_output_delay (0)
12. checking latch_loops (0)

1. checking no_clock (0)
------------------------
 There are 0 register/latch pins with no clock.


2. checking constant_clock (0)
------------------------------
 There are 0 register/latch pins with constant_clock.


3. checking pulse_width_clock (0)
---------------------------------
 There are 0 register/latch pins which need pulse_width check


4. checking unconstrained_internal_endpoints (0)
------------------------------------------------
 There are 0 pins that are not constrained for maximum delay.

 There are 0 pins that are not constrained for maximum delay due to constant clock.


5. checking no_input_delay (65)
-------------------------------
 There are 65 input ports with no input delay specified. (HIGH)

 There are 0 input ports with no input delay but user has a false path constraint.


6. checking no_output_delay (118)
---------------------------------
 There are 118 ports with no output delay specified. (HIGH)

 There are 0 ports with no output delay but user has a false path constraint

 There are 0 ports with no output delay but with a timing clock defined on it or propagating through it


7. checking multiple_clock (0)
------------------------------
 There are 0 register/latch pins with multiple clocks.


8. checking generated_clocks (0)
--------------------------------
 There are 0 generated clocks that are not connected to a clock source.


9. checking loops (0)
---------------------
 There are 0 combinational loops in the design.


10. checking partial_input_delay (0)
------------------------------------
 There are 0 input ports with partial input delay specified.


11. checking partial_output_delay (0)
-------------------------------------
 There are 0 ports with partial output delay specified.


12. checking latch_loops (0)
----------------------------
 There are 0 combinational latch loops in the design through latch input



------------------------------------------------------------------------------------------------
| Design Timing Summary
| ---------------------
------------------------------------------------------------------------------------------------

    WNS(ns)      TNS(ns)  TNS Failing Endpoints  TNS Total Endpoints      WHS(ns)      THS(ns)  THS Failing Endpoints  THS Total Endpoints     WPWS(ns)     TPWS(ns)  TPWS Failing Endpoints  TPWS Total Endpoints  
    -------      -------  ---------------------  -------------------      -------      -------  ---------------------  -------------------     --------     --------  ----------------------  --------------------  
      0.242        0.000                      0                 4043        0.099        0.000                      0                 3886        2.150        0.000                       0                  1669  


All user specified timing constraints are met.


------------------------------------------------------------------------------------------------
| Clock Summary
| -------------
------------------------------------------------------------------------------------------------

Clock    Waveform(ns)         Period(ns)      Frequency(MHz)
-----    ------------         ----------      --------------
aclk     {0.000 5.000}        10.000          100.000         
net_clk  {0.000 3.200}        6.400           156.250         


------------------------------------------------------------------------------------------------
| Intra Clock Table
| -----------------
------------------------------------------------------------------------------------------------

Clock             WNS(ns)      TNS(ns)  TNS Failing Endpoints  TNS Total Endpoints      WHS(ns)      THS(ns)  THS Failing Endpoints  THS Total Endpoints     WPWS(ns)     TPWS(ns)  TPWS Failing Endpoints  TPWS Total Endpoints  
-----             -------      -------  ---------------------  -------------------      -------      -------  ---------------------  -------------------     --------     --------  ----------------------  --------------------  
aclk                5.200        0.000                      0                  577        0.099        0.000                      0                  577        4.500        0.000                       0                   377  
net_clk             0.242        0.000                      0                 3309        0.099        0.000                      0                 3309        2.150        0.000                       0                  1292  


------------------------------------------------------------------------------------------------
| Inter Clock Table
| -----------------
------------------------------------------------------------------------------------------------

From Clock    To Clock          WNS(ns)      TNS(ns)  TNS Failing Endpoints  TNS Total Endpoints      WHS(ns)      THS(ns)  THS Failing Endpoints  THS Total Endpoints  
----------    --------          -------      -------  ---------------------  -------------------      -------      -------  ---------------------  -------------------  
net_clk       aclk                5.171        0.000                      0                  112                                                                        
aclk          net_clk             5.207        0.000                      0                   45                                                                        


------------------------------------------------------------------------------------------------
| Other Path Groups Table
| -----------------------
------------------------------------------------------------------------------------------------

Path Group    From Clock    To Clock          WNS(ns)      TNS(ns)  TNS Failing Endpoints  TNS Total Endpoints      WHS(ns)      THS(ns)  THS Failing Endpoints  THS Total Endpoints  
----------    ----------    --------          -------      -------  ---------------------  -------------------      -------      -------  ---------------------  -------------------  


------------------------------------------------------------------------------------------------
| User Ignored Path Table
| -----------------------
------------------------------------------------------------------------------------------------

Path Group    From Clock    To Clock    
----------    ----------    --------    
(none)        net_clk       aclk          
(none)        aclk          net_clk       


------------------------------------------------------------------------------------------------
| Unconstrained Path Table
| ------------------------
------------------------------------------------------------------------------------------------

Path Group    From Clock    To Clock    
----------    ----------    --------    
(none)        aclk                        
(none)        net_clk                     
(none)                      aclk          
(none)                      net_clk       


------------------------------------------------------------------------------------------------
| Timing Details
| --------------
------------------------------------------------------------------------------------------------


---------------------------------------------------------------------------------------------------
From Clock:  aclk
  To Clock:  aclk

Setup :            0  Failing Endpoints,  Worst Slack        5.200ns,  Total Violation        0.000ns
Hold  :            0  Failing Endpoints,  Worst Slack        0.099ns,  Total Violation        0.000ns
PW    :            0  Failing Endpoints,  Worst Slack        4.500ns,  Total Violation        0.000ns
---------------------------------------------------------------------------------------------------


Max Delay Paths
--------------------------------------------------------------------------------------
Slack (MET) :             5.200ns  (required time - arrival time)
  Source:                 u_axi/FSM_sequential_state_reg[0]/C
                            (rising edge-triggered cell FDRE clocked by aclk  {rise@0.000ns fall@5.000ns period=10.000ns})
  Destination:            u_axi/br_wdata_reg[25]/CE
                            (rising edge-triggered cell FDRE clocked by aclk  {rise@0.000ns fall@5.000ns period=10.000ns})
  Path Group:             aclk
  Path Type:              Setup (Max at Slow Process Corner)
  Requirement:            10.000ns  (aclk rise@10.000ns - aclk rise@0.000ns)
  Data Path Delay:        4.580ns  (logic 0.587ns (12.817%)  route 3.993ns (87.183%))
  Logic Levels:           2  (LUT2=1 LUT6=1)
  Clock Path Skew:        -0.035ns (DCD - SCD + CPR)
    Destination Clock Delay (DCD):    0.669ns = ( 10.669 - 10.000 ) 
    Source Clock Delay      (SCD):    0.704ns
    Clock Pessimism Removal (CPR):    0.000ns
  Clock Uncertainty:      0.035ns  ((TSJ^2 + TIJ^2)^1/2 + DJ) / 2 + PE
    Total System Jitter     (TSJ):    0.071ns
    Total Input Jitter      (TIJ):    0.000ns
    Discrete Jitter          (DJ):    0.000ns
    Phase Error              (PE):    0.000ns

    Location             Delay type                Incr(ns)  Path(ns)    Netlist Resource(s)
  -------------------------------------------------------------------    -------------------
                         (clock aclk rise edge)       0.000     0.000 r  
                                                      0.000     0.000 r  aclk (IN)
                         net (fo=376, unset)          0.704     0.704    u_axi/aclk
    SLICE_X42Y24         FDRE                                         r  u_axi/FSM_sequential_state_reg[0]/C
  -------------------------------------------------------------------    -------------------
    SLICE_X42Y24         FDRE (Prop_fdre_C_Q)         0.393     1.097 r  u_axi/FSM_sequential_state_reg[0]/Q
                         net (fo=38, routed)          0.792     1.889    u_axi/state[0]
    SLICE_X43Y26         LUT2 (Prop_lut2_I0_O)        0.097     1.986 r  u_axi/s_axi_rdata[30]_i_2/O
                         net (fo=15, routed)          0.337     2.324    u_axi/s_axi_rdata[30]_i_2_n_0
    SLICE_X42Y27         LUT6 (Prop_lut6_I1_O)        0.097     2.421 r  u_axi/br_wdata[31]_i_1/O
                         net (fo=32, routed)          2.863     5.284    u_axi/br_wdata[31]_i_1_n_0
    SLICE_X43Y41         FDRE                                         r  u_axi/br_wdata_reg[25]/CE
  -------------------------------------------------------------------    -------------------

                         (clock aclk rise edge)      10.000    10.000 r  
                                                      0.000    10.000 r  aclk (IN)
                         net (fo=376, unset)          0.669    10.669    u_axi/aclk
    SLICE_X43Y41         FDRE                                         r  u_axi/br_wdata_reg[25]/C
                         clock pessimism              0.000    10.669    
                         clock uncertainty           -0.035    10.633    
    SLICE_X43Y41         FDRE (Setup_fdre_C_CE)      -0.150    10.483    u_axi/br_wdata_reg[25]
  -------------------------------------------------------------------
                         required time                         10.483    
                         arrival time                          -5.284    
  -------------------------------------------------------------------
                         slack                                  5.200    

Slack (MET) :             5.299ns  (required time - arrival time)
  Source:                 u_axi/FSM_sequential_state_reg[0]/C
                            (rising edge-triggered cell FDRE clocked by aclk  {rise@0.000ns fall@5.000ns period=10.000ns})
  Destination:            u_axi/br_wdata_reg[24]/CE
                            (rising edge-triggered cell FDRE clocked by aclk  {rise@0.000ns fall@5.000ns period=10.000ns})
  Path Group:             aclk
  Path Type:              Setup (Max at Slow Process Corner)
  Requirement:            10.000ns  (aclk rise@10.000ns - aclk rise@0.000ns)
  Data Path Delay:        4.481ns  (logic 0.587ns (13.101%)  route 3.894ns (86.899%))
  Logic Levels:           2  (LUT2=1 LUT6=1)
  Clock Path Skew:        -0.035ns (DCD - SCD + CPR)
    Destination Clock Delay (DCD):    0.669ns = ( 10.669 - 10.000 ) 
    Source Clock Delay      (SCD):    0.704ns
    Clock Pessimism Removal (CPR):    0.000ns
  Clock Uncertainty:      0.035ns  ((TSJ^2 + TIJ^2)^1/2 + DJ) / 2 + PE
    Total System Jitter     (TSJ):    0.071ns
    Total Input Jitter      (TIJ):    0.000ns
    Discrete Jitter          (DJ):    0.000ns
    Phase Error              (PE):    0.000ns

    Location             Delay type                Incr(ns)  Path(ns)    Netlist Resource(s)
  -------------------------------------------------------------------    -------------------
                         (clock aclk rise edge)       0.000     0.000 r  
                                                      0.000     0.000 r  aclk (IN)
                         net (fo=376, unset)          0.704     0.704    u_axi/aclk
    SLICE_X42Y24         FDRE                                         r  u_axi/FSM_sequential_state_reg[0]/C
  -------------------------------------------------------------------    -------------------
    SLICE_X42Y24         FDRE (Prop_fdre_C_Q)         0.393     1.097 r  u_axi/FSM_sequential_state_reg[0]/Q
                         net (fo=38, routed)          0.792     1.889    u_axi/state[0]
    SLICE_X43Y26         LUT2 (Prop_lut2_I0_O)        0.097     1.986 r  u_axi/s_axi_rdata[30]_i_2/O
                         net (fo=15, routed)          0.337     2.324    u_axi/s_axi_rdata[30]_i_2_n_0
    SLICE_X42Y27         LUT6 (Prop_lut6_I1_O)        0.097     2.421 r  u_axi/br_wdata[31]_i_1/O
                         net (fo=32, routed)          2.764     5.185    u_axi/br_wdata[31]_i_1_n_0
    SLICE_X43Y40         FDRE                                         r  u_axi/br_wdata_reg[24]/CE
  -------------------------------------------------------------------    -------------------

                         (clock aclk rise edge)      10.000    10.000 r  
                                                      0.000    10.000 r  aclk (IN)
                         net (fo=376, unset)          0.669    10.669    u_axi/aclk
    SLICE_X43Y40         FDRE                                         r  u_axi/br_wdata_reg[24]/C
                         clock pessimism              0.000    10.669    
                         clock uncertainty           -0.035    10.633    
    SLICE_X43Y40         FDRE (Setup_fdre_C_CE)      -0.150    10.483    u_axi/br_wdata_reg[24]
  -------------------------------------------------------------------
                         required time                         10.483    
                         arrival time                          -5.185    
  -------------------------------------------------------------------
                         slack                                  5.299    

Slack (MET) :             5.299ns  (required time - arrival time)
  Source:                 u_axi/FSM_sequential_state_reg[0]/C
                            (rising edge-triggered cell FDRE clocked by aclk  {rise@0.000ns fall@5.000ns period=10.000ns})
  Destination:            u_axi/br_wdata_reg[27]/CE
                            (rising edge-triggered cell FDRE clocked by aclk  {rise@0.000ns fall@5.000ns period=10.000ns})
  Path Group:             aclk
  Path Type:              Setup (Max at Slow Process Corner)
  Requirement:            10.000ns  (aclk rise@10.000ns - aclk rise@0.000ns)
  Data Path Delay:        4.481ns  (logic 0.587ns (13.101%)  route 3.894ns (86.899%))
  Logic Levels:           2  (LUT2=1 LUT6=1)
  Clock Path Skew:        -0.035ns (DCD - SCD + CPR)
    Destination Clock Delay (DCD):    0.669ns = ( 10.669 - 10.000 ) 
    Source Clock Delay      (SCD):    0.704ns
    Clock Pessimism Removal (CPR):    0.000ns
  Clock Uncertainty:      0.035ns  ((TSJ^2 + TIJ^2)^1/2 + DJ) / 2 + PE
    Total System Jitter     (TSJ):    0.071ns
    Total Input Jitter      (TIJ):    0.000ns
    Discrete Jitter          (DJ):    0.000ns
    Phase Error              (PE):    0.000ns

    Location             Delay type                Incr(ns)  Path(ns)    Netlist Resource(s)
  -------------------------------------------------------------------    -------------------
                         (clock aclk rise edge)       0.000     0.000 r  
                                                      0.000     0.000 r  aclk (IN)
                         net (fo=376, unset)          0.704     0.704    u_axi/aclk
    SLICE_X42Y24         FDRE                                         r  u_axi/FSM_sequential_state_reg[0]/C
  -------------------------------------------------------------------    -------------------
    SLICE_X42Y24         FDRE (Prop_fdre_C_Q)         0.393     1.097 r  u_axi/FSM_sequential_state_reg[0]/Q
                         net (fo=38, routed)          0.792     1.889    u_axi/state[0]
    SLICE_X43Y26         LUT2 (Prop_lut2_I0_O)        0.097     1.986 r  u_axi/s_axi_rdata[30]_i_2/O
                         net (fo=15, routed)          0.337     2.324    u_axi/s_axi_rdata[30]_i_2_n_0
    SLICE_X42Y27         LUT6 (Prop_lut6_I1_O)        0.097     2.421 r  u_axi/br_wdata[31]_i_1/O
                         net (fo=32, routed)          2.764     5.185    u_axi/br_wdata[31]_i_1_n_0
    SLICE_X43Y40         FDRE                                         r  u_axi/br_wdata_reg[27]/CE
  -------------------------------------------------------------------    -------------------

                         (clock aclk rise edge)      10.000    10.000 r  
                                                      0.000    10.000 r  aclk (IN)
                         net (fo=376, unset)          0.669    10.669    u_axi/aclk
    SLICE_X43Y40         FDRE                                         r  u_axi/br_wdata_reg[27]/C
                         clock pessimism              0.000    10.669    
                         clock uncertainty           -0.035    10.633    
    SLICE_X43Y40         FDRE (Setup_fdre_C_CE)      -0.150    10.483    u_axi/br_wdata_reg[27]
  -------------------------------------------------------------------
                         required time                         10.483    
                         arrival time                          -5.185    
  -------------------------------------------------------------------
                         slack                                  5.299    

Slack (MET) :             5.299ns  (required time - arrival time)
  Source:                 u_axi/FSM_sequential_state_reg[0]/C
                            (rising edge-triggered cell FDRE clocked by aclk  {rise@0.000ns fall@5.000ns period=10.000ns})
  Destination:            u_axi/br_wdata_reg[28]/CE
                            (rising edge-triggered cell FDRE clocked by aclk  {rise@0.000ns fall@5.000ns period=10.000ns})
  Path Group:             aclk
  Path Type:              Setup (Max at Slow Process Corner)
  Requirement:            10.000ns  (aclk rise@10.000ns - aclk rise@0.000ns)
  Data Path Delay:        4.481ns  (logic 0.587ns (13.101%)  route 3.894ns (86.899%))
  Logic Levels:           2  (LUT2=1 LUT6=1)
  Clock Path Skew:        -0.035ns (DCD - SCD + CPR)
    Destination Clock Delay (DCD):    0.669ns = ( 10.669 - 10.000 ) 
    Source Clock Delay      (SCD):    0.704ns
    Clock Pessimism Removal (CPR):    0.000ns
  Clock Uncertainty:      0.035ns  ((TSJ^2 + TIJ^2)^1/2 + DJ) / 2 + PE
    Total System Jitter     (TSJ):    0.071ns
    Total Input Jitter      (TIJ):    0.000ns
    Discrete Jitter          (DJ):    0.000ns
    Phase Error              (PE):    0.000ns

    Location             Delay type                Incr(ns)  Path(ns)    Netlist Resource(s)
  -------------------------------------------------------------------    -------------------
                         (clock aclk rise edge)       0.000     0.000 r  
                                                      0.000     0.000 r  aclk (IN)
                         net (fo=376, unset)          0.704     0.704    u_axi/aclk
    SLICE_X42Y24         FDRE                                         r  u_axi/FSM_sequential_state_reg[0]/C
  -------------------------------------------------------------------    -------------------
    SLICE_X42Y24         FDRE (Prop_fdre_C_Q)         0.393     1.097 r  u_axi/FSM_sequential_state_reg[0]/Q
                         net (fo=38, routed)          0.792     1.889    u_axi/state[0]
    SLICE_X43Y26         LUT2 (Prop_lut2_I0_O)        0.097     1.986 r  u_axi/s_axi_rdata[30]_i_2/O
                         net (fo=15, routed)          0.337     2.324    u_axi/s_axi_rdata[30]_i_2_n_0
    SLICE_X42Y27         LUT6 (Prop_lut6_I1_O)        0.097     2.421 r  u_axi/br_wdata[31]_i_1/O
                         net (fo=32, routed)          2.764     5.185    u_axi/br_wdata[31]_i_1_n_0
    SLICE_X43Y40         FDRE                                         r  u_axi/br_wdata_reg[28]/CE
  -------------------------------------------------------------------    -------------------

                         (clock aclk rise edge)      10.000    10.000 r  
                                                      0.000    10.000 r  aclk (IN)
                         net (fo=376, unset)          0.669    10.669    u_axi/aclk
    SLICE_X43Y40         FDRE                                         r  u_axi/br_wdata_reg[28]/C
                         clock pessimism              0.000    10.669    
                         clock uncertainty           -0.035    10.633    
    SLICE_X43Y40         FDRE (Setup_fdre_C_CE)      -0.150    10.483    u_axi/br_wdata_reg[28]
  -------------------------------------------------------------------
                         required time                         10.483    
                         arrival time                          -5.185    
  -------------------------------------------------------------------
                         slack                                  5.299    

Slack (MET) :             5.409ns  (required time - arrival time)
  Source:                 u_axi/FSM_sequential_state_reg[0]/C
                            (rising edge-triggered cell FDRE clocked by aclk  {rise@0.000ns fall@5.000ns period=10.000ns})
  Destination:            u_axi/br_wdata_reg[29]/CE
                            (rising edge-triggered cell FDRE clocked by aclk  {rise@0.000ns fall@5.000ns period=10.000ns})
  Path Group:             aclk
  Path Type:              Setup (Max at Slow Process Corner)
  Requirement:            10.000ns  (aclk rise@10.000ns - aclk rise@0.000ns)
  Data Path Delay:        4.370ns  (logic 0.587ns (13.432%)  route 3.783ns (86.568%))
  Logic Levels:           2  (LUT2=1 LUT6=1)
  Clock Path Skew:        -0.035ns (DCD - SCD + CPR)
    Destination Clock Delay (DCD):    0.669ns = ( 10.669 - 10.000 ) 
    Source Clock Delay      (SCD):    0.704ns
    Clock Pessimism Removal (CPR):    0.000ns
  Clock Uncertainty:      0.035ns  ((TSJ^2 + TIJ^2)^1/2 + DJ) / 2 + PE
    Total System Jitter     (TSJ):    0.071ns
    Total Input Jitter      (TIJ):    0.000ns
    Discrete Jitter          (DJ):    0.000ns
    Phase Error              (PE):    0.000ns

    Location             Delay type                Incr(ns)  Path(ns)    Netlist Resource(s)
  -------------------------------------------------------------------    -------------------
                         (clock aclk rise edge)       0.000     0.000 r  
                                                      0.000     0.000 r  aclk (IN)
                         net (fo=376, unset)          0.704     0.704    u_axi/aclk
    SLICE_X42Y24         FDRE                                         r  u_axi/FSM_sequential_state_reg[0]/C
  -------------------------------------------------------------------    -------------------
    SLICE_X42Y24         FDRE (Prop_fdre_C_Q)         0.393     1.097 r  u_axi/FSM_sequential_state_reg[0]/Q
                         net (fo=38, routed)          0.792     1.889    u_axi/state[0]
    SLICE_X43Y26         LUT2 (Prop_lut2_I0_O)        0.097     1.986 r  u_axi/s_axi_rdata[30]_i_2/O
                         net (fo=15, routed)          0.337     2.324    u_axi/s_axi_rdata[30]_i_2_n_0
    SLICE_X42Y27         LUT6 (Prop_lut6_I1_O)        0.097     2.421 r  u_axi/br_wdata[31]_i_1/O
                         net (fo=32, routed)          2.654     5.074    u_axi/br_wdata[31]_i_1_n_0
    SLICE_X45Y42         FDRE                                         r  u_axi/br_wdata_reg[29]/CE
  -------------------------------------------------------------------    -------------------

                         (clock aclk rise edge)      10.000    10.000 r  
                                                      0.000    10.000 r  aclk (IN)
                         net (fo=376, unset)          0.669    10.669    u_axi/aclk
    SLICE_X45Y42         FDRE                                         r  u_axi/br_wdata_reg[29]/C
                         clock pessimism              0.000    10.669    
                         clock uncertainty           -0.035    10.633    
    SLICE_X45Y42         FDRE (Setup_fdre_C_CE)      -0.150    10.483    u_axi/br_wdata_reg[29]
  -------------------------------------------------------------------
                         required time                         10.483    
                         arrival time                          -5.074    
  -------------------------------------------------------------------
                         slack                                  5.409    

Slack (MET) :             5.409ns  (required time - arrival time)
  Source:                 u_axi/FSM_sequential_state_reg[0]/C
                            (rising edge-triggered cell FDRE clocked by aclk  {rise@0.000ns fall@5.000ns period=10.000ns})
  Destination:            u_axi/br_wdata_reg[30]/CE
                            (rising edge-triggered cell FDRE clocked by aclk  {rise@0.000ns fall@5.000ns period=10.000ns})
  Path Group:             aclk
  Path Type:              Setup (Max at Slow Process Corner)
  Requirement:            10.000ns  (aclk rise@10.000ns - aclk rise@0.000ns)
  Data Path Delay:        4.370ns  (logic 0.587ns (13.432%)  route 3.783ns (86.568%))
  Logic Levels:           2  (LUT2=1 LUT6=1)
  Clock Path Skew:        -0.035ns (DCD - SCD + CPR)
    Destination Clock Delay (DCD):    0.669ns = ( 10.669 - 10.000 ) 
    Source Clock Delay      (SCD):    0.704ns
    Clock Pessimism Removal (CPR):    0.000ns
  Clock Uncertainty:      0.035ns  ((TSJ^2 + TIJ^2)^1/2 + DJ) / 2 + PE
    Total System Jitter     (TSJ):    0.071ns
    Total Input Jitter      (TIJ):    0.000ns
    Discrete Jitter          (DJ):    0.000ns
    Phase Error              (PE):    0.000ns

    Location             Delay type                Incr(ns)  Path(ns)    Netlist Resource(s)
  -------------------------------------------------------------------    -------------------
                         (clock aclk rise edge)       0.000     0.000 r  
                                                      0.000     0.000 r  aclk (IN)
                         net (fo=376, unset)          0.704     0.704    u_axi/aclk
    SLICE_X42Y24         FDRE                                         r  u_axi/FSM_sequential_state_reg[0]/C
  -------------------------------------------------------------------    -------------------
    SLICE_X42Y24         FDRE (Prop_fdre_C_Q)         0.393     1.097 r  u_axi/FSM_sequential_state_reg[0]/Q
                         net (fo=38, routed)          0.792     1.889    u_axi/state[0]
    SLICE_X43Y26         LUT2 (Prop_lut2_I0_O)        0.097     1.986 r  u_axi/s_axi_rdata[30]_i_2/O
                         net (fo=15, routed)          0.337     2.324    u_axi/s_axi_rdata[30]_i_2_n_0
    SLICE_X42Y27         LUT6 (Prop_lut6_I1_O)        0.097     2.421 r  u_axi/br_wdata[31]_i_1/O
                         net (fo=32, routed)          2.654     5.074    u_axi/br_wdata[31]_i_1_n_0
    SLICE_X45Y42         FDRE                                         r  u_axi/br_wdata_reg[30]/CE
  -------------------------------------------------------------------    -------------------

                         (clock aclk rise edge)      10.000    10.000 r  
                                                      0.000    10.000 r  aclk (IN)
                         net (fo=376, unset)          0.669    10.669    u_axi/aclk
    SLICE_X45Y42         FDRE                                         r  u_axi/br_wdata_reg[30]/C
                         clock pessimism              0.000    10.669    
                         clock uncertainty           -0.035    10.633    
    SLICE_X45Y42         FDRE (Setup_fdre_C_CE)      -0.150    10.483    u_axi/br_wdata_reg[30]
  -------------------------------------------------------------------
                         required time                         10.483    
                         arrival time                          -5.074    
  -------------------------------------------------------------------
                         slack                                  5.409    

Slack (MET) :             5.546ns  (required time - arrival time)
  Source:                 u_axi/addr_q_reg[2]/C
                            (rising edge-triggered cell FDRE clocked by aclk  {rise@0.000ns fall@5.000ns period=10.000ns})
  Destination:            u_axi/s_axi_rdata_reg[21]/D
                            (rising edge-triggered cell FDRE clocked by aclk  {rise@0.000ns fall@5.000ns period=10.000ns})
  Path Group:             aclk
  Path Type:              Setup (Max at Slow Process Corner)
  Requirement:            10.000ns  (aclk rise@10.000ns - aclk rise@0.000ns)
  Data Path Delay:        4.413ns  (logic 0.774ns (17.539%)  route 3.639ns (82.461%))
  Logic Levels:           3  (LUT5=1 LUT6=2)
  Clock Path Skew:        -0.035ns (DCD - SCD + CPR)
    Destination Clock Delay (DCD):    0.669ns = ( 10.669 - 10.000 ) 
    Source Clock Delay      (SCD):    0.704ns
    Clock Pessimism Removal (CPR):    0.000ns
  Clock Uncertainty:      0.035ns  ((TSJ^2 + TIJ^2)^1/2 + DJ) / 2 + PE
    Total System Jitter     (TSJ):    0.071ns
    Total Input Jitter      (TIJ):    0.000ns
    Discrete Jitter          (DJ):    0.000ns
    Phase Error              (PE):    0.000ns

    Location             Delay type                Incr(ns)  Path(ns)    Netlist Resource(s)
  -------------------------------------------------------------------    -------------------
                         (clock aclk rise edge)       0.000     0.000 r  
                                                      0.000     0.000 r  aclk (IN)
                         net (fo=376, unset)          0.704     0.704    u_axi/aclk
    SLICE_X44Y26         FDRE                                         r  u_axi/addr_q_reg[2]/C
  -------------------------------------------------------------------    -------------------
    SLICE_X44Y26         FDRE (Prop_fdre_C_Q)         0.341     1.045 r  u_axi/addr_q_reg[2]/Q
                         net (fo=16, routed)          0.976     2.021    u_axi/addr_q_reg_n_0_[2]
    SLICE_X52Y29         LUT5 (Prop_lut5_I3_O)        0.097     2.118 r  u_axi/s_axi_rdata[31]_i_6/O
                         net (fo=16, routed)          0.881     2.999    u_axi/s_axi_rdata[31]_i_6_n_0
    SLICE_X45Y28         LUT6 (Prop_lut6_I0_O)        0.239     3.238 r  u_axi/s_axi_rdata[31]_i_5/O
                         net (fo=10, routed)          1.782     5.020    u_axi/s_axi_rdata[31]_i_5_n_0
    SLICE_X31Y42         LUT6 (Prop_lut6_I5_O)        0.097     5.117 r  u_axi/s_axi_rdata[21]_i_1/O
                         net (fo=1, routed)           0.000     5.117    u_axi/s_axi_rdata[21]_i_1_n_0
    SLICE_X31Y42         FDRE                                         r  u_axi/s_axi_rdata_reg[21]/D
  -------------------------------------------------------------------    -------------------

                         (clock aclk rise edge)      10.000    10.000 r  
                                                      0.000    10.000 r  aclk (IN)
                         net (fo=376, unset)          0.669    10.669    u_axi/aclk
    SLICE_X31Y42         FDRE                                         r  u_axi/s_axi_rdata_reg[21]/C
                         clock pessimism              0.000    10.669    
                         clock uncertainty           -0.035    10.633    
    SLICE_X31Y42         FDRE (Setup_fdre_C_D)        0.030    10.663    u_axi/s_axi_rdata_reg[21]
  -------------------------------------------------------------------
                         required time                         10.663    
                         arrival time                          -5.117    
  -------------------------------------------------------------------
                         slack                                  5.546    

Slack (MET) :             5.564ns  (required time - arrival time)
  Source:                 u_axi/addr_q_reg[2]/C
                            (rising edge-triggered cell FDRE clocked by aclk  {rise@0.000ns fall@5.000ns period=10.000ns})
  Destination:            u_axi/s_axi_rdata_reg[25]/D
                            (rising edge-triggered cell FDRE clocked by aclk  {rise@0.000ns fall@5.000ns period=10.000ns})
  Path Group:             aclk
  Path Type:              Setup (Max at Slow Process Corner)
  Requirement:            10.000ns  (aclk rise@10.000ns - aclk rise@0.000ns)
  Data Path Delay:        4.398ns  (logic 0.774ns (17.600%)  route 3.624ns (82.400%))
  Logic Levels:           3  (LUT5=1 LUT6=2)
  Clock Path Skew:        -0.035ns (DCD - SCD + CPR)
    Destination Clock Delay (DCD):    0.669ns = ( 10.669 - 10.000 ) 
    Source Clock Delay      (SCD):    0.704ns
    Clock Pessimism Removal (CPR):    0.000ns
  Clock Uncertainty:      0.035ns  ((TSJ^2 + TIJ^2)^1/2 + DJ) / 2 + PE
    Total System Jitter     (TSJ):    0.071ns
    Total Input Jitter      (TIJ):    0.000ns
    Discrete Jitter          (DJ):    0.000ns
    Phase Error              (PE):    0.000ns

    Location             Delay type                Incr(ns)  Path(ns)    Netlist Resource(s)
  -------------------------------------------------------------------    -------------------
                         (clock aclk rise edge)       0.000     0.000 r  
                                                      0.000     0.000 r  aclk (IN)
                         net (fo=376, unset)          0.704     0.704    u_axi/aclk
    SLICE_X44Y26         FDRE                                         r  u_axi/addr_q_reg[2]/C
  -------------------------------------------------------------------    -------------------
    SLICE_X44Y26         FDRE (Prop_fdre_C_Q)         0.341     1.045 r  u_axi/addr_q_reg[2]/Q
                         net (fo=16, routed)          0.976     2.021    u_axi/addr_q_reg_n_0_[2]
    SLICE_X52Y29         LUT5 (Prop_lut5_I3_O)        0.097     2.118 r  u_axi/s_axi_rdata[31]_i_6/O
                         net (fo=16, routed)          0.881     2.999    u_axi/s_axi_rdata[31]_i_6_n_0
    SLICE_X45Y28         LUT6 (Prop_lut6_I0_O)        0.239     3.238 r  u_axi/s_axi_rdata[31]_i_5/O
                         net (fo=10, routed)          1.767     5.005    u_axi/s_axi_rdata[31]_i_5_n_0
    SLICE_X31Y42         LUT6 (Prop_lut6_I5_O)        0.097     5.102 r  u_axi/s_axi_rdata[25]_i_1/O
                         net (fo=1, routed)           0.000     5.102    u_axi/s_axi_rdata[25]_i_1_n_0
    SLICE_X31Y42         FDRE                                         r  u_axi/s_axi_rdata_reg[25]/D
  -------------------------------------------------------------------    -------------------

                         (clock aclk rise edge)      10.000    10.000 r  
                                                      0.000    10.000 r  aclk (IN)
                         net (fo=376, unset)          0.669    10.669    u_axi/aclk
    SLICE_X31Y42         FDRE                                         r  u_axi/s_axi_rdata_reg[25]/C
                         clock pessimism              0.000    10.669    
                         clock uncertainty           -0.035    10.633    
    SLICE_X31Y42         FDRE (Setup_fdre_C_D)        0.032    10.665    u_axi/s_axi_rdata_reg[25]
  -------------------------------------------------------------------
                         required time                         10.665    
                         arrival time                          -5.102    
  -------------------------------------------------------------------
                         slack                                  5.564    

Slack (MET) :             5.618ns  (required time - arrival time)
  Source:                 u_axi/FSM_sequential_state_reg[0]/C
                            (rising edge-triggered cell FDRE clocked by aclk  {rise@0.000ns fall@5.000ns period=10.000ns})
  Destination:            u_axi/br_wdata_reg[31]/CE
                            (rising edge-triggered cell FDRE clocked by aclk  {rise@0.000ns fall@5.000ns period=10.000ns})
  Path Group:             aclk
  Path Type:              Setup (Max at Slow Process Corner)
  Requirement:            10.000ns  (aclk rise@10.000ns - aclk rise@0.000ns)
  Data Path Delay:        4.162ns  (logic 0.587ns (14.105%)  route 3.575ns (85.895%))
  Logic Levels:           2  (LUT2=1 LUT6=1)
  Clock Path Skew:        -0.035ns (DCD - SCD + CPR)
    Destination Clock Delay (DCD):    0.669ns = ( 10.669 - 10.000 ) 
    Source Clock Delay      (SCD):    0.704ns
    Clock Pessimism Removal (CPR):    0.000ns
  Clock Uncertainty:      0.035ns  ((TSJ^2 + TIJ^2)^1/2 + DJ) / 2 + PE
    Total System Jitter     (TSJ):    0.071ns
    Total Input Jitter      (TIJ):    0.000ns
    Discrete Jitter          (DJ):    0.000ns
    Phase Error              (PE):    0.000ns

    Location             Delay type                Incr(ns)  Path(ns)    Netlist Resource(s)
  -------------------------------------------------------------------    -------------------
                         (clock aclk rise edge)       0.000     0.000 r  
                                                      0.000     0.000 r  aclk (IN)
                         net (fo=376, unset)          0.704     0.704    u_axi/aclk
    SLICE_X42Y24         FDRE                                         r  u_axi/FSM_sequential_state_reg[0]/C
  -------------------------------------------------------------------    -------------------
    SLICE_X42Y24         FDRE (Prop_fdre_C_Q)         0.393     1.097 r  u_axi/FSM_sequential_state_reg[0]/Q
                         net (fo=38, routed)          0.792     1.889    u_axi/state[0]
    SLICE_X43Y26         LUT2 (Prop_lut2_I0_O)        0.097     1.986 r  u_axi/s_axi_rdata[30]_i_2/O
                         net (fo=15, routed)          0.337     2.324    u_axi/s_axi_rdata[30]_i_2_n_0
    SLICE_X42Y27         LUT6 (Prop_lut6_I1_O)        0.097     2.421 r  u_axi/br_wdata[31]_i_1/O
                         net (fo=32, routed)          2.445     4.866    u_axi/br_wdata[31]_i_1_n_0
    SLICE_X47Y40         FDRE                                         r  u_axi/br_wdata_reg[31]/CE
  -------------------------------------------------------------------    -------------------

                         (clock aclk rise edge)      10.000    10.000 r  
                                                      0.000    10.000 r  aclk (IN)
                         net (fo=376, unset)          0.669    10.669    u_axi/aclk
    SLICE_X47Y40         FDRE                                         r  u_axi/br_wdata_reg[31]/C
                         clock pessimism              0.000    10.669    
                         clock uncertainty           -0.035    10.633    
    SLICE_X47Y40         FDRE (Setup_fdre_C_CE)      -0.150    10.483    u_axi/br_wdata_reg[31]
  -------------------------------------------------------------------
                         required time                         10.483    
                         arrival time                          -4.866    
  -------------------------------------------------------------------
                         slack                                  5.618    

Slack (MET) :             5.710ns  (required time - arrival time)
  Source:                 u_axi/addr_q_reg[11]/C
                            (rising edge-triggered cell FDRE clocked by aclk  {rise@0.000ns fall@5.000ns period=10.000ns})
  Destination:            u_axi/s_axi_rdata_reg[22]/CE
                            (rising edge-triggered cell FDRE clocked by aclk  {rise@0.000ns fall@5.000ns period=10.000ns})
  Path Group:             aclk
  Path Type:              Setup (Max at Slow Process Corner)
  Requirement:            10.000ns  (aclk rise@10.000ns - aclk rise@0.000ns)
  Data Path Delay:        3.948ns  (logic 0.590ns (14.946%)  route 3.358ns (85.054%))
  Logic Levels:           2  (LUT4=1 LUT5=1)
  Clock Path Skew:        -0.035ns (DCD - SCD + CPR)
    Destination Clock Delay (DCD):    0.669ns = ( 10.669 - 10.000 ) 
    Source Clock Delay      (SCD):    0.704ns
    Clock Pessimism Removal (CPR):    0.000ns
  Clock Uncertainty:      0.035ns  ((TSJ^2 + TIJ^2)^1/2 + DJ) / 2 + PE
    Total System Jitter     (TSJ):    0.071ns
    Total Input Jitter      (TIJ):    0.000ns
    Discrete Jitter          (DJ):    0.000ns
    Phase Error              (PE):    0.000ns

    Location             Delay type                Incr(ns)  Path(ns)    Netlist Resource(s)
  -------------------------------------------------------------------    -------------------
                         (clock aclk rise edge)       0.000     0.000 r  
                                                      0.000     0.000 r  aclk (IN)
                         net (fo=376, unset)          0.704     0.704    u_axi/aclk
    SLICE_X42Y25         FDRE                                         r  u_axi/addr_q_reg[11]/C
  -------------------------------------------------------------------    -------------------
    SLICE_X42Y25         FDRE (Prop_fdre_C_Q)         0.393     1.097 f  u_axi/addr_q_reg[11]/Q
                         net (fo=4, routed)           0.699     1.796    u_axi/addr_q_reg_n_0_[11]
    SLICE_X41Y27         LUT4 (Prop_lut4_I1_O)        0.097     1.893 f  u_axi/s_axi_rdata[31]_i_3/O
                         net (fo=10, routed)          0.629     2.522    u_axi/is_net__2
    SLICE_X42Y26         LUT5 (Prop_lut5_I3_O)        0.100     2.622 r  u_axi/s_axi_rdata[31]_i_1/O
                         net (fo=32, routed)          2.030     4.652    u_axi/s_axi_rdata[31]_i_1_n_0
    SLICE_X54Y39         FDRE                                         r  u_axi/s_axi_rdata_reg[22]/CE
  -------------------------------------------------------------------    -------------------

                         (clock aclk rise edge)      10.000    10.000 r  
                                                      0.000    10.000 r  aclk (IN)
                         net (fo=376, unset)          0.669    10.669    u_axi/aclk
    SLICE_X54Y39         FDRE                                         r  u_axi/s_axi_rdata_reg[22]/C
                         clock pessimism              0.000    10.669    
                         clock uncertainty           -0.035    10.633    
    SLICE_X54Y39         FDRE (Setup_fdre_C_CE)      -0.272    10.361    u_axi/s_axi_rdata_reg[22]
  -------------------------------------------------------------------
                         required time                         10.361    
                         arrival time                          -4.652    
  -------------------------------------------------------------------
                         slack                                  5.710    

Slack (MET) :             5.710ns  (required time - arrival time)
  Source:                 u_axi/addr_q_reg[11]/C
                            (rising edge-triggered cell FDRE clocked by aclk  {rise@0.000ns fall@5.000ns period=10.000ns})
  Destination:            u_axi/s_axi_rdata_reg[28]/CE
                            (rising edge-triggered cell FDRE clocked by aclk  {rise@0.000ns fall@5.000ns period=10.000ns})
  Path Group:             aclk
  Path Type:              Setup (Max at Slow Process Corner)
  Requirement:            10.000ns  (aclk rise@10.000ns - aclk rise@0.000ns)
  Data Path Delay:        3.948ns  (logic 0.590ns (14.946%)  route 3.358ns (85.054%))
  Logic Levels:           2  (LUT4=1 LUT5=1)
  Clock Path Skew:        -0.035ns (DCD - SCD + CPR)
    Destination Clock Delay (DCD):    0.669ns = ( 10.669 - 10.000 ) 
    Source Clock Delay      (SCD):    0.704ns
    Clock Pessimism Removal (CPR):    0.000ns
  Clock Uncertainty:      0.035ns  ((TSJ^2 + TIJ^2)^1/2 + DJ) / 2 + PE
    Total System Jitter     (TSJ):    0.071ns
    Total Input Jitter      (TIJ):    0.000ns
    Discrete Jitter          (DJ):    0.000ns
    Phase Error              (PE):    0.000ns

    Location             Delay type                Incr(ns)  Path(ns)    Netlist Resource(s)
  -------------------------------------------------------------------    -------------------
                         (clock aclk rise edge)       0.000     0.000 r  
                                                      0.000     0.000 r  aclk (IN)
                         net (fo=376, unset)          0.704     0.704    u_axi/aclk
    SLICE_X42Y25         FDRE                                         r  u_axi/addr_q_reg[11]/C
  -------------------------------------------------------------------    -------------------
    SLICE_X42Y25         FDRE (Prop_fdre_C_Q)         0.393     1.097 f  u_axi/addr_q_reg[11]/Q
                         net (fo=4, routed)           0.699     1.796    u_axi/addr_q_reg_n_0_[11]
    SLICE_X41Y27         LUT4 (Prop_lut4_I1_O)        0.097     1.893 f  u_axi/s_axi_rdata[31]_i_3/O
                         net (fo=10, routed)          0.629     2.522    u_axi/is_net__2
    SLICE_X42Y26         LUT5 (Prop_lut5_I3_O)        0.100     2.622 r  u_axi/s_axi_rdata[31]_i_1/O
                         net (fo=32, routed)          2.030     4.652    u_axi/s_axi_rdata[31]_i_1_n_0
    SLICE_X54Y39         FDRE                                         r  u_axi/s_axi_rdata_reg[28]/CE
  -------------------------------------------------------------------    -------------------

                         (clock aclk rise edge)      10.000    10.000 r  
                                                      0.000    10.000 r  aclk (IN)
                         net (fo=376, unset)          0.669    10.669    u_axi/aclk
    SLICE_X54Y39         FDRE                                         r  u_axi/s_axi_rdata_reg[28]/C
                         clock pessimism              0.000    10.669    
                         clock uncertainty           -0.035    10.633    
    SLICE_X54Y39         FDRE (Setup_fdre_C_CE)      -0.272    10.361    u_axi/s_axi_rdata_reg[28]
  -------------------------------------------------------------------
                         required time                         10.361    
                         arrival time                          -4.652    
  -------------------------------------------------------------------
                         slack                                  5.710    

Slack (MET) :             5.749ns  (required time - arrival time)
  Source:                 u_axi/FSM_sequential_state_reg[0]/C
                            (rising edge-triggered cell FDRE clocked by aclk  {rise@0.000ns fall@5.000ns period=10.000ns})
  Destination:            u_axi/br_wdata_reg[23]/CE
                            (rising edge-triggered cell FDRE clocked by aclk  {rise@0.000ns fall@5.000ns period=10.000ns})
  Path Group:             aclk
  Path Type:              Setup (Max at Slow Process Corner)
  Requirement:            10.000ns  (aclk rise@10.000ns - aclk rise@0.000ns)
  Data Path Delay:        4.030ns  (logic 0.587ns (14.565%)  route 3.443ns (85.435%))
  Logic Levels:           2  (LUT2=1 LUT6=1)
  Clock Path Skew:        -0.035ns (DCD - SCD + CPR)
    Destination Clock Delay (DCD):    0.669ns = ( 10.669 - 10.000 ) 
    Source Clock Delay      (SCD):    0.704ns
    Clock Pessimism Removal (CPR):    0.000ns
  Clock Uncertainty:      0.035ns  ((TSJ^2 + TIJ^2)^1/2 + DJ) / 2 + PE
    Total System Jitter     (TSJ):    0.071ns
    Total Input Jitter      (TIJ):    0.000ns
    Discrete Jitter          (DJ):    0.000ns
    Phase Error              (PE):    0.000ns

    Location             Delay type                Incr(ns)  Path(ns)    Netlist Resource(s)
  -------------------------------------------------------------------    -------------------
                         (clock aclk rise edge)       0.000     0.000 r  
                                                      0.000     0.000 r  aclk (IN)
                         net (fo=376, unset)          0.704     0.704    u_axi/aclk
    SLICE_X42Y24         FDRE                                         r  u_axi/FSM_sequential_state_reg[0]/C
  -------------------------------------------------------------------    -------------------
    SLICE_X42Y24         FDRE (Prop_fdre_C_Q)         0.393     1.097 r  u_axi/FSM_sequential_state_reg[0]/Q
                         net (fo=38, routed)          0.792     1.889    u_axi/state[0]
    SLICE_X43Y26         LUT2 (Prop_lut2_I0_O)        0.097     1.986 r  u_axi/s_axi_rdata[30]_i_2/O
                         net (fo=15, routed)          0.337     2.324    u_axi/s_axi_rdata[30]_i_2_n_0
    SLICE_X42Y27         LUT6 (Prop_lut6_I1_O)        0.097     2.421 r  u_axi/br_wdata[31]_i_1/O
                         net (fo=32, routed)          2.314     4.734    u_axi/br_wdata[31]_i_1_n_0
    SLICE_X48Y41         FDRE                                         r  u_axi/br_wdata_reg[23]/CE
  -------------------------------------------------------------------    -------------------

                         (clock aclk rise edge)      10.000    10.000 r  
                                                      0.000    10.000 r  aclk (IN)
                         net (fo=376, unset)          0.669    10.669    u_axi/aclk
    SLICE_X48Y41         FDRE                                         r  u_axi/br_wdata_reg[23]/C
                         clock pessimism              0.000    10.669    
                         clock uncertainty           -0.035    10.633    
    SLICE_X48Y41         FDRE (Setup_fdre_C_CE)      -0.150    10.483    u_axi/br_wdata_reg[23]
  -------------------------------------------------------------------
                         required time                         10.483    
                         arrival time                          -4.734    
  -------------------------------------------------------------------
                         slack                                  5.749    

Slack (MET) :             5.749ns  (required time - arrival time)
  Source:                 u_axi/FSM_sequential_state_reg[0]/C
                            (rising edge-triggered cell FDRE clocked by aclk  {rise@0.000ns fall@5.000ns period=10.000ns})
  Destination:            u_axi/br_wdata_reg[26]/CE
                            (rising edge-triggered cell FDRE clocked by aclk  {rise@0.000ns fall@5.000ns period=10.000ns})
  Path Group:             aclk
  Path Type:              Setup (Max at Slow Process Corner)
  Requirement:            10.000ns  (aclk rise@10.000ns - aclk rise@0.000ns)
  Data Path Delay:        4.030ns  (logic 0.587ns (14.565%)  route 3.443ns (85.435%))
  Logic Levels:           2  (LUT2=1 LUT6=1)
  Clock Path Skew:        -0.035ns (DCD - SCD + CPR)
    Destination Clock Delay (DCD):    0.669ns = ( 10.669 - 10.000 ) 
    Source Clock Delay      (SCD):    0.704ns
    Clock Pessimism Removal (CPR):    0.000ns
  Clock Uncertainty:      0.035ns  ((TSJ^2 + TIJ^2)^1/2 + DJ) / 2 + PE
    Total System Jitter     (TSJ):    0.071ns
    Total Input Jitter      (TIJ):    0.000ns
    Discrete Jitter          (DJ):    0.000ns
    Phase Error              (PE):    0.000ns

    Location             Delay type                Incr(ns)  Path(ns)    Netlist Resource(s)
  -------------------------------------------------------------------    -------------------
                         (clock aclk rise edge)       0.000     0.000 r  
                                                      0.000     0.000 r  aclk (IN)
                         net (fo=376, unset)          0.704     0.704    u_axi/aclk
    SLICE_X42Y24         FDRE                                         r  u_axi/FSM_sequential_state_reg[0]/C
  -------------------------------------------------------------------    -------------------
    SLICE_X42Y24         FDRE (Prop_fdre_C_Q)         0.393     1.097 r  u_axi/FSM_sequential_state_reg[0]/Q
                         net (fo=38, routed)          0.792     1.889    u_axi/state[0]
    SLICE_X43Y26         LUT2 (Prop_lut2_I0_O)        0.097     1.986 r  u_axi/s_axi_rdata[30]_i_2/O
                         net (fo=15, routed)          0.337     2.324    u_axi/s_axi_rdata[30]_i_2_n_0
    SLICE_X42Y27         LUT6 (Prop_lut6_I1_O)        0.097     2.421 r  u_axi/br_wdata[31]_i_1/O
                         net (fo=32, routed)          2.314     4.734    u_axi/br_wdata[31]_i_1_n_0
    SLICE_X48Y41         FDRE                                         r  u_axi/br_wdata_reg[26]/CE
  -------------------------------------------------------------------    -------------------

                         (clock aclk rise edge)      10.000    10.000 r  
                                                      0.000    10.000 r  aclk (IN)
                         net (fo=376, unset)          0.669    10.669    u_axi/aclk
    SLICE_X48Y41         FDRE                                         r  u_axi/br_wdata_reg[26]/C
                         clock pessimism              0.000    10.669    
                         clock uncertainty           -0.035    10.633    
    SLICE_X48Y41         FDRE (Setup_fdre_C_CE)      -0.150    10.483    u_axi/br_wdata_reg[26]
  -------------------------------------------------------------------
                         required time                         10.483    
                         arrival time                          -4.734    
  -------------------------------------------------------------------
                         slack                                  5.749    

Slack (MET) :             5.888ns  (required time - arrival time)
  Source:                 u_axi/addr_q_reg[3]/C
                            (rising edge-triggered cell FDRE clocked by aclk  {rise@0.000ns fall@5.000ns period=10.000ns})
  Destination:            u_axi/s_axi_rdata_reg[4]/D
                            (rising edge-triggered cell FDRE clocked by aclk  {rise@0.000ns fall@5.000ns period=10.000ns})
  Path Group:             aclk
  Path Type:              Setup (Max at Slow Process Corner)
  Requirement:            10.000ns  (aclk rise@10.000ns - aclk rise@0.000ns)
  Data Path Delay:        4.074ns  (logic 0.777ns (19.074%)  route 3.297ns (80.926%))
  Logic Levels:           3  (LUT5=2 LUT6=1)
  Clock Path Skew:        -0.035ns (DCD - SCD + CPR)
    Destination Clock Delay (DCD):    0.669ns = ( 10.669 - 10.000 ) 
    Source Clock Delay      (SCD):    0.704ns
    Clock Pessimism Removal (CPR):    0.000ns
  Clock Uncertainty:      0.035ns  ((TSJ^2 + TIJ^2)^1/2 + DJ) / 2 + PE
    Total System Jitter     (TSJ):    0.071ns
    Total Input Jitter      (TIJ):    0.000ns
    Discrete Jitter          (DJ):    0.000ns
    Phase Error              (PE):    0.000ns

    Location             Delay type                Incr(ns)  Path(ns)    Netlist Resource(s)
  -------------------------------------------------------------------    -------------------
                         (clock aclk rise edge)       0.000     0.000 r  
                                                      0.000     0.000 r  aclk (IN)
                         net (fo=376, unset)          0.704     0.704    u_axi/aclk
    SLICE_X44Y26         FDRE                                         r  u_axi/addr_q_reg[3]/C
  -------------------------------------------------------------------    -------------------
    SLICE_X44Y26         FDRE (Prop_fdre_C_Q)         0.341     1.045 f  u_axi/addr_q_reg[3]/Q
                         net (fo=16, routed)          1.462     2.507    u_axi/addr_q_reg_n_0_[3]
    SLICE_X54Y30         LUT5 (Prop_lut5_I2_O)        0.100     2.607 r  u_axi/s_axi_rdata[14]_i_3/O
                         net (fo=7, routed)           1.143     3.750    u_axi/s_axi_rdata[14]_i_3_n_0
    SLICE_X48Y28         LUT5 (Prop_lut5_I0_O)        0.239     3.989 r  u_axi/s_axi_rdata[4]_i_2/O
                         net (fo=1, routed)           0.691     4.681    u_axi/s_axi_rdata[4]_i_2_n_0
    SLICE_X45Y28         LUT6 (Prop_lut6_I2_O)        0.097     4.778 r  u_axi/s_axi_rdata[4]_i_1/O
                         net (fo=1, routed)           0.000     4.778    u_axi/s_axi_rdata[4]_i_1_n_0
    SLICE_X45Y28         FDRE                                         r  u_axi/s_axi_rdata_reg[4]/D
  -------------------------------------------------------------------    -------------------

                         (clock aclk rise edge)      10.000    10.000 r  
                                                      0.000    10.000 r  aclk (IN)
                         net (fo=376, unset)          0.669    10.669    u_axi/aclk
    SLICE_X45Y28         FDRE                                         r  u_axi/s_axi_rdata_reg[4]/C
                         clock pessimism              0.000    10.669    
                         clock uncertainty           -0.035    10.633    
    SLICE_X45Y28         FDRE (Setup_fdre_C_D)        0.032    10.665    u_axi/s_axi_rdata_reg[4]
  -------------------------------------------------------------------
                         required time                         10.665    
                         arrival time                          -4.778    
  -------------------------------------------------------------------
                         slack                                  5.888    

Slack (MET) :             5.895ns  (required time - arrival time)
  Source:                 u_snap/ack_sync_reg[1]/C
                            (rising edge-triggered cell FDRE clocked by aclk  {rise@0.000ns fall@5.000ns period=10.000ns})
  Destination:            u_snap/dst_ns_reg[12]/CE
                            (rising edge-triggered cell FDRE clocked by aclk  {rise@0.000ns fall@5.000ns period=10.000ns})
  Path Group:             aclk
  Path Type:              Setup (Max at Slow Process Corner)
  Requirement:            10.000ns  (aclk rise@10.000ns - aclk rise@0.000ns)
  Data Path Delay:        3.884ns  (logic 0.560ns (14.417%)  route 3.324ns (85.583%))
  Logic Levels:           1  (LUT3=1)
  Clock Path Skew:        -0.035ns (DCD - SCD + CPR)
    Destination Clock Delay (DCD):    0.669ns = ( 10.669 - 10.000 ) 
    Source Clock Delay      (SCD):    0.704ns
    Clock Pessimism Removal (CPR):    0.000ns
  Clock Uncertainty:      0.035ns  ((TSJ^2 + TIJ^2)^1/2 + DJ) / 2 + PE
    Total System Jitter     (TSJ):    0.071ns
    Total Input Jitter      (TIJ):    0.000ns
    Discrete Jitter          (DJ):    0.000ns
    Phase Error              (PE):    0.000ns

    Location             Delay type                Incr(ns)  Path(ns)    Netlist Resource(s)
  -------------------------------------------------------------------    -------------------
                         (clock aclk rise edge)       0.000     0.000 r  
                                                      0.000     0.000 r  aclk (IN)
                         net (fo=376, unset)          0.704     0.704    u_snap/aclk
    SLICE_X50Y27         FDRE                                         r  u_snap/ack_sync_reg[1]/C
  -------------------------------------------------------------------    -------------------
    SLICE_X50Y27         FDRE (Prop_fdre_C_Q)         0.361     1.065 r  u_snap/ack_sync_reg[1]/Q
                         net (fo=3, routed)           0.628     1.693    u_snap/ack_sync[1]
    SLICE_X51Y27         LUT3 (Prop_lut3_I0_O)        0.199     1.892 r  u_snap/dst_sec[47]_i_1/O
                         net (fo=80, routed)          2.696     4.588    u_snap/dst_sec[47]_i_1_n_0
    SLICE_X55Y31         FDRE                                         r  u_snap/dst_ns_reg[12]/CE
  -------------------------------------------------------------------    -------------------

                         (clock aclk rise edge)      10.000    10.000 r  
                                                      0.000    10.000 r  aclk (IN)
                         net (fo=376, unset)          0.669    10.669    u_snap/aclk
    SLICE_X55Y31         FDRE                                         r  u_snap/dst_ns_reg[12]/C
                         clock pessimism              0.000    10.669    
                         clock uncertainty           -0.035    10.633    
    SLICE_X55Y31         FDRE (Setup_fdre_C_CE)      -0.150    10.483    u_snap/dst_ns_reg[12]
  -------------------------------------------------------------------
                         required time                         10.483    
                         arrival time                          -4.588    
  -------------------------------------------------------------------
                         slack                                  5.895    

Slack (MET) :             5.895ns  (required time - arrival time)
  Source:                 u_snap/ack_sync_reg[1]/C
                            (rising edge-triggered cell FDRE clocked by aclk  {rise@0.000ns fall@5.000ns period=10.000ns})
  Destination:            u_snap/dst_ns_reg[16]/CE
                            (rising edge-triggered cell FDRE clocked by aclk  {rise@0.000ns fall@5.000ns period=10.000ns})
  Path Group:             aclk
  Path Type:              Setup (Max at Slow Process Corner)
  Requirement:            10.000ns  (aclk rise@10.000ns - aclk rise@0.000ns)
  Data Path Delay:        3.884ns  (logic 0.560ns (14.417%)  route 3.324ns (85.583%))
  Logic Levels:           1  (LUT3=1)
  Clock Path Skew:        -0.035ns (DCD - SCD + CPR)
    Destination Clock Delay (DCD):    0.669ns = ( 10.669 - 10.000 ) 
    Source Clock Delay      (SCD):    0.704ns
    Clock Pessimism Removal (CPR):    0.000ns
  Clock Uncertainty:      0.035ns  ((TSJ^2 + TIJ^2)^1/2 + DJ) / 2 + PE
    Total System Jitter     (TSJ):    0.071ns
    Total Input Jitter      (TIJ):    0.000ns
    Discrete Jitter          (DJ):    0.000ns
    Phase Error              (PE):    0.000ns

    Location             Delay type                Incr(ns)  Path(ns)    Netlist Resource(s)
  -------------------------------------------------------------------    -------------------
                         (clock aclk rise edge)       0.000     0.000 r  
                                                      0.000     0.000 r  aclk (IN)
                         net (fo=376, unset)          0.704     0.704    u_snap/aclk
    SLICE_X50Y27         FDRE                                         r  u_snap/ack_sync_reg[1]/C
  -------------------------------------------------------------------    -------------------
    SLICE_X50Y27         FDRE (Prop_fdre_C_Q)         0.361     1.065 r  u_snap/ack_sync_reg[1]/Q
                         net (fo=3, routed)           0.628     1.693    u_snap/ack_sync[1]
    SLICE_X51Y27         LUT3 (Prop_lut3_I0_O)        0.199     1.892 r  u_snap/dst_sec[47]_i_1/O
                         net (fo=80, routed)          2.696     4.588    u_snap/dst_sec[47]_i_1_n_0
    SLICE_X55Y31         FDRE                                         r  u_snap/dst_ns_reg[16]/CE
  -------------------------------------------------------------------    -------------------

                         (clock aclk rise edge)      10.000    10.000 r  
                                                      0.000    10.000 r  aclk (IN)
                         net (fo=376, unset)          0.669    10.669    u_snap/aclk
    SLICE_X55Y31         FDRE                                         r  u_snap/dst_ns_reg[16]/C
                         clock pessimism              0.000    10.669    
                         clock uncertainty           -0.035    10.633    
    SLICE_X55Y31         FDRE (Setup_fdre_C_CE)      -0.150    10.483    u_snap/dst_ns_reg[16]
  -------------------------------------------------------------------
                         required time                         10.483    
                         arrival time                          -4.588    
  -------------------------------------------------------------------
                         slack                                  5.895    

Slack (MET) :             5.895ns  (required time - arrival time)
  Source:                 u_snap/ack_sync_reg[1]/C
                            (rising edge-triggered cell FDRE clocked by aclk  {rise@0.000ns fall@5.000ns period=10.000ns})
  Destination:            u_snap/dst_ns_reg[7]/CE
                            (rising edge-triggered cell FDRE clocked by aclk  {rise@0.000ns fall@5.000ns period=10.000ns})
  Path Group:             aclk
  Path Type:              Setup (Max at Slow Process Corner)
  Requirement:            10.000ns  (aclk rise@10.000ns - aclk rise@0.000ns)
  Data Path Delay:        3.884ns  (logic 0.560ns (14.417%)  route 3.324ns (85.583%))
  Logic Levels:           1  (LUT3=1)
  Clock Path Skew:        -0.035ns (DCD - SCD + CPR)
    Destination Clock Delay (DCD):    0.669ns = ( 10.669 - 10.000 ) 
    Source Clock Delay      (SCD):    0.704ns
    Clock Pessimism Removal (CPR):    0.000ns
  Clock Uncertainty:      0.035ns  ((TSJ^2 + TIJ^2)^1/2 + DJ) / 2 + PE
    Total System Jitter     (TSJ):    0.071ns
    Total Input Jitter      (TIJ):    0.000ns
    Discrete Jitter          (DJ):    0.000ns
    Phase Error              (PE):    0.000ns

    Location             Delay type                Incr(ns)  Path(ns)    Netlist Resource(s)
  -------------------------------------------------------------------    -------------------
                         (clock aclk rise edge)       0.000     0.000 r  
                                                      0.000     0.000 r  aclk (IN)
                         net (fo=376, unset)          0.704     0.704    u_snap/aclk
    SLICE_X50Y27         FDRE                                         r  u_snap/ack_sync_reg[1]/C
  -------------------------------------------------------------------    -------------------
    SLICE_X50Y27         FDRE (Prop_fdre_C_Q)         0.361     1.065 r  u_snap/ack_sync_reg[1]/Q
                         net (fo=3, routed)           0.628     1.693    u_snap/ack_sync[1]
    SLICE_X51Y27         LUT3 (Prop_lut3_I0_O)        0.199     1.892 r  u_snap/dst_sec[47]_i_1/O
                         net (fo=80, routed)          2.696     4.588    u_snap/dst_sec[47]_i_1_n_0
    SLICE_X55Y31         FDRE                                         r  u_snap/dst_ns_reg[7]/CE
  -------------------------------------------------------------------    -------------------

                         (clock aclk rise edge)      10.000    10.000 r  
                                                      0.000    10.000 r  aclk (IN)
                         net (fo=376, unset)          0.669    10.669    u_snap/aclk
    SLICE_X55Y31         FDRE                                         r  u_snap/dst_ns_reg[7]/C
                         clock pessimism              0.000    10.669    
                         clock uncertainty           -0.035    10.633    
    SLICE_X55Y31         FDRE (Setup_fdre_C_CE)      -0.150    10.483    u_snap/dst_ns_reg[7]
  -------------------------------------------------------------------
                         required time                         10.483    
                         arrival time                          -4.588    
  -------------------------------------------------------------------
                         slack                                  5.895    

Slack (MET) :             5.895ns  (required time - arrival time)
  Source:                 u_snap/ack_sync_reg[1]/C
                            (rising edge-triggered cell FDRE clocked by aclk  {rise@0.000ns fall@5.000ns period=10.000ns})
  Destination:            u_snap/dst_ns_reg[8]/CE
                            (rising edge-triggered cell FDRE clocked by aclk  {rise@0.000ns fall@5.000ns period=10.000ns})
  Path Group:             aclk
  Path Type:              Setup (Max at Slow Process Corner)
  Requirement:            10.000ns  (aclk rise@10.000ns - aclk rise@0.000ns)
  Data Path Delay:        3.884ns  (logic 0.560ns (14.417%)  route 3.324ns (85.583%))
  Logic Levels:           1  (LUT3=1)
  Clock Path Skew:        -0.035ns (DCD - SCD + CPR)
    Destination Clock Delay (DCD):    0.669ns = ( 10.669 - 10.000 ) 
    Source Clock Delay      (SCD):    0.704ns
    Clock Pessimism Removal (CPR):    0.000ns
  Clock Uncertainty:      0.035ns  ((TSJ^2 + TIJ^2)^1/2 + DJ) / 2 + PE
    Total System Jitter     (TSJ):    0.071ns
    Total Input Jitter      (TIJ):    0.000ns
    Discrete Jitter          (DJ):    0.000ns
    Phase Error              (PE):    0.000ns

    Location             Delay type                Incr(ns)  Path(ns)    Netlist Resource(s)
  -------------------------------------------------------------------    -------------------
                         (clock aclk rise edge)       0.000     0.000 r  
                                                      0.000     0.000 r  aclk (IN)
                         net (fo=376, unset)          0.704     0.704    u_snap/aclk
    SLICE_X50Y27         FDRE                                         r  u_snap/ack_sync_reg[1]/C
  -------------------------------------------------------------------    -------------------
    SLICE_X50Y27         FDRE (Prop_fdre_C_Q)         0.361     1.065 r  u_snap/ack_sync_reg[1]/Q
                         net (fo=3, routed)           0.628     1.693    u_snap/ack_sync[1]
    SLICE_X51Y27         LUT3 (Prop_lut3_I0_O)        0.199     1.892 r  u_snap/dst_sec[47]_i_1/O
                         net (fo=80, routed)          2.696     4.588    u_snap/dst_sec[47]_i_1_n_0
    SLICE_X55Y31         FDRE                                         r  u_snap/dst_ns_reg[8]/CE
  -------------------------------------------------------------------    -------------------

                         (clock aclk rise edge)      10.000    10.000 r  
                                                      0.000    10.000 r  aclk (IN)
                         net (fo=376, unset)          0.669    10.669    u_snap/aclk
    SLICE_X55Y31         FDRE                                         r  u_snap/dst_ns_reg[8]/C
                         clock pessimism              0.000    10.669    
                         clock uncertainty           -0.035    10.633    
    SLICE_X55Y31         FDRE (Setup_fdre_C_CE)      -0.150    10.483    u_snap/dst_ns_reg[8]
  -------------------------------------------------------------------
                         required time                         10.483    
                         arrival time                          -4.588    
  -------------------------------------------------------------------
                         slack                                  5.895    

Slack (MET) :             5.902ns  (required time - arrival time)
  Source:                 u_axi/FSM_sequential_state_reg[0]/C
                            (rising edge-triggered cell FDRE clocked by aclk  {rise@0.000ns fall@5.000ns period=10.000ns})
  Destination:            u_axi/br_wdata_reg[21]/CE
                            (rising edge-triggered cell FDRE clocked by aclk  {rise@0.000ns fall@5.000ns period=10.000ns})
  Path Group:             aclk
  Path Type:              Setup (Max at Slow Process Corner)
  Requirement:            10.000ns  (aclk rise@10.000ns - aclk rise@0.000ns)
  Data Path Delay:        3.909ns  (logic 0.587ns (15.018%)  route 3.322ns (84.982%))
  Logic Levels:           2  (LUT2=1 LUT6=1)
  Clock Path Skew:        -0.035ns (DCD - SCD + CPR)
    Destination Clock Delay (DCD):    0.669ns = ( 10.669 - 10.000 ) 
    Source Clock Delay      (SCD):    0.704ns
    Clock Pessimism Removal (CPR):    0.000ns
  Clock Uncertainty:      0.035ns  ((TSJ^2 + TIJ^2)^1/2 + DJ) / 2 + PE
    Total System Jitter     (TSJ):    0.071ns
    Total Input Jitter      (TIJ):    0.000ns
    Discrete Jitter          (DJ):    0.000ns
    Phase Error              (PE):    0.000ns

    Location             Delay type                Incr(ns)  Path(ns)    Netlist Resource(s)
  -------------------------------------------------------------------    -------------------
                         (clock aclk rise edge)       0.000     0.000 r  
                                                      0.000     0.000 r  aclk (IN)
                         net (fo=376, unset)          0.704     0.704    u_axi/aclk
    SLICE_X42Y24         FDRE                                         r  u_axi/FSM_sequential_state_reg[0]/C
  -------------------------------------------------------------------    -------------------
    SLICE_X42Y24         FDRE (Prop_fdre_C_Q)         0.393     1.097 r  u_axi/FSM_sequential_state_reg[0]/Q
                         net (fo=38, routed)          0.792     1.889    u_axi/state[0]
    SLICE_X43Y26         LUT2 (Prop_lut2_I0_O)        0.097     1.986 r  u_axi/s_axi_rdata[30]_i_2/O
                         net (fo=15, routed)          0.337     2.324    u_axi/s_axi_rdata[30]_i_2_n_0
    SLICE_X42Y27         LUT6 (Prop_lut6_I1_O)        0.097     2.421 r  u_axi/br_wdata[31]_i_1/O
                         net (fo=32, routed)          2.192     4.613    u_axi/br_wdata[31]_i_1_n_0
    SLICE_X50Y41         FDRE                                         r  u_axi/br_wdata_reg[21]/CE
  -------------------------------------------------------------------    -------------------

                         (clock aclk rise edge)      10.000    10.000 r  
                                                      0.000    10.000 r  aclk (IN)
                         net (fo=376, unset)          0.669    10.669    u_axi/aclk
    SLICE_X50Y41         FDRE                                         r  u_axi/br_wdata_reg[21]/C
                         clock pessimism              0.000    10.669    
                         clock uncertainty           -0.035    10.633    
    SLICE_X50Y41         FDRE (Setup_fdre_C_CE)      -0.119    10.514    u_axi/br_wdata_reg[21]
  -------------------------------------------------------------------
                         required time                         10.514    
                         arrival time                          -4.613    
  -------------------------------------------------------------------
                         slack                                  5.902    

Slack (MET) :             5.937ns  (required time - arrival time)
  Source:                 u_axi/addr_q_reg[11]/C
                            (rising edge-triggered cell FDRE clocked by aclk  {rise@0.000ns fall@5.000ns period=10.000ns})
  Destination:            u_axi/s_axi_rdata_reg[30]/CE
                            (rising edge-triggered cell FDRE clocked by aclk  {rise@0.000ns fall@5.000ns period=10.000ns})
  Path Group:             aclk
  Path Type:              Setup (Max at Slow Process Corner)
  Requirement:            10.000ns  (aclk rise@10.000ns - aclk rise@0.000ns)
  Data Path Delay:        3.720ns  (logic 0.590ns (15.859%)  route 3.130ns (84.141%))
  Logic Levels:           2  (LUT4=1 LUT5=1)
  Clock Path Skew:        -0.035ns (DCD - SCD + CPR)
    Destination Clock Delay (DCD):    0.669ns = ( 10.669 - 10.000 ) 
    Source Clock Delay      (SCD):    0.704ns
    Clock Pessimism Removal (CPR):    0.000ns
  Clock Uncertainty:      0.035ns  ((TSJ^2 + TIJ^2)^1/2 + DJ) / 2 + PE
    Total System Jitter     (TSJ):    0.071ns
    Total Input Jitter      (TIJ):    0.000ns
    Discrete Jitter          (DJ):    0.000ns
    Phase Error              (PE):    0.000ns

    Location             Delay type                Incr(ns)  Path(ns)    Netlist Resource(s)
  -------------------------------------------------------------------    -------------------
                         (clock aclk rise edge)       0.000     0.000 r  
                                                      0.000     0.000 r  aclk (IN)
                         net (fo=376, unset)          0.704     0.704    u_axi/aclk
    SLICE_X42Y25         FDRE                                         r  u_axi/addr_q_reg[11]/C
  -------------------------------------------------------------------    -------------------
    SLICE_X42Y25         FDRE (Prop_fdre_C_Q)         0.393     1.097 f  u_axi/addr_q_reg[11]/Q
                         net (fo=4, routed)           0.699     1.796    u_axi/addr_q_reg_n_0_[11]
    SLICE_X41Y27         LUT4 (Prop_lut4_I1_O)        0.097     1.893 f  u_axi/s_axi_rdata[31]_i_3/O
                         net (fo=10, routed)          0.629     2.522    u_axi/is_net__2
    SLICE_X42Y26         LUT5 (Prop_lut5_I3_O)        0.100     2.622 r  u_axi/s_axi_rdata[31]_i_1/O
                         net (fo=32, routed)          1.802     4.424    u_axi/s_axi_rdata[31]_i_1_n_0
    SLICE_X58Y39         FDRE                                         r  u_axi/s_axi_rdata_reg[30]/CE
  -------------------------------------------------------------------    -------------------

                         (clock aclk rise edge)      10.000    10.000 r  
                                                      0.000    10.000 r  aclk (IN)
                         net (fo=376, unset)          0.669    10.669    u_axi/aclk
    SLICE_X58Y39         FDRE                                         r  u_axi/s_axi_rdata_reg[30]/C
                         clock pessimism              0.000    10.669    
                         clock uncertainty           -0.035    10.633    
    SLICE_X58Y39         FDRE (Setup_fdre_C_CE)      -0.272    10.361    u_axi/s_axi_rdata_reg[30]
  -------------------------------------------------------------------
                         required time                         10.361    
                         arrival time                          -4.424    
  -------------------------------------------------------------------
                         slack                                  5.937    





Min Delay Paths
--------------------------------------------------------------------------------------
Slack (MET) :             0.099ns  (arrival time - required time)
  Source:                 u_bridge/ack_sync_reg[0]/C
                            (rising edge-triggered cell FDRE clocked by aclk  {rise@0.000ns fall@5.000ns period=10.000ns})
  Destination:            u_bridge/ack_sync_reg[1]/D
                            (rising edge-triggered cell FDRE clocked by aclk  {rise@0.000ns fall@5.000ns period=10.000ns})
  Path Group:             aclk
  Path Type:              Hold (Min at Fast Process Corner)
  Requirement:            0.000ns  (aclk rise@0.000ns - aclk rise@0.000ns)
  Data Path Delay:        0.196ns  (logic 0.141ns (71.991%)  route 0.055ns (28.009%))
  Logic Levels:           0  
  Clock Path Skew:        0.022ns (DCD - SCD - CPR)
    Destination Clock Delay (DCD):    0.432ns
    Source Clock Delay      (SCD):    0.411ns
    Clock Pessimism Removal (CPR):    -0.000ns

    Location             Delay type                Incr(ns)  Path(ns)    Netlist Resource(s)
  -------------------------------------------------------------------    -------------------
                         (clock aclk rise edge)       0.000     0.000 r  
                                                      0.000     0.000 r  aclk (IN)
                         net (fo=376, unset)          0.411     0.411    u_bridge/aclk
    SLICE_X39Y26         FDRE                                         r  u_bridge/ack_sync_reg[0]/C
  -------------------------------------------------------------------    -------------------
    SLICE_X39Y26         FDRE (Prop_fdre_C_Q)         0.141     0.552 r  u_bridge/ack_sync_reg[0]/Q
                         net (fo=1, routed)           0.055     0.607    u_bridge/ack_sync[0]
    SLICE_X39Y26         FDRE                                         r  u_bridge/ack_sync_reg[1]/D
  -------------------------------------------------------------------    -------------------

                         (clock aclk rise edge)       0.000     0.000 r  
                                                      0.000     0.000 r  aclk (IN)
                         net (fo=376, unset)          0.432     0.432    u_bridge/aclk
    SLICE_X39Y26         FDRE                                         r  u_bridge/ack_sync_reg[1]/C
                         clock pessimism              0.000     0.432    
    SLICE_X39Y26         FDRE (Hold_fdre_C_D)         0.075     0.507    u_bridge/ack_sync_reg[1]
  -------------------------------------------------------------------
                         required time                         -0.507    
                         arrival time                           0.607    
  -------------------------------------------------------------------
                         slack                                  0.099    

Slack (MET) :             0.128ns  (arrival time - required time)
  Source:                 u_axi/br_addr_reg[1]/C
                            (rising edge-triggered cell FDRE clocked by aclk  {rise@0.000ns fall@5.000ns period=10.000ns})
  Destination:            u_bridge/addr_hold_reg[1]/D
                            (rising edge-triggered cell FDRE clocked by aclk  {rise@0.000ns fall@5.000ns period=10.000ns})
  Path Group:             aclk
  Path Type:              Hold (Min at Fast Process Corner)
  Requirement:            0.000ns  (aclk rise@0.000ns - aclk rise@0.000ns)
  Data Path Delay:        0.197ns  (logic 0.141ns (71.647%)  route 0.056ns (28.353%))
  Logic Levels:           0  
  Clock Path Skew:        0.022ns (DCD - SCD - CPR)
    Destination Clock Delay (DCD):    0.432ns
    Source Clock Delay      (SCD):    0.411ns
    Clock Pessimism Removal (CPR):    -0.000ns

    Location             Delay type                Incr(ns)  Path(ns)    Netlist Resource(s)
  -------------------------------------------------------------------    -------------------
                         (clock aclk rise edge)       0.000     0.000 r  
                                                      0.000     0.000 r  aclk (IN)
                         net (fo=376, unset)          0.411     0.411    u_axi/aclk
    SLICE_X41Y27         FDRE                                         r  u_axi/br_addr_reg[1]/C
  -------------------------------------------------------------------    -------------------
    SLICE_X41Y27         FDRE (Prop_fdre_C_Q)         0.141     0.552 r  u_axi/br_addr_reg[1]/Q
                         net (fo=1, routed)           0.056     0.608    u_bridge/addr_hold_reg[11]_0[1]
    SLICE_X40Y27         FDRE                                         r  u_bridge/addr_hold_reg[1]/D
  -------------------------------------------------------------------    -------------------

                         (clock aclk rise edge)       0.000     0.000 r  
                                                      0.000     0.000 r  aclk (IN)
                         net (fo=376, unset)          0.432     0.432    u_bridge/aclk
    SLICE_X40Y27         FDRE                                         r  u_bridge/addr_hold_reg[1]/C
                         clock pessimism              0.000     0.432    
    SLICE_X40Y27         FDRE (Hold_fdre_C_D)         0.047     0.479    u_bridge/addr_hold_reg[1]
  -------------------------------------------------------------------
                         required time                         -0.479    
                         arrival time                           0.608    
  -------------------------------------------------------------------
                         slack                                  0.128    

Slack (MET) :             0.130ns  (arrival time - required time)
  Source:                 u_axi/snap_ns_q_reg[22]/C
                            (rising edge-triggered cell FDRE clocked by aclk  {rise@0.000ns fall@5.000ns period=10.000ns})
  Destination:            u_axi/s_axi_rdata_reg[22]/D
                            (rising edge-triggered cell FDRE clocked by aclk  {rise@0.000ns fall@5.000ns period=10.000ns})
  Path Group:             aclk
  Path Type:              Hold (Min at Fast Process Corner)
  Requirement:            0.000ns  (aclk rise@0.000ns - aclk rise@0.000ns)
  Data Path Delay:        0.272ns  (logic 0.186ns (68.381%)  route 0.086ns (31.619%))
  Logic Levels:           1  (LUT6=1)
  Clock Path Skew:        0.022ns (DCD - SCD - CPR)
    Destination Clock Delay (DCD):    0.432ns
    Source Clock Delay      (SCD):    0.411ns
    Clock Pessimism Removal (CPR):    -0.000ns

    Location             Delay type                Incr(ns)  Path(ns)    Netlist Resource(s)
  -------------------------------------------------------------------    -------------------
                         (clock aclk rise edge)       0.000     0.000 r  
                                                      0.000     0.000 r  aclk (IN)
                         net (fo=376, unset)          0.411     0.411    u_axi/aclk
    SLICE_X55Y39         FDRE                                         r  u_axi/snap_ns_q_reg[22]/C
  -------------------------------------------------------------------    -------------------
    SLICE_X55Y39         FDRE (Prop_fdre_C_Q)         0.141     0.552 r  u_axi/snap_ns_q_reg[22]/Q
                         net (fo=1, routed)           0.086     0.638    u_axi/snap_ns_q[22]
    SLICE_X54Y39         LUT6 (Prop_lut6_I3_O)        0.045     0.683 r  u_axi/s_axi_rdata[22]_i_1/O
                         net (fo=1, routed)           0.000     0.683    u_axi/s_axi_rdata[22]_i_1_n_0
    SLICE_X54Y39         FDRE                                         r  u_axi/s_axi_rdata_reg[22]/D
  -------------------------------------------------------------------    -------------------

                         (clock aclk rise edge)       0.000     0.000 r  
                                                      0.000     0.000 r  aclk (IN)
                         net (fo=376, unset)          0.432     0.432    u_axi/aclk
    SLICE_X54Y39         FDRE                                         r  u_axi/s_axi_rdata_reg[22]/C
                         clock pessimism              0.000     0.432    
    SLICE_X54Y39         FDRE (Hold_fdre_C_D)         0.120     0.552    u_axi/s_axi_rdata_reg[22]
  -------------------------------------------------------------------
                         required time                         -0.552    
                         arrival time                           0.683    
  -------------------------------------------------------------------
                         slack                                  0.130    

Slack (MET) :             0.137ns  (arrival time - required time)
  Source:                 u_snap/ack_sync_reg[0]/C
                            (rising edge-triggered cell FDRE clocked by aclk  {rise@0.000ns fall@5.000ns period=10.000ns})
  Destination:            u_snap/ack_sync_reg[1]/D
                            (rising edge-triggered cell FDRE clocked by aclk  {rise@0.000ns fall@5.000ns period=10.000ns})
  Path Group:             aclk
  Path Type:              Hold (Min at Fast Process Corner)
  Requirement:            0.000ns  (aclk rise@0.000ns - aclk rise@0.000ns)
  Data Path Delay:        0.219ns  (logic 0.164ns (74.935%)  route 0.055ns (25.065%))
  Logic Levels:           0  
  Clock Path Skew:        0.022ns (DCD - SCD - CPR)
    Destination Clock Delay (DCD):    0.432ns
    Source Clock Delay      (SCD):    0.411ns
    Clock Pessimism Removal (CPR):    -0.000ns

    Location             Delay type                Incr(ns)  Path(ns)    Netlist Resource(s)
  -------------------------------------------------------------------    -------------------
                         (clock aclk rise edge)       0.000     0.000 r  
                                                      0.000     0.000 r  aclk (IN)
                         net (fo=376, unset)          0.411     0.411    u_snap/aclk
    SLICE_X50Y27         FDRE                                         r  u_snap/ack_sync_reg[0]/C
  -------------------------------------------------------------------    -------------------
    SLICE_X50Y27         FDRE (Prop_fdre_C_Q)         0.164     0.575 r  u_snap/ack_sync_reg[0]/Q
                         net (fo=1, routed)           0.055     0.630    u_snap/ack_sync[0]
    SLICE_X50Y27         FDRE                                         r  u_snap/ack_sync_reg[1]/D
  -------------------------------------------------------------------    -------------------

                         (clock aclk rise edge)       0.000     0.000 r  
                                                      0.000     0.000 r  aclk (IN)
                         net (fo=376, unset)          0.432     0.432    u_snap/aclk
    SLICE_X50Y27         FDRE                                         r  u_snap/ack_sync_reg[1]/C
                         clock pessimism              0.000     0.432    
    SLICE_X50Y27         FDRE (Hold_fdre_C_D)         0.060     0.492    u_snap/ack_sync_reg[1]
  -------------------------------------------------------------------
                         required time                         -0.492    
                         arrival time                           0.630    
  -------------------------------------------------------------------
                         slack                                  0.137    

Slack (MET) :             0.142ns  (arrival time - required time)
  Source:                 u_axi/wdata_q_reg[9]/C
                            (rising edge-triggered cell FDRE clocked by aclk  {rise@0.000ns fall@5.000ns period=10.000ns})
  Destination:            u_axi/br_wdata_reg[9]/D
                            (rising edge-triggered cell FDRE clocked by aclk  {rise@0.000ns fall@5.000ns period=10.000ns})
  Path Group:             aclk
  Path Type:              Hold (Min at Fast Process Corner)
  Requirement:            0.000ns  (aclk rise@0.000ns - aclk rise@0.000ns)
  Data Path Delay:        0.239ns  (logic 0.141ns (58.910%)  route 0.098ns (41.090%))
  Logic Levels:           0  
  Clock Path Skew:        0.022ns (DCD - SCD - CPR)
    Destination Clock Delay (DCD):    0.432ns
    Source Clock Delay      (SCD):    0.411ns
    Clock Pessimism Removal (CPR):    -0.000ns

    Location             Delay type                Incr(ns)  Path(ns)    Netlist Resource(s)
  -------------------------------------------------------------------    -------------------
                         (clock aclk rise edge)       0.000     0.000 r  
                                                      0.000     0.000 r  aclk (IN)
                         net (fo=376, unset)          0.411     0.411    u_axi/aclk
    SLICE_X53Y29         FDRE                                         r  u_axi/wdata_q_reg[9]/C
  -------------------------------------------------------------------    -------------------
    SLICE_X53Y29         FDRE (Prop_fdre_C_Q)         0.141     0.552 r  u_axi/wdata_q_reg[9]/Q
                         net (fo=1, routed)           0.098     0.650    u_axi/wdata_q__0[9]
    SLICE_X51Y29         FDRE                                         r  u_axi/br_wdata_reg[9]/D
  -------------------------------------------------------------------    -------------------

                         (clock aclk rise edge)       0.000     0.000 r  
                                                      0.000     0.000 r  aclk (IN)
                         net (fo=376, unset)          0.432     0.432    u_axi/aclk
    SLICE_X51Y29         FDRE                                         r  u_axi/br_wdata_reg[9]/C
                         clock pessimism              0.000     0.432    
    SLICE_X51Y29         FDRE (Hold_fdre_C_D)         0.076     0.508    u_axi/br_wdata_reg[9]
  -------------------------------------------------------------------
                         required time                         -0.508    
                         arrival time                           0.650    
  -------------------------------------------------------------------
                         slack                                  0.142    

Slack (MET) :             0.144ns  (arrival time - required time)
  Source:                 u_axi/br_we_reg/C
                            (rising edge-triggered cell FDRE clocked by aclk  {rise@0.000ns fall@5.000ns period=10.000ns})
  Destination:            u_bridge/we_hold_reg/D
                            (rising edge-triggered cell FDRE clocked by aclk  {rise@0.000ns fall@5.000ns period=10.000ns})
  Path Group:             aclk
  Path Type:              Hold (Min at Fast Process Corner)
  Requirement:            0.000ns  (aclk rise@0.000ns - aclk rise@0.000ns)
  Data Path Delay:        0.184ns  (logic 0.128ns (69.739%)  route 0.056ns (30.261%))
  Logic Levels:           0  
  Clock Path Skew:        0.022ns (DCD - SCD - CPR)
    Destination Clock Delay (DCD):    0.432ns
    Source Clock Delay      (SCD):    0.411ns
    Clock Pessimism Removal (CPR):    -0.000ns

    Location             Delay type                Incr(ns)  Path(ns)    Netlist Resource(s)
  -------------------------------------------------------------------    -------------------
                         (clock aclk rise edge)       0.000     0.000 r  
                                                      0.000     0.000 r  aclk (IN)
                         net (fo=376, unset)          0.411     0.411    u_axi/aclk
    SLICE_X41Y27         FDRE                                         r  u_axi/br_we_reg/C
  -------------------------------------------------------------------    -------------------
    SLICE_X41Y27         FDRE (Prop_fdre_C_Q)         0.128     0.539 r  u_axi/br_we_reg/Q
                         net (fo=1, routed)           0.056     0.594    u_bridge/br_we
    SLICE_X40Y27         FDRE                                         r  u_bridge/we_hold_reg/D
  -------------------------------------------------------------------    -------------------

                         (clock aclk rise edge)       0.000     0.000 r  
                                                      0.000     0.000 r  aclk (IN)
                         net (fo=376, unset)          0.432     0.432    u_bridge/aclk
    SLICE_X40Y27         FDRE                                         r  u_bridge/we_hold_reg/C
                         clock pessimism              0.000     0.432    
    SLICE_X40Y27         FDRE (Hold_fdre_C_D)         0.018     0.450    u_bridge/we_hold_reg
  -------------------------------------------------------------------
                         required time                         -0.450    
                         arrival time                           0.594    
  -------------------------------------------------------------------
                         slack                                  0.144    

Slack (MET) :             0.145ns  (arrival time - required time)
  Source:                 u_axi/br_addr_reg[9]/C
                            (rising edge-triggered cell FDRE clocked by aclk  {rise@0.000ns fall@5.000ns period=10.000ns})
  Destination:            u_bridge/addr_hold_reg[9]/D
                            (rising edge-triggered cell FDRE clocked by aclk  {rise@0.000ns fall@5.000ns period=10.000ns})
  Path Group:             aclk
  Path Type:              Hold (Min at Fast Process Corner)
  Requirement:            0.000ns  (aclk rise@0.000ns - aclk rise@0.000ns)
  Data Path Delay:        0.188ns  (logic 0.128ns (68.029%)  route 0.060ns (31.971%))
  Logic Levels:           0  
  Clock Path Skew:        0.022ns (DCD - SCD - CPR)
    Destination Clock Delay (DCD):    0.432ns
    Source Clock Delay      (SCD):    0.411ns
    Clock Pessimism Removal (CPR):    -0.000ns

    Location             Delay type                Incr(ns)  Path(ns)    Netlist Resource(s)
  -------------------------------------------------------------------    -------------------
                         (clock aclk rise edge)       0.000     0.000 r  
                                                      0.000     0.000 r  aclk (IN)
                         net (fo=376, unset)          0.411     0.411    u_axi/aclk
    SLICE_X41Y27         FDRE                                         r  u_axi/br_addr_reg[9]/C
  -------------------------------------------------------------------    -------------------
    SLICE_X41Y27         FDRE (Prop_fdre_C_Q)         0.128     0.539 r  u_axi/br_addr_reg[9]/Q
                         net (fo=1, routed)           0.060     0.599    u_bridge/addr_hold_reg[11]_0[9]
    SLICE_X40Y27         FDRE                                         r  u_bridge/addr_hold_reg[9]/D
  -------------------------------------------------------------------    -------------------

                         (clock aclk rise edge)       0.000     0.000 r  
                                                      0.000     0.000 r  aclk (IN)
                         net (fo=376, unset)          0.432     0.432    u_bridge/aclk
    SLICE_X40Y27         FDRE                                         r  u_bridge/addr_hold_reg[9]/C
                         clock pessimism              0.000     0.432    
    SLICE_X40Y27         FDRE (Hold_fdre_C_D)         0.022     0.454    u_bridge/addr_hold_reg[9]
  -------------------------------------------------------------------
                         required time                         -0.454    
                         arrival time                           0.599    
  -------------------------------------------------------------------
                         slack                                  0.145    

Slack (MET) :             0.146ns  (arrival time - required time)
  Source:                 u_axi/br_addr_reg[8]/C
                            (rising edge-triggered cell FDRE clocked by aclk  {rise@0.000ns fall@5.000ns period=10.000ns})
  Destination:            u_bridge/addr_hold_reg[8]/D
                            (rising edge-triggered cell FDRE clocked by aclk  {rise@0.000ns fall@5.000ns period=10.000ns})
  Path Group:             aclk
  Path Type:              Hold (Min at Fast Process Corner)
  Requirement:            0.000ns  (aclk rise@0.000ns - aclk rise@0.000ns)
  Data Path Delay:        0.186ns  (logic 0.128ns (68.772%)  route 0.058ns (31.228%))
  Logic Levels:           0  
  Clock Path Skew:        0.022ns (DCD - SCD - CPR)
    Destination Clock Delay (DCD):    0.432ns
    Source Clock Delay      (SCD):    0.411ns
    Clock Pessimism Removal (CPR):    -0.000ns

    Location             Delay type                Incr(ns)  Path(ns)    Netlist Resource(s)
  -------------------------------------------------------------------    -------------------
                         (clock aclk rise edge)       0.000     0.000 r  
                                                      0.000     0.000 r  aclk (IN)
                         net (fo=376, unset)          0.411     0.411    u_axi/aclk
    SLICE_X41Y27         FDRE                                         r  u_axi/br_addr_reg[8]/C
  -------------------------------------------------------------------    -------------------
    SLICE_X41Y27         FDRE (Prop_fdre_C_Q)         0.128     0.539 r  u_axi/br_addr_reg[8]/Q
                         net (fo=1, routed)           0.058     0.597    u_bridge/addr_hold_reg[11]_0[8]
    SLICE_X40Y27         FDRE                                         r  u_bridge/addr_hold_reg[8]/D
  -------------------------------------------------------------------    -------------------

                         (clock aclk rise edge)       0.000     0.000 r  
                                                      0.000     0.000 r  aclk (IN)
                         net (fo=376, unset)          0.432     0.432    u_bridge/aclk
    SLICE_X40Y27         FDRE                                         r  u_bridge/addr_hold_reg[8]/C
                         clock pessimism              0.000     0.432    
    SLICE_X40Y27         FDRE (Hold_fdre_C_D)         0.019     0.451    u_bridge/addr_hold_reg[8]
  -------------------------------------------------------------------
                         required time                         -0.451    
                         arrival time                           0.597    
  -------------------------------------------------------------------
                         slack                                  0.146    

Slack (MET) :             0.147ns  (arrival time - required time)
  Source:                 u_snap/dst_ns_reg[1]/C
                            (rising edge-triggered cell FDRE clocked by aclk  {rise@0.000ns fall@5.000ns period=10.000ns})
  Destination:            u_axi/snap_ns_q_reg[1]/D
                            (rising edge-triggered cell FDRE clocked by aclk  {rise@0.000ns fall@5.000ns period=10.000ns})
  Path Group:             aclk
  Path Type:              Hold (Min at Fast Process Corner)
  Requirement:            0.000ns  (aclk rise@0.000ns - aclk rise@0.000ns)
  Data Path Delay:        0.238ns  (logic 0.141ns (59.157%)  route 0.097ns (40.843%))
  Logic Levels:           0  
  Clock Path Skew:        0.022ns (DCD - SCD - CPR)
    Destination Clock Delay (DCD):    0.432ns
    Source Clock Delay      (SCD):    0.411ns
    Clock Pessimism Removal (CPR):    -0.000ns

    Location             Delay type                Incr(ns)  Path(ns)    Netlist Resource(s)
  -------------------------------------------------------------------    -------------------
                         (clock aclk rise edge)       0.000     0.000 r  
                                                      0.000     0.000 r  aclk (IN)
                         net (fo=376, unset)          0.411     0.411    u_snap/aclk
    SLICE_X47Y29         FDRE                                         r  u_snap/dst_ns_reg[1]/C
  -------------------------------------------------------------------    -------------------
    SLICE_X47Y29         FDRE (Prop_fdre_C_Q)         0.141     0.552 r  u_snap/dst_ns_reg[1]/Q
                         net (fo=1, routed)           0.097     0.649    u_axi/snap_ns_q_reg[31]_0[1]
    SLICE_X45Y29         FDRE                                         r  u_axi/snap_ns_q_reg[1]/D
  -------------------------------------------------------------------    -------------------

                         (clock aclk rise edge)       0.000     0.000 r  
                                                      0.000     0.000 r  aclk (IN)
                         net (fo=376, unset)          0.432     0.432    u_axi/aclk
    SLICE_X45Y29         FDRE                                         r  u_axi/snap_ns_q_reg[1]/C
                         clock pessimism              0.000     0.432    
    SLICE_X45Y29         FDRE (Hold_fdre_C_D)         0.070     0.502    u_axi/snap_ns_q_reg[1]
  -------------------------------------------------------------------
                         required time                         -0.502    
                         arrival time                           0.649    
  -------------------------------------------------------------------
                         slack                                  0.147    

Slack (MET) :             0.149ns  (arrival time - required time)
  Source:                 u_axi/br_wdata_reg[10]/C
                            (rising edge-triggered cell FDRE clocked by aclk  {rise@0.000ns fall@5.000ns period=10.000ns})
  Destination:            u_bridge/wdata_hold_reg[10]/D
                            (rising edge-triggered cell FDRE clocked by aclk  {rise@0.000ns fall@5.000ns period=10.000ns})
  Path Group:             aclk
  Path Type:              Hold (Min at Fast Process Corner)
  Requirement:            0.000ns  (aclk rise@0.000ns - aclk rise@0.000ns)
  Data Path Delay:        0.241ns  (logic 0.141ns (58.497%)  route 0.100ns (41.503%))
  Logic Levels:           0  
  Clock Path Skew:        0.022ns (DCD - SCD - CPR)
    Destination Clock Delay (DCD):    0.432ns
    Source Clock Delay      (SCD):    0.411ns
    Clock Pessimism Removal (CPR):    -0.000ns

    Location             Delay type                Incr(ns)  Path(ns)    Netlist Resource(s)
  -------------------------------------------------------------------    -------------------
                         (clock aclk rise edge)       0.000     0.000 r  
                                                      0.000     0.000 r  aclk (IN)
                         net (fo=376, unset)          0.411     0.411    u_axi/aclk
    SLICE_X52Y27         FDRE                                         r  u_axi/br_wdata_reg[10]/C
  -------------------------------------------------------------------    -------------------
    SLICE_X52Y27         FDRE (Prop_fdre_C_Q)         0.141     0.552 r  u_axi/br_wdata_reg[10]/Q
                         net (fo=1, routed)           0.100     0.652    u_bridge/wdata_hold_reg[31]_0[10]
    SLICE_X51Y28         FDRE                                         r  u_bridge/wdata_hold_reg[10]/D
  -------------------------------------------------------------------    -------------------

                         (clock aclk rise edge)       0.000     0.000 r  
                                                      0.000     0.000 r  aclk (IN)
                         net (fo=376, unset)          0.432     0.432    u_bridge/aclk
    SLICE_X51Y28         FDRE                                         r  u_bridge/wdata_hold_reg[10]/C
                         clock pessimism              0.000     0.432    
    SLICE_X51Y28         FDRE (Hold_fdre_C_D)         0.070     0.502    u_bridge/wdata_hold_reg[10]
  -------------------------------------------------------------------
                         required time                         -0.502    
                         arrival time                           0.652    
  -------------------------------------------------------------------
                         slack                                  0.149    

Slack (MET) :             0.152ns  (arrival time - required time)
  Source:                 u_axi/br_wdata_reg[27]/C
                            (rising edge-triggered cell FDRE clocked by aclk  {rise@0.000ns fall@5.000ns period=10.000ns})
  Destination:            u_bridge/wdata_hold_reg[27]/D
                            (rising edge-triggered cell FDRE clocked by aclk  {rise@0.000ns fall@5.000ns period=10.000ns})
  Path Group:             aclk
  Path Type:              Hold (Min at Fast Process Corner)
  Requirement:            0.000ns  (aclk rise@0.000ns - aclk rise@0.000ns)
  Data Path Delay:        0.239ns  (logic 0.141ns (58.910%)  route 0.098ns (41.090%))
  Logic Levels:           0  
  Clock Path Skew:        0.022ns (DCD - SCD - CPR)
    Destination Clock Delay (DCD):    0.432ns
    Source Clock Delay      (SCD):    0.411ns
    Clock Pessimism Removal (CPR):    -0.000ns

    Location             Delay type                Incr(ns)  Path(ns)    Netlist Resource(s)
  -------------------------------------------------------------------    -------------------
                         (clock aclk rise edge)       0.000     0.000 r  
                                                      0.000     0.000 r  aclk (IN)
                         net (fo=376, unset)          0.411     0.411    u_axi/aclk
    SLICE_X43Y40         FDRE                                         r  u_axi/br_wdata_reg[27]/C
  -------------------------------------------------------------------    -------------------
    SLICE_X43Y40         FDRE (Prop_fdre_C_Q)         0.141     0.552 r  u_axi/br_wdata_reg[27]/Q
                         net (fo=1, routed)           0.098     0.650    u_bridge/wdata_hold_reg[31]_0[27]
    SLICE_X41Y40         FDRE                                         r  u_bridge/wdata_hold_reg[27]/D
  -------------------------------------------------------------------    -------------------

                         (clock aclk rise edge)       0.000     0.000 r  
                                                      0.000     0.000 r  aclk (IN)
                         net (fo=376, unset)          0.432     0.432    u_bridge/aclk
    SLICE_X41Y40         FDRE                                         r  u_bridge/wdata_hold_reg[27]/C
                         clock pessimism              0.000     0.432    
    SLICE_X41Y40         FDRE (Hold_fdre_C_D)         0.066     0.498    u_bridge/wdata_hold_reg[27]
  -------------------------------------------------------------------
                         required time                         -0.498    
                         arrival time                           0.650    
  -------------------------------------------------------------------
                         slack                                  0.152    

Slack (MET) :             0.154ns  (arrival time - required time)
  Source:                 u_axi/br_wdata_reg[31]/C
                            (rising edge-triggered cell FDRE clocked by aclk  {rise@0.000ns fall@5.000ns period=10.000ns})
  Destination:            u_bridge/wdata_hold_reg[31]/D
                            (rising edge-triggered cell FDRE clocked by aclk  {rise@0.000ns fall@5.000ns period=10.000ns})
  Path Group:             aclk
  Path Type:              Hold (Min at Fast Process Corner)
  Requirement:            0.000ns  (aclk rise@0.000ns - aclk rise@0.000ns)
  Data Path Delay:        0.250ns  (logic 0.141ns (56.321%)  route 0.109ns (43.679%))
  Logic Levels:           0  
  Clock Path Skew:        0.022ns (DCD - SCD - CPR)
    Destination Clock Delay (DCD):    0.432ns
    Source Clock Delay      (SCD):    0.411ns
    Clock Pessimism Removal (CPR):    -0.000ns

    Location             Delay type                Incr(ns)  Path(ns)    Netlist Resource(s)
  -------------------------------------------------------------------    -------------------
                         (clock aclk rise edge)       0.000     0.000 r  
                                                      0.000     0.000 r  aclk (IN)
                         net (fo=376, unset)          0.411     0.411    u_axi/aclk
    SLICE_X47Y40         FDRE                                         r  u_axi/br_wdata_reg[31]/C
  -------------------------------------------------------------------    -------------------
    SLICE_X47Y40         FDRE (Prop_fdre_C_Q)         0.141     0.552 r  u_axi/br_wdata_reg[31]/Q
                         net (fo=1, routed)           0.109     0.661    u_bridge/wdata_hold_reg[31]_0[31]
    SLICE_X47Y41         FDRE                                         r  u_bridge/wdata_hold_reg[31]/D
  -------------------------------------------------------------------    -------------------

                         (clock aclk rise edge)       0.000     0.000 r  
                                                      0.000     0.000 r  aclk (IN)
                         net (fo=376, unset)          0.432     0.432    u_bridge/aclk
    SLICE_X47Y41         FDRE                                         r  u_bridge/wdata_hold_reg[31]/C
                         clock pessimism              0.000     0.432    
    SLICE_X47Y41         FDRE (Hold_fdre_C_D)         0.075     0.507    u_bridge/wdata_hold_reg[31]
  -------------------------------------------------------------------
                         required time                         -0.507    
                         arrival time                           0.661    
  -------------------------------------------------------------------
                         slack                                  0.154    

Slack (MET) :             0.154ns  (arrival time - required time)
  Source:                 u_axi/br_wdata_reg[0]/C
                            (rising edge-triggered cell FDRE clocked by aclk  {rise@0.000ns fall@5.000ns period=10.000ns})
  Destination:            u_bridge/wdata_hold_reg[0]/D
                            (rising edge-triggered cell FDRE clocked by aclk  {rise@0.000ns fall@5.000ns period=10.000ns})
  Path Group:             aclk
  Path Type:              Hold (Min at Fast Process Corner)
  Requirement:            0.000ns  (aclk rise@0.000ns - aclk rise@0.000ns)
  Data Path Delay:        0.250ns  (logic 0.141ns (56.297%)  route 0.109ns (43.703%))
  Logic Levels:           0  
  Clock Path Skew:        0.022ns (DCD - SCD - CPR)
    Destination Clock Delay (DCD):    0.432ns
    Source Clock Delay      (SCD):    0.411ns
    Clock Pessimism Removal (CPR):    -0.000ns

    Location             Delay type                Incr(ns)  Path(ns)    Netlist Resource(s)
  -------------------------------------------------------------------    -------------------
                         (clock aclk rise edge)       0.000     0.000 r  
                                                      0.000     0.000 r  aclk (IN)
                         net (fo=376, unset)          0.411     0.411    u_axi/aclk
    SLICE_X47Y28         FDRE                                         r  u_axi/br_wdata_reg[0]/C
  -------------------------------------------------------------------    -------------------
    SLICE_X47Y28         FDRE (Prop_fdre_C_Q)         0.141     0.552 r  u_axi/br_wdata_reg[0]/Q
                         net (fo=1, routed)           0.109     0.661    u_bridge/wdata_hold_reg[31]_0[0]
    SLICE_X46Y27         FDRE                                         r  u_bridge/wdata_hold_reg[0]/D
  -------------------------------------------------------------------    -------------------

                         (clock aclk rise edge)       0.000     0.000 r  
                                                      0.000     0.000 r  aclk (IN)
                         net (fo=376, unset)          0.432     0.432    u_bridge/aclk
    SLICE_X46Y27         FDRE                                         r  u_bridge/wdata_hold_reg[0]/C
                         clock pessimism              0.000     0.432    
    SLICE_X46Y27         FDRE (Hold_fdre_C_D)         0.075     0.507    u_bridge/wdata_hold_reg[0]
  -------------------------------------------------------------------
                         required time                         -0.507    
                         arrival time                           0.661    
  -------------------------------------------------------------------
                         slack                                  0.154    

Slack (MET) :             0.157ns  (arrival time - required time)
  Source:                 u_axi/wdata_q_reg[3]/C
                            (rising edge-triggered cell FDRE clocked by aclk  {rise@0.000ns fall@5.000ns period=10.000ns})
  Destination:            u_axi/br_wdata_reg[3]/D
                            (rising edge-triggered cell FDRE clocked by aclk  {rise@0.000ns fall@5.000ns period=10.000ns})
  Path Group:             aclk
  Path Type:              Hold (Min at Fast Process Corner)
  Requirement:            0.000ns  (aclk rise@0.000ns - aclk rise@0.000ns)
  Data Path Delay:        0.250ns  (logic 0.141ns (56.321%)  route 0.109ns (43.679%))
  Logic Levels:           0  
  Clock Path Skew:        0.022ns (DCD - SCD - CPR)
    Destination Clock Delay (DCD):    0.432ns
    Source Clock Delay      (SCD):    0.411ns
    Clock Pessimism Removal (CPR):    -0.000ns

    Location             Delay type                Incr(ns)  Path(ns)    Netlist Resource(s)
  -------------------------------------------------------------------    -------------------
                         (clock aclk rise edge)       0.000     0.000 r  
                                                      0.000     0.000 r  aclk (IN)
                         net (fo=376, unset)          0.411     0.411    u_axi/aclk
    SLICE_X47Y27         FDRE                                         r  u_axi/wdata_q_reg[3]/C
  -------------------------------------------------------------------    -------------------
    SLICE_X47Y27         FDRE (Prop_fdre_C_Q)         0.141     0.552 r  u_axi/wdata_q_reg[3]/Q
                         net (fo=1, routed)           0.109     0.661    u_axi/wdata_q__0[3]
    SLICE_X47Y28         FDRE                                         r  u_axi/br_wdata_reg[3]/D
  -------------------------------------------------------------------    -------------------

                         (clock aclk rise edge)       0.000     0.000 r  
                                                      0.000     0.000 r  aclk (IN)
                         net (fo=376, unset)          0.432     0.432    u_axi/aclk
    SLICE_X47Y28         FDRE                                         r  u_axi/br_wdata_reg[3]/C
                         clock pessimism              0.000     0.432    
    SLICE_X47Y28         FDRE (Hold_fdre_C_D)         0.072     0.504    u_axi/br_wdata_reg[3]
  -------------------------------------------------------------------
                         required time                         -0.504    
                         arrival time                           0.661    
  -------------------------------------------------------------------
                         slack                                  0.157    

Slack (MET) :             0.157ns  (arrival time - required time)
  Source:                 u_snap/dst_ns_reg[12]/C
                            (rising edge-triggered cell FDRE clocked by aclk  {rise@0.000ns fall@5.000ns period=10.000ns})
  Destination:            u_axi/snap_ns_q_reg[12]/D
                            (rising edge-triggered cell FDRE clocked by aclk  {rise@0.000ns fall@5.000ns period=10.000ns})
  Path Group:             aclk
  Path Type:              Hold (Min at Fast Process Corner)
  Requirement:            0.000ns  (aclk rise@0.000ns - aclk rise@0.000ns)
  Data Path Delay:        0.248ns  (logic 0.141ns (56.775%)  route 0.107ns (43.225%))
  Logic Levels:           0  
  Clock Path Skew:        0.022ns (DCD - SCD - CPR)
    Destination Clock Delay (DCD):    0.432ns
    Source Clock Delay      (SCD):    0.411ns
    Clock Pessimism Removal (CPR):    -0.000ns

    Location             Delay type                Incr(ns)  Path(ns)    Netlist Resource(s)
  -------------------------------------------------------------------    -------------------
                         (clock aclk rise edge)       0.000     0.000 r  
                                                      0.000     0.000 r  aclk (IN)
                         net (fo=376, unset)          0.411     0.411    u_snap/aclk
    SLICE_X55Y31         FDRE                                         r  u_snap/dst_ns_reg[12]/C
  -------------------------------------------------------------------    -------------------
    SLICE_X55Y31         FDRE (Prop_fdre_C_Q)         0.141     0.552 r  u_snap/dst_ns_reg[12]/Q
                         net (fo=1, routed)           0.107     0.659    u_axi/snap_ns_q_reg[31]_0[12]
    SLICE_X55Y30         FDRE                                         r  u_axi/snap_ns_q_reg[12]/D
  -------------------------------------------------------------------    -------------------

                         (clock aclk rise edge)       0.000     0.000 r  
                                                      0.000     0.000 r  aclk (IN)
                         net (fo=376, unset)          0.432     0.432    u_axi/aclk
    SLICE_X55Y30         FDRE                                         r  u_axi/snap_ns_q_reg[12]/C
                         clock pessimism              0.000     0.432    
    SLICE_X55Y30         FDRE (Hold_fdre_C_D)         0.070     0.502    u_axi/snap_ns_q_reg[12]
  -------------------------------------------------------------------
                         required time                         -0.502    
                         arrival time                           0.659    
  -------------------------------------------------------------------
                         slack                                  0.157    

Slack (MET) :             0.157ns  (arrival time - required time)
  Source:                 u_axi/addr_q_reg[5]/C
                            (rising edge-triggered cell FDRE clocked by aclk  {rise@0.000ns fall@5.000ns period=10.000ns})
  Destination:            u_axi/br_addr_reg[5]/D
                            (rising edge-triggered cell FDRE clocked by aclk  {rise@0.000ns fall@5.000ns period=10.000ns})
  Path Group:             aclk
  Path Type:              Hold (Min at Fast Process Corner)
  Requirement:            0.000ns  (aclk rise@0.000ns - aclk rise@0.000ns)
  Data Path Delay:        0.249ns  (logic 0.141ns (56.650%)  route 0.108ns (43.350%))
  Logic Levels:           0  
  Clock Path Skew:        0.022ns (DCD - SCD - CPR)
    Destination Clock Delay (DCD):    0.432ns
    Source Clock Delay      (SCD):    0.411ns
    Clock Pessimism Removal (CPR):    -0.000ns

    Location             Delay type                Incr(ns)  Path(ns)    Netlist Resource(s)
  -------------------------------------------------------------------    -------------------
                         (clock aclk rise edge)       0.000     0.000 r  
                                                      0.000     0.000 r  aclk (IN)
                         net (fo=376, unset)          0.411     0.411    u_axi/aclk
    SLICE_X43Y27         FDRE                                         r  u_axi/addr_q_reg[5]/C
  -------------------------------------------------------------------    -------------------
    SLICE_X43Y27         FDRE (Prop_fdre_C_Q)         0.141     0.552 r  u_axi/addr_q_reg[5]/Q
                         net (fo=5, routed)           0.108     0.660    u_axi/addr_q_reg_n_0_[5]
    SLICE_X41Y28         FDRE                                         r  u_axi/br_addr_reg[5]/D
  -------------------------------------------------------------------    -------------------

                         (clock aclk rise edge)       0.000     0.000 r  
                                                      0.000     0.000 r  aclk (IN)
                         net (fo=376, unset)          0.432     0.432    u_axi/aclk
    SLICE_X41Y28         FDRE                                         r  u_axi/br_addr_reg[5]/C
                         clock pessimism              0.000     0.432    
    SLICE_X41Y28         FDRE (Hold_fdre_C_D)         0.070     0.502    u_axi/br_addr_reg[5]
  -------------------------------------------------------------------
                         required time                         -0.502    
                         arrival time                           0.660    
  -------------------------------------------------------------------
                         slack                                  0.157    

Slack (MET) :             0.158ns  (arrival time - required time)
  Source:                 u_snap/dst_sec_reg[21]/C
                            (rising edge-triggered cell FDRE clocked by aclk  {rise@0.000ns fall@5.000ns period=10.000ns})
  Destination:            u_axi/snap_sec_q_reg[21]/D
                            (rising edge-triggered cell FDRE clocked by aclk  {rise@0.000ns fall@5.000ns period=10.000ns})
  Path Group:             aclk
  Path Type:              Hold (Min at Fast Process Corner)
  Requirement:            0.000ns  (aclk rise@0.000ns - aclk rise@0.000ns)
  Data Path Delay:        0.251ns  (logic 0.141ns (56.097%)  route 0.110ns (43.903%))
  Logic Levels:           0  
  Clock Path Skew:        0.022ns (DCD - SCD - CPR)
    Destination Clock Delay (DCD):    0.432ns
    Source Clock Delay      (SCD):    0.411ns
    Clock Pessimism Removal (CPR):    -0.000ns

    Location             Delay type                Incr(ns)  Path(ns)    Netlist Resource(s)
  -------------------------------------------------------------------    -------------------
                         (clock aclk rise edge)       0.000     0.000 r  
                                                      0.000     0.000 r  aclk (IN)
                         net (fo=376, unset)          0.411     0.411    u_snap/aclk
    SLICE_X35Y45         FDRE                                         r  u_snap/dst_sec_reg[21]/C
  -------------------------------------------------------------------    -------------------
    SLICE_X35Y45         FDRE (Prop_fdre_C_Q)         0.141     0.552 r  u_snap/dst_sec_reg[21]/Q
                         net (fo=1, routed)           0.110     0.662    u_axi/snap_sec_q_reg[47]_0[21]
    SLICE_X35Y44         FDRE                                         r  u_axi/snap_sec_q_reg[21]/D
  -------------------------------------------------------------------    -------------------

                         (clock aclk rise edge)       0.000     0.000 r  
                                                      0.000     0.000 r  aclk (IN)
                         net (fo=376, unset)          0.432     0.432    u_axi/aclk
    SLICE_X35Y44         FDRE                                         r  u_axi/snap_sec_q_reg[21]/C
                         clock pessimism              0.000     0.432    
    SLICE_X35Y44         FDRE (Hold_fdre_C_D)         0.072     0.504    u_axi/snap_sec_q_reg[21]
  -------------------------------------------------------------------
                         required time                         -0.504    
                         arrival time                           0.662    
  -------------------------------------------------------------------
                         slack                                  0.158    

Slack (MET) :             0.158ns  (arrival time - required time)
  Source:                 u_axi/br_wdata_reg[19]/C
                            (rising edge-triggered cell FDRE clocked by aclk  {rise@0.000ns fall@5.000ns period=10.000ns})
  Destination:            u_bridge/wdata_hold_reg[19]/D
                            (rising edge-triggered cell FDRE clocked by aclk  {rise@0.000ns fall@5.000ns period=10.000ns})
  Path Group:             aclk
  Path Type:              Hold (Min at Fast Process Corner)
  Requirement:            0.000ns  (aclk rise@0.000ns - aclk rise@0.000ns)
  Data Path Delay:        0.238ns  (logic 0.141ns (59.157%)  route 0.097ns (40.843%))
  Logic Levels:           0  
  Clock Path Skew:        0.022ns (DCD - SCD - CPR)
    Destination Clock Delay (DCD):    0.432ns
    Source Clock Delay      (SCD):    0.411ns
    Clock Pessimism Removal (CPR):    -0.000ns

    Location             Delay type                Incr(ns)  Path(ns)    Netlist Resource(s)
  -------------------------------------------------------------------    -------------------
                         (clock aclk rise edge)       0.000     0.000 r  
                                                      0.000     0.000 r  aclk (IN)
                         net (fo=376, unset)          0.411     0.411    u_axi/aclk
    SLICE_X53Y39         FDRE                                         r  u_axi/br_wdata_reg[19]/C
  -------------------------------------------------------------------    -------------------
    SLICE_X53Y39         FDRE (Prop_fdre_C_Q)         0.141     0.552 r  u_axi/br_wdata_reg[19]/Q
                         net (fo=1, routed)           0.097     0.649    u_bridge/wdata_hold_reg[31]_0[19]
    SLICE_X50Y39         FDRE                                         r  u_bridge/wdata_hold_reg[19]/D
  -------------------------------------------------------------------    -------------------

                         (clock aclk rise edge)       0.000     0.000 r  
                                                      0.000     0.000 r  aclk (IN)
                         net (fo=376, unset)          0.432     0.432    u_bridge/aclk
    SLICE_X50Y39         FDRE                                         r  u_bridge/wdata_hold_reg[19]/C
                         clock pessimism              0.000     0.432    
    SLICE_X50Y39         FDRE (Hold_fdre_C_D)         0.059     0.491    u_bridge/wdata_hold_reg[19]
  -------------------------------------------------------------------
                         required time                         -0.491    
                         arrival time                           0.649    
  -------------------------------------------------------------------
                         slack                                  0.158    

Slack (MET) :             0.158ns  (arrival time - required time)
  Source:                 u_snap/dst_sec_reg[5]/C
                            (rising edge-triggered cell FDRE clocked by aclk  {rise@0.000ns fall@5.000ns period=10.000ns})
  Destination:            u_axi/snap_sec_q_reg[5]/D
                            (rising edge-triggered cell FDRE clocked by aclk  {rise@0.000ns fall@5.000ns period=10.000ns})
  Path Group:             aclk
  Path Type:              Hold (Min at Fast Process Corner)
  Requirement:            0.000ns  (aclk rise@0.000ns - aclk rise@0.000ns)
  Data Path Delay:        0.255ns  (logic 0.141ns (55.323%)  route 0.114ns (44.677%))
  Logic Levels:           0  
  Clock Path Skew:        0.022ns (DCD - SCD - CPR)
    Destination Clock Delay (DCD):    0.432ns
    Source Clock Delay      (SCD):    0.411ns
    Clock Pessimism Removal (CPR):    -0.000ns

    Location             Delay type                Incr(ns)  Path(ns)    Netlist Resource(s)
  -------------------------------------------------------------------    -------------------
                         (clock aclk rise edge)       0.000     0.000 r  
                                                      0.000     0.000 r  aclk (IN)
                         net (fo=376, unset)          0.411     0.411    u_snap/aclk
    SLICE_X49Y28         FDRE                                         r  u_snap/dst_sec_reg[5]/C
  -------------------------------------------------------------------    -------------------
    SLICE_X49Y28         FDRE (Prop_fdre_C_Q)         0.141     0.552 r  u_snap/dst_sec_reg[5]/Q
                         net (fo=1, routed)           0.114     0.666    u_axi/snap_sec_q_reg[47]_0[5]
    SLICE_X48Y28         FDRE                                         r  u_axi/snap_sec_q_reg[5]/D
  -------------------------------------------------------------------    -------------------

                         (clock aclk rise edge)       0.000     0.000 r  
                                                      0.000     0.000 r  aclk (IN)
                         net (fo=376, unset)          0.432     0.432    u_axi/aclk
    SLICE_X48Y28         FDRE                                         r  u_axi/snap_sec_q_reg[5]/C
                         clock pessimism              0.000     0.432    
    SLICE_X48Y28         FDRE (Hold_fdre_C_D)         0.075     0.507    u_axi/snap_sec_q_reg[5]
  -------------------------------------------------------------------
                         required time                         -0.507    
                         arrival time                           0.666    
  -------------------------------------------------------------------
                         slack                                  0.158    

Slack (MET) :             0.159ns  (arrival time - required time)
  Source:                 u_axi/wdata_q_reg[2]/C
                            (rising edge-triggered cell FDRE clocked by aclk  {rise@0.000ns fall@5.000ns period=10.000ns})
  Destination:            u_axi/br_wdata_reg[2]/D
                            (rising edge-triggered cell FDRE clocked by aclk  {rise@0.000ns fall@5.000ns period=10.000ns})
  Path Group:             aclk
  Path Type:              Hold (Min at Fast Process Corner)
  Requirement:            0.000ns  (aclk rise@0.000ns - aclk rise@0.000ns)
  Data Path Delay:        0.250ns  (logic 0.141ns (56.321%)  route 0.109ns (43.679%))
  Logic Levels:           0  
  Clock Path Skew:        0.022ns (DCD - SCD - CPR)
    Destination Clock Delay (DCD):    0.432ns
    Source Clock Delay      (SCD):    0.411ns
    Clock Pessimism Removal (CPR):    -0.000ns

    Location             Delay type                Incr(ns)  Path(ns)    Netlist Resource(s)
  -------------------------------------------------------------------    -------------------
                         (clock aclk rise edge)       0.000     0.000 r  
                                                      0.000     0.000 r  aclk (IN)
                         net (fo=376, unset)          0.411     0.411    u_axi/aclk
    SLICE_X47Y27         FDRE                                         r  u_axi/wdata_q_reg[2]/C
  -------------------------------------------------------------------    -------------------
    SLICE_X47Y27         FDRE (Prop_fdre_C_Q)         0.141     0.552 r  u_axi/wdata_q_reg[2]/Q
                         net (fo=1, routed)           0.109     0.661    u_axi/wdata_q__0[2]
    SLICE_X47Y28         FDRE                                         r  u_axi/br_wdata_reg[2]/D
  -------------------------------------------------------------------    -------------------

                         (clock aclk rise edge)       0.000     0.000 r  
                                                      0.000     0.000 r  aclk (IN)
                         net (fo=376, unset)          0.432     0.432    u_axi/aclk
    SLICE_X47Y28         FDRE                                         r  u_axi/br_wdata_reg[2]/C
                         clock pessimism              0.000     0.432    
    SLICE_X47Y28         FDRE (Hold_fdre_C_D)         0.070     0.502    u_axi/br_wdata_reg[2]
  -------------------------------------------------------------------
                         required time                         -0.502    
                         arrival time                           0.661    
  -------------------------------------------------------------------
                         slack                                  0.159    





Pulse Width Checks
--------------------------------------------------------------------------------------
Clock Name:         aclk
Waveform(ns):       { 0.000 5.000 }
Period(ns):         10.000
Sources:            { aclk }

Check Type        Corner  Lib Pin  Reference Pin  Required(ns)  Actual(ns)  Slack(ns)  Location      Pin
Min Period        n/a     FDRE/C   n/a            1.000         10.000      9.000      SLICE_X42Y24  u_axi/FSM_sequential_state_reg[0]/C
Min Period        n/a     FDRE/C   n/a            1.000         10.000      9.000      SLICE_X44Y24  u_axi/FSM_sequential_state_reg[1]/C
Min Period        n/a     FDRE/C   n/a            1.000         10.000      9.000      SLICE_X44Y24  u_axi/FSM_sequential_state_reg[2]/C
Min Period        n/a     FDRE/C   n/a            1.000         10.000      9.000      SLICE_X43Y27  u_axi/addr_q_reg[0]/C
Min Period        n/a     FDRE/C   n/a            1.000         10.000      9.000      SLICE_X42Y25  u_axi/addr_q_reg[10]/C
Min Period        n/a     FDRE/C   n/a            1.000         10.000      9.000      SLICE_X42Y25  u_axi/addr_q_reg[11]/C
Min Period        n/a     FDRE/C   n/a            1.000         10.000      9.000      SLICE_X44Y26  u_axi/addr_q_reg[1]/C
Min Period        n/a     FDRE/C   n/a            1.000         10.000      9.000      SLICE_X44Y26  u_axi/addr_q_reg[2]/C
Min Period        n/a     FDRE/C   n/a            1.000         10.000      9.000      SLICE_X44Y26  u_axi/addr_q_reg[3]/C
Min Period        n/a     FDRE/C   n/a            1.000         10.000      9.000      SLICE_X44Y26  u_axi/addr_q_reg[4]/C
Min Period        n/a     FDRE/C   n/a            1.000         10.000      9.000      SLICE_X43Y27  u_axi/addr_q_reg[5]/C
Min Period        n/a     FDRE/C   n/a            1.000         10.000      9.000      SLICE_X42Y27  u_axi/addr_q_reg[6]/C
Min Period        n/a     FDRE/C   n/a            1.000         10.000      9.000      SLICE_X43Y27  u_axi/addr_q_reg[7]/C
Min Period        n/a     FDRE/C   n/a            1.000         10.000      9.000      SLICE_X42Y27  u_axi/addr_q_reg[8]/C
Min Period        n/a     FDRE/C   n/a            1.000         10.000      9.000      SLICE_X42Y27  u_axi/addr_q_reg[9]/C
Min Period        n/a     FDRE/C   n/a            1.000         10.000      9.000      SLICE_X43Y32  u_axi/br_addr_reg[0]/C
Min Period        n/a     FDRE/C   n/a            1.000         10.000      9.000      SLICE_X41Y27  u_axi/br_addr_reg[10]/C
Min Period        n/a     FDRE/C   n/a            1.000         10.000      9.000      SLICE_X41Y27  u_axi/br_addr_reg[11]/C
Min Period        n/a     FDRE/C   n/a            1.000         10.000      9.000      SLICE_X41Y27  u_axi/br_addr_reg[1]/C
Min Period        n/a     FDRE/C   n/a            1.000         10.000      9.000      SLICE_X43Y32  u_axi/br_addr_reg[2]/C
Low Pulse Width   Slow    FDRE/C   n/a            0.500         5.000       4.500      SLICE_X42Y24  u_axi/FSM_sequential_state_reg[0]/C
Low Pulse Width   Fast    FDRE/C   n/a            0.500         5.000       4.500      SLICE_X42Y24  u_axi/FSM_sequential_state_reg[0]/C
Low Pulse Width   Slow    FDRE/C   n/a            0.500         5.000       4.500      SLICE_X44Y24  u_axi/FSM_sequential_state_reg[1]/C
Low Pulse Width   Fast    FDRE/C   n/a            0.500         5.000       4.500      SLICE_X44Y24  u_axi/FSM_sequential_state_reg[1]/C
Low Pulse Width   Slow    FDRE/C   n/a            0.500         5.000       4.500      SLICE_X44Y24  u_axi/FSM_sequential_state_reg[2]/C
Low Pulse Width   Fast    FDRE/C   n/a            0.500         5.000       4.500      SLICE_X44Y24  u_axi/FSM_sequential_state_reg[2]/C
Low Pulse Width   Slow    FDRE/C   n/a            0.500         5.000       4.500      SLICE_X43Y27  u_axi/addr_q_reg[0]/C
Low Pulse Width   Fast    FDRE/C   n/a            0.500         5.000       4.500      SLICE_X43Y27  u_axi/addr_q_reg[0]/C
Low Pulse Width   Slow    FDRE/C   n/a            0.500         5.000       4.500      SLICE_X42Y25  u_axi/addr_q_reg[10]/C
Low Pulse Width   Fast    FDRE/C   n/a            0.500         5.000       4.500      SLICE_X42Y25  u_axi/addr_q_reg[10]/C
Low Pulse Width   Slow    FDRE/C   n/a            0.500         5.000       4.500      SLICE_X42Y25  u_axi/addr_q_reg[11]/C
Low Pulse Width   Fast    FDRE/C   n/a            0.500         5.000       4.500      SLICE_X42Y25  u_axi/addr_q_reg[11]/C
Low Pulse Width   Slow    FDRE/C   n/a            0.500         5.000       4.500      SLICE_X44Y26  u_axi/addr_q_reg[1]/C
Low Pulse Width   Fast    FDRE/C   n/a            0.500         5.000       4.500      SLICE_X44Y26  u_axi/addr_q_reg[1]/C
Low Pulse Width   Slow    FDRE/C   n/a            0.500         5.000       4.500      SLICE_X44Y26  u_axi/addr_q_reg[2]/C
Low Pulse Width   Fast    FDRE/C   n/a            0.500         5.000       4.500      SLICE_X44Y26  u_axi/addr_q_reg[2]/C
Low Pulse Width   Slow    FDRE/C   n/a            0.500         5.000       4.500      SLICE_X44Y26  u_axi/addr_q_reg[3]/C
Low Pulse Width   Fast    FDRE/C   n/a            0.500         5.000       4.500      SLICE_X44Y26  u_axi/addr_q_reg[3]/C
Low Pulse Width   Slow    FDRE/C   n/a            0.500         5.000       4.500      SLICE_X44Y26  u_axi/addr_q_reg[4]/C
Low Pulse Width   Fast    FDRE/C   n/a            0.500         5.000       4.500      SLICE_X44Y26  u_axi/addr_q_reg[4]/C
High Pulse Width  Slow    FDRE/C   n/a            0.500         5.000       4.500      SLICE_X42Y24  u_axi/FSM_sequential_state_reg[0]/C
High Pulse Width  Fast    FDRE/C   n/a            0.500         5.000       4.500      SLICE_X42Y24  u_axi/FSM_sequential_state_reg[0]/C
High Pulse Width  Slow    FDRE/C   n/a            0.500         5.000       4.500      SLICE_X44Y24  u_axi/FSM_sequential_state_reg[1]/C
High Pulse Width  Fast    FDRE/C   n/a            0.500         5.000       4.500      SLICE_X44Y24  u_axi/FSM_sequential_state_reg[1]/C
High Pulse Width  Slow    FDRE/C   n/a            0.500         5.000       4.500      SLICE_X44Y24  u_axi/FSM_sequential_state_reg[2]/C
High Pulse Width  Fast    FDRE/C   n/a            0.500         5.000       4.500      SLICE_X44Y24  u_axi/FSM_sequential_state_reg[2]/C
High Pulse Width  Slow    FDRE/C   n/a            0.500         5.000       4.500      SLICE_X43Y27  u_axi/addr_q_reg[0]/C
High Pulse Width  Fast    FDRE/C   n/a            0.500         5.000       4.500      SLICE_X43Y27  u_axi/addr_q_reg[0]/C
High Pulse Width  Slow    FDRE/C   n/a            0.500         5.000       4.500      SLICE_X42Y25  u_axi/addr_q_reg[10]/C
High Pulse Width  Fast    FDRE/C   n/a            0.500         5.000       4.500      SLICE_X42Y25  u_axi/addr_q_reg[10]/C
High Pulse Width  Slow    FDRE/C   n/a            0.500         5.000       4.500      SLICE_X42Y25  u_axi/addr_q_reg[11]/C
High Pulse Width  Fast    FDRE/C   n/a            0.500         5.000       4.500      SLICE_X42Y25  u_axi/addr_q_reg[11]/C
High Pulse Width  Slow    FDRE/C   n/a            0.500         5.000       4.500      SLICE_X44Y26  u_axi/addr_q_reg[1]/C
High Pulse Width  Fast    FDRE/C   n/a            0.500         5.000       4.500      SLICE_X44Y26  u_axi/addr_q_reg[1]/C
High Pulse Width  Slow    FDRE/C   n/a            0.500         5.000       4.500      SLICE_X44Y26  u_axi/addr_q_reg[2]/C
High Pulse Width  Fast    FDRE/C   n/a            0.500         5.000       4.500      SLICE_X44Y26  u_axi/addr_q_reg[2]/C
High Pulse Width  Slow    FDRE/C   n/a            0.500         5.000       4.500      SLICE_X44Y26  u_axi/addr_q_reg[3]/C
High Pulse Width  Fast    FDRE/C   n/a            0.500         5.000       4.500      SLICE_X44Y26  u_axi/addr_q_reg[3]/C
High Pulse Width  Slow    FDRE/C   n/a            0.500         5.000       4.500      SLICE_X44Y26  u_axi/addr_q_reg[4]/C
High Pulse Width  Fast    FDRE/C   n/a            0.500         5.000       4.500      SLICE_X44Y26  u_axi/addr_q_reg[4]/C



---------------------------------------------------------------------------------------------------
From Clock:  net_clk
  To Clock:  net_clk

Setup :            0  Failing Endpoints,  Worst Slack        0.242ns,  Total Violation        0.000ns
Hold  :            0  Failing Endpoints,  Worst Slack        0.099ns,  Total Violation        0.000ns
PW    :            0  Failing Endpoints,  Worst Slack        2.150ns,  Total Violation        0.000ns
---------------------------------------------------------------------------------------------------


Max Delay Paths
--------------------------------------------------------------------------------------
Slack (MET) :             0.242ns  (required time - arrival time)
  Source:                 u_clk/time_ns_reg[6]/C
                            (rising edge-triggered cell FDRE clocked by net_clk  {rise@0.000ns fall@3.200ns period=6.400ns})
  Destination:            u_clk/time_ns_reg[3]/D
                            (rising edge-triggered cell FDRE clocked by net_clk  {rise@0.000ns fall@3.200ns period=6.400ns})
  Path Group:             net_clk
  Path Type:              Setup (Max at Slow Process Corner)
  Requirement:            6.400ns  (net_clk rise@6.400ns - net_clk rise@0.000ns)
  Data Path Delay:        6.157ns  (logic 2.756ns (44.759%)  route 3.401ns (55.241%))
  Logic Levels:           14  (CARRY4=9 LUT3=1 LUT4=1 LUT5=2 LUT6=1)
  Clock Path Skew:        -0.035ns (DCD - SCD + CPR)
    Destination Clock Delay (DCD):    0.669ns = ( 7.069 - 6.400 ) 
    Source Clock Delay      (SCD):    0.704ns
    Clock Pessimism Removal (CPR):    0.000ns
  Clock Uncertainty:      0.035ns  ((TSJ^2 + TIJ^2)^1/2 + DJ) / 2 + PE
    Total System Jitter     (TSJ):    0.071ns
    Total Input Jitter      (TIJ):    0.000ns
    Discrete Jitter          (DJ):    0.000ns
    Phase Error              (PE):    0.000ns

    Location             Delay type                Incr(ns)  Path(ns)    Netlist Resource(s)
  -------------------------------------------------------------------    -------------------
                         (clock net_clk rise edge)    0.000     0.000 r  
                                                      0.000     0.000 r  net_clk (IN)
                         net (fo=1291, unset)         0.704     0.704    u_clk/net_clk
    SLICE_X52Y32         FDRE                                         r  u_clk/time_ns_reg[6]/C
  -------------------------------------------------------------------    -------------------
    SLICE_X52Y32         FDRE (Prop_fdre_C_Q)         0.341     1.045 r  u_clk/time_ns_reg[6]/Q
                         net (fo=5, routed)           0.714     1.759    u_clk/time_ns_reg[31]_0[6]
    SLICE_X50Y32         LUT4 (Prop_lut4_I1_O)        0.101     1.860 r  u_clk/ns_base__1_carry__0_i_1/O
                         net (fo=2, routed)           0.520     2.380    u_clk/ns_base__1_carry__0_i_1_n_0
    SLICE_X50Y32         LUT5 (Prop_lut5_I0_O)        0.239     2.619 r  u_clk/ns_base__1_carry__0_i_5/O
                         net (fo=1, routed)           0.000     2.619    u_clk/ns_base__1_carry__0_i_5_n_0
    SLICE_X50Y32         CARRY4 (Prop_carry4_S[3]_CO[3])
                                                      0.284     2.903 r  u_clk/ns_base__1_carry__0/CO[3]
                         net (fo=1, routed)           0.000     2.903    u_clk/ns_base__1_carry__0_n_0
    SLICE_X50Y33         CARRY4 (Prop_carry4_CI_CO[3])
                                                      0.092     2.995 r  u_clk/ns_base__1_carry__1/CO[3]
                         net (fo=1, routed)           0.000     2.995    u_clk/ns_base__1_carry__1_n_0
    SLICE_X50Y34         CARRY4 (Prop_carry4_CI_CO[3])
                                                      0.092     3.087 r  u_clk/ns_base__1_carry__2/CO[3]
                         net (fo=1, routed)           0.000     3.087    u_clk/ns_base__1_carry__2_n_0
    SLICE_X50Y35         CARRY4 (Prop_carry4_CI_CO[3])
                                                      0.092     3.179 r  u_clk/ns_base__1_carry__3/CO[3]
                         net (fo=1, routed)           0.000     3.179    u_clk/ns_base__1_carry__3_n_0
    SLICE_X50Y36         CARRY4 (Prop_carry4_CI_O[3])
                                                      0.237     3.416 r  u_clk/ns_base__1_carry__4/O[3]
                         net (fo=8, routed)           0.492     3.908    u_clk/ns_sum_k[0]_1[23]
    SLICE_X51Y36         CARRY4 (Prop_carry4_S[2]_CO[3])
                                                      0.523     4.431 r  u_clk/ns_sum_k[1]_inferred_i_4/CO[3]
                         net (fo=1, routed)           0.000     4.431    u_clk/ns_sum_k[1]_inferred_i_4_n_0
    SLICE_X51Y37         CARRY4 (Prop_carry4_CI_CO[3])
                                                      0.089     4.520 r  u_clk/ns_sum_k[1]_inferred_i_3/CO[3]
                         net (fo=1, routed)           0.000     4.520    u_clk/ns_sum_k[1]_inferred_i_3_n_0
    SLICE_X51Y38         CARRY4 (Prop_carry4_CI_CO[3])
                                                      0.089     4.609 r  u_clk/ns_sum_k[1]_inferred_i_2/CO[3]
                         net (fo=1, routed)           0.000     4.609    u_clk/ns_sum_k[1]_inferred_i_2_n_0
    SLICE_X51Y39         CARRY4 (Prop_carry4_CI_O[0])
                                                      0.159     4.768 r  u_clk/ns_sum_k[1]_inferred_i_1/O[0]
                         net (fo=49, routed)          0.594     5.362    u_clk/ns_sum_k[1]_0[33]
    SLICE_X49Y38         LUT3 (Prop_lut3_I0_O)        0.224     5.586 r  u_clk/time_ns[31]_i_4/O
                         net (fo=32, routed)          0.550     6.136    u_clk/time_ns[31]_i_4_n_0
    SLICE_X49Y31         LUT6 (Prop_lut6_I2_O)        0.097     6.233 r  u_clk/time_ns[3]_i_2/O
                         net (fo=1, routed)           0.531     6.764    u_clk/time_ns[3]_i_2_n_0
    SLICE_X50Y30         LUT5 (Prop_lut5_I2_O)        0.097     6.861 r  u_clk/time_ns[3]_i_1/O
                         net (fo=1, routed)           0.000     6.861    u_clk/time_ns[3]_i_1_n_0
    SLICE_X50Y30         FDRE                                         r  u_clk/time_ns_reg[3]/D
  -------------------------------------------------------------------    -------------------

                         (clock net_clk rise edge)    6.400     6.400 r  
                                                      0.000     6.400 r  net_clk (IN)
                         net (fo=1291, unset)         0.669     7.069    u_clk/net_clk
    SLICE_X50Y30         FDRE                                         r  u_clk/time_ns_reg[3]/C
                         clock pessimism              0.000     7.069    
                         clock uncertainty           -0.035     7.033    
    SLICE_X50Y30         FDRE (Setup_fdre_C_D)        0.070     7.103    u_clk/time_ns_reg[3]
  -------------------------------------------------------------------
                         required time                          7.103    
                         arrival time                          -6.861    
  -------------------------------------------------------------------
                         slack                                  0.242    

Slack (MET) :             0.248ns  (required time - arrival time)
  Source:                 u_clk/time_ns_reg[6]/C
                            (rising edge-triggered cell FDRE clocked by net_clk  {rise@0.000ns fall@3.200ns period=6.400ns})
  Destination:            u_clk/time_ns_reg[27]/D
                            (rising edge-triggered cell FDRE clocked by net_clk  {rise@0.000ns fall@3.200ns period=6.400ns})
  Path Group:             net_clk
  Path Type:              Setup (Max at Slow Process Corner)
  Requirement:            6.400ns  (net_clk rise@6.400ns - net_clk rise@0.000ns)
  Data Path Delay:        6.111ns  (logic 2.820ns (46.145%)  route 3.291ns (53.855%))
  Logic Levels:           11  (CARRY4=7 LUT3=1 LUT4=1 LUT5=2)
  Clock Path Skew:        -0.035ns (DCD - SCD + CPR)
    Destination Clock Delay (DCD):    0.669ns = ( 7.069 - 6.400 ) 
    Source Clock Delay      (SCD):    0.704ns
    Clock Pessimism Removal (CPR):    0.000ns
  Clock Uncertainty:      0.035ns  ((TSJ^2 + TIJ^2)^1/2 + DJ) / 2 + PE
    Total System Jitter     (TSJ):    0.071ns
    Total Input Jitter      (TIJ):    0.000ns
    Discrete Jitter          (DJ):    0.000ns
    Phase Error              (PE):    0.000ns

    Location             Delay type                Incr(ns)  Path(ns)    Netlist Resource(s)
  -------------------------------------------------------------------    -------------------
                         (clock net_clk rise edge)    0.000     0.000 r  
                                                      0.000     0.000 r  net_clk (IN)
                         net (fo=1291, unset)         0.704     0.704    u_clk/net_clk
    SLICE_X52Y32         FDRE                                         r  u_clk/time_ns_reg[6]/C
  -------------------------------------------------------------------    -------------------
    SLICE_X52Y32         FDRE (Prop_fdre_C_Q)         0.341     1.045 r  u_clk/time_ns_reg[6]/Q
                         net (fo=5, routed)           0.714     1.759    u_clk/time_ns_reg[31]_0[6]
    SLICE_X50Y32         LUT4 (Prop_lut4_I1_O)        0.101     1.860 r  u_clk/ns_base__1_carry__0_i_1/O
                         net (fo=2, routed)           0.520     2.380    u_clk/ns_base__1_carry__0_i_1_n_0
    SLICE_X50Y32         LUT5 (Prop_lut5_I0_O)        0.239     2.619 r  u_clk/ns_base__1_carry__0_i_5/O
                         net (fo=1, routed)           0.000     2.619    u_clk/ns_base__1_carry__0_i_5_n_0
    SLICE_X50Y32         CARRY4 (Prop_carry4_S[3]_CO[3])
                                                      0.284     2.903 r  u_clk/ns_base__1_carry__0/CO[3]
                         net (fo=1, routed)           0.000     2.903    u_clk/ns_base__1_carry__0_n_0
    SLICE_X50Y33         CARRY4 (Prop_carry4_CI_CO[3])
                                                      0.092     2.995 r  u_clk/ns_base__1_carry__1/CO[3]
                         net (fo=1, routed)           0.000     2.995    u_clk/ns_base__1_carry__1_n_0
    SLICE_X50Y34         CARRY4 (Prop_carry4_CI_CO[3])
                                                      0.092     3.087 r  u_clk/ns_base__1_carry__2/CO[3]
                         net (fo=1, routed)           0.000     3.087    u_clk/ns_base__1_carry__2_n_0
    SLICE_X50Y35         CARRY4 (Prop_carry4_CI_O[1])
                                                      0.223     3.310 r  u_clk/ns_base__1_carry__3/O[1]
                         net (fo=8, routed)           0.723     4.033    u_clk/ns_sum_k[0]_1[17]
    SLICE_X57Y36         CARRY4 (Prop_carry4_S[1]_CO[3])
                                                      0.628     4.661 r  u_clk/ns_minus_k[0]_inferred_i_5/CO[3]
                         net (fo=1, routed)           0.000     4.661    u_clk/ns_minus_k[0]_inferred_i_5_n_0
    SLICE_X57Y37         CARRY4 (Prop_carry4_CI_CO[3])
                                                      0.089     4.750 r  u_clk/ns_minus_k[0]_inferred_i_4/CO[3]
                         net (fo=1, routed)           0.000     4.750    u_clk/ns_minus_k[0]_inferred_i_4_n_0
    SLICE_X57Y38         CARRY4 (Prop_carry4_CI_O[3])
                                                      0.234     4.984 r  u_clk/ns_minus_k[0]_inferred_i_3/O[3]
                         net (fo=1, routed)           0.534     5.518    u_clk/ns_minus_k[0]_3[27]
    SLICE_X55Y38         LUT3 (Prop_lut3_I2_O)        0.250     5.768 r  u_clk/time_ns[27]_i_3/O
                         net (fo=1, routed)           0.800     6.568    u_clk/time_ns[27]_i_3_n_0
    SLICE_X48Y38         LUT5 (Prop_lut5_I4_O)        0.247     6.815 r  u_clk/time_ns[27]_i_1/O
                         net (fo=1, routed)           0.000     6.815    u_clk/time_ns[27]_i_1_n_0
    SLICE_X48Y38         FDRE                                         r  u_clk/time_ns_reg[27]/D
  -------------------------------------------------------------------    -------------------

                         (clock net_clk rise edge)    6.400     6.400 r  
                                                      0.000     6.400 r  net_clk (IN)
                         net (fo=1291, unset)         0.669     7.069    u_clk/net_clk
    SLICE_X48Y38         FDRE                                         r  u_clk/time_ns_reg[27]/C
                         clock pessimism              0.000     7.069    
                         clock uncertainty           -0.035     7.033    
    SLICE_X48Y38         FDRE (Setup_fdre_C_D)        0.030     7.063    u_clk/time_ns_reg[27]
  -------------------------------------------------------------------
                         required time                          7.063    
                         arrival time                          -6.815    
  -------------------------------------------------------------------
                         slack                                  0.248    

Slack (MET) :             0.253ns  (required time - arrival time)
  Source:                 u_hist/bin_mem_reg/CLKARDCLK
                            (rising edge-triggered cell RAMB18E1 clocked by net_clk  {rise@0.000ns fall@3.200ns period=6.400ns})
  Destination:            u_hist/bin_mem_reg/DIBDI[1]
                            (rising edge-triggered cell RAMB18E1 clocked by net_clk  {rise@0.000ns fall@3.200ns period=6.400ns})
  Path Group:             net_clk
  Path Type:              Setup (Max at Slow Process Corner)
  Requirement:            6.400ns  (net_clk rise@6.400ns - net_clk rise@0.000ns)
  Data Path Delay:        5.742ns  (logic 3.280ns (57.118%)  route 2.462ns (42.882%))
  Logic Levels:           9  (CARRY4=5 LUT2=1 LUT3=1 LUT5=1 LUT6=1)
  Clock Path Skew:        -0.035ns (DCD - SCD + CPR)
    Destination Clock Delay (DCD):    0.669ns = ( 7.069 - 6.400 ) 
    Source Clock Delay      (SCD):    0.704ns
    Clock Pessimism Removal (CPR):    0.000ns
  Clock Uncertainty:      0.035ns  ((TSJ^2 + TIJ^2)^1/2 + DJ) / 2 + PE
    Total System Jitter     (TSJ):    0.071ns
    Total Input Jitter      (TIJ):    0.000ns
    Discrete Jitter          (DJ):    0.000ns
    Phase Error              (PE):    0.000ns

    Location             Delay type                Incr(ns)  Path(ns)    Netlist Resource(s)
  -------------------------------------------------------------------    -------------------
                         (clock net_clk rise edge)    0.000     0.000 r  
                                                      0.000     0.000 r  net_clk (IN)
                         net (fo=1291, unset)         0.704     0.704    u_hist/net_clk
    RAMB18_X1Y10         RAMB18E1                                     r  u_hist/bin_mem_reg/CLKARDCLK
  -------------------------------------------------------------------    -------------------
    RAMB18_X1Y10         RAMB18E1 (Prop_ramb18e1_CLKARDCLK_DOADO[10])
                                                      1.846     2.550 f  u_hist/bin_mem_reg/DOADO[10]
                         net (fo=3, routed)           0.604     3.154    u_hist/ra_data[10]
    SLICE_X22Y24         LUT3 (Prop_lut3_I0_O)        0.097     3.251 r  u_hist/last_data[3]_i_13/O
                         net (fo=1, routed)           0.701     3.952    u_hist/last_data[3]_i_13_n_0
    SLICE_X22Y21         LUT5 (Prop_lut5_I0_O)        0.097     4.049 r  u_hist/last_data[3]_i_8/O
                         net (fo=1, routed)           0.485     4.534    u_hist/last_data[3]_i_8_n_0
    SLICE_X23Y21         LUT6 (Prop_lut6_I1_O)        0.097     4.631 r  u_hist/last_data[3]_i_6/O
                         net (fo=1, routed)           0.000     4.631    u_hist/last_data[3]_i_6_n_0
    SLICE_X23Y21         CARRY4 (Prop_carry4_S[0]_CO[3])
                                                      0.395     5.026 r  u_hist/last_data_reg[3]_i_1/CO[3]
                         net (fo=1, routed)           0.000     5.026    u_hist/last_data_reg[3]_i_1_n_0
    SLICE_X23Y22         CARRY4 (Prop_carry4_CI_CO[3])
                                                      0.089     5.115 r  u_hist/last_data_reg[7]_i_1/CO[3]
                         net (fo=1, routed)           0.000     5.115    u_hist/last_data_reg[7]_i_1_n_0
    SLICE_X23Y23         CARRY4 (Prop_carry4_CI_CO[3])
                                                      0.089     5.204 r  u_hist/last_data_reg[11]_i_1/CO[3]
                         net (fo=1, routed)           0.000     5.204    u_hist/last_data_reg[11]_i_1_n_0
    SLICE_X23Y24         CARRY4 (Prop_carry4_CI_CO[3])
                                                      0.089     5.293 r  u_hist/last_data_reg[15]_i_1/CO[3]
                         net (fo=1, routed)           0.007     5.300    u_hist/last_data_reg[15]_i_1_n_0
    SLICE_X23Y25         CARRY4 (Prop_carry4_CI_O[1])
                                                      0.240     5.540 r  u_hist/last_data_reg[19]_i_1/O[1]
                         net (fo=2, routed)           0.464     6.004    u_hist/new_val[17]
    SLICE_X22Y25         LUT2 (Prop_lut2_I0_O)        0.241     6.245 r  u_hist/bin_mem_reg_i_45/O
                         net (fo=1, routed)           0.201     6.446    u_hist/wdata[17]
    RAMB18_X1Y10         RAMB18E1                                     r  u_hist/bin_mem_reg/DIBDI[1]
  -------------------------------------------------------------------    -------------------

                         (clock net_clk rise edge)    6.400     6.400 r  
                                                      0.000     6.400 r  net_clk (IN)
                         net (fo=1291, unset)         0.669     7.069    u_hist/net_clk
    RAMB18_X1Y10         RAMB18E1                                     r  u_hist/bin_mem_reg/CLKBWRCLK
                         clock pessimism              0.000     7.069    
                         clock uncertainty           -0.035     7.033    
    RAMB18_X1Y10         RAMB18E1 (Setup_ramb18e1_CLKBWRCLK_DIBDI[1])
                                                     -0.334     6.699    u_hist/bin_mem_reg
  -------------------------------------------------------------------
                         required time                          6.699    
                         arrival time                          -6.446    
  -------------------------------------------------------------------
                         slack                                  0.253    

Slack (MET) :             0.265ns  (required time - arrival time)
  Source:                 u_clk/time_ns_reg[6]/C
                            (rising edge-triggered cell FDRE clocked by net_clk  {rise@0.000ns fall@3.200ns period=6.400ns})
  Destination:            u_clk/time_sec_reg[4]/D
                            (rising edge-triggered cell FDRE clocked by net_clk  {rise@0.000ns fall@3.200ns period=6.400ns})
  Path Group:             net_clk
  Path Type:              Setup (Max at Slow Process Corner)
  Requirement:            6.400ns  (net_clk rise@6.400ns - net_clk rise@0.000ns)
  Data Path Delay:        6.096ns  (logic 2.819ns (46.240%)  route 3.277ns (53.760%))
  Logic Levels:           13  (CARRY4=9 LUT3=1 LUT4=1 LUT5=2)
  Clock Path Skew:        -0.035ns (DCD - SCD + CPR)
    Destination Clock Delay (DCD):    0.669ns = ( 7.069 - 6.400 ) 
    Source Clock Delay      (SCD):    0.704ns
    Clock Pessimism Removal (CPR):    0.000ns
  Clock Uncertainty:      0.035ns  ((TSJ^2 + TIJ^2)^1/2 + DJ) / 2 + PE
    Total System Jitter     (TSJ):    0.071ns
    Total Input Jitter      (TIJ):    0.000ns
    Discrete Jitter          (DJ):    0.000ns
    Phase Error              (PE):    0.000ns

    Location             Delay type                Incr(ns)  Path(ns)    Netlist Resource(s)
  -------------------------------------------------------------------    -------------------
                         (clock net_clk rise edge)    0.000     0.000 r  
                                                      0.000     0.000 r  net_clk (IN)
                         net (fo=1291, unset)         0.704     0.704    u_clk/net_clk
    SLICE_X52Y32         FDRE                                         r  u_clk/time_ns_reg[6]/C
  -------------------------------------------------------------------    -------------------
    SLICE_X52Y32         FDRE (Prop_fdre_C_Q)         0.341     1.045 r  u_clk/time_ns_reg[6]/Q
                         net (fo=5, routed)           0.714     1.759    u_clk/time_ns_reg[31]_0[6]
    SLICE_X50Y32         LUT4 (Prop_lut4_I1_O)        0.101     1.860 r  u_clk/ns_base__1_carry__0_i_1/O
                         net (fo=2, routed)           0.520     2.380    u_clk/ns_base__1_carry__0_i_1_n_0
    SLICE_X50Y32         LUT5 (Prop_lut5_I0_O)        0.239     2.619 r  u_clk/ns_base__1_carry__0_i_5/O
                         net (fo=1, routed)           0.000     2.619    u_clk/ns_base__1_carry__0_i_5_n_0
    SLICE_X50Y32         CARRY4 (Prop_carry4_S[3]_CO[3])
                                                      0.284     2.903 r  u_clk/ns_base__1_carry__0/CO[3]
                         net (fo=1, routed)           0.000     2.903    u_clk/ns_base__1_carry__0_n_0
    SLICE_X50Y33         CARRY4 (Prop_carry4_CI_CO[3])
                                                      0.092     2.995 r  u_clk/ns_base__1_carry__1/CO[3]
                         net (fo=1, routed)           0.000     2.995    u_clk/ns_base__1_carry__1_n_0
    SLICE_X50Y34         CARRY4 (Prop_carry4_CI_CO[3])
                                                      0.092     3.087 r  u_clk/ns_base__1_carry__2/CO[3]
                         net (fo=1, routed)           0.000     3.087    u_clk/ns_base__1_carry__2_n_0
    SLICE_X50Y35         CARRY4 (Prop_carry4_CI_O[1])
                                                      0.223     3.310 r  u_clk/ns_base__1_carry__3/O[1]
                         net (fo=8, routed)           0.723     4.033    u_clk/ns_sum_k[0]_1[17]
    SLICE_X57Y36         CARRY4 (Prop_carry4_S[1]_CO[3])
                                                      0.628     4.661 r  u_clk/ns_minus_k[0]_inferred_i_5/CO[3]
                         net (fo=1, routed)           0.000     4.661    u_clk/ns_minus_k[0]_inferred_i_5_n_0
    SLICE_X57Y37         CARRY4 (Prop_carry4_CI_CO[3])
                                                      0.089     4.750 r  u_clk/ns_minus_k[0]_inferred_i_4/CO[3]
                         net (fo=1, routed)           0.000     4.750    u_clk/ns_minus_k[0]_inferred_i_4_n_0
    SLICE_X57Y38         CARRY4 (Prop_carry4_CI_CO[3])
                                                      0.089     4.839 r  u_clk/ns_minus_k[0]_inferred_i_3/CO[3]
                         net (fo=1, routed)           0.000     4.839    u_clk/ns_minus_k[0]_inferred_i_3_n_0
    SLICE_X57Y39         CARRY4 (Prop_carry4_CI_CO[3])
                                                      0.089     4.928 r  u_clk/ns_minus_k[0]_inferred_i_2/CO[3]
                         net (fo=1, routed)           0.000     4.928    u_regs/pps_reg[0]
    SLICE_X57Y40         CARRY4 (Prop_carry4_CI_O[1])
                                                      0.230     5.158 r  u_regs/ns_minus_k[0]_inferred_i_1/O[1]
                         net (fo=2, routed)           0.411     5.569    u_clk/ns_minus_k[0]_3[33]
    SLICE_X55Y40         LUT3 (Prop_lut3_I2_O)        0.225     5.794 r  u_clk/time_sec[47]_i_4/O
                         net (fo=80, routed)          0.909     6.703    u_clk/time_sec[47]_i_4_n_0
    SLICE_X45Y31         LUT5 (Prop_lut5_I3_O)        0.097     6.800 r  u_clk/time_sec[4]_i_1/O
                         net (fo=1, routed)           0.000     6.800    u_clk/time_sec[4]_i_1_n_0
    SLICE_X45Y31         FDRE                                         r  u_clk/time_sec_reg[4]/D
  -------------------------------------------------------------------    -------------------

                         (clock net_clk rise edge)    6.400     6.400 r  
                                                      0.000     6.400 r  net_clk (IN)
                         net (fo=1291, unset)         0.669     7.069    u_clk/net_clk
    SLICE_X45Y31         FDRE                                         r  u_clk/time_sec_reg[4]/C
                         clock pessimism              0.000     7.069    
                         clock uncertainty           -0.035     7.033    
    SLICE_X45Y31         FDRE (Setup_fdre_C_D)        0.032     7.065    u_clk/time_sec_reg[4]
  -------------------------------------------------------------------
                         required time                          7.065    
                         arrival time                          -6.800    
  -------------------------------------------------------------------
                         slack                                  0.265    

Slack (MET) :             0.269ns  (required time - arrival time)
  Source:                 u_hist/bin_mem_reg/CLKARDCLK
                            (rising edge-triggered cell RAMB18E1 clocked by net_clk  {rise@0.000ns fall@3.200ns period=6.400ns})
  Destination:            u_hist/bin_mem_reg/DIBDI[15]
                            (rising edge-triggered cell RAMB18E1 clocked by net_clk  {rise@0.000ns fall@3.200ns period=6.400ns})
  Path Group:             net_clk
  Path Type:              Setup (Max at Slow Process Corner)
  Requirement:            6.400ns  (net_clk rise@6.400ns - net_clk rise@0.000ns)
  Data Path Delay:        5.863ns  (logic 3.548ns (60.510%)  route 2.315ns (39.490%))
  Logic Levels:           12  (CARRY4=8 LUT2=1 LUT3=1 LUT5=1 LUT6=1)
  Clock Path Skew:        -0.035ns (DCD - SCD + CPR)
    Destination Clock Delay (DCD):    0.669ns = ( 7.069 - 6.400 ) 
    Source Clock Delay      (SCD):    0.704ns
    Clock Pessimism Removal (CPR):    0.000ns
  Clock Uncertainty:      0.035ns  ((TSJ^2 + TIJ^2)^1/2 + DJ) / 2 + PE
    Total System Jitter     (TSJ):    0.071ns
    Total Input Jitter      (TIJ):    0.000ns
    Discrete Jitter          (DJ):    0.000ns
    Phase Error              (PE):    0.000ns

    Location             Delay type                Incr(ns)  Path(ns)    Netlist Resource(s)
  -------------------------------------------------------------------    -------------------
                         (clock net_clk rise edge)    0.000     0.000 r  
                                                      0.000     0.000 r  net_clk (IN)
                         net (fo=1291, unset)         0.704     0.704    u_hist/net_clk
    RAMB18_X1Y10         RAMB18E1                                     r  u_hist/bin_mem_reg/CLKARDCLK
  -------------------------------------------------------------------    -------------------
    RAMB18_X1Y10         RAMB18E1 (Prop_ramb18e1_CLKARDCLK_DOADO[10])
                                                      1.846     2.550 f  u_hist/bin_mem_reg/DOADO[10]
                         net (fo=3, routed)           0.604     3.154    u_hist/ra_data[10]
    SLICE_X22Y24         LUT3 (Prop_lut3_I0_O)        0.097     3.251 r  u_hist/last_data[3]_i_13/O
                         net (fo=1, routed)           0.701     3.952    u_hist/last_data[3]_i_13_n_0
    SLICE_X22Y21         LUT5 (Prop_lut5_I0_O)        0.097     4.049 r  u_hist/last_data[3]_i_8/O
                         net (fo=1, routed)           0.485     4.534    u_hist/last_data[3]_i_8_n_0
    SLICE_X23Y21         LUT6 (Prop_lut6_I1_O)        0.097     4.631 r  u_hist/last_data[3]_i_6/O
                         net (fo=1, routed)           0.000     4.631    u_hist/last_data[3]_i_6_n_0
    SLICE_X23Y21         CARRY4 (Prop_carry4_S[0]_CO[3])
                                                      0.395     5.026 r  u_hist/last_data_reg[3]_i_1/CO[3]
                         net (fo=1, routed)           0.000     5.026    u_hist/last_data_reg[3]_i_1_n_0
    SLICE_X23Y22         CARRY4 (Prop_carry4_CI_CO[3])
                                                      0.089     5.115 r  u_hist/last_data_reg[7]_i_1/CO[3]
                         net (fo=1, routed)           0.000     5.115    u_hist/last_data_reg[7]_i_1_n_0
    SLICE_X23Y23         CARRY4 (Prop_carry4_CI_CO[3])
                                                      0.089     5.204 r  u_hist/last_data_reg[11]_i_1/CO[3]
                         net (fo=1, routed)           0.000     5.204    u_hist/last_data_reg[11]_i_1_n_0
    SLICE_X23Y24         CARRY4 (Prop_carry4_CI_CO[3])
                                                      0.089     5.293 r  u_hist/last_data_reg[15]_i_1/CO[3]
                         net (fo=1, routed)           0.007     5.300    u_hist/last_data_reg[15]_i_1_n_0
    SLICE_X23Y25         CARRY4 (Prop_carry4_CI_CO[3])
                                                      0.089     5.389 r  u_hist/last_data_reg[19]_i_1/CO[3]
                         net (fo=1, routed)           0.000     5.389    u_hist/last_data_reg[19]_i_1_n_0
    SLICE_X23Y26         CARRY4 (Prop_carry4_CI_CO[3])
                                                      0.089     5.478 r  u_hist/last_data_reg[23]_i_1/CO[3]
                         net (fo=1, routed)           0.000     5.478    u_hist/last_data_reg[23]_i_1_n_0
    SLICE_X23Y27         CARRY4 (Prop_carry4_CI_CO[3])
                                                      0.089     5.567 r  u_hist/last_data_reg[27]_i_1/CO[3]
                         net (fo=1, routed)           0.000     5.567    u_hist/last_data_reg[27]_i_1_n_0
    SLICE_X23Y28         CARRY4 (Prop_carry4_CI_O[3])
                                                      0.248     5.815 r  u_hist/last_data_reg[31]_i_2/O[3]
                         net (fo=2, routed)           0.311     6.127    u_hist/new_val[31]
    SLICE_X22Y28         LUT2 (Prop_lut2_I0_O)        0.234     6.361 r  u_hist/bin_mem_reg_i_31/O
                         net (fo=1, routed)           0.207     6.567    u_hist/wdata[31]
    RAMB18_X1Y10         RAMB18E1                                     r  u_hist/bin_mem_reg/DIBDI[15]
  -------------------------------------------------------------------    -------------------

                         (clock net_clk rise edge)    6.400     6.400 r  
                                                      0.000     6.400 r  net_clk (IN)
                         net (fo=1291, unset)         0.669     7.069    u_hist/net_clk
    RAMB18_X1Y10         RAMB18E1                                     r  u_hist/bin_mem_reg/CLKBWRCLK
                         clock pessimism              0.000     7.069    
                         clock uncertainty           -0.035     7.033    
    RAMB18_X1Y10         RAMB18E1 (Setup_ramb18e1_CLKBWRCLK_DIBDI[15])
                                                     -0.197     6.836    u_hist/bin_mem_reg
  -------------------------------------------------------------------
                         required time                          6.836    
                         arrival time                          -6.567    
  -------------------------------------------------------------------
                         slack                                  0.269    

Slack (MET) :             0.274ns  (required time - arrival time)
  Source:                 u_clk/time_ns_reg[6]/C
                            (rising edge-triggered cell FDRE clocked by net_clk  {rise@0.000ns fall@3.200ns period=6.400ns})
  Destination:            u_clk/time_sec_reg[43]/D
                            (rising edge-triggered cell FDRE clocked by net_clk  {rise@0.000ns fall@3.200ns period=6.400ns})
  Path Group:             net_clk
  Path Type:              Setup (Max at Slow Process Corner)
  Requirement:            6.400ns  (net_clk rise@6.400ns - net_clk rise@0.000ns)
  Data Path Delay:        6.125ns  (logic 2.819ns (46.023%)  route 3.306ns (53.977%))
  Logic Levels:           13  (CARRY4=9 LUT3=1 LUT4=1 LUT5=2)
  Clock Path Skew:        -0.035ns (DCD - SCD + CPR)
    Destination Clock Delay (DCD):    0.669ns = ( 7.069 - 6.400 ) 
    Source Clock Delay      (SCD):    0.704ns
    Clock Pessimism Removal (CPR):    0.000ns
  Clock Uncertainty:      0.035ns  ((TSJ^2 + TIJ^2)^1/2 + DJ) / 2 + PE
    Total System Jitter     (TSJ):    0.071ns
    Total Input Jitter      (TIJ):    0.000ns
    Discrete Jitter          (DJ):    0.000ns
    Phase Error              (PE):    0.000ns

    Location             Delay type                Incr(ns)  Path(ns)    Netlist Resource(s)
  -------------------------------------------------------------------    -------------------
                         (clock net_clk rise edge)    0.000     0.000 r  
                                                      0.000     0.000 r  net_clk (IN)
                         net (fo=1291, unset)         0.704     0.704    u_clk/net_clk
    SLICE_X52Y32         FDRE                                         r  u_clk/time_ns_reg[6]/C
  -------------------------------------------------------------------    -------------------
    SLICE_X52Y32         FDRE (Prop_fdre_C_Q)         0.341     1.045 r  u_clk/time_ns_reg[6]/Q
                         net (fo=5, routed)           0.714     1.759    u_clk/time_ns_reg[31]_0[6]
    SLICE_X50Y32         LUT4 (Prop_lut4_I1_O)        0.101     1.860 r  u_clk/ns_base__1_carry__0_i_1/O
                         net (fo=2, routed)           0.520     2.380    u_clk/ns_base__1_carry__0_i_1_n_0
    SLICE_X50Y32         LUT5 (Prop_lut5_I0_O)        0.239     2.619 r  u_clk/ns_base__1_carry__0_i_5/O
                         net (fo=1, routed)           0.000     2.619    u_clk/ns_base__1_carry__0_i_5_n_0
    SLICE_X50Y32         CARRY4 (Prop_carry4_S[3]_CO[3])
                                                      0.284     2.903 r  u_clk/ns_base__1_carry__0/CO[3]
                         net (fo=1, routed)           0.000     2.903    u_clk/ns_base__1_carry__0_n_0
    SLICE_X50Y33         CARRY4 (Prop_carry4_CI_CO[3])
                                                      0.092     2.995 r  u_clk/ns_base__1_carry__1/CO[3]
                         net (fo=1, routed)           0.000     2.995    u_clk/ns_base__1_carry__1_n_0
    SLICE_X50Y34         CARRY4 (Prop_carry4_CI_CO[3])
                                                      0.092     3.087 r  u_clk/ns_base__1_carry__2/CO[3]
                         net (fo=1, routed)           0.000     3.087    u_clk/ns_base__1_carry__2_n_0
    SLICE_X50Y35         CARRY4 (Prop_carry4_CI_O[1])
                                                      0.223     3.310 r  u_clk/ns_base__1_carry__3/O[1]
                         net (fo=8, routed)           0.723     4.033    u_clk/ns_sum_k[0]_1[17]
    SLICE_X57Y36         CARRY4 (Prop_carry4_S[1]_CO[3])
                                                      0.628     4.661 r  u_clk/ns_minus_k[0]_inferred_i_5/CO[3]
                         net (fo=1, routed)           0.000     4.661    u_clk/ns_minus_k[0]_inferred_i_5_n_0
    SLICE_X57Y37         CARRY4 (Prop_carry4_CI_CO[3])
                                                      0.089     4.750 r  u_clk/ns_minus_k[0]_inferred_i_4/CO[3]
                         net (fo=1, routed)           0.000     4.750    u_clk/ns_minus_k[0]_inferred_i_4_n_0
    SLICE_X57Y38         CARRY4 (Prop_carry4_CI_CO[3])
                                                      0.089     4.839 r  u_clk/ns_minus_k[0]_inferred_i_3/CO[3]
                         net (fo=1, routed)           0.000     4.839    u_clk/ns_minus_k[0]_inferred_i_3_n_0
    SLICE_X57Y39         CARRY4 (Prop_carry4_CI_CO[3])
                                                      0.089     4.928 r  u_clk/ns_minus_k[0]_inferred_i_2/CO[3]
                         net (fo=1, routed)           0.000     4.928    u_regs/pps_reg[0]
    SLICE_X57Y40         CARRY4 (Prop_carry4_CI_O[1])
                                                      0.230     5.158 r  u_regs/ns_minus_k[0]_inferred_i_1/O[1]
                         net (fo=2, routed)           0.411     5.569    u_clk/ns_minus_k[0]_3[33]
    SLICE_X55Y40         LUT3 (Prop_lut3_I2_O)        0.225     5.794 r  u_clk/time_sec[47]_i_4/O
                         net (fo=80, routed)          0.938     6.732    u_clk/time_sec[47]_i_4_n_0
    SLICE_X42Y42         LUT5 (Prop_lut5_I3_O)        0.097     6.829 r  u_clk/time_sec[43]_i_1/O
                         net (fo=1, routed)           0.000     6.829    u_clk/time_sec[43]_i_1_n_0
    SLICE_X42Y42         FDRE                                         r  u_clk/time_sec_reg[43]/D
  -------------------------------------------------------------------    -------------------

                         (clock net_clk rise edge)    6.400     6.400 r  
                                                      0.000     6.400 r  net_clk (IN)
                         net (fo=1291, unset)         0.669     7.069    u_clk/net_clk
    SLICE_X42Y42         FDRE                                         r  u_clk/time_sec_reg[43]/C
                         clock pessimism              0.000     7.069    
                         clock uncertainty           -0.035     7.033    
    SLICE_X42Y42         FDRE (Setup_fdre_C_D)        0.070     7.103    u_clk/time_sec_reg[43]
  -------------------------------------------------------------------
                         required time                          7.103    
                         arrival time                          -6.829    
  -------------------------------------------------------------------
                         slack                                  0.274    

Slack (MET) :             0.306ns  (required time - arrival time)
  Source:                 u_hist/bin_mem_reg/CLKARDCLK
                            (rising edge-triggered cell RAMB18E1 clocked by net_clk  {rise@0.000ns fall@3.200ns period=6.400ns})
  Destination:            u_hist/bin_mem_reg/DIADI[15]
                            (rising edge-triggered cell RAMB18E1 clocked by net_clk  {rise@0.000ns fall@3.200ns period=6.400ns})
  Path Group:             net_clk
  Path Type:              Setup (Max at Slow Process Corner)
  Requirement:            6.400ns  (net_clk rise@6.400ns - net_clk rise@0.000ns)
  Data Path Delay:        5.826ns  (logic 3.192ns (54.785%)  route 2.634ns (45.215%))
  Logic Levels:           8  (CARRY4=4 LUT2=1 LUT3=1 LUT5=1 LUT6=1)
  Clock Path Skew:        -0.035ns (DCD - SCD + CPR)
    Destination Clock Delay (DCD):    0.669ns = ( 7.069 - 6.400 ) 
    Source Clock Delay      (SCD):    0.704ns
    Clock Pessimism Removal (CPR):    0.000ns
  Clock Uncertainty:      0.035ns  ((TSJ^2 + TIJ^2)^1/2 + DJ) / 2 + PE
    Total System Jitter     (TSJ):    0.071ns
    Total Input Jitter      (TIJ):    0.000ns
    Discrete Jitter          (DJ):    0.000ns
    Phase Error              (PE):    0.000ns

    Location             Delay type                Incr(ns)  Path(ns)    Netlist Resource(s)
  -------------------------------------------------------------------    -------------------
                         (clock net_clk rise edge)    0.000     0.000 r  
                                                      0.000     0.000 r  net_clk (IN)
                         net (fo=1291, unset)         0.704     0.704    u_hist/net_clk
    RAMB18_X1Y10         RAMB18E1                                     r  u_hist/bin_mem_reg/CLKARDCLK
  -------------------------------------------------------------------    -------------------
    RAMB18_X1Y10         RAMB18E1 (Prop_ramb18e1_CLKARDCLK_DOADO[10])
                                                      1.846     2.550 f  u_hist/bin_mem_reg/DOADO[10]
                         net (fo=3, routed)           0.604     3.154    u_hist/ra_data[10]
    SLICE_X22Y24         LUT3 (Prop_lut3_I0_O)        0.097     3.251 r  u_hist/last_data[3]_i_13/O
                         net (fo=1, routed)           0.701     3.952    u_hist/last_data[3]_i_13_n_0
    SLICE_X22Y21         LUT5 (Prop_lut5_I0_O)        0.097     4.049 r  u_hist/last_data[3]_i_8/O
                         net (fo=1, routed)           0.485     4.534    u_hist/last_data[3]_i_8_n_0
    SLICE_X23Y21         LUT6 (Prop_lut6_I1_O)        0.097     4.631 r  u_hist/last_data[3]_i_6/O
                         net (fo=1, routed)           0.000     4.631    u_hist/last_data[3]_i_6_n_0
    SLICE_X23Y21         CARRY4 (Prop_carry4_S[0]_CO[3])
                                                      0.395     5.026 r  u_hist/last_data_reg[3]_i_1/CO[3]
                         net (fo=1, routed)           0.000     5.026    u_hist/last_data_reg[3]_i_1_n_0
    SLICE_X23Y22         CARRY4 (Prop_carry4_CI_CO[3])
                                                      0.089     5.115 r  u_hist/last_data_reg[7]_i_1/CO[3]
                         net (fo=1, routed)           0.000     5.115    u_hist/last_data_reg[7]_i_1_n_0
    SLICE_X23Y23         CARRY4 (Prop_carry4_CI_CO[3])
                                                      0.089     5.204 r  u_hist/last_data_reg[11]_i_1/CO[3]
                         net (fo=1, routed)           0.000     5.204    u_hist/last_data_reg[11]_i_1_n_0
    SLICE_X23Y24         CARRY4 (Prop_carry4_CI_O[3])
                                                      0.248     5.452 r  u_hist/last_data_reg[15]_i_1/O[3]
                         net (fo=2, routed)           0.450     5.902    u_hist/new_val[15]
    SLICE_X22Y26         LUT2 (Prop_lut2_I0_O)        0.234     6.136 r  u_hist/bin_mem_reg_i_15/O
                         net (fo=1, routed)           0.394     6.530    u_hist/wdata[15]
    RAMB18_X1Y10         RAMB18E1                                     r  u_hist/bin_mem_reg/DIADI[15]
  -------------------------------------------------------------------    -------------------

                         (clock net_clk rise edge)    6.400     6.400 r  
                                                      0.000     6.400 r  net_clk (IN)
                         net (fo=1291, unset)         0.669     7.069    u_hist/net_clk
    RAMB18_X1Y10         RAMB18E1                                     r  u_hist/bin_mem_reg/CLKBWRCLK
                         clock pessimism              0.000     7.069    
                         clock uncertainty           -0.035     7.033    
    RAMB18_X1Y10         RAMB18E1 (Setup_ramb18e1_CLKBWRCLK_DIADI[15])
                                                     -0.197     6.836    u_hist/bin_mem_reg
  -------------------------------------------------------------------
                         required time                          6.836    
                         arrival time                          -6.530    
  -------------------------------------------------------------------
                         slack                                  0.306    

Slack (MET) :             0.306ns  (required time - arrival time)
  Source:                 u_clk/time_ns_reg[6]/C
                            (rising edge-triggered cell FDRE clocked by net_clk  {rise@0.000ns fall@3.200ns period=6.400ns})
  Destination:            u_clk/time_ns_reg[11]/D
                            (rising edge-triggered cell FDRE clocked by net_clk  {rise@0.000ns fall@3.200ns period=6.400ns})
  Path Group:             net_clk
  Path Type:              Setup (Max at Slow Process Corner)
  Requirement:            6.400ns  (net_clk rise@6.400ns - net_clk rise@0.000ns)
  Data Path Delay:        6.055ns  (logic 2.819ns (46.554%)  route 3.236ns (53.446%))
  Logic Levels:           13  (CARRY4=9 LUT3=1 LUT4=1 LUT5=2)
  Clock Path Skew:        -0.035ns (DCD - SCD + CPR)
    Destination Clock Delay (DCD):    0.669ns = ( 7.069 - 6.400 ) 
    Source Clock Delay      (SCD):    0.704ns
    Clock Pessimism Removal (CPR):    0.000ns
  Clock Uncertainty:      0.035ns  ((TSJ^2 + TIJ^2)^1/2 + DJ) / 2 + PE
    Total System Jitter     (TSJ):    0.071ns
    Total Input Jitter      (TIJ):    0.000ns
    Discrete Jitter          (DJ):    0.000ns
    Phase Error              (PE):    0.000ns

    Location             Delay type                Incr(ns)  Path(ns)    Netlist Resource(s)
  -------------------------------------------------------------------    -------------------
                         (clock net_clk rise edge)    0.000     0.000 r  
                                                      0.000     0.000 r  net_clk (IN)
                         net (fo=1291, unset)         0.704     0.704    u_clk/net_clk
    SLICE_X52Y32         FDRE                                         r  u_clk/time_ns_reg[6]/C
  -------------------------------------------------------------------    -------------------
    SLICE_X52Y32         FDRE (Prop_fdre_C_Q)         0.341     1.045 r  u_clk/time_ns_reg[6]/Q
                         net (fo=5, routed)           0.714     1.759    u_clk/time_ns_reg[31]_0[6]
    SLICE_X50Y32         LUT4 (Prop_lut4_I1_O)        0.101     1.860 r  u_clk/ns_base__1_carry__0_i_1/O
                         net (fo=2, routed)           0.520     2.380    u_clk/ns_base__1_carry__0_i_1_n_0
    SLICE_X50Y32         LUT5 (Prop_lut5_I0_O)        0.239     2.619 r  u_clk/ns_base__1_carry__0_i_5/O
                         net (fo=1, routed)           0.000     2.619    u_clk/ns_base__1_carry__0_i_5_n_0
    SLICE_X50Y32         CARRY4 (Prop_carry4_S[3]_CO[3])
                                                      0.284     2.903 r  u_clk/ns_base__1_carry__0/CO[3]
                         net (fo=1, routed)           0.000     2.903    u_clk/ns_base__1_carry__0_n_0
    SLICE_X50Y33         CARRY4 (Prop_carry4_CI_CO[3])
                                                      0.092     2.995 r  u_clk/ns_base__1_carry__1/CO[3]
                         net (fo=1, routed)           0.000     2.995    u_clk/ns_base__1_carry__1_n_0
    SLICE_X50Y34         CARRY4 (Prop_carry4_CI_CO[3])
                                                      0.092     3.087 r  u_clk/ns_base__1_carry__2/CO[3]
                         net (fo=1, routed)           0.000     3.087    u_clk/ns_base__1_carry__2_n_0
    SLICE_X50Y35         CARRY4 (Prop_carry4_CI_O[1])
                                                      0.223     3.310 r  u_clk/ns_base__1_carry__3/O[1]
                         net (fo=8, routed)           0.723     4.033    u_clk/ns_sum_k[0]_1[17]
    SLICE_X57Y36         CARRY4 (Prop_carry4_S[1]_CO[3])
                                                      0.628     4.661 r  u_clk/ns_minus_k[0]_inferred_i_5/CO[3]
                         net (fo=1, routed)           0.000     4.661    u_clk/ns_minus_k[0]_inferred_i_5_n_0
    SLICE_X57Y37         CARRY4 (Prop_carry4_CI_CO[3])
                                                      0.089     4.750 r  u_clk/ns_minus_k[0]_inferred_i_4/CO[3]
                         net (fo=1, routed)           0.000     4.750    u_clk/ns_minus_k[0]_inferred_i_4_n_0
    SLICE_X57Y38         CARRY4 (Prop_carry4_CI_CO[3])
                                                      0.089     4.839 r  u_clk/ns_minus_k[0]_inferred_i_3/CO[3]
                         net (fo=1, routed)           0.000     4.839    u_clk/ns_minus_k[0]_inferred_i_3_n_0
    SLICE_X57Y39         CARRY4 (Prop_carry4_CI_CO[3])
                                                      0.089     4.928 r  u_clk/ns_minus_k[0]_inferred_i_2/CO[3]
                         net (fo=1, routed)           0.000     4.928    u_regs/pps_reg[0]
    SLICE_X57Y40         CARRY4 (Prop_carry4_CI_O[1])
                                                      0.230     5.158 r  u_regs/ns_minus_k[0]_inferred_i_1/O[1]
                         net (fo=2, routed)           0.411     5.569    u_clk/ns_minus_k[0]_3[33]
    SLICE_X55Y40         LUT3 (Prop_lut3_I2_O)        0.225     5.794 r  u_clk/time_sec[47]_i_4/O
                         net (fo=80, routed)          0.868     6.662    u_clk/time_sec[47]_i_4_n_0
    SLICE_X52Y32         LUT5 (Prop_lut5_I3_O)        0.097     6.759 r  u_clk/time_ns[11]_i_1/O
                         net (fo=1, routed)           0.000     6.759    u_clk/time_ns[11]_i_1_n_0
    SLICE_X52Y32         FDRE                                         r  u_clk/time_ns_reg[11]/D
  -------------------------------------------------------------------    -------------------

                         (clock net_clk rise edge)    6.400     6.400 r  
                                                      0.000     6.400 r  net_clk (IN)
                         net (fo=1291, unset)         0.669     7.069    u_clk/net_clk
    SLICE_X52Y32         FDRE                                         r  u_clk/time_ns_reg[11]/C
                         clock pessimism              0.000     7.069    
                         clock uncertainty           -0.035     7.033    
    SLICE_X52Y32         FDRE (Setup_fdre_C_D)        0.032     7.065    u_clk/time_ns_reg[11]
  -------------------------------------------------------------------
                         required time                          7.065    
                         arrival time                          -6.759    
  -------------------------------------------------------------------
                         slack                                  0.306    

Slack (MET) :             0.309ns  (required time - arrival time)
  Source:                 u_hist/bin_mem_reg/CLKARDCLK
                            (rising edge-triggered cell RAMB18E1 clocked by net_clk  {rise@0.000ns fall@3.200ns period=6.400ns})
  Destination:            u_hist/bin_mem_reg/DIADI[11]
                            (rising edge-triggered cell RAMB18E1 clocked by net_clk  {rise@0.000ns fall@3.200ns period=6.400ns})
  Path Group:             net_clk
  Path Type:              Setup (Max at Slow Process Corner)
  Requirement:            6.400ns  (net_clk rise@6.400ns - net_clk rise@0.000ns)
  Data Path Delay:        5.682ns  (logic 3.120ns (54.911%)  route 2.562ns (45.089%))
  Logic Levels:           7  (CARRY4=3 LUT2=1 LUT3=1 LUT5=1 LUT6=1)
  Clock Path Skew:        -0.035ns (DCD - SCD + CPR)
    Destination Clock Delay (DCD):    0.669ns = ( 7.069 - 6.400 ) 
    Source Clock Delay      (SCD):    0.704ns
    Clock Pessimism Removal (CPR):    0.000ns
  Clock Uncertainty:      0.035ns  ((TSJ^2 + TIJ^2)^1/2 + DJ) / 2 + PE
    Total System Jitter     (TSJ):    0.071ns
    Total Input Jitter      (TIJ):    0.000ns
    Discrete Jitter          (DJ):    0.000ns
    Phase Error              (PE):    0.000ns

    Location             Delay type                Incr(ns)  Path(ns)    Netlist Resource(s)
  -------------------------------------------------------------------    -------------------
                         (clock net_clk rise edge)    0.000     0.000 r  
                                                      0.000     0.000 r  net_clk (IN)
                         net (fo=1291, unset)         0.704     0.704    u_hist/net_clk
    RAMB18_X1Y10         RAMB18E1                                     r  u_hist/bin_mem_reg/CLKARDCLK
  -------------------------------------------------------------------    -------------------
    RAMB18_X1Y10         RAMB18E1 (Prop_ramb18e1_CLKARDCLK_DOADO[10])
                                                      1.846     2.550 f  u_hist/bin_mem_reg/DOADO[10]
                         net (fo=3, routed)           0.604     3.154    u_hist/ra_data[10]
    SLICE_X22Y24         LUT3 (Prop_lut3_I0_O)        0.097     3.251 r  u_hist/last_data[3]_i_13/O
                         net (fo=1, routed)           0.701     3.952    u_hist/last_data[3]_i_13_n_0
    SLICE_X22Y21         LUT5 (Prop_lut5_I0_O)        0.097     4.049 r  u_hist/last_data[3]_i_8/O
                         net (fo=1, routed)           0.485     4.534    u_hist/last_data[3]_i_8_n_0
    SLICE_X23Y21         LUT6 (Prop_lut6_I1_O)        0.097     4.631 r  u_hist/last_data[3]_i_6/O
                         net (fo=1, routed)           0.000     4.631    u_hist/last_data[3]_i_6_n_0
    SLICE_X23Y21         CARRY4 (Prop_carry4_S[0]_CO[3])
                                                      0.395     5.026 r  u_hist/last_data_reg[3]_i_1/CO[3]
                         net (fo=1, routed)           0.000     5.026    u_hist/last_data_reg[3]_i_1_n_0
    SLICE_X23Y22         CARRY4 (Prop_carry4_CI_CO[3])
                                                      0.089     5.115 r  u_hist/last_data_reg[7]_i_1/CO[3]
                         net (fo=1, routed)           0.000     5.115    u_hist/last_data_reg[7]_i_1_n_0
    SLICE_X23Y23         CARRY4 (Prop_carry4_CI_O[3])
                                                      0.248     5.363 r  u_hist/last_data_reg[11]_i_1/O[3]
                         net (fo=2, routed)           0.432     5.795    u_hist/new_val[11]
    SLICE_X22Y23         LUT2 (Prop_lut2_I0_O)        0.251     6.046 r  u_hist/bin_mem_reg_i_19/O
                         net (fo=1, routed)           0.340     6.386    u_hist/wdata[11]
    RAMB18_X1Y10         RAMB18E1                                     r  u_hist/bin_mem_reg/DIADI[11]
  -------------------------------------------------------------------    -------------------

                         (clock net_clk rise edge)    6.400     6.400 r  
                                                      0.000     6.400 r  net_clk (IN)
                         net (fo=1291, unset)         0.669     7.069    u_hist/net_clk
    RAMB18_X1Y10         RAMB18E1                                     r  u_hist/bin_mem_reg/CLKBWRCLK
                         clock pessimism              0.000     7.069    
                         clock uncertainty           -0.035     7.033    
    RAMB18_X1Y10         RAMB18E1 (Setup_ramb18e1_CLKBWRCLK_DIADI[11])
                                                     -0.339     6.694    u_hist/bin_mem_reg
  -------------------------------------------------------------------
                         required time                          6.694    
                         arrival time                          -6.386    
  -------------------------------------------------------------------
                         slack                                  0.309    

Slack (MET) :             0.310ns  (required time - arrival time)
  Source:                 u_hist/bin_mem_reg/CLKARDCLK
                            (rising edge-triggered cell RAMB18E1 clocked by net_clk  {rise@0.000ns fall@3.200ns period=6.400ns})
  Destination:            u_hist/bin_mem_reg/DIBDI[13]
                            (rising edge-triggered cell RAMB18E1 clocked by net_clk  {rise@0.000ns fall@3.200ns period=6.400ns})
  Path Group:             net_clk
  Path Type:              Setup (Max at Slow Process Corner)
  Requirement:            6.400ns  (net_clk rise@6.400ns - net_clk rise@0.000ns)
  Data Path Delay:        5.822ns  (logic 3.531ns (60.645%)  route 2.291ns (39.355%))
  Logic Levels:           12  (CARRY4=8 LUT2=1 LUT3=1 LUT5=1 LUT6=1)
  Clock Path Skew:        -0.035ns (DCD - SCD + CPR)
    Destination Clock Delay (DCD):    0.669ns = ( 7.069 - 6.400 ) 
    Source Clock Delay      (SCD):    0.704ns
    Clock Pessimism Removal (CPR):    0.000ns
  Clock Uncertainty:      0.035ns  ((TSJ^2 + TIJ^2)^1/2 + DJ) / 2 + PE
    Total System Jitter     (TSJ):    0.071ns
    Total Input Jitter      (TIJ):    0.000ns
    Discrete Jitter          (DJ):    0.000ns
    Phase Error              (PE):    0.000ns

    Location             Delay type                Incr(ns)  Path(ns)    Netlist Resource(s)
  -------------------------------------------------------------------    -------------------
                         (clock net_clk rise edge)    0.000     0.000 r  
                                                      0.000     0.000 r  net_clk (IN)
                         net (fo=1291, unset)         0.704     0.704    u_hist/net_clk
    RAMB18_X1Y10         RAMB18E1                                     r  u_hist/bin_mem_reg/CLKARDCLK
  -------------------------------------------------------------------    -------------------
    RAMB18_X1Y10         RAMB18E1 (Prop_ramb18e1_CLKARDCLK_DOADO[10])
                                                      1.846     2.550 f  u_hist/bin_mem_reg/DOADO[10]
                         net (fo=3, routed)           0.604     3.154    u_hist/ra_data[10]
    SLICE_X22Y24         LUT3 (Prop_lut3_I0_O)        0.097     3.251 r  u_hist/last_data[3]_i_13/O
                         net (fo=1, routed)           0.701     3.952    u_hist/last_data[3]_i_13_n_0
    SLICE_X22Y21         LUT5 (Prop_lut5_I0_O)        0.097     4.049 r  u_hist/last_data[3]_i_8/O
                         net (fo=1, routed)           0.485     4.534    u_hist/last_data[3]_i_8_n_0
    SLICE_X23Y21         LUT6 (Prop_lut6_I1_O)        0.097     4.631 r  u_hist/last_data[3]_i_6/O
                         net (fo=1, routed)           0.000     4.631    u_hist/last_data[3]_i_6_n_0
    SLICE_X23Y21         CARRY4 (Prop_carry4_S[0]_CO[3])
                                                      0.395     5.026 r  u_hist/last_data_reg[3]_i_1/CO[3]
                         net (fo=1, routed)           0.000     5.026    u_hist/last_data_reg[3]_i_1_n_0
    SLICE_X23Y22         CARRY4 (Prop_carry4_CI_CO[3])
                                                      0.089     5.115 r  u_hist/last_data_reg[7]_i_1/CO[3]
                         net (fo=1, routed)           0.000     5.115    u_hist/last_data_reg[7]_i_1_n_0
    SLICE_X23Y23         CARRY4 (Prop_carry4_CI_CO[3])
                                                      0.089     5.204 r  u_hist/last_data_reg[11]_i_1/CO[3]
                         net (fo=1, routed)           0.000     5.204    u_hist/last_data_reg[11]_i_1_n_0
    SLICE_X23Y24         CARRY4 (Prop_carry4_CI_CO[3])
                                                      0.089     5.293 r  u_hist/last_data_reg[15]_i_1/CO[3]
                         net (fo=1, routed)           0.007     5.300    u_hist/last_data_reg[15]_i_1_n_0
    SLICE_X23Y25         CARRY4 (Prop_carry4_CI_CO[3])
                                                      0.089     5.389 r  u_hist/last_data_reg[19]_i_1/CO[3]
                         net (fo=1, routed)           0.000     5.389    u_hist/last_data_reg[19]_i_1_n_0
    SLICE_X23Y26         CARRY4 (Prop_carry4_CI_CO[3])
                                                      0.089     5.478 r  u_hist/last_data_reg[23]_i_1/CO[3]
                         net (fo=1, routed)           0.000     5.478    u_hist/last_data_reg[23]_i_1_n_0
    SLICE_X23Y27         CARRY4 (Prop_carry4_CI_CO[3])
                                                      0.089     5.567 r  u_hist/last_data_reg[27]_i_1/CO[3]
                         net (fo=1, routed)           0.000     5.567    u_hist/last_data_reg[27]_i_1_n_0
    SLICE_X23Y28         CARRY4 (Prop_carry4_CI_O[1])
                                                      0.240     5.807 r  u_hist/last_data_reg[31]_i_2/O[1]
                         net (fo=2, routed)           0.288     6.095    u_hist/new_val[29]
    SLICE_X22Y27         LUT2 (Prop_lut2_I0_O)        0.225     6.320 r  u_hist/bin_mem_reg_i_33/O
                         net (fo=1, routed)           0.206     6.526    u_hist/wdata[29]
    RAMB18_X1Y10         RAMB18E1                                     r  u_hist/bin_mem_reg/DIBDI[13]
  -------------------------------------------------------------------    -------------------

                         (clock net_clk rise edge)    6.400     6.400 r  
                                                      0.000     6.400 r  net_clk (IN)
                         net (fo=1291, unset)         0.669     7.069    u_hist/net_clk
    RAMB18_X1Y10         RAMB18E1                                     r  u_hist/bin_mem_reg/CLKBWRCLK
                         clock pessimism              0.000     7.069    
                         clock uncertainty           -0.035     7.033    
    RAMB18_X1Y10         RAMB18E1 (Setup_ramb18e1_CLKBWRCLK_DIBDI[13])
                                                     -0.197     6.836    u_hist/bin_mem_reg
  -------------------------------------------------------------------
                         required time                          6.836    
                         arrival time                          -6.526    
  -------------------------------------------------------------------
                         slack                                  0.310    

Slack (MET) :             0.311ns  (required time - arrival time)
  Source:                 u_clk/time_ns_reg[6]/C
                            (rising edge-triggered cell FDRE clocked by net_clk  {rise@0.000ns fall@3.200ns period=6.400ns})
  Destination:            u_clk/time_sec_reg[10]/D
                            (rising edge-triggered cell FDRE clocked by net_clk  {rise@0.000ns fall@3.200ns period=6.400ns})
  Path Group:             net_clk
  Path Type:              Setup (Max at Slow Process Corner)
  Requirement:            6.400ns  (net_clk rise@6.400ns - net_clk rise@0.000ns)
  Data Path Delay:        6.049ns  (logic 2.819ns (46.607%)  route 3.230ns (53.393%))
  Logic Levels:           13  (CARRY4=9 LUT3=1 LUT4=1 LUT5=2)
  Clock Path Skew:        -0.035ns (DCD - SCD + CPR)
    Destination Clock Delay (DCD):    0.669ns = ( 7.069 - 6.400 ) 
    Source Clock Delay      (SCD):    0.704ns
    Clock Pessimism Removal (CPR):    0.000ns
  Clock Uncertainty:      0.035ns  ((TSJ^2 + TIJ^2)^1/2 + DJ) / 2 + PE
    Total System Jitter     (TSJ):    0.071ns
    Total Input Jitter      (TIJ):    0.000ns
    Discrete Jitter          (DJ):    0.000ns
    Phase Error              (PE):    0.000ns

    Location             Delay type                Incr(ns)  Path(ns)    Netlist Resource(s)
  -------------------------------------------------------------------    -------------------
                         (clock net_clk rise edge)    0.000     0.000 r  
                                                      0.000     0.000 r  net_clk (IN)
                         net (fo=1291, unset)         0.704     0.704    u_clk/net_clk
    SLICE_X52Y32         FDRE                                         r  u_clk/time_ns_reg[6]/C
  -------------------------------------------------------------------    -------------------
    SLICE_X52Y32         FDRE (Prop_fdre_C_Q)         0.341     1.045 r  u_clk/time_ns_reg[6]/Q
                         net (fo=5, routed)           0.714     1.759    u_clk/time_ns_reg[31]_0[6]
    SLICE_X50Y32         LUT4 (Prop_lut4_I1_O)        0.101     1.860 r  u_clk/ns_base__1_carry__0_i_1/O
                         net (fo=2, routed)           0.520     2.380    u_clk/ns_base__1_carry__0_i_1_n_0
    SLICE_X50Y32         LUT5 (Prop_lut5_I0_O)        0.239     2.619 r  u_clk/ns_base__1_carry__0_i_5/O
                         net (fo=1, routed)           0.000     2.619    u_clk/ns_base__1_carry__0_i_5_n_0
    SLICE_X50Y32         CARRY4 (Prop_carry4_S[3]_CO[3])
                                                      0.284     2.903 r  u_clk/ns_base__1_carry__0/CO[3]
                         net (fo=1, routed)           0.000     2.903    u_clk/ns_base__1_carry__0_n_0
    SLICE_X50Y33         CARRY4 (Prop_carry4_CI_CO[3])
                                                      0.092     2.995 r  u_clk/ns_base__1_carry__1/CO[3]
                         net (fo=1, routed)           0.000     2.995    u_clk/ns_base__1_carry__1_n_0
    SLICE_X50Y34         CARRY4 (Prop_carry4_CI_CO[3])
                                                      0.092     3.087 r  u_clk/ns_base__1_carry__2/CO[3]
                         net (fo=1, routed)           0.000     3.087    u_clk/ns_base__1_carry__2_n_0
    SLICE_X50Y35         CARRY4 (Prop_carry4_CI_O[1])
                                                      0.223     3.310 r  u_clk/ns_base__1_carry__3/O[1]
                         net (fo=8, routed)           0.723     4.033    u_clk/ns_sum_k[0]_1[17]
    SLICE_X57Y36         CARRY4 (Prop_carry4_S[1]_CO[3])
                                                      0.628     4.661 r  u_clk/ns_minus_k[0]_inferred_i_5/CO[3]
                         net (fo=1, routed)           0.000     4.661    u_clk/ns_minus_k[0]_inferred_i_5_n_0
    SLICE_X57Y37         CARRY4 (Prop_carry4_CI_CO[3])
                                                      0.089     4.750 r  u_clk/ns_minus_k[0]_inferred_i_4/CO[3]
                         net (fo=1, routed)           0.000     4.750    u_clk/ns_minus_k[0]_inferred_i_4_n_0
    SLICE_X57Y38         CARRY4 (Prop_carry4_CI_CO[3])
                                                      0.089     4.839 r  u_clk/ns_minus_k[0]_inferred_i_3/CO[3]
                         net (fo=1, routed)           0.000     4.839    u_clk/ns_minus_k[0]_inferred_i_3_n_0
    SLICE_X57Y39         CARRY4 (Prop_carry4_CI_CO[3])
                                                      0.089     4.928 r  u_clk/ns_minus_k[0]_inferred_i_2/CO[3]
                         net (fo=1, routed)           0.000     4.928    u_regs/pps_reg[0]
    SLICE_X57Y40         CARRY4 (Prop_carry4_CI_O[1])
                                                      0.230     5.158 r  u_regs/ns_minus_k[0]_inferred_i_1/O[1]
                         net (fo=2, routed)           0.411     5.569    u_clk/ns_minus_k[0]_3[33]
    SLICE_X55Y40         LUT3 (Prop_lut3_I2_O)        0.225     5.794 r  u_clk/time_sec[47]_i_4/O
                         net (fo=80, routed)          0.861     6.656    u_clk/time_sec[47]_i_4_n_0
    SLICE_X40Y34         LUT5 (Prop_lut5_I3_O)        0.097     6.753 r  u_clk/time_sec[10]_i_1/O
                         net (fo=1, routed)           0.000     6.753    u_clk/time_sec[10]_i_1_n_0
    SLICE_X40Y34         FDRE                                         r  u_clk/time_sec_reg[10]/D
  -------------------------------------------------------------------    -------------------

                         (clock net_clk rise edge)    6.400     6.400 r  
                                                      0.000     6.400 r  net_clk (IN)
                         net (fo=1291, unset)         0.669     7.069    u_clk/net_clk
    SLICE_X40Y34         FDRE                                         r  u_clk/time_sec_reg[10]/C
                         clock pessimism              0.000     7.069    
                         clock uncertainty           -0.035     7.033    
    SLICE_X40Y34         FDRE (Setup_fdre_C_D)        0.030     7.063    u_clk/time_sec_reg[10]
  -------------------------------------------------------------------
                         required time                          7.063    
                         arrival time                          -6.753    
  -------------------------------------------------------------------
                         slack                                  0.311    

Slack (MET) :             0.313ns  (required time - arrival time)
  Source:                 u_clk/time_ns_reg[6]/C
                            (rising edge-triggered cell FDRE clocked by net_clk  {rise@0.000ns fall@3.200ns period=6.400ns})
  Destination:            u_clk/time_sec_reg[11]/D
                            (rising edge-triggered cell FDRE clocked by net_clk  {rise@0.000ns fall@3.200ns period=6.400ns})
  Path Group:             net_clk
  Path Type:              Setup (Max at Slow Process Corner)
  Requirement:            6.400ns  (net_clk rise@6.400ns - net_clk rise@0.000ns)
  Data Path Delay:        6.048ns  (logic 2.819ns (46.609%)  route 3.229ns (53.391%))
  Logic Levels:           13  (CARRY4=9 LUT3=1 LUT4=1 LUT5=2)
  Clock Path Skew:        -0.035ns (DCD - SCD + CPR)
    Destination Clock Delay (DCD):    0.669ns = ( 7.069 - 6.400 ) 
    Source Clock Delay      (SCD):    0.704ns
    Clock Pessimism Removal (CPR):    0.000ns
  Clock Uncertainty:      0.035ns  ((TSJ^2 + TIJ^2)^1/2 + DJ) / 2 + PE
    Total System Jitter     (TSJ):    0.071ns
    Total Input Jitter      (TIJ):    0.000ns
    Discrete Jitter          (DJ):    0.000ns
    Phase Error              (PE):    0.000ns

    Location             Delay type                Incr(ns)  Path(ns)    Netlist Resource(s)
  -------------------------------------------------------------------    -------------------
                         (clock net_clk rise edge)    0.000     0.000 r  
                                                      0.000     0.000 r  net_clk (IN)
                         net (fo=1291, unset)         0.704     0.704    u_clk/net_clk
    SLICE_X52Y32         FDRE                                         r  u_clk/time_ns_reg[6]/C
  -------------------------------------------------------------------    -------------------
    SLICE_X52Y32         FDRE (Prop_fdre_C_Q)         0.341     1.045 r  u_clk/time_ns_reg[6]/Q
                         net (fo=5, routed)           0.714     1.759    u_clk/time_ns_reg[31]_0[6]
    SLICE_X50Y32         LUT4 (Prop_lut4_I1_O)        0.101     1.860 r  u_clk/ns_base__1_carry__0_i_1/O
                         net (fo=2, routed)           0.520     2.380    u_clk/ns_base__1_carry__0_i_1_n_0
    SLICE_X50Y32         LUT5 (Prop_lut5_I0_O)        0.239     2.619 r  u_clk/ns_base__1_carry__0_i_5/O
                         net (fo=1, routed)           0.000     2.619    u_clk/ns_base__1_carry__0_i_5_n_0
    SLICE_X50Y32         CARRY4 (Prop_carry4_S[3]_CO[3])
                                                      0.284     2.903 r  u_clk/ns_base__1_carry__0/CO[3]
                         net (fo=1, routed)           0.000     2.903    u_clk/ns_base__1_carry__0_n_0
    SLICE_X50Y33         CARRY4 (Prop_carry4_CI_CO[3])
                                                      0.092     2.995 r  u_clk/ns_base__1_carry__1/CO[3]
                         net (fo=1, routed)           0.000     2.995    u_clk/ns_base__1_carry__1_n_0
    SLICE_X50Y34         CARRY4 (Prop_carry4_CI_CO[3])
                                                      0.092     3.087 r  u_clk/ns_base__1_carry__2/CO[3]
                         net (fo=1, routed)           0.000     3.087    u_clk/ns_base__1_carry__2_n_0
    SLICE_X50Y35         CARRY4 (Prop_carry4_CI_O[1])
                                                      0.223     3.310 r  u_clk/ns_base__1_carry__3/O[1]
                         net (fo=8, routed)           0.723     4.033    u_clk/ns_sum_k[0]_1[17]
    SLICE_X57Y36         CARRY4 (Prop_carry4_S[1]_CO[3])
                                                      0.628     4.661 r  u_clk/ns_minus_k[0]_inferred_i_5/CO[3]
                         net (fo=1, routed)           0.000     4.661    u_clk/ns_minus_k[0]_inferred_i_5_n_0
    SLICE_X57Y37         CARRY4 (Prop_carry4_CI_CO[3])
                                                      0.089     4.750 r  u_clk/ns_minus_k[0]_inferred_i_4/CO[3]
                         net (fo=1, routed)           0.000     4.750    u_clk/ns_minus_k[0]_inferred_i_4_n_0
    SLICE_X57Y38         CARRY4 (Prop_carry4_CI_CO[3])
                                                      0.089     4.839 r  u_clk/ns_minus_k[0]_inferred_i_3/CO[3]
                         net (fo=1, routed)           0.000     4.839    u_clk/ns_minus_k[0]_inferred_i_3_n_0
    SLICE_X57Y39         CARRY4 (Prop_carry4_CI_CO[3])
                                                      0.089     4.928 r  u_clk/ns_minus_k[0]_inferred_i_2/CO[3]
                         net (fo=1, routed)           0.000     4.928    u_regs/pps_reg[0]
    SLICE_X57Y40         CARRY4 (Prop_carry4_CI_O[1])
                                                      0.230     5.158 r  u_regs/ns_minus_k[0]_inferred_i_1/O[1]
                         net (fo=2, routed)           0.411     5.569    u_clk/ns_minus_k[0]_3[33]
    SLICE_X55Y40         LUT3 (Prop_lut3_I2_O)        0.225     5.794 r  u_clk/time_sec[47]_i_4/O
                         net (fo=80, routed)          0.861     6.655    u_clk/time_sec[47]_i_4_n_0
    SLICE_X40Y34         LUT5 (Prop_lut5_I3_O)        0.097     6.752 r  u_clk/time_sec[11]_i_1/O
                         net (fo=1, routed)           0.000     6.752    u_clk/time_sec[11]_i_1_n_0
    SLICE_X40Y34         FDRE                                         r  u_clk/time_sec_reg[11]/D
  -------------------------------------------------------------------    -------------------

                         (clock net_clk rise edge)    6.400     6.400 r  
                                                      0.000     6.400 r  net_clk (IN)
                         net (fo=1291, unset)         0.669     7.069    u_clk/net_clk
    SLICE_X40Y34         FDRE                                         r  u_clk/time_sec_reg[11]/C
                         clock pessimism              0.000     7.069    
                         clock uncertainty           -0.035     7.033    
    SLICE_X40Y34         FDRE (Setup_fdre_C_D)        0.032     7.065    u_clk/time_sec_reg[11]
  -------------------------------------------------------------------
                         required time                          7.065    
                         arrival time                          -6.752    
  -------------------------------------------------------------------
                         slack                                  0.313    

Slack (MET) :             0.314ns  (required time - arrival time)
  Source:                 u_clk/time_ns_reg[6]/C
                            (rising edge-triggered cell FDRE clocked by net_clk  {rise@0.000ns fall@3.200ns period=6.400ns})
  Destination:            u_clk/time_sec_reg[12]/D
                            (rising edge-triggered cell FDRE clocked by net_clk  {rise@0.000ns fall@3.200ns period=6.400ns})
  Path Group:             net_clk
  Path Type:              Setup (Max at Slow Process Corner)
  Requirement:            6.400ns  (net_clk rise@6.400ns - net_clk rise@0.000ns)
  Data Path Delay:        6.047ns  (logic 2.819ns (46.617%)  route 3.228ns (53.383%))
  Logic Levels:           13  (CARRY4=9 LUT3=1 LUT4=1 LUT5=2)
  Clock Path Skew:        -0.035ns (DCD - SCD + CPR)
    Destination Clock Delay (DCD):    0.669ns = ( 7.069 - 6.400 ) 
    Source Clock Delay      (SCD):    0.704ns
    Clock Pessimism Removal (CPR):    0.000ns
  Clock Uncertainty:      0.035ns  ((TSJ^2 + TIJ^2)^1/2 + DJ) / 2 + PE
    Total System Jitter     (TSJ):    0.071ns
    Total Input Jitter      (TIJ):    0.000ns
    Discrete Jitter          (DJ):    0.000ns
    Phase Error              (PE):    0.000ns

    Location             Delay type                Incr(ns)  Path(ns)    Netlist Resource(s)
  -------------------------------------------------------------------    -------------------
                         (clock net_clk rise edge)    0.000     0.000 r  
                                                      0.000     0.000 r  net_clk (IN)
                         net (fo=1291, unset)         0.704     0.704    u_clk/net_clk
    SLICE_X52Y32         FDRE                                         r  u_clk/time_ns_reg[6]/C
  -------------------------------------------------------------------    -------------------
    SLICE_X52Y32         FDRE (Prop_fdre_C_Q)         0.341     1.045 r  u_clk/time_ns_reg[6]/Q
                         net (fo=5, routed)           0.714     1.759    u_clk/time_ns_reg[31]_0[6]
    SLICE_X50Y32         LUT4 (Prop_lut4_I1_O)        0.101     1.860 r  u_clk/ns_base__1_carry__0_i_1/O
                         net (fo=2, routed)           0.520     2.380    u_clk/ns_base__1_carry__0_i_1_n_0
    SLICE_X50Y32         LUT5 (Prop_lut5_I0_O)        0.239     2.619 r  u_clk/ns_base__1_carry__0_i_5/O
                         net (fo=1, routed)           0.000     2.619    u_clk/ns_base__1_carry__0_i_5_n_0
    SLICE_X50Y32         CARRY4 (Prop_carry4_S[3]_CO[3])
                                                      0.284     2.903 r  u_clk/ns_base__1_carry__0/CO[3]
                         net (fo=1, routed)           0.000     2.903    u_clk/ns_base__1_carry__0_n_0
    SLICE_X50Y33         CARRY4 (Prop_carry4_CI_CO[3])
                                                      0.092     2.995 r  u_clk/ns_base__1_carry__1/CO[3]
                         net (fo=1, routed)           0.000     2.995    u_clk/ns_base__1_carry__1_n_0
    SLICE_X50Y34         CARRY4 (Prop_carry4_CI_CO[3])
                                                      0.092     3.087 r  u_clk/ns_base__1_carry__2/CO[3]
                         net (fo=1, routed)           0.000     3.087    u_clk/ns_base__1_carry__2_n_0
    SLICE_X50Y35         CARRY4 (Prop_carry4_CI_O[1])
                                                      0.223     3.310 r  u_clk/ns_base__1_carry__3/O[1]
                         net (fo=8, routed)           0.723     4.033    u_clk/ns_sum_k[0]_1[17]
    SLICE_X57Y36         CARRY4 (Prop_carry4_S[1]_CO[3])
                                                      0.628     4.661 r  u_clk/ns_minus_k[0]_inferred_i_5/CO[3]
                         net (fo=1, routed)           0.000     4.661    u_clk/ns_minus_k[0]_inferred_i_5_n_0
    SLICE_X57Y37         CARRY4 (Prop_carry4_CI_CO[3])
                                                      0.089     4.750 r  u_clk/ns_minus_k[0]_inferred_i_4/CO[3]
                         net (fo=1, routed)           0.000     4.750    u_clk/ns_minus_k[0]_inferred_i_4_n_0
    SLICE_X57Y38         CARRY4 (Prop_carry4_CI_CO[3])
                                                      0.089     4.839 r  u_clk/ns_minus_k[0]_inferred_i_3/CO[3]
                         net (fo=1, routed)           0.000     4.839    u_clk/ns_minus_k[0]_inferred_i_3_n_0
    SLICE_X57Y39         CARRY4 (Prop_carry4_CI_CO[3])
                                                      0.089     4.928 r  u_clk/ns_minus_k[0]_inferred_i_2/CO[3]
                         net (fo=1, routed)           0.000     4.928    u_regs/pps_reg[0]
    SLICE_X57Y40         CARRY4 (Prop_carry4_CI_O[1])
                                                      0.230     5.158 r  u_regs/ns_minus_k[0]_inferred_i_1/O[1]
                         net (fo=2, routed)           0.411     5.569    u_clk/ns_minus_k[0]_3[33]
    SLICE_X55Y40         LUT3 (Prop_lut3_I2_O)        0.225     5.794 r  u_clk/time_sec[47]_i_4/O
                         net (fo=80, routed)          0.860     6.654    u_clk/time_sec[47]_i_4_n_0
    SLICE_X40Y34         LUT5 (Prop_lut5_I3_O)        0.097     6.751 r  u_clk/time_sec[12]_i_1/O
                         net (fo=1, routed)           0.000     6.751    u_clk/time_sec[12]_i_1_n_0
    SLICE_X40Y34         FDRE                                         r  u_clk/time_sec_reg[12]/D
  -------------------------------------------------------------------    -------------------

                         (clock net_clk rise edge)    6.400     6.400 r  
                                                      0.000     6.400 r  net_clk (IN)
                         net (fo=1291, unset)         0.669     7.069    u_clk/net_clk
    SLICE_X40Y34         FDRE                                         r  u_clk/time_sec_reg[12]/C
                         clock pessimism              0.000     7.069    
                         clock uncertainty           -0.035     7.033    
    SLICE_X40Y34         FDRE (Setup_fdre_C_D)        0.032     7.065    u_clk/time_sec_reg[12]
  -------------------------------------------------------------------
                         required time                          7.065    
                         arrival time                          -6.751    
  -------------------------------------------------------------------
                         slack                                  0.314    

Slack (MET) :             0.315ns  (required time - arrival time)
  Source:                 u_clk/time_ns_reg[6]/C
                            (rising edge-triggered cell FDRE clocked by net_clk  {rise@0.000ns fall@3.200ns period=6.400ns})
  Destination:            u_clk/time_ns_reg[7]/D
                            (rising edge-triggered cell FDRE clocked by net_clk  {rise@0.000ns fall@3.200ns period=6.400ns})
  Path Group:             net_clk
  Path Type:              Setup (Max at Slow Process Corner)
  Requirement:            6.400ns  (net_clk rise@6.400ns - net_clk rise@0.000ns)
  Data Path Delay:        6.044ns  (logic 2.756ns (45.597%)  route 3.288ns (54.403%))
  Logic Levels:           14  (CARRY4=9 LUT3=1 LUT4=1 LUT5=2 LUT6=1)
  Clock Path Skew:        -0.035ns (DCD - SCD + CPR)
    Destination Clock Delay (DCD):    0.669ns = ( 7.069 - 6.400 ) 
    Source Clock Delay      (SCD):    0.704ns
    Clock Pessimism Removal (CPR):    0.000ns
  Clock Uncertainty:      0.035ns  ((TSJ^2 + TIJ^2)^1/2 + DJ) / 2 + PE
    Total System Jitter     (TSJ):    0.071ns
    Total Input Jitter      (TIJ):    0.000ns
    Discrete Jitter          (DJ):    0.000ns
    Phase Error              (PE):    0.000ns

    Location             Delay type                Incr(ns)  Path(ns)    Netlist Resource(s)
  -------------------------------------------------------------------    -------------------
                         (clock net_clk rise edge)    0.000     0.000 r  
                                                      0.000     0.000 r  net_clk (IN)
                         net (fo=1291, unset)         0.704     0.704    u_clk/net_clk
    SLICE_X52Y32         FDRE                                         r  u_clk/time_ns_reg[6]/C
  -------------------------------------------------------------------    -------------------
    SLICE_X52Y32         FDRE (Prop_fdre_C_Q)         0.341     1.045 r  u_clk/time_ns_reg[6]/Q
                         net (fo=5, routed)           0.714     1.759    u_clk/time_ns_reg[31]_0[6]
    SLICE_X50Y32         LUT4 (Prop_lut4_I1_O)        0.101     1.860 r  u_clk/ns_base__1_carry__0_i_1/O
                         net (fo=2, routed)           0.520     2.380    u_clk/ns_base__1_carry__0_i_1_n_0
    SLICE_X50Y32         LUT5 (Prop_lut5_I0_O)        0.239     2.619 r  u_clk/ns_base__1_carry__0_i_5/O
                         net (fo=1, routed)           0.000     2.619    u_clk/ns_base__1_carry__0_i_5_n_0
    SLICE_X50Y32         CARRY4 (Prop_carry4_S[3]_CO[3])
                                                      0.284     2.903 r  u_clk/ns_base__1_carry__0/CO[3]
                         net (fo=1, routed)           0.000     2.903    u_clk/ns_base__1_carry__0_n_0
    SLICE_X50Y33         CARRY4 (Prop_carry4_CI_CO[3])
                                                      0.092     2.995 r  u_clk/ns_base__1_carry__1/CO[3]
                         net (fo=1, routed)           0.000     2.995    u_clk/ns_base__1_carry__1_n_0
    SLICE_X50Y34         CARRY4 (Prop_carry4_CI_CO[3])
                                                      0.092     3.087 r  u_clk/ns_base__1_carry__2/CO[3]
                         net (fo=1, routed)           0.000     3.087    u_clk/ns_base__1_carry__2_n_0
    SLICE_X50Y35         CARRY4 (Prop_carry4_CI_CO[3])
                                                      0.092     3.179 r  u_clk/ns_base__1_carry__3/CO[3]
                         net (fo=1, routed)           0.000     3.179    u_clk/ns_base__1_carry__3_n_0
    SLICE_X50Y36         CARRY4 (Prop_carry4_CI_O[3])
                                                      0.237     3.416 r  u_clk/ns_base__1_carry__4/O[3]
                         net (fo=8, routed)           0.492     3.908    u_clk/ns_sum_k[0]_1[23]
    SLICE_X51Y36         CARRY4 (Prop_carry4_S[2]_CO[3])
                                                      0.523     4.431 r  u_clk/ns_sum_k[1]_inferred_i_4/CO[3]
                         net (fo=1, routed)           0.000     4.431    u_clk/ns_sum_k[1]_inferred_i_4_n_0
    SLICE_X51Y37         CARRY4 (Prop_carry4_CI_CO[3])
                                                      0.089     4.520 r  u_clk/ns_sum_k[1]_inferred_i_3/CO[3]
                         net (fo=1, routed)           0.000     4.520    u_clk/ns_sum_k[1]_inferred_i_3_n_0
    SLICE_X51Y38         CARRY4 (Prop_carry4_CI_CO[3])
                                                      0.089     4.609 r  u_clk/ns_sum_k[1]_inferred_i_2/CO[3]
                         net (fo=1, routed)           0.000     4.609    u_clk/ns_sum_k[1]_inferred_i_2_n_0
    SLICE_X51Y39         CARRY4 (Prop_carry4_CI_O[0])
                                                      0.159     4.768 r  u_clk/ns_sum_k[1]_inferred_i_1/O[0]
                         net (fo=49, routed)          0.594     5.362    u_clk/ns_sum_k[1]_0[33]
    SLICE_X49Y38         LUT3 (Prop_lut3_I0_O)        0.224     5.586 r  u_clk/time_ns[31]_i_4/O
                         net (fo=32, routed)          0.507     6.093    u_clk/time_ns[31]_i_4_n_0
    SLICE_X49Y33         LUT6 (Prop_lut6_I2_O)        0.097     6.190 r  u_clk/time_ns[7]_i_2/O
                         net (fo=1, routed)           0.461     6.651    u_clk/time_ns[7]_i_2_n_0
    SLICE_X55Y33         LUT5 (Prop_lut5_I2_O)        0.097     6.748 r  u_clk/time_ns[7]_i_1/O
                         net (fo=1, routed)           0.000     6.748    u_clk/time_ns[7]_i_1_n_0
    SLICE_X55Y33         FDRE                                         r  u_clk/time_ns_reg[7]/D
  -------------------------------------------------------------------    -------------------

                         (clock net_clk rise edge)    6.400     6.400 r  
                                                      0.000     6.400 r  net_clk (IN)
                         net (fo=1291, unset)         0.669     7.069    u_clk/net_clk
    SLICE_X55Y33         FDRE                                         r  u_clk/time_ns_reg[7]/C
                         clock pessimism              0.000     7.069    
                         clock uncertainty           -0.035     7.033    
    SLICE_X55Y33         FDRE (Setup_fdre_C_D)        0.030     7.063    u_clk/time_ns_reg[7]
  -------------------------------------------------------------------
                         required time                          7.063    
                         arrival time                          -6.748    
  -------------------------------------------------------------------
                         slack                                  0.315    

Slack (MET) :             0.317ns  (required time - arrival time)
  Source:                 u_hist/bin_mem_reg/CLKARDCLK
                            (rising edge-triggered cell RAMB18E1 clocked by net_clk  {rise@0.000ns fall@3.200ns period=6.400ns})
  Destination:            u_hist/bin_mem_reg/DIBDI[0]
                            (rising edge-triggered cell RAMB18E1 clocked by net_clk  {rise@0.000ns fall@3.200ns period=6.400ns})
  Path Group:             net_clk
  Path Type:              Setup (Max at Slow Process Corner)
  Requirement:            6.400ns  (net_clk rise@6.400ns - net_clk rise@0.000ns)
  Data Path Delay:        5.662ns  (logic 3.209ns (56.675%)  route 2.453ns (43.325%))
  Logic Levels:           9  (CARRY4=5 LUT2=1 LUT3=1 LUT5=1 LUT6=1)
  Clock Path Skew:        -0.035ns (DCD - SCD + CPR)
    Destination Clock Delay (DCD):    0.669ns = ( 7.069 - 6.400 ) 
    Source Clock Delay      (SCD):    0.704ns
    Clock Pessimism Removal (CPR):    0.000ns
  Clock Uncertainty:      0.035ns  ((TSJ^2 + TIJ^2)^1/2 + DJ) / 2 + PE
    Total System Jitter     (TSJ):    0.071ns
    Total Input Jitter      (TIJ):    0.000ns
    Discrete Jitter          (DJ):    0.000ns
    Phase Error              (PE):    0.000ns

    Location             Delay type                Incr(ns)  Path(ns)    Netlist Resource(s)
  -------------------------------------------------------------------    -------------------
                         (clock net_clk rise edge)    0.000     0.000 r  
                                                      0.000     0.000 r  net_clk (IN)
                         net (fo=1291, unset)         0.704     0.704    u_hist/net_clk
    RAMB18_X1Y10         RAMB18E1                                     r  u_hist/bin_mem_reg/CLKARDCLK
  -------------------------------------------------------------------    -------------------
    RAMB18_X1Y10         RAMB18E1 (Prop_ramb18e1_CLKARDCLK_DOADO[10])
                                                      1.846     2.550 f  u_hist/bin_mem_reg/DOADO[10]
                         net (fo=3, routed)           0.604     3.154    u_hist/ra_data[10]
    SLICE_X22Y24         LUT3 (Prop_lut3_I0_O)        0.097     3.251 r  u_hist/last_data[3]_i_13/O
                         net (fo=1, routed)           0.701     3.952    u_hist/last_data[3]_i_13_n_0
    SLICE_X22Y21         LUT5 (Prop_lut5_I0_O)        0.097     4.049 r  u_hist/last_data[3]_i_8/O
                         net (fo=1, routed)           0.485     4.534    u_hist/last_data[3]_i_8_n_0
    SLICE_X23Y21         LUT6 (Prop_lut6_I1_O)        0.097     4.631 r  u_hist/last_data[3]_i_6/O
                         net (fo=1, routed)           0.000     4.631    u_hist/last_data[3]_i_6_n_0
    SLICE_X23Y21         CARRY4 (Prop_carry4_S[0]_CO[3])
                                                      0.395     5.026 r  u_hist/last_data_reg[3]_i_1/CO[3]
                         net (fo=1, routed)           0.000     5.026    u_hist/last_data_reg[3]_i_1_n_0
    SLICE_X23Y22         CARRY4 (Prop_carry4_CI_CO[3])
                                                      0.089     5.115 r  u_hist/last_data_reg[7]_i_1/CO[3]
                         net (fo=1, routed)           0.000     5.115    u_hist/last_data_reg[7]_i_1_n_0
    SLICE_X23Y23         CARRY4 (Prop_carry4_CI_CO[3])
                                                      0.089     5.204 r  u_hist/last_data_reg[11]_i_1/CO[3]
                         net (fo=1, routed)           0.000     5.204    u_hist/last_data_reg[11]_i_1_n_0
    SLICE_X23Y24         CARRY4 (Prop_carry4_CI_CO[3])
                                                      0.089     5.293 r  u_hist/last_data_reg[15]_i_1/CO[3]
                         net (fo=1, routed)           0.007     5.300    u_hist/last_data_reg[15]_i_1_n_0
    SLICE_X23Y25         CARRY4 (Prop_carry4_CI_O[0])
                                                      0.170     5.470 r  u_hist/last_data_reg[19]_i_1/O[0]
                         net (fo=2, routed)           0.432     5.903    u_hist/new_val[16]
    SLICE_X22Y25         LUT2 (Prop_lut2_I0_O)        0.240     6.143 r  u_hist/bin_mem_reg_i_46/O
                         net (fo=1, routed)           0.223     6.366    u_hist/wdata[16]
    RAMB18_X1Y10         RAMB18E1                                     r  u_hist/bin_mem_reg/DIBDI[0]
  -------------------------------------------------------------------    -------------------

                         (clock net_clk rise edge)    6.400     6.400 r  
                                                      0.000     6.400 r  net_clk (IN)
                         net (fo=1291, unset)         0.669     7.069    u_hist/net_clk
    RAMB18_X1Y10         RAMB18E1                                     r  u_hist/bin_mem_reg/CLKBWRCLK
                         clock pessimism              0.000     7.069    
                         clock uncertainty           -0.035     7.033    
    RAMB18_X1Y10         RAMB18E1 (Setup_ramb18e1_CLKBWRCLK_DIBDI[0])
                                                     -0.350     6.683    u_hist/bin_mem_reg
  -------------------------------------------------------------------
                         required time                          6.683    
                         arrival time                          -6.366    
  -------------------------------------------------------------------
                         slack                                  0.317    

Slack (MET) :             0.319ns  (required time - arrival time)
  Source:                 u_clk/time_ns_reg[6]/C
                            (rising edge-triggered cell FDRE clocked by net_clk  {rise@0.000ns fall@3.200ns period=6.400ns})
  Destination:            u_clk/time_sec_reg[42]/D
                            (rising edge-triggered cell FDRE clocked by net_clk  {rise@0.000ns fall@3.200ns period=6.400ns})
  Path Group:             net_clk
  Path Type:              Setup (Max at Slow Process Corner)
  Requirement:            6.400ns  (net_clk rise@6.400ns - net_clk rise@0.000ns)
  Data Path Delay:        6.082ns  (logic 2.819ns (46.348%)  route 3.263ns (53.652%))
  Logic Levels:           13  (CARRY4=9 LUT3=1 LUT4=1 LUT5=2)
  Clock Path Skew:        -0.035ns (DCD - SCD + CPR)
    Destination Clock Delay (DCD):    0.669ns = ( 7.069 - 6.400 ) 
    Source Clock Delay      (SCD):    0.704ns
    Clock Pessimism Removal (CPR):    0.000ns
  Clock Uncertainty:      0.035ns  ((TSJ^2 + TIJ^2)^1/2 + DJ) / 2 + PE
    Total System Jitter     (TSJ):    0.071ns
    Total Input Jitter      (TIJ):    0.000ns
    Discrete Jitter          (DJ):    0.000ns
    Phase Error              (PE):    0.000ns

    Location             Delay type                Incr(ns)  Path(ns)    Netlist Resource(s)
  -------------------------------------------------------------------    -------------------
                         (clock net_clk rise edge)    0.000     0.000 r  
                                                      0.000     0.000 r  net_clk (IN)
                         net (fo=1291, unset)         0.704     0.704    u_clk/net_clk
    SLICE_X52Y32         FDRE                                         r  u_clk/time_ns_reg[6]/C
  -------------------------------------------------------------------    -------------------
    SLICE_X52Y32         FDRE (Prop_fdre_C_Q)         0.341     1.045 r  u_clk/time_ns_reg[6]/Q
                         net (fo=5, routed)           0.714     1.759    u_clk/time_ns_reg[31]_0[6]
    SLICE_X50Y32         LUT4 (Prop_lut4_I1_O)        0.101     1.860 r  u_clk/ns_base__1_carry__0_i_1/O
                         net (fo=2, routed)           0.520     2.380    u_clk/ns_base__1_carry__0_i_1_n_0
    SLICE_X50Y32         LUT5 (Prop_lut5_I0_O)        0.239     2.619 r  u_clk/ns_base__1_carry__0_i_5/O
                         net (fo=1, routed)           0.000     2.619    u_clk/ns_base__1_carry__0_i_5_n_0
    SLICE_X50Y32         CARRY4 (Prop_carry4_S[3]_CO[3])
                                                      0.284     2.903 r  u_clk/ns_base__1_carry__0/CO[3]
                         net (fo=1, routed)           0.000     2.903    u_clk/ns_base__1_carry__0_n_0
    SLICE_X50Y33         CARRY4 (Prop_carry4_CI_CO[3])
                                                      0.092     2.995 r  u_clk/ns_base__1_carry__1/CO[3]
                         net (fo=1, routed)           0.000     2.995    u_clk/ns_base__1_carry__1_n_0
    SLICE_X50Y34         CARRY4 (Prop_carry4_CI_CO[3])
                                                      0.092     3.087 r  u_clk/ns_base__1_carry__2/CO[3]
                         net (fo=1, routed)           0.000     3.087    u_clk/ns_base__1_carry__2_n_0
    SLICE_X50Y35         CARRY4 (Prop_carry4_CI_O[1])
                                                      0.223     3.310 r  u_clk/ns_base__1_carry__3/O[1]
                         net (fo=8, routed)           0.723     4.033    u_clk/ns_sum_k[0]_1[17]
    SLICE_X57Y36         CARRY4 (Prop_carry4_S[1]_CO[3])
                                                      0.628     4.661 r  u_clk/ns_minus_k[0]_inferred_i_5/CO[3]
                         net (fo=1, routed)           0.000     4.661    u_clk/ns_minus_k[0]_inferred_i_5_n_0
    SLICE_X57Y37         CARRY4 (Prop_carry4_CI_CO[3])
                                                      0.089     4.750 r  u_clk/ns_minus_k[0]_inferred_i_4/CO[3]
                         net (fo=1, routed)           0.000     4.750    u_clk/ns_minus_k[0]_inferred_i_4_n_0
    SLICE_X57Y38         CARRY4 (Prop_carry4_CI_CO[3])
                                                      0.089     4.839 r  u_clk/ns_minus_k[0]_inferred_i_3/CO[3]
                         net (fo=1, routed)           0.000     4.839    u_clk/ns_minus_k[0]_inferred_i_3_n_0
    SLICE_X57Y39         CARRY4 (Prop_carry4_CI_CO[3])
                                                      0.089     4.928 r  u_clk/ns_minus_k[0]_inferred_i_2/CO[3]
                         net (fo=1, routed)           0.000     4.928    u_regs/pps_reg[0]
    SLICE_X57Y40         CARRY4 (Prop_carry4_CI_O[1])
                                                      0.230     5.158 r  u_regs/ns_minus_k[0]_inferred_i_1/O[1]
                         net (fo=2, routed)           0.411     5.569    u_clk/ns_minus_k[0]_3[33]
    SLICE_X55Y40         LUT3 (Prop_lut3_I2_O)        0.225     5.794 r  u_clk/time_sec[47]_i_4/O
                         net (fo=80, routed)          0.895     6.689    u_clk/time_sec[47]_i_4_n_0
    SLICE_X42Y42         LUT5 (Prop_lut5_I3_O)        0.097     6.786 r  u_clk/time_sec[42]_i_1/O
                         net (fo=1, routed)           0.000     6.786    u_clk/time_sec[42]_i_1_n_0
    SLICE_X42Y42         FDRE                                         r  u_clk/time_sec_reg[42]/D
  -------------------------------------------------------------------    -------------------

                         (clock net_clk rise edge)    6.400     6.400 r  
                                                      0.000     6.400 r  net_clk (IN)
                         net (fo=1291, unset)         0.669     7.069    u_clk/net_clk
    SLICE_X42Y42         FDRE                                         r  u_clk/time_sec_reg[42]/C
                         clock pessimism              0.000     7.069    
                         clock uncertainty           -0.035     7.033    
    SLICE_X42Y42         FDRE (Setup_fdre_C_D)        0.072     7.105    u_clk/time_sec_reg[42]
  -------------------------------------------------------------------
                         required time                          7.105    
                         arrival time                          -6.786    
  -------------------------------------------------------------------
                         slack                                  0.319    

Slack (MET) :             0.321ns  (required time - arrival time)
  Source:                 u_clk/time_ns_reg[6]/C
                            (rising edge-triggered cell FDRE clocked by net_clk  {rise@0.000ns fall@3.200ns period=6.400ns})
  Destination:            u_clk/time_sec_reg[1]/D
                            (rising edge-triggered cell FDRE clocked by net_clk  {rise@0.000ns fall@3.200ns period=6.400ns})
  Path Group:             net_clk
  Path Type:              Setup (Max at Slow Process Corner)
  Requirement:            6.400ns  (net_clk rise@6.400ns - net_clk rise@0.000ns)
  Data Path Delay:        6.038ns  (logic 2.819ns (46.686%)  route 3.219ns (53.314%))
  Logic Levels:           13  (CARRY4=9 LUT3=1 LUT4=1 LUT5=2)
  Clock Path Skew:        -0.035ns (DCD - SCD + CPR)
    Destination Clock Delay (DCD):    0.669ns = ( 7.069 - 6.400 ) 
    Source Clock Delay      (SCD):    0.704ns
    Clock Pessimism Removal (CPR):    0.000ns
  Clock Uncertainty:      0.035ns  ((TSJ^2 + TIJ^2)^1/2 + DJ) / 2 + PE
    Total System Jitter     (TSJ):    0.071ns
    Total Input Jitter      (TIJ):    0.000ns
    Discrete Jitter          (DJ):    0.000ns
    Phase Error              (PE):    0.000ns

    Location             Delay type                Incr(ns)  Path(ns)    Netlist Resource(s)
  -------------------------------------------------------------------    -------------------
                         (clock net_clk rise edge)    0.000     0.000 r  
                                                      0.000     0.000 r  net_clk (IN)
                         net (fo=1291, unset)         0.704     0.704    u_clk/net_clk
    SLICE_X52Y32         FDRE                                         r  u_clk/time_ns_reg[6]/C
  -------------------------------------------------------------------    -------------------
    SLICE_X52Y32         FDRE (Prop_fdre_C_Q)         0.341     1.045 r  u_clk/time_ns_reg[6]/Q
                         net (fo=5, routed)           0.714     1.759    u_clk/time_ns_reg[31]_0[6]
    SLICE_X50Y32         LUT4 (Prop_lut4_I1_O)        0.101     1.860 r  u_clk/ns_base__1_carry__0_i_1/O
                         net (fo=2, routed)           0.520     2.380    u_clk/ns_base__1_carry__0_i_1_n_0
    SLICE_X50Y32         LUT5 (Prop_lut5_I0_O)        0.239     2.619 r  u_clk/ns_base__1_carry__0_i_5/O
                         net (fo=1, routed)           0.000     2.619    u_clk/ns_base__1_carry__0_i_5_n_0
    SLICE_X50Y32         CARRY4 (Prop_carry4_S[3]_CO[3])
                                                      0.284     2.903 r  u_clk/ns_base__1_carry__0/CO[3]
                         net (fo=1, routed)           0.000     2.903    u_clk/ns_base__1_carry__0_n_0
    SLICE_X50Y33         CARRY4 (Prop_carry4_CI_CO[3])
                                                      0.092     2.995 r  u_clk/ns_base__1_carry__1/CO[3]
                         net (fo=1, routed)           0.000     2.995    u_clk/ns_base__1_carry__1_n_0
    SLICE_X50Y34         CARRY4 (Prop_carry4_CI_CO[3])
                                                      0.092     3.087 r  u_clk/ns_base__1_carry__2/CO[3]
                         net (fo=1, routed)           0.000     3.087    u_clk/ns_base__1_carry__2_n_0
    SLICE_X50Y35         CARRY4 (Prop_carry4_CI_O[1])
                                                      0.223     3.310 r  u_clk/ns_base__1_carry__3/O[1]
                         net (fo=8, routed)           0.723     4.033    u_clk/ns_sum_k[0]_1[17]
    SLICE_X57Y36         CARRY4 (Prop_carry4_S[1]_CO[3])
                                                      0.628     4.661 r  u_clk/ns_minus_k[0]_inferred_i_5/CO[3]
                         net (fo=1, routed)           0.000     4.661    u_clk/ns_minus_k[0]_inferred_i_5_n_0
    SLICE_X57Y37         CARRY4 (Prop_carry4_CI_CO[3])
                                                      0.089     4.750 r  u_clk/ns_minus_k[0]_inferred_i_4/CO[3]
                         net (fo=1, routed)           0.000     4.750    u_clk/ns_minus_k[0]_inferred_i_4_n_0
    SLICE_X57Y38         CARRY4 (Prop_carry4_CI_CO[3])
                                                      0.089     4.839 r  u_clk/ns_minus_k[0]_inferred_i_3/CO[3]
                         net (fo=1, routed)           0.000     4.839    u_clk/ns_minus_k[0]_inferred_i_3_n_0
    SLICE_X57Y39         CARRY4 (Prop_carry4_CI_CO[3])
                                                      0.089     4.928 r  u_clk/ns_minus_k[0]_inferred_i_2/CO[3]
                         net (fo=1, routed)           0.000     4.928    u_regs/pps_reg[0]
    SLICE_X57Y40         CARRY4 (Prop_carry4_CI_O[1])
                                                      0.230     5.158 r  u_regs/ns_minus_k[0]_inferred_i_1/O[1]
                         net (fo=2, routed)           0.411     5.569    u_clk/ns_minus_k[0]_3[33]
    SLICE_X55Y40         LUT3 (Prop_lut3_I2_O)        0.225     5.794 r  u_clk/time_sec[47]_i_4/O
                         net (fo=80, routed)          0.851     6.645    u_clk/time_sec[47]_i_4_n_0
    SLICE_X41Y33         LUT5 (Prop_lut5_I3_O)        0.097     6.742 r  u_clk/time_sec[1]_i_1/O
                         net (fo=1, routed)           0.000     6.742    u_clk/time_sec[1]_i_1_n_0
    SLICE_X41Y33         FDRE                                         r  u_clk/time_sec_reg[1]/D
  -------------------------------------------------------------------    -------------------

                         (clock net_clk rise edge)    6.400     6.400 r  
                                                      0.000     6.400 r  net_clk (IN)
                         net (fo=1291, unset)         0.669     7.069    u_clk/net_clk
    SLICE_X41Y33         FDRE                                         r  u_clk/time_sec_reg[1]/C
                         clock pessimism              0.000     7.069    
                         clock uncertainty           -0.035     7.033    
    SLICE_X41Y33         FDRE (Setup_fdre_C_D)        0.030     7.063    u_clk/time_sec_reg[1]
  -------------------------------------------------------------------
                         required time                          7.063    
                         arrival time                          -6.742    
  -------------------------------------------------------------------
                         slack                                  0.321    

Slack (MET) :             0.323ns  (required time - arrival time)
  Source:                 u_clk/time_ns_reg[6]/C
                            (rising edge-triggered cell FDRE clocked by net_clk  {rise@0.000ns fall@3.200ns period=6.400ns})
  Destination:            u_clk/time_ns_reg[6]/D
                            (rising edge-triggered cell FDRE clocked by net_clk  {rise@0.000ns fall@3.200ns period=6.400ns})
  Path Group:             net_clk
  Path Type:              Setup (Max at Slow Process Corner)
  Requirement:            6.400ns  (net_clk rise@6.400ns - net_clk rise@0.000ns)
  Data Path Delay:        6.039ns  (logic 2.819ns (46.678%)  route 3.220ns (53.322%))
  Logic Levels:           13  (CARRY4=9 LUT3=1 LUT4=1 LUT5=2)
  Clock Path Skew:        -0.035ns (DCD - SCD + CPR)
    Destination Clock Delay (DCD):    0.669ns = ( 7.069 - 6.400 ) 
    Source Clock Delay      (SCD):    0.704ns
    Clock Pessimism Removal (CPR):    0.000ns
  Clock Uncertainty:      0.035ns  ((TSJ^2 + TIJ^2)^1/2 + DJ) / 2 + PE
    Total System Jitter     (TSJ):    0.071ns
    Total Input Jitter      (TIJ):    0.000ns
    Discrete Jitter          (DJ):    0.000ns
    Phase Error              (PE):    0.000ns

    Location             Delay type                Incr(ns)  Path(ns)    Netlist Resource(s)
  -------------------------------------------------------------------    -------------------
                         (clock net_clk rise edge)    0.000     0.000 r  
                                                      0.000     0.000 r  net_clk (IN)
                         net (fo=1291, unset)         0.704     0.704    u_clk/net_clk
    SLICE_X52Y32         FDRE                                         r  u_clk/time_ns_reg[6]/C
  -------------------------------------------------------------------    -------------------
    SLICE_X52Y32         FDRE (Prop_fdre_C_Q)         0.341     1.045 r  u_clk/time_ns_reg[6]/Q
                         net (fo=5, routed)           0.714     1.759    u_clk/time_ns_reg[31]_0[6]
    SLICE_X50Y32         LUT4 (Prop_lut4_I1_O)        0.101     1.860 r  u_clk/ns_base__1_carry__0_i_1/O
                         net (fo=2, routed)           0.520     2.380    u_clk/ns_base__1_carry__0_i_1_n_0
    SLICE_X50Y32         LUT5 (Prop_lut5_I0_O)        0.239     2.619 r  u_clk/ns_base__1_carry__0_i_5/O
                         net (fo=1, routed)           0.000     2.619    u_clk/ns_base__1_carry__0_i_5_n_0
    SLICE_X50Y32         CARRY4 (Prop_carry4_S[3]_CO[3])
                                                      0.284     2.903 r  u_clk/ns_base__1_carry__0/CO[3]
                         net (fo=1, routed)           0.000     2.903    u_clk/ns_base__1_carry__0_n_0
    SLICE_X50Y33         CARRY4 (Prop_carry4_CI_CO[3])
                                                      0.092     2.995 r  u_clk/ns_base__1_carry__1/CO[3]
                         net (fo=1, routed)           0.000     2.995    u_clk/ns_base__1_carry__1_n_0
    SLICE_X50Y34         CARRY4 (Prop_carry4_CI_CO[3])
                                                      0.092     3.087 r  u_clk/ns_base__1_carry__2/CO[3]
                         net (fo=1, routed)           0.000     3.087    u_clk/ns_base__1_carry__2_n_0
    SLICE_X50Y35         CARRY4 (Prop_carry4_CI_O[1])
                                                      0.223     3.310 r  u_clk/ns_base__1_carry__3/O[1]
                         net (fo=8, routed)           0.723     4.033    u_clk/ns_sum_k[0]_1[17]
    SLICE_X57Y36         CARRY4 (Prop_carry4_S[1]_CO[3])
                                                      0.628     4.661 r  u_clk/ns_minus_k[0]_inferred_i_5/CO[3]
                         net (fo=1, routed)           0.000     4.661    u_clk/ns_minus_k[0]_inferred_i_5_n_0
    SLICE_X57Y37         CARRY4 (Prop_carry4_CI_CO[3])
                                                      0.089     4.750 r  u_clk/ns_minus_k[0]_inferred_i_4/CO[3]
                         net (fo=1, routed)           0.000     4.750    u_clk/ns_minus_k[0]_inferred_i_4_n_0
    SLICE_X57Y38         CARRY4 (Prop_carry4_CI_CO[3])
                                                      0.089     4.839 r  u_clk/ns_minus_k[0]_inferred_i_3/CO[3]
                         net (fo=1, routed)           0.000     4.839    u_clk/ns_minus_k[0]_inferred_i_3_n_0
    SLICE_X57Y39         CARRY4 (Prop_carry4_CI_CO[3])
                                                      0.089     4.928 r  u_clk/ns_minus_k[0]_inferred_i_2/CO[3]
                         net (fo=1, routed)           0.000     4.928    u_regs/pps_reg[0]
    SLICE_X57Y40         CARRY4 (Prop_carry4_CI_O[1])
                                                      0.230     5.158 r  u_regs/ns_minus_k[0]_inferred_i_1/O[1]
                         net (fo=2, routed)           0.411     5.569    u_clk/ns_minus_k[0]_3[33]
    SLICE_X55Y40         LUT3 (Prop_lut3_I2_O)        0.225     5.794 r  u_clk/time_sec[47]_i_4/O
                         net (fo=80, routed)          0.852     6.646    u_clk/time_sec[47]_i_4_n_0
    SLICE_X52Y32         LUT5 (Prop_lut5_I3_O)        0.097     6.743 r  u_clk/time_ns[6]_i_1/O
                         net (fo=1, routed)           0.000     6.743    u_clk/time_ns[6]_i_1_n_0
    SLICE_X52Y32         FDRE                                         r  u_clk/time_ns_reg[6]/D
  -------------------------------------------------------------------    -------------------

                         (clock net_clk rise edge)    6.400     6.400 r  
                                                      0.000     6.400 r  net_clk (IN)
                         net (fo=1291, unset)         0.669     7.069    u_clk/net_clk
    SLICE_X52Y32         FDRE                                         r  u_clk/time_ns_reg[6]/C
                         clock pessimism              0.000     7.069    
                         clock uncertainty           -0.035     7.033    
    SLICE_X52Y32         FDRE (Setup_fdre_C_D)        0.033     7.066    u_clk/time_ns_reg[6]
  -------------------------------------------------------------------
                         required time                          7.066    
                         arrival time                          -6.743    
  -------------------------------------------------------------------
                         slack                                  0.323    

Slack (MET) :             0.326ns  (required time - arrival time)
  Source:                 u_clk/time_ns_reg[6]/C
                            (rising edge-triggered cell FDRE clocked by net_clk  {rise@0.000ns fall@3.200ns period=6.400ns})
  Destination:            u_clk/time_sec_reg[19]/D
                            (rising edge-triggered cell FDRE clocked by net_clk  {rise@0.000ns fall@3.200ns period=6.400ns})
  Path Group:             net_clk
  Path Type:              Setup (Max at Slow Process Corner)
  Requirement:            6.400ns  (net_clk rise@6.400ns - net_clk rise@0.000ns)
  Data Path Delay:        6.035ns  (logic 2.819ns (46.708%)  route 3.216ns (53.292%))
  Logic Levels:           13  (CARRY4=9 LUT3=1 LUT4=1 LUT5=2)
  Clock Path Skew:        -0.035ns (DCD - SCD + CPR)
    Destination Clock Delay (DCD):    0.669ns = ( 7.069 - 6.400 ) 
    Source Clock Delay      (SCD):    0.704ns
    Clock Pessimism Removal (CPR):    0.000ns
  Clock Uncertainty:      0.035ns  ((TSJ^2 + TIJ^2)^1/2 + DJ) / 2 + PE
    Total System Jitter     (TSJ):    0.071ns
    Total Input Jitter      (TIJ):    0.000ns
    Discrete Jitter          (DJ):    0.000ns
    Phase Error              (PE):    0.000ns

    Location             Delay type                Incr(ns)  Path(ns)    Netlist Resource(s)
  -------------------------------------------------------------------    -------------------
                         (clock net_clk rise edge)    0.000     0.000 r  
                                                      0.000     0.000 r  net_clk (IN)
                         net (fo=1291, unset)         0.704     0.704    u_clk/net_clk
    SLICE_X52Y32         FDRE                                         r  u_clk/time_ns_reg[6]/C
  -------------------------------------------------------------------    -------------------
    SLICE_X52Y32         FDRE (Prop_fdre_C_Q)         0.341     1.045 r  u_clk/time_ns_reg[6]/Q
                         net (fo=5, routed)           0.714     1.759    u_clk/time_ns_reg[31]_0[6]
    SLICE_X50Y32         LUT4 (Prop_lut4_I1_O)        0.101     1.860 r  u_clk/ns_base__1_carry__0_i_1/O
                         net (fo=2, routed)           0.520     2.380    u_clk/ns_base__1_carry__0_i_1_n_0
    SLICE_X50Y32         LUT5 (Prop_lut5_I0_O)        0.239     2.619 r  u_clk/ns_base__1_carry__0_i_5/O
                         net (fo=1, routed)           0.000     2.619    u_clk/ns_base__1_carry__0_i_5_n_0
    SLICE_X50Y32         CARRY4 (Prop_carry4_S[3]_CO[3])
                                                      0.284     2.903 r  u_clk/ns_base__1_carry__0/CO[3]
                         net (fo=1, routed)           0.000     2.903    u_clk/ns_base__1_carry__0_n_0
    SLICE_X50Y33         CARRY4 (Prop_carry4_CI_CO[3])
                                                      0.092     2.995 r  u_clk/ns_base__1_carry__1/CO[3]
                         net (fo=1, routed)           0.000     2.995    u_clk/ns_base__1_carry__1_n_0
    SLICE_X50Y34         CARRY4 (Prop_carry4_CI_CO[3])
                                                      0.092     3.087 r  u_clk/ns_base__1_carry__2/CO[3]
                         net (fo=1, routed)           0.000     3.087    u_clk/ns_base__1_carry__2_n_0
    SLICE_X50Y35         CARRY4 (Prop_carry4_CI_O[1])
                                                      0.223     3.310 r  u_clk/ns_base__1_carry__3/O[1]
                         net (fo=8, routed)           0.723     4.033    u_clk/ns_sum_k[0]_1[17]
    SLICE_X57Y36         CARRY4 (Prop_carry4_S[1]_CO[3])
                                                      0.628     4.661 r  u_clk/ns_minus_k[0]_inferred_i_5/CO[3]
                         net (fo=1, routed)           0.000     4.661    u_clk/ns_minus_k[0]_inferred_i_5_n_0
    SLICE_X57Y37         CARRY4 (Prop_carry4_CI_CO[3])
                                                      0.089     4.750 r  u_clk/ns_minus_k[0]_inferred_i_4/CO[3]
                         net (fo=1, routed)           0.000     4.750    u_clk/ns_minus_k[0]_inferred_i_4_n_0
    SLICE_X57Y38         CARRY4 (Prop_carry4_CI_CO[3])
                                                      0.089     4.839 r  u_clk/ns_minus_k[0]_inferred_i_3/CO[3]
                         net (fo=1, routed)           0.000     4.839    u_clk/ns_minus_k[0]_inferred_i_3_n_0
    SLICE_X57Y39         CARRY4 (Prop_carry4_CI_CO[3])
                                                      0.089     4.928 r  u_clk/ns_minus_k[0]_inferred_i_2/CO[3]
                         net (fo=1, routed)           0.000     4.928    u_regs/pps_reg[0]
    SLICE_X57Y40         CARRY4 (Prop_carry4_CI_O[1])
                                                      0.230     5.158 r  u_regs/ns_minus_k[0]_inferred_i_1/O[1]
                         net (fo=2, routed)           0.411     5.569    u_clk/ns_minus_k[0]_3[33]
    SLICE_X55Y40         LUT3 (Prop_lut3_I2_O)        0.225     5.794 r  u_clk/time_sec[47]_i_4/O
                         net (fo=80, routed)          0.848     6.642    u_clk/time_sec[47]_i_4_n_0
    SLICE_X48Y36         LUT5 (Prop_lut5_I3_O)        0.097     6.739 r  u_clk/time_sec[19]_i_1/O
                         net (fo=1, routed)           0.000     6.739    u_clk/time_sec[19]_i_1_n_0
    SLICE_X48Y36         FDRE                                         r  u_clk/time_sec_reg[19]/D
  -------------------------------------------------------------------    -------------------

                         (clock net_clk rise edge)    6.400     6.400 r  
                                                      0.000     6.400 r  net_clk (IN)
                         net (fo=1291, unset)         0.669     7.069    u_clk/net_clk
    SLICE_X48Y36         FDRE                                         r  u_clk/time_sec_reg[19]/C
                         clock pessimism              0.000     7.069    
                         clock uncertainty           -0.035     7.033    
    SLICE_X48Y36         FDRE (Setup_fdre_C_D)        0.032     7.065    u_clk/time_sec_reg[19]
  -------------------------------------------------------------------
                         required time                          7.065    
                         arrival time                          -6.739    
  -------------------------------------------------------------------
                         slack                                  0.326    

Slack (MET) :             0.330ns  (required time - arrival time)
  Source:                 u_clk/time_ns_reg[6]/C
                            (rising edge-triggered cell FDRE clocked by net_clk  {rise@0.000ns fall@3.200ns period=6.400ns})
  Destination:            u_clk/time_sec_reg[5]/D
                            (rising edge-triggered cell FDRE clocked by net_clk  {rise@0.000ns fall@3.200ns period=6.400ns})
  Path Group:             net_clk
  Path Type:              Setup (Max at Slow Process Corner)
  Requirement:            6.400ns  (net_clk rise@6.400ns - net_clk rise@0.000ns)
  Data Path Delay:        6.029ns  (logic 2.819ns (46.755%)  route 3.210ns (53.245%))
  Logic Levels:           13  (CARRY4=9 LUT3=1 LUT4=1 LUT5=2)
  Clock Path Skew:        -0.035ns (DCD - SCD + CPR)
    Destination Clock Delay (DCD):    0.669ns = ( 7.069 - 6.400 ) 
    Source Clock Delay      (SCD):    0.704ns
    Clock Pessimism Removal (CPR):    0.000ns
  Clock Uncertainty:      0.035ns  ((TSJ^2 + TIJ^2)^1/2 + DJ) / 2 + PE
    Total System Jitter     (TSJ):    0.071ns
    Total Input Jitter      (TIJ):    0.000ns
    Discrete Jitter          (DJ):    0.000ns
    Phase Error              (PE):    0.000ns

    Location             Delay type                Incr(ns)  Path(ns)    Netlist Resource(s)
  -------------------------------------------------------------------    -------------------
                         (clock net_clk rise edge)    0.000     0.000 r  
                                                      0.000     0.000 r  net_clk (IN)
                         net (fo=1291, unset)         0.704     0.704    u_clk/net_clk
    SLICE_X52Y32         FDRE                                         r  u_clk/time_ns_reg[6]/C
  -------------------------------------------------------------------    -------------------
    SLICE_X52Y32         FDRE (Prop_fdre_C_Q)         0.341     1.045 r  u_clk/time_ns_reg[6]/Q
                         net (fo=5, routed)           0.714     1.759    u_clk/time_ns_reg[31]_0[6]
    SLICE_X50Y32         LUT4 (Prop_lut4_I1_O)        0.101     1.860 r  u_clk/ns_base__1_carry__0_i_1/O
                         net (fo=2, routed)           0.520     2.380    u_clk/ns_base__1_carry__0_i_1_n_0
    SLICE_X50Y32         LUT5 (Prop_lut5_I0_O)        0.239     2.619 r  u_clk/ns_base__1_carry__0_i_5/O
                         net (fo=1, routed)           0.000     2.619    u_clk/ns_base__1_carry__0_i_5_n_0
    SLICE_X50Y32         CARRY4 (Prop_carry4_S[3]_CO[3])
                                                      0.284     2.903 r  u_clk/ns_base__1_carry__0/CO[3]
                         net (fo=1, routed)           0.000     2.903    u_clk/ns_base__1_carry__0_n_0
    SLICE_X50Y33         CARRY4 (Prop_carry4_CI_CO[3])
                                                      0.092     2.995 r  u_clk/ns_base__1_carry__1/CO[3]
                         net (fo=1, routed)           0.000     2.995    u_clk/ns_base__1_carry__1_n_0
    SLICE_X50Y34         CARRY4 (Prop_carry4_CI_CO[3])
                                                      0.092     3.087 r  u_clk/ns_base__1_carry__2/CO[3]
                         net (fo=1, routed)           0.000     3.087    u_clk/ns_base__1_carry__2_n_0
    SLICE_X50Y35         CARRY4 (Prop_carry4_CI_O[1])
                                                      0.223     3.310 r  u_clk/ns_base__1_carry__3/O[1]
                         net (fo=8, routed)           0.723     4.033    u_clk/ns_sum_k[0]_1[17]
    SLICE_X57Y36         CARRY4 (Prop_carry4_S[1]_CO[3])
                                                      0.628     4.661 r  u_clk/ns_minus_k[0]_inferred_i_5/CO[3]
                         net (fo=1, routed)           0.000     4.661    u_clk/ns_minus_k[0]_inferred_i_5_n_0
    SLICE_X57Y37         CARRY4 (Prop_carry4_CI_CO[3])
                                                      0.089     4.750 r  u_clk/ns_minus_k[0]_inferred_i_4/CO[3]
                         net (fo=1, routed)           0.000     4.750    u_clk/ns_minus_k[0]_inferred_i_4_n_0
    SLICE_X57Y38         CARRY4 (Prop_carry4_CI_CO[3])
                                                      0.089     4.839 r  u_clk/ns_minus_k[0]_inferred_i_3/CO[3]
                         net (fo=1, routed)           0.000     4.839    u_clk/ns_minus_k[0]_inferred_i_3_n_0
    SLICE_X57Y39         CARRY4 (Prop_carry4_CI_CO[3])
                                                      0.089     4.928 r  u_clk/ns_minus_k[0]_inferred_i_2/CO[3]
                         net (fo=1, routed)           0.000     4.928    u_regs/pps_reg[0]
    SLICE_X57Y40         CARRY4 (Prop_carry4_CI_O[1])
                                                      0.230     5.158 r  u_regs/ns_minus_k[0]_inferred_i_1/O[1]
                         net (fo=2, routed)           0.411     5.569    u_clk/ns_minus_k[0]_3[33]
    SLICE_X55Y40         LUT3 (Prop_lut3_I2_O)        0.225     5.794 r  u_clk/time_sec[47]_i_4/O
                         net (fo=80, routed)          0.842     6.636    u_clk/time_sec[47]_i_4_n_0
    SLICE_X47Y33         LUT5 (Prop_lut5_I3_O)        0.097     6.733 r  u_clk/time_sec[5]_i_1/O
                         net (fo=1, routed)           0.000     6.733    u_clk/time_sec[5]_i_1_n_0
    SLICE_X47Y33         FDRE                                         r  u_clk/time_sec_reg[5]/D
  -------------------------------------------------------------------    -------------------

                         (clock net_clk rise edge)    6.400     6.400 r  
                                                      0.000     6.400 r  net_clk (IN)
                         net (fo=1291, unset)         0.669     7.069    u_clk/net_clk
    SLICE_X47Y33         FDRE                                         r  u_clk/time_sec_reg[5]/C
                         clock pessimism              0.000     7.069    
                         clock uncertainty           -0.035     7.033    
    SLICE_X47Y33         FDRE (Setup_fdre_C_D)        0.030     7.063    u_clk/time_sec_reg[5]
  -------------------------------------------------------------------
                         required time                          7.063    
                         arrival time                          -6.733    
  -------------------------------------------------------------------
                         slack                                  0.330    





Min Delay Paths
--------------------------------------------------------------------------------------
Slack (MET) :             0.099ns  (arrival time - required time)
  Source:                 u_bridge/req_sync_reg[0]/C
                            (rising edge-triggered cell FDRE clocked by net_clk  {rise@0.000ns fall@3.200ns period=6.400ns})
  Destination:            u_bridge/req_sync_reg[1]/D
                            (rising edge-triggered cell FDRE clocked by net_clk  {rise@0.000ns fall@3.200ns period=6.400ns})
  Path Group:             net_clk
  Path Type:              Hold (Min at Fast Process Corner)
  Requirement:            0.000ns  (net_clk rise@0.000ns - net_clk rise@0.000ns)
  Data Path Delay:        0.196ns  (logic 0.141ns (71.991%)  route 0.055ns (28.009%))
  Logic Levels:           0  
  Clock Path Skew:        0.022ns (DCD - SCD - CPR)
    Destination Clock Delay (DCD):    0.432ns
    Source Clock Delay      (SCD):    0.411ns
    Clock Pessimism Removal (CPR):    -0.000ns

    Location             Delay type                Incr(ns)  Path(ns)    Netlist Resource(s)
  -------------------------------------------------------------------    -------------------
                         (clock net_clk rise edge)    0.000     0.000 r  
                                                      0.000     0.000 r  net_clk (IN)
                         net (fo=1291, unset)         0.411     0.411    u_bridge/net_clk
    SLICE_X37Y26         FDRE                                         r  u_bridge/req_sync_reg[0]/C
  -------------------------------------------------------------------    -------------------
    SLICE_X37Y26         FDRE (Prop_fdre_C_Q)         0.141     0.552 r  u_bridge/req_sync_reg[0]/Q
                         net (fo=1, routed)           0.055     0.607    u_bridge/req_sync[0]
    SLICE_X37Y26         FDRE                                         r  u_bridge/req_sync_reg[1]/D
  -------------------------------------------------------------------    -------------------

                         (clock net_clk rise edge)    0.000     0.000 r  
                                                      0.000     0.000 r  net_clk (IN)
                         net (fo=1291, unset)         0.432     0.432    u_bridge/net_clk
    SLICE_X37Y26         FDRE                                         r  u_bridge/req_sync_reg[1]/C
                         clock pessimism              0.000     0.432    
    SLICE_X37Y26         FDRE (Hold_fdre_C_D)         0.075     0.507    u_bridge/req_sync_reg[1]
  -------------------------------------------------------------------
                         required time                         -0.507    
                         arrival time                           0.607    
  -------------------------------------------------------------------
                         slack                                  0.099    

Slack (MET) :             0.099ns  (arrival time - required time)
  Source:                 u_hist/s1_delta_reg[21]/C
                            (rising edge-triggered cell FDRE clocked by net_clk  {rise@0.000ns fall@3.200ns period=6.400ns})
  Destination:            u_hist/s2_delta_reg[21]/D
                            (rising edge-triggered cell FDRE clocked by net_clk  {rise@0.000ns fall@3.200ns period=6.400ns})
  Path Group:             net_clk
  Path Type:              Hold (Min at Fast Process Corner)
  Requirement:            0.000ns  (net_clk rise@0.000ns - net_clk rise@0.000ns)
  Data Path Delay:        0.196ns  (logic 0.141ns (71.991%)  route 0.055ns (28.009%))
  Logic Levels:           0  
  Clock Path Skew:        0.022ns (DCD - SCD - CPR)
    Destination Clock Delay (DCD):    0.432ns
    Source Clock Delay      (SCD):    0.411ns
    Clock Pessimism Removal (CPR):    -0.000ns

    Location             Delay type                Incr(ns)  Path(ns)    Netlist Resource(s)
  -------------------------------------------------------------------    -------------------
                         (clock net_clk rise edge)    0.000     0.000 r  
                                                      0.000     0.000 r  net_clk (IN)
                         net (fo=1291, unset)         0.411     0.411    u_hist/net_clk
    SLICE_X21Y36         FDRE                                         r  u_hist/s1_delta_reg[21]/C
  -------------------------------------------------------------------    -------------------
    SLICE_X21Y36         FDRE (Prop_fdre_C_Q)         0.141     0.552 r  u_hist/s1_delta_reg[21]/Q
                         net (fo=1, routed)           0.055     0.607    u_hist/s1_delta[21]
    SLICE_X21Y36         FDRE                                         r  u_hist/s2_delta_reg[21]/D
  -------------------------------------------------------------------    -------------------

                         (clock net_clk rise edge)    0.000     0.000 r  
                                                      0.000     0.000 r  net_clk (IN)
                         net (fo=1291, unset)         0.432     0.432    u_hist/net_clk
    SLICE_X21Y36         FDRE                                         r  u_hist/s2_delta_reg[21]/C
                         clock pessimism              0.000     0.432    
    SLICE_X21Y36         FDRE (Hold_fdre_C_D)         0.075     0.507    u_hist/s2_delta_reg[21]
  -------------------------------------------------------------------
                         required time                         -0.507    
                         arrival time                           0.607    
  -------------------------------------------------------------------
                         slack                                  0.099    

Slack (MET) :             0.103ns  (arrival time - required time)
  Source:                 u_hist/s1_delta_reg[27]/C
                            (rising edge-triggered cell FDRE clocked by net_clk  {rise@0.000ns fall@3.200ns period=6.400ns})
  Destination:            u_hist/s2_delta_reg[27]/D
                            (rising edge-triggered cell FDRE clocked by net_clk  {rise@0.000ns fall@3.200ns period=6.400ns})
  Path Group:             net_clk
  Path Type:              Hold (Min at Fast Process Corner)
  Requirement:            0.000ns  (net_clk rise@0.000ns - net_clk rise@0.000ns)
  Data Path Delay:        0.196ns  (logic 0.141ns (71.991%)  route 0.055ns (28.009%))
  Logic Levels:           0  
  Clock Path Skew:        0.022ns (DCD - SCD - CPR)
    Destination Clock Delay (DCD):    0.432ns
    Source Clock Delay      (SCD):    0.411ns
    Clock Pessimism Removal (CPR):    -0.000ns

    Location             Delay type                Incr(ns)  Path(ns)    Netlist Resource(s)
  -------------------------------------------------------------------    -------------------
                         (clock net_clk rise edge)    0.000     0.000 r  
                                                      0.000     0.000 r  net_clk (IN)
                         net (fo=1291, unset)         0.411     0.411    u_hist/net_clk
    SLICE_X21Y36         FDRE                                         r  u_hist/s1_delta_reg[27]/C
  -------------------------------------------------------------------    -------------------
    SLICE_X21Y36         FDRE (Prop_fdre_C_Q)         0.141     0.552 r  u_hist/s1_delta_reg[27]/Q
                         net (fo=1, routed)           0.055     0.607    u_hist/s1_delta[27]
    SLICE_X21Y36         FDRE                                         r  u_hist/s2_delta_reg[27]/D
  -------------------------------------------------------------------    -------------------

                         (clock net_clk rise edge)    0.000     0.000 r  
                                                      0.000     0.000 r  net_clk (IN)
                         net (fo=1291, unset)         0.432     0.432    u_hist/net_clk
    SLICE_X21Y36         FDRE                                         r  u_hist/s2_delta_reg[27]/C
                         clock pessimism              0.000     0.432    
    SLICE_X21Y36         FDRE (Hold_fdre_C_D)         0.071     0.503    u_hist/s2_delta_reg[27]
  -------------------------------------------------------------------
                         required time                         -0.503    
                         arrival time                           0.607    
  -------------------------------------------------------------------
                         slack                                  0.103    

Slack (MET) :             0.112ns  (arrival time - required time)
  Source:                 u_cap_out/u_fifo/wr_ptr_reg[3]/C
                            (rising edge-triggered cell FDRE clocked by net_clk  {rise@0.000ns fall@3.200ns period=6.400ns})
  Destination:            u_cap_out/u_fifo/mem_reg_0_15_0_5/RAMA/WADR3
                            (rising edge-triggered cell RAMD32 clocked by net_clk  {rise@0.000ns fall@3.200ns period=6.400ns})
  Path Group:             net_clk
  Path Type:              Hold (Min at Fast Process Corner)
  Requirement:            0.000ns  (net_clk rise@0.000ns - net_clk rise@0.000ns)
  Data Path Delay:        0.374ns  (logic 0.164ns (43.908%)  route 0.210ns (56.092%))
  Logic Levels:           0  
  Clock Path Skew:        0.022ns (DCD - SCD - CPR)
    Destination Clock Delay (DCD):    0.432ns
    Source Clock Delay      (SCD):    0.411ns
    Clock Pessimism Removal (CPR):    -0.000ns

    Location             Delay type                Incr(ns)  Path(ns)    Netlist Resource(s)
  -------------------------------------------------------------------    -------------------
                         (clock net_clk rise edge)    0.000     0.000 r  
                                                      0.000     0.000 r  net_clk (IN)
                         net (fo=1291, unset)         0.411     0.411    u_cap_out/u_fifo/net_clk
    SLICE_X30Y29         FDRE                                         r  u_cap_out/u_fifo/wr_ptr_reg[3]/C
  -------------------------------------------------------------------    -------------------
    SLICE_X30Y29         FDRE (Prop_fdre_C_Q)         0.164     0.575 r  u_cap_out/u_fifo/wr_ptr_reg[3]/Q
                         net (fo=115, routed)         0.210     0.784    u_cap_out/u_fifo/mem_reg_0_15_0_5/ADDRD3
    SLICE_X30Y31         RAMD32                                       r  u_cap_out/u_fifo/mem_reg_0_15_0_5/RAMA/WADR3
  -------------------------------------------------------------------    -------------------

                         (clock net_clk rise edge)    0.000     0.000 r  
                                                      0.000     0.000 r  net_clk (IN)
                         net (fo=1291, unset)         0.432     0.432    u_cap_out/u_fifo/mem_reg_0_15_0_5/WCLK
    SLICE_X30Y31         RAMD32                                       r  u_cap_out/u_fifo/mem_reg_0_15_0_5/RAMA/CLK
                         clock pessimism              0.000     0.432    
    SLICE_X30Y31         RAMD32 (Hold_ramd32_CLK_WADR3)
                                                      0.240     0.672    u_cap_out/u_fifo/mem_reg_0_15_0_5/RAMA
  -------------------------------------------------------------------
                         required time                         -0.672    
                         arrival time                           0.784    
  -------------------------------------------------------------------
                         slack                                  0.112    

Slack (MET) :             0.112ns  (arrival time - required time)
  Source:                 u_cap_out/u_fifo/wr_ptr_reg[3]/C
                            (rising edge-triggered cell FDRE clocked by net_clk  {rise@0.000ns fall@3.200ns period=6.400ns})
  Destination:            u_cap_out/u_fifo/mem_reg_0_15_0_5/RAMA_D1/WADR3
                            (rising edge-triggered cell RAMD32 clocked by net_clk  {rise@0.000ns fall@3.200ns period=6.400ns})
  Path Group:             net_clk
  Path Type:              Hold (Min at Fast Process Corner)
  Requirement:            0.000ns  (net_clk rise@0.000ns - net_clk rise@0.000ns)
  Data Path Delay:        0.374ns  (logic 0.164ns (43.908%)  route 0.210ns (56.092%))
  Logic Levels:           0  
  Clock Path Skew:        0.022ns (DCD - SCD - CPR)
    Destination Clock Delay (DCD):    0.432ns
    Source Clock Delay      (SCD):    0.411ns
    Clock Pessimism Removal (CPR):    -0.000ns

    Location             Delay type                Incr(ns)  Path(ns)    Netlist Resource(s)
  -------------------------------------------------------------------    -------------------
                         (clock net_clk rise edge)    0.000     0.000 r  
                                                      0.000     0.000 r  net_clk (IN)
                         net (fo=1291, unset)         0.411     0.411    u_cap_out/u_fifo/net_clk
    SLICE_X30Y29         FDRE                                         r  u_cap_out/u_fifo/wr_ptr_reg[3]/C
  -------------------------------------------------------------------    -------------------
    SLICE_X30Y29         FDRE (Prop_fdre_C_Q)         0.164     0.575 r  u_cap_out/u_fifo/wr_ptr_reg[3]/Q
                         net (fo=115, routed)         0.210     0.784    u_cap_out/u_fifo/mem_reg_0_15_0_5/ADDRD3
    SLICE_X30Y31         RAMD32                                       r  u_cap_out/u_fifo/mem_reg_0_15_0_5/RAMA_D1/WADR3
  -------------------------------------------------------------------    -------------------

                         (clock net_clk rise edge)    0.000     0.000 r  
                                                      0.000     0.000 r  net_clk (IN)
                         net (fo=1291, unset)         0.432     0.432    u_cap_out/u_fifo/mem_reg_0_15_0_5/WCLK
    SLICE_X30Y31         RAMD32                                       r  u_cap_out/u_fifo/mem_reg_0_15_0_5/RAMA_D1/CLK
                         clock pessimism              0.000     0.432    
    SLICE_X30Y31         RAMD32 (Hold_ramd32_CLK_WADR3)
                                                      0.240     0.672    u_cap_out/u_fifo/mem_reg_0_15_0_5/RAMA_D1
  -------------------------------------------------------------------
                         required time                         -0.672    
                         arrival time                           0.784    
  -------------------------------------------------------------------
                         slack                                  0.112    

Slack (MET) :             0.112ns  (arrival time - required time)
  Source:                 u_cap_out/u_fifo/wr_ptr_reg[3]/C
                            (rising edge-triggered cell FDRE clocked by net_clk  {rise@0.000ns fall@3.200ns period=6.400ns})
  Destination:            u_cap_out/u_fifo/mem_reg_0_15_0_5/RAMB/WADR3
                            (rising edge-triggered cell RAMD32 clocked by net_clk  {rise@0.000ns fall@3.200ns period=6.400ns})
  Path Group:             net_clk
  Path Type:              Hold (Min at Fast Process Corner)
  Requirement:            0.000ns  (net_clk rise@0.000ns - net_clk rise@0.000ns)
  Data Path Delay:        0.374ns  (logic 0.164ns (43.908%)  route 0.210ns (56.092%))
  Logic Levels:           0  
  Clock Path Skew:        0.022ns (DCD - SCD - CPR)
    Destination Clock Delay (DCD):    0.432ns
    Source Clock Delay      (SCD):    0.411ns
    Clock Pessimism Removal (CPR):    -0.000ns

    Location             Delay type                Incr(ns)  Path(ns)    Netlist Resource(s)
  -------------------------------------------------------------------    -------------------
                         (clock net_clk rise edge)    0.000     0.000 r  
                                                      0.000     0.000 r  net_clk (IN)
                         net (fo=1291, unset)         0.411     0.411    u_cap_out/u_fifo/net_clk
    SLICE_X30Y29         FDRE                                         r  u_cap_out/u_fifo/wr_ptr_reg[3]/C
  -------------------------------------------------------------------    -------------------
    SLICE_X30Y29         FDRE (Prop_fdre_C_Q)         0.164     0.575 r  u_cap_out/u_fifo/wr_ptr_reg[3]/Q
                         net (fo=115, routed)         0.210     0.784    u_cap_out/u_fifo/mem_reg_0_15_0_5/ADDRD3
    SLICE_X30Y31         RAMD32                                       r  u_cap_out/u_fifo/mem_reg_0_15_0_5/RAMB/WADR3
  -------------------------------------------------------------------    -------------------

                         (clock net_clk rise edge)    0.000     0.000 r  
                                                      0.000     0.000 r  net_clk (IN)
                         net (fo=1291, unset)         0.432     0.432    u_cap_out/u_fifo/mem_reg_0_15_0_5/WCLK
    SLICE_X30Y31         RAMD32                                       r  u_cap_out/u_fifo/mem_reg_0_15_0_5/RAMB/CLK
                         clock pessimism              0.000     0.432    
    SLICE_X30Y31         RAMD32 (Hold_ramd32_CLK_WADR3)
                                                      0.240     0.672    u_cap_out/u_fifo/mem_reg_0_15_0_5/RAMB
  -------------------------------------------------------------------
                         required time                         -0.672    
                         arrival time                           0.784    
  -------------------------------------------------------------------
                         slack                                  0.112    

Slack (MET) :             0.112ns  (arrival time - required time)
  Source:                 u_cap_out/u_fifo/wr_ptr_reg[3]/C
                            (rising edge-triggered cell FDRE clocked by net_clk  {rise@0.000ns fall@3.200ns period=6.400ns})
  Destination:            u_cap_out/u_fifo/mem_reg_0_15_0_5/RAMB_D1/WADR3
                            (rising edge-triggered cell RAMD32 clocked by net_clk  {rise@0.000ns fall@3.200ns period=6.400ns})
  Path Group:             net_clk
  Path Type:              Hold (Min at Fast Process Corner)
  Requirement:            0.000ns  (net_clk rise@0.000ns - net_clk rise@0.000ns)
  Data Path Delay:        0.374ns  (logic 0.164ns (43.908%)  route 0.210ns (56.092%))
  Logic Levels:           0  
  Clock Path Skew:        0.022ns (DCD - SCD - CPR)
    Destination Clock Delay (DCD):    0.432ns
    Source Clock Delay      (SCD):    0.411ns
    Clock Pessimism Removal (CPR):    -0.000ns

    Location             Delay type                Incr(ns)  Path(ns)    Netlist Resource(s)
  -------------------------------------------------------------------    -------------------
                         (clock net_clk rise edge)    0.000     0.000 r  
                                                      0.000     0.000 r  net_clk (IN)
                         net (fo=1291, unset)         0.411     0.411    u_cap_out/u_fifo/net_clk
    SLICE_X30Y29         FDRE                                         r  u_cap_out/u_fifo/wr_ptr_reg[3]/C
  -------------------------------------------------------------------    -------------------
    SLICE_X30Y29         FDRE (Prop_fdre_C_Q)         0.164     0.575 r  u_cap_out/u_fifo/wr_ptr_reg[3]/Q
                         net (fo=115, routed)         0.210     0.784    u_cap_out/u_fifo/mem_reg_0_15_0_5/ADDRD3
    SLICE_X30Y31         RAMD32                                       r  u_cap_out/u_fifo/mem_reg_0_15_0_5/RAMB_D1/WADR3
  -------------------------------------------------------------------    -------------------

                         (clock net_clk rise edge)    0.000     0.000 r  
                                                      0.000     0.000 r  net_clk (IN)
                         net (fo=1291, unset)         0.432     0.432    u_cap_out/u_fifo/mem_reg_0_15_0_5/WCLK
    SLICE_X30Y31         RAMD32                                       r  u_cap_out/u_fifo/mem_reg_0_15_0_5/RAMB_D1/CLK
                         clock pessimism              0.000     0.432    
    SLICE_X30Y31         RAMD32 (Hold_ramd32_CLK_WADR3)
                                                      0.240     0.672    u_cap_out/u_fifo/mem_reg_0_15_0_5/RAMB_D1
  -------------------------------------------------------------------
                         required time                         -0.672    
                         arrival time                           0.784    
  -------------------------------------------------------------------
                         slack                                  0.112    

Slack (MET) :             0.112ns  (arrival time - required time)
  Source:                 u_cap_out/u_fifo/wr_ptr_reg[3]/C
                            (rising edge-triggered cell FDRE clocked by net_clk  {rise@0.000ns fall@3.200ns period=6.400ns})
  Destination:            u_cap_out/u_fifo/mem_reg_0_15_0_5/RAMC/WADR3
                            (rising edge-triggered cell RAMD32 clocked by net_clk  {rise@0.000ns fall@3.200ns period=6.400ns})
  Path Group:             net_clk
  Path Type:              Hold (Min at Fast Process Corner)
  Requirement:            0.000ns  (net_clk rise@0.000ns - net_clk rise@0.000ns)
  Data Path Delay:        0.374ns  (logic 0.164ns (43.908%)  route 0.210ns (56.092%))
  Logic Levels:           0  
  Clock Path Skew:        0.022ns (DCD - SCD - CPR)
    Destination Clock Delay (DCD):    0.432ns
    Source Clock Delay      (SCD):    0.411ns
    Clock Pessimism Removal (CPR):    -0.000ns

    Location             Delay type                Incr(ns)  Path(ns)    Netlist Resource(s)
  -------------------------------------------------------------------    -------------------
                         (clock net_clk rise edge)    0.000     0.000 r  
                                                      0.000     0.000 r  net_clk (IN)
                         net (fo=1291, unset)         0.411     0.411    u_cap_out/u_fifo/net_clk
    SLICE_X30Y29         FDRE                                         r  u_cap_out/u_fifo/wr_ptr_reg[3]/C
  -------------------------------------------------------------------    -------------------
    SLICE_X30Y29         FDRE (Prop_fdre_C_Q)         0.164     0.575 r  u_cap_out/u_fifo/wr_ptr_reg[3]/Q
                         net (fo=115, routed)         0.210     0.784    u_cap_out/u_fifo/mem_reg_0_15_0_5/ADDRD3
    SLICE_X30Y31         RAMD32                                       r  u_cap_out/u_fifo/mem_reg_0_15_0_5/RAMC/WADR3
  -------------------------------------------------------------------    -------------------

                         (clock net_clk rise edge)    0.000     0.000 r  
                                                      0.000     0.000 r  net_clk (IN)
                         net (fo=1291, unset)         0.432     0.432    u_cap_out/u_fifo/mem_reg_0_15_0_5/WCLK
    SLICE_X30Y31         RAMD32                                       r  u_cap_out/u_fifo/mem_reg_0_15_0_5/RAMC/CLK
                         clock pessimism              0.000     0.432    
    SLICE_X30Y31         RAMD32 (Hold_ramd32_CLK_WADR3)
                                                      0.240     0.672    u_cap_out/u_fifo/mem_reg_0_15_0_5/RAMC
  -------------------------------------------------------------------
                         required time                         -0.672    
                         arrival time                           0.784    
  -------------------------------------------------------------------
                         slack                                  0.112    

Slack (MET) :             0.112ns  (arrival time - required time)
  Source:                 u_cap_out/u_fifo/wr_ptr_reg[3]/C
                            (rising edge-triggered cell FDRE clocked by net_clk  {rise@0.000ns fall@3.200ns period=6.400ns})
  Destination:            u_cap_out/u_fifo/mem_reg_0_15_0_5/RAMC_D1/WADR3
                            (rising edge-triggered cell RAMD32 clocked by net_clk  {rise@0.000ns fall@3.200ns period=6.400ns})
  Path Group:             net_clk
  Path Type:              Hold (Min at Fast Process Corner)
  Requirement:            0.000ns  (net_clk rise@0.000ns - net_clk rise@0.000ns)
  Data Path Delay:        0.374ns  (logic 0.164ns (43.908%)  route 0.210ns (56.092%))
  Logic Levels:           0  
  Clock Path Skew:        0.022ns (DCD - SCD - CPR)
    Destination Clock Delay (DCD):    0.432ns
    Source Clock Delay      (SCD):    0.411ns
    Clock Pessimism Removal (CPR):    -0.000ns

    Location             Delay type                Incr(ns)  Path(ns)    Netlist Resource(s)
  -------------------------------------------------------------------    -------------------
                         (clock net_clk rise edge)    0.000     0.000 r  
                                                      0.000     0.000 r  net_clk (IN)
                         net (fo=1291, unset)         0.411     0.411    u_cap_out/u_fifo/net_clk
    SLICE_X30Y29         FDRE                                         r  u_cap_out/u_fifo/wr_ptr_reg[3]/C
  -------------------------------------------------------------------    -------------------
    SLICE_X30Y29         FDRE (Prop_fdre_C_Q)         0.164     0.575 r  u_cap_out/u_fifo/wr_ptr_reg[3]/Q
                         net (fo=115, routed)         0.210     0.784    u_cap_out/u_fifo/mem_reg_0_15_0_5/ADDRD3
    SLICE_X30Y31         RAMD32                                       r  u_cap_out/u_fifo/mem_reg_0_15_0_5/RAMC_D1/WADR3
  -------------------------------------------------------------------    -------------------

                         (clock net_clk rise edge)    0.000     0.000 r  
                                                      0.000     0.000 r  net_clk (IN)
                         net (fo=1291, unset)         0.432     0.432    u_cap_out/u_fifo/mem_reg_0_15_0_5/WCLK
    SLICE_X30Y31         RAMD32                                       r  u_cap_out/u_fifo/mem_reg_0_15_0_5/RAMC_D1/CLK
                         clock pessimism              0.000     0.432    
    SLICE_X30Y31         RAMD32 (Hold_ramd32_CLK_WADR3)
                                                      0.240     0.672    u_cap_out/u_fifo/mem_reg_0_15_0_5/RAMC_D1
  -------------------------------------------------------------------
                         required time                         -0.672    
                         arrival time                           0.784    
  -------------------------------------------------------------------
                         slack                                  0.112    

Slack (MET) :             0.112ns  (arrival time - required time)
  Source:                 u_cap_out/u_fifo/wr_ptr_reg[3]/C
                            (rising edge-triggered cell FDRE clocked by net_clk  {rise@0.000ns fall@3.200ns period=6.400ns})
  Destination:            u_cap_out/u_fifo/mem_reg_0_15_0_5/RAMD/ADR3
                            (rising edge-triggered cell RAMS32 clocked by net_clk  {rise@0.000ns fall@3.200ns period=6.400ns})
  Path Group:             net_clk
  Path Type:              Hold (Min at Fast Process Corner)
  Requirement:            0.000ns  (net_clk rise@0.000ns - net_clk rise@0.000ns)
  Data Path Delay:        0.374ns  (logic 0.164ns (43.908%)  route 0.210ns (56.092%))
  Logic Levels:           0  
  Clock Path Skew:        0.022ns (DCD - SCD - CPR)
    Destination Clock Delay (DCD):    0.432ns
    Source Clock Delay      (SCD):    0.411ns
    Clock Pessimism Removal (CPR):    -0.000ns

    Location             Delay type                Incr(ns)  Path(ns)    Netlist Resource(s)
  -------------------------------------------------------------------    -------------------
                         (clock net_clk rise edge)    0.000     0.000 r  
                                                      0.000     0.000 r  net_clk (IN)
                         net (fo=1291, unset)         0.411     0.411    u_cap_out/u_fifo/net_clk
    SLICE_X30Y29         FDRE                                         r  u_cap_out/u_fifo/wr_ptr_reg[3]/C
  -------------------------------------------------------------------    -------------------
    SLICE_X30Y29         FDRE (Prop_fdre_C_Q)         0.164     0.575 r  u_cap_out/u_fifo/wr_ptr_reg[3]/Q
                         net (fo=115, routed)         0.210     0.784    u_cap_out/u_fifo/mem_reg_0_15_0_5/ADDRD3
    SLICE_X30Y31         RAMS32                                       r  u_cap_out/u_fifo/mem_reg_0_15_0_5/RAMD/ADR3
  -------------------------------------------------------------------    -------------------

                         (clock net_clk rise edge)    0.000     0.000 r  
                                                      0.000     0.000 r  net_clk (IN)
                         net (fo=1291, unset)         0.432     0.432    u_cap_out/u_fifo/mem_reg_0_15_0_5/WCLK
    SLICE_X30Y31         RAMS32                                       r  u_cap_out/u_fifo/mem_reg_0_15_0_5/RAMD/CLK
                         clock pessimism              0.000     0.432    
    SLICE_X30Y31         RAMS32 (Hold_rams32_CLK_ADR3)
                                                      0.240     0.672    u_cap_out/u_fifo/mem_reg_0_15_0_5/RAMD
  -------------------------------------------------------------------
                         required time                         -0.672    
                         arrival time                           0.784    
  -------------------------------------------------------------------
                         slack                                  0.112    

Slack (MET) :             0.112ns  (arrival time - required time)
  Source:                 u_cap_out/u_fifo/wr_ptr_reg[3]/C
                            (rising edge-triggered cell FDRE clocked by net_clk  {rise@0.000ns fall@3.200ns period=6.400ns})
  Destination:            u_cap_out/u_fifo/mem_reg_0_15_0_5/RAMD_D1/ADR3
                            (rising edge-triggered cell RAMS32 clocked by net_clk  {rise@0.000ns fall@3.200ns period=6.400ns})
  Path Group:             net_clk
  Path Type:              Hold (Min at Fast Process Corner)
  Requirement:            0.000ns  (net_clk rise@0.000ns - net_clk rise@0.000ns)
  Data Path Delay:        0.374ns  (logic 0.164ns (43.908%)  route 0.210ns (56.092%))
  Logic Levels:           0  
  Clock Path Skew:        0.022ns (DCD - SCD - CPR)
    Destination Clock Delay (DCD):    0.432ns
    Source Clock Delay      (SCD):    0.411ns
    Clock Pessimism Removal (CPR):    -0.000ns

    Location             Delay type                Incr(ns)  Path(ns)    Netlist Resource(s)
  -------------------------------------------------------------------    -------------------
                         (clock net_clk rise edge)    0.000     0.000 r  
                                                      0.000     0.000 r  net_clk (IN)
                         net (fo=1291, unset)         0.411     0.411    u_cap_out/u_fifo/net_clk
    SLICE_X30Y29         FDRE                                         r  u_cap_out/u_fifo/wr_ptr_reg[3]/C
  -------------------------------------------------------------------    -------------------
    SLICE_X30Y29         FDRE (Prop_fdre_C_Q)         0.164     0.575 r  u_cap_out/u_fifo/wr_ptr_reg[3]/Q
                         net (fo=115, routed)         0.210     0.784    u_cap_out/u_fifo/mem_reg_0_15_0_5/ADDRD3
    SLICE_X30Y31         RAMS32                                       r  u_cap_out/u_fifo/mem_reg_0_15_0_5/RAMD_D1/ADR3
  -------------------------------------------------------------------    -------------------

                         (clock net_clk rise edge)    0.000     0.000 r  
                                                      0.000     0.000 r  net_clk (IN)
                         net (fo=1291, unset)         0.432     0.432    u_cap_out/u_fifo/mem_reg_0_15_0_5/WCLK
    SLICE_X30Y31         RAMS32                                       r  u_cap_out/u_fifo/mem_reg_0_15_0_5/RAMD_D1/CLK
                         clock pessimism              0.000     0.432    
    SLICE_X30Y31         RAMS32 (Hold_rams32_CLK_ADR3)
                                                      0.240     0.672    u_cap_out/u_fifo/mem_reg_0_15_0_5/RAMD_D1
  -------------------------------------------------------------------
                         required time                         -0.672    
                         arrival time                           0.784    
  -------------------------------------------------------------------
                         slack                                  0.112    

Slack (MET) :             0.137ns  (arrival time - required time)
  Source:                 u_snap/req_sync_reg[0]/C
                            (rising edge-triggered cell FDRE clocked by net_clk  {rise@0.000ns fall@3.200ns period=6.400ns})
  Destination:            u_snap/req_sync_reg[1]/D
                            (rising edge-triggered cell FDRE clocked by net_clk  {rise@0.000ns fall@3.200ns period=6.400ns})
  Path Group:             net_clk
  Path Type:              Hold (Min at Fast Process Corner)
  Requirement:            0.000ns  (net_clk rise@0.000ns - net_clk rise@0.000ns)
  Data Path Delay:        0.219ns  (logic 0.164ns (74.935%)  route 0.055ns (25.065%))
  Logic Levels:           0  
  Clock Path Skew:        0.022ns (DCD - SCD - CPR)
    Destination Clock Delay (DCD):    0.432ns
    Source Clock Delay      (SCD):    0.411ns
    Clock Pessimism Removal (CPR):    -0.000ns

    Location             Delay type                Incr(ns)  Path(ns)    Netlist Resource(s)
  -------------------------------------------------------------------    -------------------
                         (clock net_clk rise edge)    0.000     0.000 r  
                                                      0.000     0.000 r  net_clk (IN)
                         net (fo=1291, unset)         0.411     0.411    u_snap/net_clk
    SLICE_X50Y26         FDRE                                         r  u_snap/req_sync_reg[0]/C
  -------------------------------------------------------------------    -------------------
    SLICE_X50Y26         FDRE (Prop_fdre_C_Q)         0.164     0.575 r  u_snap/req_sync_reg[0]/Q
                         net (fo=1, routed)           0.055     0.630    u_snap/req_sync[0]
    SLICE_X50Y26         FDRE                                         r  u_snap/req_sync_reg[1]/D
  -------------------------------------------------------------------    -------------------

                         (clock net_clk rise edge)    0.000     0.000 r  
                                                      0.000     0.000 r  net_clk (IN)
                         net (fo=1291, unset)         0.432     0.432    u_snap/net_clk
    SLICE_X50Y26         FDRE                                         r  u_snap/req_sync_reg[1]/C
                         clock pessimism              0.000     0.432    
    SLICE_X50Y26         FDRE (Hold_fdre_C_D)         0.060     0.492    u_snap/req_sync_reg[1]
  -------------------------------------------------------------------
                         required time                         -0.492    
                         arrival time                           0.630    
  -------------------------------------------------------------------
                         slack                                  0.137    

Slack (MET) :             0.142ns  (arrival time - required time)
  Source:                 u_hist/ns_diff_reg[6]/C
                            (rising edge-triggered cell FDRE clocked by net_clk  {rise@0.000ns fall@3.200ns period=6.400ns})
  Destination:            u_hist/s1b_delta_reg[6]/D
                            (rising edge-triggered cell FDSE clocked by net_clk  {rise@0.000ns fall@3.200ns period=6.400ns})
  Path Group:             net_clk
  Path Type:              Hold (Min at Fast Process Corner)
  Requirement:            0.000ns  (net_clk rise@0.000ns - net_clk rise@0.000ns)
  Data Path Delay:        0.239ns  (logic 0.141ns (58.910%)  route 0.098ns (41.090%))
  Logic Levels:           0  
  Clock Path Skew:        0.022ns (DCD - SCD - CPR)
    Destination Clock Delay (DCD):    0.432ns
    Source Clock Delay      (SCD):    0.411ns
    Clock Pessimism Removal (CPR):    -0.000ns

    Location             Delay type                Incr(ns)  Path(ns)    Netlist Resource(s)
  -------------------------------------------------------------------    -------------------
                         (clock net_clk rise edge)    0.000     0.000 r  
                                                      0.000     0.000 r  net_clk (IN)
                         net (fo=1291, unset)         0.411     0.411    u_hist/net_clk
    SLICE_X31Y32         FDRE                                         r  u_hist/ns_diff_reg[6]/C
  -------------------------------------------------------------------    -------------------
    SLICE_X31Y32         FDRE (Prop_fdre_C_Q)         0.141     0.552 r  u_hist/ns_diff_reg[6]/Q
                         net (fo=1, routed)           0.098     0.650    u_hist/ns_diff[6]
    SLICE_X28Y32         FDSE                                         r  u_hist/s1b_delta_reg[6]/D
  -------------------------------------------------------------------    -------------------

                         (clock net_clk rise edge)    0.000     0.000 r  
                                                      0.000     0.000 r  net_clk (IN)
                         net (fo=1291, unset)         0.432     0.432    u_hist/net_clk
    SLICE_X28Y32         FDSE                                         r  u_hist/s1b_delta_reg[6]/C
                         clock pessimism              0.000     0.432    
    SLICE_X28Y32         FDSE (Hold_fdse_C_D)         0.076     0.508    u_hist/s1b_delta_reg[6]
  -------------------------------------------------------------------
                         required time                         -0.508    
                         arrival time                           0.650    
  -------------------------------------------------------------------
                         slack                                  0.142    

Slack (MET) :             0.147ns  (arrival time - required time)
  Source:                 u_hist/ns_diff_reg[4]/C
                            (rising edge-triggered cell FDRE clocked by net_clk  {rise@0.000ns fall@3.200ns period=6.400ns})
  Destination:            u_hist/s1b_delta_reg[4]/D
                            (rising edge-triggered cell FDSE clocked by net_clk  {rise@0.000ns fall@3.200ns period=6.400ns})
  Path Group:             net_clk
  Path Type:              Hold (Min at Fast Process Corner)
  Requirement:            0.000ns  (net_clk rise@0.000ns - net_clk rise@0.000ns)
  Data Path Delay:        0.244ns  (logic 0.141ns (57.819%)  route 0.103ns (42.181%))
  Logic Levels:           0  
  Clock Path Skew:        0.022ns (DCD - SCD - CPR)
    Destination Clock Delay (DCD):    0.432ns
    Source Clock Delay      (SCD):    0.411ns
    Clock Pessimism Removal (CPR):    -0.000ns

    Location             Delay type                Incr(ns)  Path(ns)    Netlist Resource(s)
  -------------------------------------------------------------------    -------------------
                         (clock net_clk rise edge)    0.000     0.000 r  
                                                      0.000     0.000 r  net_clk (IN)
                         net (fo=1291, unset)         0.411     0.411    u_hist/net_clk
    SLICE_X31Y32         FDRE                                         r  u_hist/ns_diff_reg[4]/C
  -------------------------------------------------------------------    -------------------
    SLICE_X31Y32         FDRE (Prop_fdre_C_Q)         0.141     0.552 r  u_hist/ns_diff_reg[4]/Q
                         net (fo=1, routed)           0.103     0.655    u_hist/ns_diff[4]
    SLICE_X28Y32         FDSE                                         r  u_hist/s1b_delta_reg[4]/D
  -------------------------------------------------------------------    -------------------

                         (clock net_clk rise edge)    0.000     0.000 r  
                                                      0.000     0.000 r  net_clk (IN)
                         net (fo=1291, unset)         0.432     0.432    u_hist/net_clk
    SLICE_X28Y32         FDSE                                         r  u_hist/s1b_delta_reg[4]/C
                         clock pessimism              0.000     0.432    
    SLICE_X28Y32         FDSE (Hold_fdse_C_D)         0.075     0.507    u_hist/s1b_delta_reg[4]
  -------------------------------------------------------------------
                         required time                         -0.507    
                         arrival time                           0.655    
  -------------------------------------------------------------------
                         slack                                  0.147    

Slack (MET) :             0.154ns  (arrival time - required time)
  Source:                 u_hist/s1b_delta_reg[28]/C
                            (rising edge-triggered cell FDSE clocked by net_clk  {rise@0.000ns fall@3.200ns period=6.400ns})
  Destination:            u_hist/s1_delta_reg[28]/D
                            (rising edge-triggered cell FDRE clocked by net_clk  {rise@0.000ns fall@3.200ns period=6.400ns})
  Path Group:             net_clk
  Path Type:              Hold (Min at Fast Process Corner)
  Requirement:            0.000ns  (net_clk rise@0.000ns - net_clk rise@0.000ns)
  Data Path Delay:        0.250ns  (logic 0.141ns (56.344%)  route 0.109ns (43.656%))
  Logic Levels:           0  
  Clock Path Skew:        0.022ns (DCD - SCD - CPR)
    Destination Clock Delay (DCD):    0.432ns
    Source Clock Delay      (SCD):    0.411ns
    Clock Pessimism Removal (CPR):    -0.000ns

    Location             Delay type                Incr(ns)  Path(ns)    Netlist Resource(s)
  -------------------------------------------------------------------    -------------------
                         (clock net_clk rise edge)    0.000     0.000 r  
                                                      0.000     0.000 r  net_clk (IN)
                         net (fo=1291, unset)         0.411     0.411    u_hist/net_clk
    SLICE_X29Y38         FDSE                                         r  u_hist/s1b_delta_reg[28]/C
  -------------------------------------------------------------------    -------------------
    SLICE_X29Y38         FDSE (Prop_fdse_C_Q)         0.141     0.552 r  u_hist/s1b_delta_reg[28]/Q
                         net (fo=3, routed)           0.109     0.661    u_hist/sel0[26]
    SLICE_X31Y39         FDRE                                         r  u_hist/s1_delta_reg[28]/D
  -------------------------------------------------------------------    -------------------

                         (clock net_clk rise edge)    0.000     0.000 r  
                                                      0.000     0.000 r  net_clk (IN)
                         net (fo=1291, unset)         0.432     0.432    u_hist/net_clk
    SLICE_X31Y39         FDRE                                         r  u_hist/s1_delta_reg[28]/C
                         clock pessimism              0.000     0.432    
    SLICE_X31Y39         FDRE (Hold_fdre_C_D)         0.075     0.507    u_hist/s1_delta_reg[28]
  -------------------------------------------------------------------
                         required time                         -0.507    
                         arrival time                           0.661    
  -------------------------------------------------------------------
                         slack                                  0.154    

Slack (MET) :             0.155ns  (arrival time - required time)
  Source:                 u_hist/s1_delta_reg[17]/C
                            (rising edge-triggered cell FDRE clocked by net_clk  {rise@0.000ns fall@3.200ns period=6.400ns})
  Destination:            u_hist/s2_delta_reg[17]/D
                            (rising edge-triggered cell FDRE clocked by net_clk  {rise@0.000ns fall@3.200ns period=6.400ns})
  Path Group:             net_clk
  Path Type:              Hold (Min at Fast Process Corner)
  Requirement:            0.000ns  (net_clk rise@0.000ns - net_clk rise@0.000ns)
  Data Path Delay:        0.248ns  (logic 0.141ns (56.775%)  route 0.107ns (43.225%))
  Logic Levels:           0  
  Clock Path Skew:        0.022ns (DCD - SCD - CPR)
    Destination Clock Delay (DCD):    0.432ns
    Source Clock Delay      (SCD):    0.411ns
    Clock Pessimism Removal (CPR):    -0.000ns

    Location             Delay type                Incr(ns)  Path(ns)    Netlist Resource(s)
  -------------------------------------------------------------------    -------------------
                         (clock net_clk rise edge)    0.000     0.000 r  
                                                      0.000     0.000 r  net_clk (IN)
                         net (fo=1291, unset)         0.411     0.411    u_hist/net_clk
    SLICE_X23Y35         FDRE                                         r  u_hist/s1_delta_reg[17]/C
  -------------------------------------------------------------------    -------------------
    SLICE_X23Y35         FDRE (Prop_fdre_C_Q)         0.141     0.552 r  u_hist/s1_delta_reg[17]/Q
                         net (fo=1, routed)           0.107     0.659    u_hist/s1_delta[17]
    SLICE_X23Y35         FDRE                                         r  u_hist/s2_delta_reg[17]/D
  -------------------------------------------------------------------    -------------------

                         (clock net_clk rise edge)    0.000     0.000 r  
                                                      0.000     0.000 r  net_clk (IN)
                         net (fo=1291, unset)         0.432     0.432    u_hist/net_clk
    SLICE_X23Y35         FDRE                                         r  u_hist/s2_delta_reg[17]/C
                         clock pessimism              0.000     0.432    
    SLICE_X23Y35         FDRE (Hold_fdre_C_D)         0.072     0.504    u_hist/s2_delta_reg[17]
  -------------------------------------------------------------------
                         required time                         -0.504    
                         arrival time                           0.659    
  -------------------------------------------------------------------
                         slack                                  0.155    

Slack (MET) :             0.155ns  (arrival time - required time)
  Source:                 u_hist/s1_delta_reg[19]/C
                            (rising edge-triggered cell FDRE clocked by net_clk  {rise@0.000ns fall@3.200ns period=6.400ns})
  Destination:            u_hist/s2_delta_reg[19]/D
                            (rising edge-triggered cell FDRE clocked by net_clk  {rise@0.000ns fall@3.200ns period=6.400ns})
  Path Group:             net_clk
  Path Type:              Hold (Min at Fast Process Corner)
  Requirement:            0.000ns  (net_clk rise@0.000ns - net_clk rise@0.000ns)
  Data Path Delay:        0.248ns  (logic 0.141ns (56.775%)  route 0.107ns (43.225%))
  Logic Levels:           0  
  Clock Path Skew:        0.022ns (DCD - SCD - CPR)
    Destination Clock Delay (DCD):    0.432ns
    Source Clock Delay      (SCD):    0.411ns
    Clock Pessimism Removal (CPR):    -0.000ns

    Location             Delay type                Incr(ns)  Path(ns)    Netlist Resource(s)
  -------------------------------------------------------------------    -------------------
                         (clock net_clk rise edge)    0.000     0.000 r  
                                                      0.000     0.000 r  net_clk (IN)
                         net (fo=1291, unset)         0.411     0.411    u_hist/net_clk
    SLICE_X21Y37         FDRE                                         r  u_hist/s1_delta_reg[19]/C
  -------------------------------------------------------------------    -------------------
    SLICE_X21Y37         FDRE (Prop_fdre_C_Q)         0.141     0.552 r  u_hist/s1_delta_reg[19]/Q
                         net (fo=1, routed)           0.107     0.659    u_hist/s1_delta[19]
    SLICE_X21Y37         FDRE                                         r  u_hist/s2_delta_reg[19]/D
  -------------------------------------------------------------------    -------------------

                         (clock net_clk rise edge)    0.000     0.000 r  
                                                      0.000     0.000 r  net_clk (IN)
                         net (fo=1291, unset)         0.432     0.432    u_hist/net_clk
    SLICE_X21Y37         FDRE                                         r  u_hist/s2_delta_reg[19]/C
                         clock pessimism              0.000     0.432    
    SLICE_X21Y37         FDRE (Hold_fdre_C_D)         0.072     0.504    u_hist/s2_delta_reg[19]
  -------------------------------------------------------------------
                         required time                         -0.504    
                         arrival time                           0.659    
  -------------------------------------------------------------------
                         slack                                  0.155    

Slack (MET) :             0.158ns  (arrival time - required time)
  Source:                 u_bridge/s_valid_reg/C
                            (rising edge-triggered cell FDRE clocked by net_clk  {rise@0.000ns fall@3.200ns period=6.400ns})
  Destination:            u_regs/s_valid_d_reg/D
                            (rising edge-triggered cell FDRE clocked by net_clk  {rise@0.000ns fall@3.200ns period=6.400ns})
  Path Group:             net_clk
  Path Type:              Hold (Min at Fast Process Corner)
  Requirement:            0.000ns  (net_clk rise@0.000ns - net_clk rise@0.000ns)
  Data Path Delay:        0.251ns  (logic 0.141ns (56.165%)  route 0.110ns (43.834%))
  Logic Levels:           0  
  Clock Path Skew:        0.022ns (DCD - SCD - CPR)
    Destination Clock Delay (DCD):    0.432ns
    Source Clock Delay      (SCD):    0.411ns
    Clock Pessimism Removal (CPR):    -0.000ns

    Location             Delay type                Incr(ns)  Path(ns)    Netlist Resource(s)
  -------------------------------------------------------------------    -------------------
                         (clock net_clk rise edge)    0.000     0.000 r  
                                                      0.000     0.000 r  net_clk (IN)
                         net (fo=1291, unset)         0.411     0.411    u_bridge/net_clk
    SLICE_X37Y27         FDRE                                         r  u_bridge/s_valid_reg/C
  -------------------------------------------------------------------    -------------------
    SLICE_X37Y27         FDRE (Prop_fdre_C_Q)         0.141     0.552 r  u_bridge/s_valid_reg/Q
                         net (fo=19, routed)          0.110     0.662    u_regs/s_valid
    SLICE_X37Y27         FDRE                                         r  u_regs/s_valid_d_reg/D
  -------------------------------------------------------------------    -------------------

                         (clock net_clk rise edge)    0.000     0.000 r  
                                                      0.000     0.000 r  net_clk (IN)
                         net (fo=1291, unset)         0.432     0.432    u_regs/net_clk
    SLICE_X37Y27         FDRE                                         r  u_regs/s_valid_d_reg/C
                         clock pessimism              0.000     0.432    
    SLICE_X37Y27         FDRE (Hold_fdre_C_D)         0.071     0.503    u_regs/s_valid_d_reg
  -------------------------------------------------------------------
                         required time                         -0.503    
                         arrival time                           0.662    
  -------------------------------------------------------------------
                         slack                                  0.158    

Slack (MET) :             0.160ns  (arrival time - required time)
  Source:                 u_hist/s1_delta_reg[24]/C
                            (rising edge-triggered cell FDRE clocked by net_clk  {rise@0.000ns fall@3.200ns period=6.400ns})
  Destination:            u_hist/s2_delta_reg[24]/D
                            (rising edge-triggered cell FDRE clocked by net_clk  {rise@0.000ns fall@3.200ns period=6.400ns})
  Path Group:             net_clk
  Path Type:              Hold (Min at Fast Process Corner)
  Requirement:            0.000ns  (net_clk rise@0.000ns - net_clk rise@0.000ns)
  Data Path Delay:        0.252ns  (logic 0.141ns (56.019%)  route 0.111ns (43.981%))
  Logic Levels:           0  
  Clock Path Skew:        0.022ns (DCD - SCD - CPR)
    Destination Clock Delay (DCD):    0.432ns
    Source Clock Delay      (SCD):    0.411ns
    Clock Pessimism Removal (CPR):    -0.000ns

    Location             Delay type                Incr(ns)  Path(ns)    Netlist Resource(s)
  -------------------------------------------------------------------    -------------------
                         (clock net_clk rise edge)    0.000     0.000 r  
                                                      0.000     0.000 r  net_clk (IN)
                         net (fo=1291, unset)         0.411     0.411    u_hist/net_clk
    SLICE_X28Y35         FDRE                                         r  u_hist/s1_delta_reg[24]/C
  -------------------------------------------------------------------    -------------------
    SLICE_X28Y35         FDRE (Prop_fdre_C_Q)         0.141     0.552 r  u_hist/s1_delta_reg[24]/Q
                         net (fo=1, routed)           0.111     0.662    u_hist/s1_delta[24]
    SLICE_X28Y35         FDRE                                         r  u_hist/s2_delta_reg[24]/D
  -------------------------------------------------------------------    -------------------

                         (clock net_clk rise edge)    0.000     0.000 r  
                                                      0.000     0.000 r  net_clk (IN)
                         net (fo=1291, unset)         0.432     0.432    u_hist/net_clk
    SLICE_X28Y35         FDRE                                         r  u_hist/s2_delta_reg[24]/C
                         clock pessimism              0.000     0.432    
    SLICE_X28Y35         FDRE (Hold_fdre_C_D)         0.070     0.502    u_hist/s2_delta_reg[24]
  -------------------------------------------------------------------
                         required time                         -0.502    
                         arrival time                           0.662    
  -------------------------------------------------------------------
                         slack                                  0.160    

Slack (MET) :             0.167ns  (arrival time - required time)
  Source:                 u_hist/s2_bin_reg[6]/C
                            (rising edge-triggered cell FDRE clocked by net_clk  {rise@0.000ns fall@3.200ns period=6.400ns})
  Destination:            u_hist/last_addr_reg[6]/D
                            (rising edge-triggered cell FDRE clocked by net_clk  {rise@0.000ns fall@3.200ns period=6.400ns})
  Path Group:             net_clk
  Path Type:              Hold (Min at Fast Process Corner)
  Requirement:            0.000ns  (net_clk rise@0.000ns - net_clk rise@0.000ns)
  Data Path Delay:        0.281ns  (logic 0.186ns (66.201%)  route 0.095ns (33.799%))
  Logic Levels:           1  (LUT3=1)
  Clock Path Skew:        0.022ns (DCD - SCD - CPR)
    Destination Clock Delay (DCD):    0.432ns
    Source Clock Delay      (SCD):    0.411ns
    Clock Pessimism Removal (CPR):    -0.000ns

    Location             Delay type                Incr(ns)  Path(ns)    Netlist Resource(s)
  -------------------------------------------------------------------    -------------------
                         (clock net_clk rise edge)    0.000     0.000 r  
                                                      0.000     0.000 r  net_clk (IN)
                         net (fo=1291, unset)         0.411     0.411    u_hist/net_clk
    SLICE_X24Y27         FDRE                                         r  u_hist/s2_bin_reg[6]/C
  -------------------------------------------------------------------    -------------------
    SLICE_X24Y27         FDRE (Prop_fdre_C_Q)         0.141     0.552 r  u_hist/s2_bin_reg[6]/Q
                         net (fo=2, routed)           0.095     0.647    u_hist/s2_bin[6]
    SLICE_X25Y27         LUT3 (Prop_lut3_I2_O)        0.045     0.692 r  u_hist/bin_mem_reg_i_8/O
                         net (fo=2, routed)           0.000     0.692    u_hist/waddr[6]
    SLICE_X25Y27         FDRE                                         r  u_hist/last_addr_reg[6]/D
  -------------------------------------------------------------------    -------------------

                         (clock net_clk rise edge)    0.000     0.000 r  
                                                      0.000     0.000 r  net_clk (IN)
                         net (fo=1291, unset)         0.432     0.432    u_hist/net_clk
    SLICE_X25Y27         FDRE                                         r  u_hist/last_addr_reg[6]/C
                         clock pessimism              0.000     0.432    
    SLICE_X25Y27         FDRE (Hold_fdre_C_D)         0.092     0.524    u_hist/last_addr_reg[6]
  -------------------------------------------------------------------
                         required time                         -0.524    
                         arrival time                           0.692    
  -------------------------------------------------------------------
                         slack                                  0.167    





Pulse Width Checks
--------------------------------------------------------------------------------------
Clock Name:         net_clk
Waveform(ns):       { 0.000 3.200 }
Period(ns):         6.400
Sources:            { net_clk }

Check Type        Corner  Lib Pin             Reference Pin  Required(ns)  Actual(ns)  Slack(ns)  Location      Pin
Min Period        n/a     RAMB18E1/CLKARDCLK  n/a            2.234         6.400       4.166      RAMB18_X1Y10  u_hist/bin_mem_reg/CLKARDCLK
Min Period        n/a     RAMB18E1/CLKBWRCLK  n/a            2.234         6.400       4.166      RAMB18_X1Y10  u_hist/bin_mem_reg/CLKBWRCLK
Min Period        n/a     FDRE/C              n/a            1.000         6.400       5.400      SLICE_X38Y26  u_bridge/ack_tgl_reg/C
Min Period        n/a     FDRE/C              n/a            1.000         6.400       5.400      SLICE_X37Y29  u_bridge/rdata_hold_reg[0]/C
Min Period        n/a     FDRE/C              n/a            1.000         6.400       5.400      SLICE_X36Y28  u_bridge/rdata_hold_reg[10]/C
Min Period        n/a     FDRE/C              n/a            1.000         6.400       5.400      SLICE_X33Y28  u_bridge/rdata_hold_reg[11]/C
Min Period        n/a     FDRE/C              n/a            1.000         6.400       5.400      SLICE_X36Y29  u_bridge/rdata_hold_reg[12]/C
Min Period        n/a     FDRE/C              n/a            1.000         6.400       5.400      SLICE_X35Y29  u_bridge/rdata_hold_reg[13]/C
Min Period        n/a     FDRE/C              n/a            1.000         6.400       5.400      SLICE_X32Y31  u_bridge/rdata_hold_reg[14]/C
Min Period        n/a     FDRE/C              n/a            1.000         6.400       5.400      SLICE_X35Y29  u_bridge/rdata_hold_reg[15]/C
Min Period        n/a     FDRE/C              n/a            1.000         6.400       5.400      SLICE_X31Y28  u_bridge/rdata_hold_reg[16]/C
Min Period        n/a     FDRE/C              n/a            1.000         6.400       5.400      SLICE_X32Y30  u_bridge/rdata_hold_reg[17]/C
Min Period        n/a     FDRE/C              n/a            1.000         6.400       5.400      SLICE_X32Y30  u_bridge/rdata_hold_reg[18]/C
Min Period        n/a     FDRE/C              n/a            1.000         6.400       5.400      SLICE_X32Y31  u_bridge/rdata_hold_reg[19]/C
Min Period        n/a     FDRE/C              n/a            1.000         6.400       5.400      SLICE_X37Y29  u_bridge/rdata_hold_reg[1]/C
Min Period        n/a     FDRE/C              n/a            1.000         6.400       5.400      SLICE_X33Y28  u_bridge/rdata_hold_reg[20]/C
Min Period        n/a     FDRE/C              n/a            1.000         6.400       5.400      SLICE_X30Y39  u_bridge/rdata_hold_reg[21]/C
Min Period        n/a     FDRE/C              n/a            1.000         6.400       5.400      SLICE_X32Y37  u_bridge/rdata_hold_reg[22]/C
Min Period        n/a     FDRE/C              n/a            1.000         6.400       5.400      SLICE_X29Y40  u_bridge/rdata_hold_reg[23]/C
Min Period        n/a     FDRE/C              n/a            1.000         6.400       5.400      SLICE_X28Y39  u_bridge/rdata_hold_reg[24]/C
Low Pulse Width   Slow    RAMD32/CLK          n/a            1.050         3.200       2.150      SLICE_X30Y30  u_cap_in/u_fifo/mem_reg_0_15_0_5/RAMA/CLK
Low Pulse Width   Fast    RAMD32/CLK          n/a            1.050         3.200       2.150      SLICE_X30Y30  u_cap_in/u_fifo/mem_reg_0_15_0_5/RAMA/CLK
Low Pulse Width   Slow    RAMD32/CLK          n/a            1.050         3.200       2.150      SLICE_X30Y30  u_cap_in/u_fifo/mem_reg_0_15_0_5/RAMA_D1/CLK
Low Pulse Width   Fast    RAMD32/CLK          n/a            1.050         3.200       2.150      SLICE_X30Y30  u_cap_in/u_fifo/mem_reg_0_15_0_5/RAMA_D1/CLK
Low Pulse Width   Slow    RAMD32/CLK          n/a            1.050         3.200       2.150      SLICE_X30Y30  u_cap_in/u_fifo/mem_reg_0_15_0_5/RAMB/CLK
Low Pulse Width   Fast    RAMD32/CLK          n/a            1.050         3.200       2.150      SLICE_X30Y30  u_cap_in/u_fifo/mem_reg_0_15_0_5/RAMB/CLK
Low Pulse Width   Slow    RAMD32/CLK          n/a            1.050         3.200       2.150      SLICE_X30Y30  u_cap_in/u_fifo/mem_reg_0_15_0_5/RAMB_D1/CLK
Low Pulse Width   Fast    RAMD32/CLK          n/a            1.050         3.200       2.150      SLICE_X30Y30  u_cap_in/u_fifo/mem_reg_0_15_0_5/RAMB_D1/CLK
Low Pulse Width   Slow    RAMD32/CLK          n/a            1.050         3.200       2.150      SLICE_X30Y30  u_cap_in/u_fifo/mem_reg_0_15_0_5/RAMC/CLK
Low Pulse Width   Fast    RAMD32/CLK          n/a            1.050         3.200       2.150      SLICE_X30Y30  u_cap_in/u_fifo/mem_reg_0_15_0_5/RAMC/CLK
Low Pulse Width   Slow    RAMD32/CLK          n/a            1.050         3.200       2.150      SLICE_X30Y30  u_cap_in/u_fifo/mem_reg_0_15_0_5/RAMC_D1/CLK
Low Pulse Width   Fast    RAMD32/CLK          n/a            1.050         3.200       2.150      SLICE_X30Y30  u_cap_in/u_fifo/mem_reg_0_15_0_5/RAMC_D1/CLK
Low Pulse Width   Slow    RAMS32/CLK          n/a            1.050         3.200       2.150      SLICE_X30Y30  u_cap_in/u_fifo/mem_reg_0_15_0_5/RAMD/CLK
Low Pulse Width   Fast    RAMS32/CLK          n/a            1.050         3.200       2.150      SLICE_X30Y30  u_cap_in/u_fifo/mem_reg_0_15_0_5/RAMD/CLK
Low Pulse Width   Slow    RAMS32/CLK          n/a            1.050         3.200       2.150      SLICE_X30Y30  u_cap_in/u_fifo/mem_reg_0_15_0_5/RAMD_D1/CLK
Low Pulse Width   Fast    RAMS32/CLK          n/a            1.050         3.200       2.150      SLICE_X30Y30  u_cap_in/u_fifo/mem_reg_0_15_0_5/RAMD_D1/CLK
Low Pulse Width   Slow    RAMD32/CLK          n/a            1.050         3.200       2.150      SLICE_X30Y35  u_cap_in/u_fifo/mem_reg_0_15_12_17/RAMA/CLK
Low Pulse Width   Fast    RAMD32/CLK          n/a            1.050         3.200       2.150      SLICE_X30Y35  u_cap_in/u_fifo/mem_reg_0_15_12_17/RAMA/CLK
Low Pulse Width   Slow    RAMD32/CLK          n/a            1.050         3.200       2.150      SLICE_X30Y35  u_cap_in/u_fifo/mem_reg_0_15_12_17/RAMA_D1/CLK
Low Pulse Width   Fast    RAMD32/CLK          n/a            1.050         3.200       2.150      SLICE_X30Y35  u_cap_in/u_fifo/mem_reg_0_15_12_17/RAMA_D1/CLK
High Pulse Width  Slow    RAMD32/CLK          n/a            1.050         3.200       2.150      SLICE_X30Y30  u_cap_in/u_fifo/mem_reg_0_15_0_5/RAMA/CLK
High Pulse Width  Fast    RAMD32/CLK          n/a            1.050         3.200       2.150      SLICE_X30Y30  u_cap_in/u_fifo/mem_reg_0_15_0_5/RAMA/CLK
High Pulse Width  Slow    RAMD32/CLK          n/a            1.050         3.200       2.150      SLICE_X30Y30  u_cap_in/u_fifo/mem_reg_0_15_0_5/RAMA_D1/CLK
High Pulse Width  Fast    RAMD32/CLK          n/a            1.050         3.200       2.150      SLICE_X30Y30  u_cap_in/u_fifo/mem_reg_0_15_0_5/RAMA_D1/CLK
High Pulse Width  Slow    RAMD32/CLK          n/a            1.050         3.200       2.150      SLICE_X30Y30  u_cap_in/u_fifo/mem_reg_0_15_0_5/RAMB/CLK
High Pulse Width  Fast    RAMD32/CLK          n/a            1.050         3.200       2.150      SLICE_X30Y30  u_cap_in/u_fifo/mem_reg_0_15_0_5/RAMB/CLK
High Pulse Width  Slow    RAMD32/CLK          n/a            1.050         3.200       2.150      SLICE_X30Y30  u_cap_in/u_fifo/mem_reg_0_15_0_5/RAMB_D1/CLK
High Pulse Width  Fast    RAMD32/CLK          n/a            1.050         3.200       2.150      SLICE_X30Y30  u_cap_in/u_fifo/mem_reg_0_15_0_5/RAMB_D1/CLK
High Pulse Width  Slow    RAMD32/CLK          n/a            1.050         3.200       2.150      SLICE_X30Y30  u_cap_in/u_fifo/mem_reg_0_15_0_5/RAMC/CLK
High Pulse Width  Fast    RAMD32/CLK          n/a            1.050         3.200       2.150      SLICE_X30Y30  u_cap_in/u_fifo/mem_reg_0_15_0_5/RAMC/CLK
High Pulse Width  Slow    RAMD32/CLK          n/a            1.050         3.200       2.150      SLICE_X30Y30  u_cap_in/u_fifo/mem_reg_0_15_0_5/RAMC_D1/CLK
High Pulse Width  Fast    RAMD32/CLK          n/a            1.050         3.200       2.150      SLICE_X30Y30  u_cap_in/u_fifo/mem_reg_0_15_0_5/RAMC_D1/CLK
High Pulse Width  Slow    RAMS32/CLK          n/a            1.050         3.200       2.150      SLICE_X30Y30  u_cap_in/u_fifo/mem_reg_0_15_0_5/RAMD/CLK
High Pulse Width  Fast    RAMS32/CLK          n/a            1.050         3.200       2.150      SLICE_X30Y30  u_cap_in/u_fifo/mem_reg_0_15_0_5/RAMD/CLK
High Pulse Width  Slow    RAMS32/CLK          n/a            1.050         3.200       2.150      SLICE_X30Y30  u_cap_in/u_fifo/mem_reg_0_15_0_5/RAMD_D1/CLK
High Pulse Width  Fast    RAMS32/CLK          n/a            1.050         3.200       2.150      SLICE_X30Y30  u_cap_in/u_fifo/mem_reg_0_15_0_5/RAMD_D1/CLK
High Pulse Width  Slow    RAMD32/CLK          n/a            1.050         3.200       2.150      SLICE_X30Y35  u_cap_in/u_fifo/mem_reg_0_15_12_17/RAMA/CLK
High Pulse Width  Fast    RAMD32/CLK          n/a            1.050         3.200       2.150      SLICE_X30Y35  u_cap_in/u_fifo/mem_reg_0_15_12_17/RAMA/CLK
High Pulse Width  Slow    RAMD32/CLK          n/a            1.050         3.200       2.150      SLICE_X30Y35  u_cap_in/u_fifo/mem_reg_0_15_12_17/RAMA_D1/CLK
High Pulse Width  Fast    RAMD32/CLK          n/a            1.050         3.200       2.150      SLICE_X30Y35  u_cap_in/u_fifo/mem_reg_0_15_12_17/RAMA_D1/CLK



---------------------------------------------------------------------------------------------------
From Clock:  net_clk
  To Clock:  aclk

Setup :            0  Failing Endpoints,  Worst Slack        5.171ns,  Total Violation        0.000ns
Hold  :           NA  Failing Endpoints,  Worst Slack           NA  ,  Total Violation           NA
---------------------------------------------------------------------------------------------------


Max Delay Paths
--------------------------------------------------------------------------------------
Slack (MET) :             5.171ns  (required time - arrival time)
  Source:                 u_snap/snap_reg[77]/C
                            (rising edge-triggered cell FDRE clocked by net_clk  {rise@0.000ns fall@3.200ns period=6.400ns})
  Destination:            u_snap/dst_sec_reg[45]/D
                            (rising edge-triggered cell FDRE clocked by aclk  {rise@0.000ns fall@5.000ns period=10.000ns})
  Path Group:             aclk
  Path Type:              Setup (Max at Slow Process Corner)
  Requirement:            6.400ns  (MaxDelay Path 6.400ns)
  Data Path Delay:        1.055ns  (logic 0.313ns (29.665%)  route 0.742ns (70.335%))
  Logic Levels:           0  
  Timing Exception:       MaxDelay Path 6.400ns -datapath_only

    Location             Delay type                Incr(ns)  Path(ns)    Netlist Resource(s)
  -------------------------------------------------------------------    -------------------
    SLICE_X49Y39                                      0.000     0.000 r  u_snap/snap_reg[77]/C
    SLICE_X49Y39         FDRE (Prop_fdre_C_Q)         0.313     0.313 r  u_snap/snap_reg[77]/Q
                         net (fo=1, routed)           0.742     1.055    u_snap/p_1_in__0[45]
    SLICE_X53Y36         FDRE                                         r  u_snap/dst_sec_reg[45]/D
  -------------------------------------------------------------------    -------------------

                         max delay                    6.400     6.400    
    SLICE_X53Y36         FDRE (Setup_fdre_C_D)       -0.174     6.226    u_snap/dst_sec_reg[45]
  -------------------------------------------------------------------
                         required time                          6.226    
                         arrival time                          -1.055    
  -------------------------------------------------------------------
                         slack                                  5.171    

Slack (MET) :             5.227ns  (required time - arrival time)
  Source:                 u_snap/snap_reg[76]/C
                            (rising edge-triggered cell FDRE clocked by net_clk  {rise@0.000ns fall@3.200ns period=6.400ns})
  Destination:            u_snap/dst_sec_reg[44]/D
                            (rising edge-triggered cell FDRE clocked by aclk  {rise@0.000ns fall@5.000ns period=10.000ns})
  Path Group:             aclk
  Path Type:              Setup (Max at Slow Process Corner)
  Requirement:            6.400ns  (MaxDelay Path 6.400ns)
  Data Path Delay:        1.008ns  (logic 0.313ns (31.037%)  route 0.695ns (68.963%))
  Logic Levels:           0  
  Timing Exception:       MaxDelay Path 6.400ns -datapath_only

    Location             Delay type                Incr(ns)  Path(ns)    Netlist Resource(s)
  -------------------------------------------------------------------    -------------------
    SLICE_X49Y36                                      0.000     0.000 r  u_snap/snap_reg[76]/C
    SLICE_X49Y36         FDRE (Prop_fdre_C_Q)         0.313     0.313 r  u_snap/snap_reg[76]/Q
                         net (fo=1, routed)           0.695     1.008    u_snap/p_1_in__0[44]
    SLICE_X53Y36         FDRE                                         r  u_snap/dst_sec_reg[44]/D
  -------------------------------------------------------------------    -------------------

                         max delay                    6.400     6.400    
    SLICE_X53Y36         FDRE (Setup_fdre_C_D)       -0.165     6.235    u_snap/dst_sec_reg[44]
  -------------------------------------------------------------------
                         required time                          6.235    
                         arrival time                          -1.008    
  -------------------------------------------------------------------
                         slack                                  5.227    

Slack (MET) :             5.249ns  (required time - arrival time)
  Source:                 u_snap/snap_reg[46]/C
                            (rising edge-triggered cell FDRE clocked by net_clk  {rise@0.000ns fall@3.200ns period=6.400ns})
  Destination:            u_snap/dst_sec_reg[14]/D
                            (rising edge-triggered cell FDRE clocked by aclk  {rise@0.000ns fall@5.000ns period=10.000ns})
  Path Group:             aclk
  Path Type:              Setup (Max at Slow Process Corner)
  Requirement:            6.400ns  (MaxDelay Path 6.400ns)
  Data Path Delay:        1.101ns  (logic 0.393ns (35.708%)  route 0.708ns (64.292%))
  Logic Levels:           0  
  Timing Exception:       MaxDelay Path 6.400ns -datapath_only

    Location             Delay type                Incr(ns)  Path(ns)    Netlist Resource(s)
  -------------------------------------------------------------------    -------------------
    SLICE_X46Y35                                      0.000     0.000 r  u_snap/snap_reg[46]/C
    SLICE_X46Y35         FDRE (Prop_fdre_C_Q)         0.393     0.393 r  u_snap/snap_reg[46]/Q
                         net (fo=1, routed)           0.708     1.101    u_snap/p_1_in__0[14]
    SLICE_X53Y34         FDRE                                         r  u_snap/dst_sec_reg[14]/D
  -------------------------------------------------------------------    -------------------

                         max delay                    6.400     6.400    
    SLICE_X53Y34         FDRE (Setup_fdre_C_D)       -0.050     6.350    u_snap/dst_sec_reg[14]
  -------------------------------------------------------------------
                         required time                          6.350    
                         arrival time                          -1.101    
  -------------------------------------------------------------------
                         slack                                  5.249    

Slack (MET) :             5.250ns  (required time - arrival time)
  Source:                 u_bridge/rdata_hold_reg[22]/C
                            (rising edge-triggered cell FDRE clocked by net_clk  {rise@0.000ns fall@3.200ns period=6.400ns})
  Destination:            u_bridge/m_rdata_reg[22]/D
                            (rising edge-triggered cell FDRE clocked by aclk  {rise@0.000ns fall@5.000ns period=10.000ns})
  Path Group:             aclk
  Path Type:              Setup (Max at Slow Process Corner)
  Requirement:            6.400ns  (MaxDelay Path 6.400ns)
  Data Path Delay:        1.120ns  (logic 0.393ns (35.094%)  route 0.727ns (64.906%))
  Logic Levels:           0  
  Timing Exception:       MaxDelay Path 6.400ns -datapath_only

    Location             Delay type                Incr(ns)  Path(ns)    Netlist Resource(s)
  -------------------------------------------------------------------    -------------------
    SLICE_X32Y37                                      0.000     0.000 r  u_bridge/rdata_hold_reg[22]/C
    SLICE_X32Y37         FDRE (Prop_fdre_C_Q)         0.393     0.393 r  u_bridge/rdata_hold_reg[22]/Q
                         net (fo=1, routed)           0.727     1.120    u_bridge/rdata_hold[22]
    SLICE_X46Y39         FDRE                                         r  u_bridge/m_rdata_reg[22]/D
  -------------------------------------------------------------------    -------------------

                         max delay                    6.400     6.400    
    SLICE_X46Y39         FDRE (Setup_fdre_C_D)       -0.030     6.370    u_bridge/m_rdata_reg[22]
  -------------------------------------------------------------------
                         required time                          6.370    
                         arrival time                          -1.120    
  -------------------------------------------------------------------
                         slack                                  5.250    

Slack (MET) :             5.286ns  (required time - arrival time)
  Source:                 u_snap/snap_reg[11]/C
                            (rising edge-triggered cell FDRE clocked by net_clk  {rise@0.000ns fall@3.200ns period=6.400ns})
  Destination:            u_snap/dst_ns_reg[11]/D
                            (rising edge-triggered cell FDRE clocked by aclk  {rise@0.000ns fall@5.000ns period=10.000ns})
  Path Group:             aclk
  Path Type:              Setup (Max at Slow Process Corner)
  Requirement:            6.400ns  (MaxDelay Path 6.400ns)
  Data Path Delay:        1.048ns  (logic 0.393ns (37.486%)  route 0.655ns (62.514%))
  Logic Levels:           0  
  Timing Exception:       MaxDelay Path 6.400ns -datapath_only

    Location             Delay type                Incr(ns)  Path(ns)    Netlist Resource(s)
  -------------------------------------------------------------------    -------------------
    SLICE_X50Y34                                      0.000     0.000 r  u_snap/snap_reg[11]/C
    SLICE_X50Y34         FDRE (Prop_fdre_C_Q)         0.393     0.393 r  u_snap/snap_reg[11]/Q
                         net (fo=1, routed)           0.655     1.048    u_snap/snap_reg_n_0_[11]
    SLICE_X53Y34         FDRE                                         r  u_snap/dst_ns_reg[11]/D
  -------------------------------------------------------------------    -------------------

                         max delay                    6.400     6.400    
    SLICE_X53Y34         FDRE (Setup_fdre_C_D)       -0.066     6.334    u_snap/dst_ns_reg[11]
  -------------------------------------------------------------------
                         required time                          6.334    
                         arrival time                          -1.048    
  -------------------------------------------------------------------
                         slack                                  5.286    

Slack (MET) :             5.294ns  (required time - arrival time)
  Source:                 u_bridge/rdata_hold_reg[17]/C
                            (rising edge-triggered cell FDRE clocked by net_clk  {rise@0.000ns fall@3.200ns period=6.400ns})
  Destination:            u_bridge/m_rdata_reg[17]/D
                            (rising edge-triggered cell FDRE clocked by aclk  {rise@0.000ns fall@5.000ns period=10.000ns})
  Path Group:             aclk
  Path Type:              Setup (Max at Slow Process Corner)
  Requirement:            6.400ns  (MaxDelay Path 6.400ns)
  Data Path Delay:        1.099ns  (logic 0.393ns (35.744%)  route 0.706ns (64.256%))
  Logic Levels:           0  
  Timing Exception:       MaxDelay Path 6.400ns -datapath_only

    Location             Delay type                Incr(ns)  Path(ns)    Netlist Resource(s)
  -------------------------------------------------------------------    -------------------
    SLICE_X32Y30                                      0.000     0.000 r  u_bridge/rdata_hold_reg[17]/C
    SLICE_X32Y30         FDRE (Prop_fdre_C_Q)         0.393     0.393 r  u_bridge/rdata_hold_reg[17]/Q
                         net (fo=1, routed)           0.706     1.099    u_bridge/rdata_hold[17]
    SLICE_X46Y30         FDRE                                         r  u_bridge/m_rdata_reg[17]/D
  -------------------------------------------------------------------    -------------------

                         max delay                    6.400     6.400    
    SLICE_X46Y30         FDRE (Setup_fdre_C_D)       -0.007     6.393    u_bridge/m_rdata_reg[17]
  -------------------------------------------------------------------
                         required time                          6.393    
                         arrival time                          -1.099    
  -------------------------------------------------------------------
                         slack                                  5.294    

Slack (MET) :             5.300ns  (required time - arrival time)
  Source:                 u_snap/snap_reg[54]/C
                            (rising edge-triggered cell FDRE clocked by net_clk  {rise@0.000ns fall@3.200ns period=6.400ns})
  Destination:            u_snap/dst_sec_reg[22]/D
                            (rising edge-triggered cell FDRE clocked by aclk  {rise@0.000ns fall@5.000ns period=10.000ns})
  Path Group:             aclk
  Path Type:              Setup (Max at Slow Process Corner)
  Requirement:            6.400ns  (MaxDelay Path 6.400ns)
  Data Path Delay:        0.920ns  (logic 0.313ns (34.011%)  route 0.607ns (65.989%))
  Logic Levels:           0  
  Timing Exception:       MaxDelay Path 6.400ns -datapath_only

    Location             Delay type                Incr(ns)  Path(ns)    Netlist Resource(s)
  -------------------------------------------------------------------    -------------------
    SLICE_X49Y36                                      0.000     0.000 r  u_snap/snap_reg[54]/C
    SLICE_X49Y36         FDRE (Prop_fdre_C_Q)         0.313     0.313 r  u_snap/snap_reg[54]/Q
                         net (fo=1, routed)           0.607     0.920    u_snap/p_1_in__0[22]
    SLICE_X53Y36         FDRE                                         r  u_snap/dst_sec_reg[22]/D
  -------------------------------------------------------------------    -------------------

                         max delay                    6.400     6.400    
    SLICE_X53Y36         FDRE (Setup_fdre_C_D)       -0.180     6.220    u_snap/dst_sec_reg[22]
  -------------------------------------------------------------------
                         required time                          6.220    
                         arrival time                          -0.920    
  -------------------------------------------------------------------
                         slack                                  5.300    

Slack (MET) :             5.305ns  (required time - arrival time)
  Source:                 u_snap/snap_reg[79]/C
                            (rising edge-triggered cell FDRE clocked by net_clk  {rise@0.000ns fall@3.200ns period=6.400ns})
  Destination:            u_snap/dst_sec_reg[47]/D
                            (rising edge-triggered cell FDRE clocked by aclk  {rise@0.000ns fall@5.000ns period=10.000ns})
  Path Group:             aclk
  Path Type:              Setup (Max at Slow Process Corner)
  Requirement:            6.400ns  (MaxDelay Path 6.400ns)
  Data Path Delay:        1.042ns  (logic 0.341ns (32.718%)  route 0.701ns (67.282%))
  Logic Levels:           0  
  Timing Exception:       MaxDelay Path 6.400ns -datapath_only

    Location             Delay type                Incr(ns)  Path(ns)    Netlist Resource(s)
  -------------------------------------------------------------------    -------------------
    SLICE_X52Y39                                      0.000     0.000 r  u_snap/snap_reg[79]/C
    SLICE_X52Y39         FDRE (Prop_fdre_C_Q)         0.341     0.341 r  u_snap/snap_reg[79]/Q
                         net (fo=1, routed)           0.701     1.042    u_snap/p_1_in__0[47]
    SLICE_X53Y36         FDRE                                         r  u_snap/dst_sec_reg[47]/D
  -------------------------------------------------------------------    -------------------

                         max delay                    6.400     6.400    
    SLICE_X53Y36         FDRE (Setup_fdre_C_D)       -0.053     6.347    u_snap/dst_sec_reg[47]
  -------------------------------------------------------------------
                         required time                          6.347    
                         arrival time                          -1.042    
  -------------------------------------------------------------------
                         slack                                  5.305    

Slack (MET) :             5.312ns  (required time - arrival time)
  Source:                 u_snap/snap_reg[13]/C
                            (rising edge-triggered cell FDRE clocked by net_clk  {rise@0.000ns fall@3.200ns period=6.400ns})
  Destination:            u_snap/dst_ns_reg[13]/D
                            (rising edge-triggered cell FDRE clocked by aclk  {rise@0.000ns fall@5.000ns period=10.000ns})
  Path Group:             aclk
  Path Type:              Setup (Max at Slow Process Corner)
  Requirement:            6.400ns  (MaxDelay Path 6.400ns)
  Data Path Delay:        1.038ns  (logic 0.341ns (32.842%)  route 0.697ns (67.158%))
  Logic Levels:           0  
  Timing Exception:       MaxDelay Path 6.400ns -datapath_only

    Location             Delay type                Incr(ns)  Path(ns)    Netlist Resource(s)
  -------------------------------------------------------------------    -------------------
    SLICE_X56Y34                                      0.000     0.000 r  u_snap/snap_reg[13]/C
    SLICE_X56Y34         FDRE (Prop_fdre_C_Q)         0.341     0.341 r  u_snap/snap_reg[13]/Q
                         net (fo=1, routed)           0.697     1.038    u_snap/snap_reg_n_0_[13]
    SLICE_X56Y35         FDRE                                         r  u_snap/dst_ns_reg[13]/D
  -------------------------------------------------------------------    -------------------

                         max delay                    6.400     6.400    
    SLICE_X56Y35         FDRE (Setup_fdre_C_D)       -0.050     6.350    u_snap/dst_ns_reg[13]
  -------------------------------------------------------------------
                         required time                          6.350    
                         arrival time                          -1.038    
  -------------------------------------------------------------------
                         slack                                  5.312    

Slack (MET) :             5.337ns  (required time - arrival time)
  Source:                 u_snap/snap_reg[64]/C
                            (rising edge-triggered cell FDRE clocked by net_clk  {rise@0.000ns fall@3.200ns period=6.400ns})
  Destination:            u_snap/dst_sec_reg[32]/D
                            (rising edge-triggered cell FDRE clocked by aclk  {rise@0.000ns fall@5.000ns period=10.000ns})
  Path Group:             aclk
  Path Type:              Setup (Max at Slow Process Corner)
  Requirement:            6.400ns  (MaxDelay Path 6.400ns)
  Data Path Delay:        1.046ns  (logic 0.341ns (32.604%)  route 0.705ns (67.396%))
  Logic Levels:           0  
  Timing Exception:       MaxDelay Path 6.400ns -datapath_only

    Location             Delay type                Incr(ns)  Path(ns)    Netlist Resource(s)
  -------------------------------------------------------------------    -------------------
    SLICE_X45Y37                                      0.000     0.000 r  u_snap/snap_reg[64]/C
    SLICE_X45Y37         FDRE (Prop_fdre_C_Q)         0.341     0.341 r  u_snap/snap_reg[64]/Q
                         net (fo=1, routed)           0.705     1.046    u_snap/p_1_in__0[32]
    SLICE_X46Y34         FDRE                                         r  u_snap/dst_sec_reg[32]/D
  -------------------------------------------------------------------    -------------------

                         max delay                    6.400     6.400    
    SLICE_X46Y34         FDRE (Setup_fdre_C_D)       -0.017     6.383    u_snap/dst_sec_reg[32]
  -------------------------------------------------------------------
                         required time                          6.383    
                         arrival time                          -1.046    
  -------------------------------------------------------------------
                         slack                                  5.337    

Slack (MET) :             5.344ns  (required time - arrival time)
  Source:                 u_bridge/rdata_hold_reg[11]/C
                            (rising edge-triggered cell FDRE clocked by net_clk  {rise@0.000ns fall@3.200ns period=6.400ns})
  Destination:            u_bridge/m_rdata_reg[11]/D
                            (rising edge-triggered cell FDRE clocked by aclk  {rise@0.000ns fall@5.000ns period=10.000ns})
  Path Group:             aclk
  Path Type:              Setup (Max at Slow Process Corner)
  Requirement:            6.400ns  (MaxDelay Path 6.400ns)
  Data Path Delay:        1.028ns  (logic 0.341ns (33.164%)  route 0.687ns (66.836%))
  Logic Levels:           0  
  Timing Exception:       MaxDelay Path 6.400ns -datapath_only

    Location             Delay type                Incr(ns)  Path(ns)    Netlist Resource(s)
  -------------------------------------------------------------------    -------------------
    SLICE_X33Y28                                      0.000     0.000 r  u_bridge/rdata_hold_reg[11]/C
    SLICE_X33Y28         FDRE (Prop_fdre_C_Q)         0.341     0.341 r  u_bridge/rdata_hold_reg[11]/Q
                         net (fo=1, routed)           0.687     1.028    u_bridge/rdata_hold[11]
    SLICE_X46Y30         FDRE                                         r  u_bridge/m_rdata_reg[11]/D
  -------------------------------------------------------------------    -------------------

                         max delay                    6.400     6.400    
    SLICE_X46Y30         FDRE (Setup_fdre_C_D)       -0.028     6.372    u_bridge/m_rdata_reg[11]
  -------------------------------------------------------------------
                         required time                          6.372    
                         arrival time                          -1.028    
  -------------------------------------------------------------------
                         slack                                  5.344    

Slack (MET) :             5.346ns  (required time - arrival time)
  Source:                 u_snap/snap_reg[66]/C
                            (rising edge-triggered cell FDRE clocked by net_clk  {rise@0.000ns fall@3.200ns period=6.400ns})
  Destination:            u_snap/dst_sec_reg[34]/D
                            (rising edge-triggered cell FDRE clocked by aclk  {rise@0.000ns fall@5.000ns period=10.000ns})
  Path Group:             aclk
  Path Type:              Setup (Max at Slow Process Corner)
  Requirement:            6.400ns  (MaxDelay Path 6.400ns)
  Data Path Delay:        1.039ns  (logic 0.341ns (32.812%)  route 0.698ns (67.188%))
  Logic Levels:           0  
  Timing Exception:       MaxDelay Path 6.400ns -datapath_only

    Location             Delay type                Incr(ns)  Path(ns)    Netlist Resource(s)
  -------------------------------------------------------------------    -------------------
    SLICE_X45Y37                                      0.000     0.000 r  u_snap/snap_reg[66]/C
    SLICE_X45Y37         FDRE (Prop_fdre_C_Q)         0.341     0.341 r  u_snap/snap_reg[66]/Q
                         net (fo=1, routed)           0.698     1.039    u_snap/p_1_in__0[34]
    SLICE_X46Y34         FDRE                                         r  u_snap/dst_sec_reg[34]/D
  -------------------------------------------------------------------    -------------------

                         max delay                    6.400     6.400    
    SLICE_X46Y34         FDRE (Setup_fdre_C_D)       -0.015     6.385    u_snap/dst_sec_reg[34]
  -------------------------------------------------------------------
                         required time                          6.385    
                         arrival time                          -1.039    
  -------------------------------------------------------------------
                         slack                                  5.346    

Slack (MET) :             5.365ns  (required time - arrival time)
  Source:                 u_snap/snap_reg[40]/C
                            (rising edge-triggered cell FDRE clocked by net_clk  {rise@0.000ns fall@3.200ns period=6.400ns})
  Destination:            u_snap/dst_sec_reg[8]/D
                            (rising edge-triggered cell FDRE clocked by aclk  {rise@0.000ns fall@5.000ns period=10.000ns})
  Path Group:             aclk
  Path Type:              Setup (Max at Slow Process Corner)
  Requirement:            6.400ns  (MaxDelay Path 6.400ns)
  Data Path Delay:        0.989ns  (logic 0.393ns (39.745%)  route 0.596ns (60.255%))
  Logic Levels:           0  
  Timing Exception:       MaxDelay Path 6.400ns -datapath_only

    Location             Delay type                Incr(ns)  Path(ns)    Netlist Resource(s)
  -------------------------------------------------------------------    -------------------
    SLICE_X50Y34                                      0.000     0.000 r  u_snap/snap_reg[40]/C
    SLICE_X50Y34         FDRE (Prop_fdre_C_Q)         0.393     0.393 r  u_snap/snap_reg[40]/Q
                         net (fo=1, routed)           0.596     0.989    u_snap/p_1_in__0[8]
    SLICE_X51Y32         FDRE                                         r  u_snap/dst_sec_reg[8]/D
  -------------------------------------------------------------------    -------------------

                         max delay                    6.400     6.400    
    SLICE_X51Y32         FDRE (Setup_fdre_C_D)       -0.046     6.354    u_snap/dst_sec_reg[8]
  -------------------------------------------------------------------
                         required time                          6.354    
                         arrival time                          -0.989    
  -------------------------------------------------------------------
                         slack                                  5.365    

Slack (MET) :             5.375ns  (required time - arrival time)
  Source:                 u_snap/snap_reg[17]/C
                            (rising edge-triggered cell FDRE clocked by net_clk  {rise@0.000ns fall@3.200ns period=6.400ns})
  Destination:            u_snap/dst_ns_reg[17]/D
                            (rising edge-triggered cell FDRE clocked by aclk  {rise@0.000ns fall@5.000ns period=10.000ns})
  Path Group:             aclk
  Path Type:              Setup (Max at Slow Process Corner)
  Requirement:            6.400ns  (MaxDelay Path 6.400ns)
  Data Path Delay:        0.979ns  (logic 0.393ns (40.124%)  route 0.586ns (59.876%))
  Logic Levels:           0  
  Timing Exception:       MaxDelay Path 6.400ns -datapath_only

    Location             Delay type                Incr(ns)  Path(ns)    Netlist Resource(s)
  -------------------------------------------------------------------    -------------------
    SLICE_X50Y34                                      0.000     0.000 r  u_snap/snap_reg[17]/C
    SLICE_X50Y34         FDRE (Prop_fdre_C_Q)         0.393     0.393 r  u_snap/snap_reg[17]/Q
                         net (fo=1, routed)           0.586     0.979    u_snap/snap_reg_n_0_[17]
    SLICE_X53Y34         FDRE                                         r  u_snap/dst_ns_reg[17]/D
  -------------------------------------------------------------------    -------------------

                         max delay                    6.400     6.400    
    SLICE_X53Y34         FDRE (Setup_fdre_C_D)       -0.046     6.354    u_snap/dst_ns_reg[17]
  -------------------------------------------------------------------
                         required time                          6.354    
                         arrival time                          -0.979    
  -------------------------------------------------------------------
                         slack                                  5.375    

Slack (MET) :             5.400ns  (required time - arrival time)
  Source:                 u_bridge/rdata_hold_reg[16]/C
                            (rising edge-triggered cell FDRE clocked by net_clk  {rise@0.000ns fall@3.200ns period=6.400ns})
  Destination:            u_bridge/m_rdata_reg[16]/D
                            (rising edge-triggered cell FDRE clocked by aclk  {rise@0.000ns fall@5.000ns period=10.000ns})
  Path Group:             aclk
  Path Type:              Setup (Max at Slow Process Corner)
  Requirement:            6.400ns  (MaxDelay Path 6.400ns)
  Data Path Delay:        0.979ns  (logic 0.341ns (34.817%)  route 0.638ns (65.183%))
  Logic Levels:           0  
  Timing Exception:       MaxDelay Path 6.400ns -datapath_only

    Location             Delay type                Incr(ns)  Path(ns)    Netlist Resource(s)
  -------------------------------------------------------------------    -------------------
    SLICE_X31Y28                                      0.000     0.000 r  u_bridge/rdata_hold_reg[16]/C
    SLICE_X31Y28         FDRE (Prop_fdre_C_Q)         0.341     0.341 r  u_bridge/rdata_hold_reg[16]/Q
                         net (fo=1, routed)           0.638     0.979    u_bridge/rdata_hold[16]
    SLICE_X38Y28         FDRE                                         r  u_bridge/m_rdata_reg[16]/D
  -------------------------------------------------------------------    -------------------

                         max delay                    6.400     6.400    
    SLICE_X38Y28         FDRE (Setup_fdre_C_D)       -0.021     6.379    u_bridge/m_rdata_reg[16]
  -------------------------------------------------------------------
                         required time                          6.379    
                         arrival time                          -0.979    
  -------------------------------------------------------------------
                         slack                                  5.400    

Slack (MET) :             5.401ns  (required time - arrival time)
  Source:                 u_snap/snap_reg[68]/C
                            (rising edge-triggered cell FDRE clocked by net_clk  {rise@0.000ns fall@3.200ns period=6.400ns})
  Destination:            u_snap/dst_sec_reg[36]/D
                            (rising edge-triggered cell FDRE clocked by aclk  {rise@0.000ns fall@5.000ns period=10.000ns})
  Path Group:             aclk
  Path Type:              Setup (Max at Slow Process Corner)
  Requirement:            6.400ns  (MaxDelay Path 6.400ns)
  Data Path Delay:        0.963ns  (logic 0.393ns (40.828%)  route 0.570ns (59.172%))
  Logic Levels:           0  
  Timing Exception:       MaxDelay Path 6.400ns -datapath_only

    Location             Delay type                Incr(ns)  Path(ns)    Netlist Resource(s)
  -------------------------------------------------------------------    -------------------
    SLICE_X46Y36                                      0.000     0.000 r  u_snap/snap_reg[68]/C
    SLICE_X46Y36         FDRE (Prop_fdre_C_Q)         0.393     0.393 r  u_snap/snap_reg[68]/Q
                         net (fo=1, routed)           0.570     0.963    u_snap/p_1_in__0[36]
    SLICE_X46Y34         FDRE                                         r  u_snap/dst_sec_reg[36]/D
  -------------------------------------------------------------------    -------------------

                         max delay                    6.400     6.400    
    SLICE_X46Y34         FDRE (Setup_fdre_C_D)       -0.036     6.364    u_snap/dst_sec_reg[36]
  -------------------------------------------------------------------
                         required time                          6.364    
                         arrival time                          -0.963    
  -------------------------------------------------------------------
                         slack                                  5.401    

Slack (MET) :             5.412ns  (required time - arrival time)
  Source:                 u_snap/snap_reg[42]/C
                            (rising edge-triggered cell FDRE clocked by net_clk  {rise@0.000ns fall@3.200ns period=6.400ns})
  Destination:            u_snap/dst_sec_reg[10]/D
                            (rising edge-triggered cell FDRE clocked by aclk  {rise@0.000ns fall@5.000ns period=10.000ns})
  Path Group:             aclk
  Path Type:              Setup (Max at Slow Process Corner)
  Requirement:            6.400ns  (MaxDelay Path 6.400ns)
  Data Path Delay:        0.939ns  (logic 0.341ns (36.319%)  route 0.598ns (63.681%))
  Logic Levels:           0  
  Timing Exception:       MaxDelay Path 6.400ns -datapath_only

    Location             Delay type                Incr(ns)  Path(ns)    Netlist Resource(s)
  -------------------------------------------------------------------    -------------------
    SLICE_X49Y36                                      0.000     0.000 r  u_snap/snap_reg[42]/C
    SLICE_X49Y36         FDRE (Prop_fdre_C_Q)         0.341     0.341 r  u_snap/snap_reg[42]/Q
                         net (fo=1, routed)           0.598     0.939    u_snap/p_1_in__0[10]
    SLICE_X49Y30         FDRE                                         r  u_snap/dst_sec_reg[10]/D
  -------------------------------------------------------------------    -------------------

                         max delay                    6.400     6.400    
    SLICE_X49Y30         FDRE (Setup_fdre_C_D)       -0.049     6.351    u_snap/dst_sec_reg[10]
  -------------------------------------------------------------------
                         required time                          6.351    
                         arrival time                          -0.939    
  -------------------------------------------------------------------
                         slack                                  5.412    

Slack (MET) :             5.414ns  (required time - arrival time)
  Source:                 u_bridge/rdata_hold_reg[8]/C
                            (rising edge-triggered cell FDRE clocked by net_clk  {rise@0.000ns fall@3.200ns period=6.400ns})
  Destination:            u_bridge/m_rdata_reg[8]/D
                            (rising edge-triggered cell FDRE clocked by aclk  {rise@0.000ns fall@5.000ns period=10.000ns})
  Path Group:             aclk
  Path Type:              Setup (Max at Slow Process Corner)
  Requirement:            6.400ns  (MaxDelay Path 6.400ns)
  Data Path Delay:        0.974ns  (logic 0.393ns (40.343%)  route 0.581ns (59.657%))
  Logic Levels:           0  
  Timing Exception:       MaxDelay Path 6.400ns -datapath_only

    Location             Delay type                Incr(ns)  Path(ns)    Netlist Resource(s)
  -------------------------------------------------------------------    -------------------
    SLICE_X32Y31                                      0.000     0.000 r  u_bridge/rdata_hold_reg[8]/C
    SLICE_X32Y31         FDRE (Prop_fdre_C_Q)         0.393     0.393 r  u_bridge/rdata_hold_reg[8]/Q
                         net (fo=1, routed)           0.581     0.974    u_bridge/rdata_hold[8]
    SLICE_X46Y30         FDRE                                         r  u_bridge/m_rdata_reg[8]/D
  -------------------------------------------------------------------    -------------------

                         max delay                    6.400     6.400    
    SLICE_X46Y30         FDRE (Setup_fdre_C_D)       -0.012     6.388    u_bridge/m_rdata_reg[8]
  -------------------------------------------------------------------
                         required time                          6.388    
                         arrival time                          -0.974    
  -------------------------------------------------------------------
                         slack                                  5.414    

Slack (MET) :             5.415ns  (required time - arrival time)
  Source:                 u_snap/snap_reg[9]/C
                            (rising edge-triggered cell FDRE clocked by net_clk  {rise@0.000ns fall@3.200ns period=6.400ns})
  Destination:            u_snap/dst_ns_reg[9]/D
                            (rising edge-triggered cell FDRE clocked by aclk  {rise@0.000ns fall@5.000ns period=10.000ns})
  Path Group:             aclk
  Path Type:              Setup (Max at Slow Process Corner)
  Requirement:            6.400ns  (MaxDelay Path 6.400ns)
  Data Path Delay:        0.915ns  (logic 0.341ns (37.264%)  route 0.574ns (62.736%))
  Logic Levels:           0  
  Timing Exception:       MaxDelay Path 6.400ns -datapath_only

    Location             Delay type                Incr(ns)  Path(ns)    Netlist Resource(s)
  -------------------------------------------------------------------    -------------------
    SLICE_X55Y32                                      0.000     0.000 r  u_snap/snap_reg[9]/C
    SLICE_X55Y32         FDRE (Prop_fdre_C_Q)         0.341     0.341 r  u_snap/snap_reg[9]/Q
                         net (fo=1, routed)           0.574     0.915    u_snap/snap_reg_n_0_[9]
    SLICE_X51Y32         FDRE                                         r  u_snap/dst_ns_reg[9]/D
  -------------------------------------------------------------------    -------------------

                         max delay                    6.400     6.400    
    SLICE_X51Y32         FDRE (Setup_fdre_C_D)       -0.070     6.330    u_snap/dst_ns_reg[9]
  -------------------------------------------------------------------
                         required time                          6.330    
                         arrival time                          -0.915    
  -------------------------------------------------------------------
                         slack                                  5.415    

Slack (MET) :             5.417ns  (required time - arrival time)
  Source:                 u_bridge/rdata_hold_reg[18]/C
                            (rising edge-triggered cell FDRE clocked by net_clk  {rise@0.000ns fall@3.200ns period=6.400ns})
  Destination:            u_bridge/m_rdata_reg[18]/D
                            (rising edge-triggered cell FDRE clocked by aclk  {rise@0.000ns fall@5.000ns period=10.000ns})
  Path Group:             aclk
  Path Type:              Setup (Max at Slow Process Corner)
  Requirement:            6.400ns  (MaxDelay Path 6.400ns)
  Data Path Delay:        0.976ns  (logic 0.393ns (40.255%)  route 0.583ns (59.745%))
  Logic Levels:           0  
  Timing Exception:       MaxDelay Path 6.400ns -datapath_only

    Location             Delay type                Incr(ns)  Path(ns)    Netlist Resource(s)
  -------------------------------------------------------------------    -------------------
    SLICE_X32Y30                                      0.000     0.000 r  u_bridge/rdata_hold_reg[18]/C
    SLICE_X32Y30         FDRE (Prop_fdre_C_Q)         0.393     0.393 r  u_bridge/rdata_hold_reg[18]/Q
                         net (fo=1, routed)           0.583     0.976    u_bridge/rdata_hold[18]
    SLICE_X46Y30         FDRE                                         r  u_bridge/m_rdata_reg[18]/D
  -------------------------------------------------------------------    -------------------

                         max delay                    6.400     6.400    
    SLICE_X46Y30         FDRE (Setup_fdre_C_D)       -0.007     6.393    u_bridge/m_rdata_reg[18]
  -------------------------------------------------------------------
                         required time                          6.393    
                         arrival time                          -0.976    
  -------------------------------------------------------------------
                         slack                                  5.417    





---------------------------------------------------------------------------------------------------
From Clock:  aclk
  To Clock:  net_clk

Setup :            0  Failing Endpoints,  Worst Slack        5.207ns,  Total Violation        0.000ns
Hold  :           NA  Failing Endpoints,  Worst Slack           NA  ,  Total Violation           NA
---------------------------------------------------------------------------------------------------


Max Delay Paths
--------------------------------------------------------------------------------------
Slack (MET) :             5.207ns  (required time - arrival time)
  Source:                 u_bridge/wdata_hold_reg[20]/C
                            (rising edge-triggered cell FDRE clocked by aclk  {rise@0.000ns fall@5.000ns period=10.000ns})
  Destination:            u_bridge/s_wdata_reg[20]/D
                            (rising edge-triggered cell FDRE clocked by net_clk  {rise@0.000ns fall@3.200ns period=6.400ns})
  Path Group:             net_clk
  Path Type:              Setup (Max at Slow Process Corner)
  Requirement:            6.400ns  (MaxDelay Path 6.400ns)
  Data Path Delay:        1.147ns  (logic 0.341ns (29.727%)  route 0.806ns (70.273%))
  Logic Levels:           0  
  Timing Exception:       MaxDelay Path 6.400ns -datapath_only

    Location             Delay type                Incr(ns)  Path(ns)    Netlist Resource(s)
  -------------------------------------------------------------------    -------------------
    SLICE_X51Y39                                      0.000     0.000 r  u_bridge/wdata_hold_reg[20]/C
    SLICE_X51Y39         FDRE (Prop_fdre_C_Q)         0.341     0.341 r  u_bridge/wdata_hold_reg[20]/Q
                         net (fo=1, routed)           0.806     1.147    u_bridge/wdata_hold[20]
    SLICE_X51Y37         FDRE                                         r  u_bridge/s_wdata_reg[20]/D
  -------------------------------------------------------------------    -------------------

                         max delay                    6.400     6.400    
    SLICE_X51Y37         FDRE (Setup_fdre_C_D)       -0.046     6.354    u_bridge/s_wdata_reg[20]
  -------------------------------------------------------------------
                         required time                          6.354    
                         arrival time                          -1.147    
  -------------------------------------------------------------------
                         slack                                  5.207    

Slack (MET) :             5.318ns  (required time - arrival time)
  Source:                 u_bridge/wdata_hold_reg[17]/C
                            (rising edge-triggered cell FDRE clocked by aclk  {rise@0.000ns fall@5.000ns period=10.000ns})
  Destination:            u_bridge/s_wdata_reg[17]/D
                            (rising edge-triggered cell FDRE clocked by net_clk  {rise@0.000ns fall@3.200ns period=6.400ns})
  Path Group:             net_clk
  Path Type:              Setup (Max at Slow Process Corner)
  Requirement:            6.400ns  (MaxDelay Path 6.400ns)
  Data Path Delay:        1.036ns  (logic 0.341ns (32.919%)  route 0.695ns (67.081%))
  Logic Levels:           0  
  Timing Exception:       MaxDelay Path 6.400ns -datapath_only

    Location             Delay type                Incr(ns)  Path(ns)    Netlist Resource(s)
  -------------------------------------------------------------------    -------------------
    SLICE_X53Y37                                      0.000     0.000 r  u_bridge/wdata_hold_reg[17]/C
    SLICE_X53Y37         FDRE (Prop_fdre_C_Q)         0.341     0.341 r  u_bridge/wdata_hold_reg[17]/Q
                         net (fo=1, routed)           0.695     1.036    u_bridge/wdata_hold[17]
    SLICE_X51Y35         FDRE                                         r  u_bridge/s_wdata_reg[17]/D
  -------------------------------------------------------------------    -------------------

                         max delay                    6.400     6.400    
    SLICE_X51Y35         FDRE (Setup_fdre_C_D)       -0.046     6.354    u_bridge/s_wdata_reg[17]
  -------------------------------------------------------------------
                         required time                          6.354    
                         arrival time                          -1.036    
  -------------------------------------------------------------------
                         slack                                  5.318    

Slack (MET) :             5.418ns  (required time - arrival time)
  Source:                 u_bridge/wdata_hold_reg[14]/C
                            (rising edge-triggered cell FDRE clocked by aclk  {rise@0.000ns fall@5.000ns period=10.000ns})
  Destination:            u_bridge/s_wdata_reg[14]/D
                            (rising edge-triggered cell FDRE clocked by net_clk  {rise@0.000ns fall@3.200ns period=6.400ns})
  Path Group:             net_clk
  Path Type:              Setup (Max at Slow Process Corner)
  Requirement:            6.400ns  (MaxDelay Path 6.400ns)
  Data Path Delay:        0.928ns  (logic 0.341ns (36.728%)  route 0.587ns (63.272%))
  Logic Levels:           0  
  Timing Exception:       MaxDelay Path 6.400ns -datapath_only

    Location             Delay type                Incr(ns)  Path(ns)    Netlist Resource(s)
  -------------------------------------------------------------------    -------------------
    SLICE_X51Y34                                      0.000     0.000 r  u_bridge/wdata_hold_reg[14]/C
    SLICE_X51Y34         FDRE (Prop_fdre_C_Q)         0.341     0.341 r  u_bridge/wdata_hold_reg[14]/Q
                         net (fo=1, routed)           0.587     0.928    u_bridge/wdata_hold[14]
    SLICE_X51Y35         FDRE                                         r  u_bridge/s_wdata_reg[14]/D
  -------------------------------------------------------------------    -------------------

                         max delay                    6.400     6.400    
    SLICE_X51Y35         FDRE (Setup_fdre_C_D)       -0.054     6.346    u_bridge/s_wdata_reg[14]
  -------------------------------------------------------------------
                         required time                          6.346    
                         arrival time                          -0.928    
  -------------------------------------------------------------------
                         slack                                  5.418    

Slack (MET) :             5.422ns  (required time - arrival time)
  Source:                 u_bridge/wdata_hold_reg[29]/C
                            (rising edge-triggered cell FDRE clocked by aclk  {rise@0.000ns fall@5.000ns period=10.000ns})
  Destination:            u_bridge/s_wdata_reg[29]/D
                            (rising edge-triggered cell FDRE clocked by net_clk  {rise@0.000ns fall@3.200ns period=6.400ns})
  Path Group:             net_clk
  Path Type:              Setup (Max at Slow Process Corner)
  Requirement:            6.400ns  (MaxDelay Path 6.400ns)
  Data Path Delay:        0.924ns  (logic 0.341ns (36.887%)  route 0.583ns (63.113%))
  Logic Levels:           0  
  Timing Exception:       MaxDelay Path 6.400ns -datapath_only

    Location             Delay type                Incr(ns)  Path(ns)    Netlist Resource(s)
  -------------------------------------------------------------------    -------------------
    SLICE_X47Y41                                      0.000     0.000 r  u_bridge/wdata_hold_reg[29]/C
    SLICE_X47Y41         FDRE (Prop_fdre_C_Q)         0.341     0.341 r  u_bridge/wdata_hold_reg[29]/Q
                         net (fo=1, routed)           0.583     0.924    u_bridge/wdata_hold[29]
    SLICE_X45Y41         FDRE                                         r  u_bridge/s_wdata_reg[29]/D
  -------------------------------------------------------------------    -------------------

                         max delay                    6.400     6.400    
    SLICE_X45Y41         FDRE (Setup_fdre_C_D)       -0.054     6.346    u_bridge/s_wdata_reg[29]
  -------------------------------------------------------------------
                         required time                          6.346    
                         arrival time                          -0.924    
  -------------------------------------------------------------------
                         slack                                  5.422    

Slack (MET) :             5.423ns  (required time - arrival time)
  Source:                 u_bridge/wdata_hold_reg[13]/C
                            (rising edge-triggered cell FDRE clocked by aclk  {rise@0.000ns fall@5.000ns period=10.000ns})
  Destination:            u_bridge/s_wdata_reg[13]/D
                            (rising edge-triggered cell FDRE clocked by net_clk  {rise@0.000ns fall@3.200ns period=6.400ns})
  Path Group:             net_clk
  Path Type:              Setup (Max at Slow Process Corner)
  Requirement:            6.400ns  (MaxDelay Path 6.400ns)
  Data Path Delay:        0.927ns  (logic 0.341ns (36.767%)  route 0.586ns (63.233%))
  Logic Levels:           0  
  Timing Exception:       MaxDelay Path 6.400ns -datapath_only

    Location             Delay type                Incr(ns)  Path(ns)    Netlist Resource(s)
  -------------------------------------------------------------------    -------------------
    SLICE_X51Y34                                      0.000     0.000 r  u_bridge/wdata_hold_reg[13]/C
    SLICE_X51Y34         FDRE (Prop_fdre_C_Q)         0.341     0.341 r  u_bridge/wdata_hold_reg[13]/Q
                         net (fo=1, routed)           0.586     0.927    u_bridge/wdata_hold[13]
    SLICE_X51Y35         FDRE                                         r  u_bridge/s_wdata_reg[13]/D
  -------------------------------------------------------------------    -------------------

                         max delay                    6.400     6.400    
    SLICE_X51Y35         FDRE (Setup_fdre_C_D)       -0.050     6.350    u_bridge/s_wdata_reg[13]
  -------------------------------------------------------------------
                         required time                          6.350    
                         arrival time                          -0.927    
  -------------------------------------------------------------------
                         slack                                  5.423    

Slack (MET) :             5.431ns  (required time - arrival time)
  Source:                 u_bridge/addr_hold_reg[3]/C
                            (rising edge-triggered cell FDRE clocked by aclk  {rise@0.000ns fall@5.000ns period=10.000ns})
  Destination:            u_bridge/s_addr_reg[3]/D
                            (rising edge-triggered cell FDRE clocked by net_clk  {rise@0.000ns fall@3.200ns period=6.400ns})
  Path Group:             net_clk
  Path Type:              Setup (Max at Slow Process Corner)
  Requirement:            6.400ns  (MaxDelay Path 6.400ns)
  Data Path Delay:        0.939ns  (logic 0.341ns (36.331%)  route 0.598ns (63.669%))
  Logic Levels:           0  
  Timing Exception:       MaxDelay Path 6.400ns -datapath_only

    Location             Delay type                Incr(ns)  Path(ns)    Netlist Resource(s)
  -------------------------------------------------------------------    -------------------
    SLICE_X45Y32                                      0.000     0.000 r  u_bridge/addr_hold_reg[3]/C
    SLICE_X45Y32         FDRE (Prop_fdre_C_Q)         0.341     0.341 r  u_bridge/addr_hold_reg[3]/Q
                         net (fo=1, routed)           0.598     0.939    u_bridge/addr_hold[3]
    SLICE_X37Y33         FDRE                                         r  u_bridge/s_addr_reg[3]/D
  -------------------------------------------------------------------    -------------------

                         max delay                    6.400     6.400    
    SLICE_X37Y33         FDRE (Setup_fdre_C_D)       -0.030     6.370    u_bridge/s_addr_reg[3]
  -------------------------------------------------------------------
                         required time                          6.370    
                         arrival time                          -0.939    
  -------------------------------------------------------------------
                         slack                                  5.431    

Slack (MET) :             5.479ns  (required time - arrival time)
  Source:                 u_bridge/wdata_hold_reg[6]/C
                            (rising edge-triggered cell FDRE clocked by aclk  {rise@0.000ns fall@5.000ns period=10.000ns})
  Destination:            u_bridge/s_wdata_reg[6]/D
                            (rising edge-triggered cell FDRE clocked by net_clk  {rise@0.000ns fall@3.200ns period=6.400ns})
  Path Group:             net_clk
  Path Type:              Setup (Max at Slow Process Corner)
  Requirement:            6.400ns  (MaxDelay Path 6.400ns)
  Data Path Delay:        0.821ns  (logic 0.361ns (43.994%)  route 0.460ns (56.006%))
  Logic Levels:           0  
  Timing Exception:       MaxDelay Path 6.400ns -datapath_only

    Location             Delay type                Incr(ns)  Path(ns)    Netlist Resource(s)
  -------------------------------------------------------------------    -------------------
    SLICE_X46Y27                                      0.000     0.000 r  u_bridge/wdata_hold_reg[6]/C
    SLICE_X46Y27         FDRE (Prop_fdre_C_Q)         0.361     0.361 r  u_bridge/wdata_hold_reg[6]/Q
                         net (fo=1, routed)           0.460     0.821    u_bridge/wdata_hold[6]
    SLICE_X46Y28         FDRE                                         r  u_bridge/s_wdata_reg[6]/D
  -------------------------------------------------------------------    -------------------

                         max delay                    6.400     6.400    
    SLICE_X46Y28         FDRE (Setup_fdre_C_D)       -0.100     6.300    u_bridge/s_wdata_reg[6]
  -------------------------------------------------------------------
                         required time                          6.300    
                         arrival time                          -0.821    
  -------------------------------------------------------------------
                         slack                                  5.479    

Slack (MET) :             5.488ns  (required time - arrival time)
  Source:                 u_bridge/wdata_hold_reg[18]/C
                            (rising edge-triggered cell FDRE clocked by aclk  {rise@0.000ns fall@5.000ns period=10.000ns})
  Destination:            u_bridge/s_wdata_reg[18]/D
                            (rising edge-triggered cell FDRE clocked by net_clk  {rise@0.000ns fall@3.200ns period=6.400ns})
  Path Group:             net_clk
  Path Type:              Setup (Max at Slow Process Corner)
  Requirement:            6.400ns  (MaxDelay Path 6.400ns)
  Data Path Delay:        0.842ns  (logic 0.341ns (40.519%)  route 0.501ns (59.481%))
  Logic Levels:           0  
  Timing Exception:       MaxDelay Path 6.400ns -datapath_only

    Location             Delay type                Incr(ns)  Path(ns)    Netlist Resource(s)
  -------------------------------------------------------------------    -------------------
    SLICE_X51Y39                                      0.000     0.000 r  u_bridge/wdata_hold_reg[18]/C
    SLICE_X51Y39         FDRE (Prop_fdre_C_Q)         0.341     0.341 r  u_bridge/wdata_hold_reg[18]/Q
                         net (fo=1, routed)           0.501     0.842    u_bridge/wdata_hold[18]
    SLICE_X51Y37         FDRE                                         r  u_bridge/s_wdata_reg[18]/D
  -------------------------------------------------------------------    -------------------

                         max delay                    6.400     6.400    
    SLICE_X51Y37         FDRE (Setup_fdre_C_D)       -0.070     6.330    u_bridge/s_wdata_reg[18]
  -------------------------------------------------------------------
                         required time                          6.330    
                         arrival time                          -0.842    
  -------------------------------------------------------------------
                         slack                                  5.488    

Slack (MET) :             5.500ns  (required time - arrival time)
  Source:                 u_bridge/we_hold_reg/C
                            (rising edge-triggered cell FDRE clocked by aclk  {rise@0.000ns fall@5.000ns period=10.000ns})
  Destination:            u_bridge/s_we_reg/D
                            (rising edge-triggered cell FDRE clocked by net_clk  {rise@0.000ns fall@3.200ns period=6.400ns})
  Path Group:             net_clk
  Path Type:              Setup (Max at Slow Process Corner)
  Requirement:            6.400ns  (MaxDelay Path 6.400ns)
  Data Path Delay:        0.776ns  (logic 0.313ns (40.346%)  route 0.463ns (59.654%))
  Logic Levels:           0  
  Timing Exception:       MaxDelay Path 6.400ns -datapath_only

    Location             Delay type                Incr(ns)  Path(ns)    Netlist Resource(s)
  -------------------------------------------------------------------    -------------------
    SLICE_X40Y27                                      0.000     0.000 r  u_bridge/we_hold_reg/C
    SLICE_X40Y27         FDRE (Prop_fdre_C_Q)         0.313     0.313 r  u_bridge/we_hold_reg/Q
                         net (fo=1, routed)           0.463     0.776    u_bridge/we_hold
    SLICE_X34Y28         FDRE                                         r  u_bridge/s_we_reg/D
  -------------------------------------------------------------------    -------------------

                         max delay                    6.400     6.400    
    SLICE_X34Y28         FDRE (Setup_fdre_C_D)       -0.124     6.276    u_bridge/s_we_reg
  -------------------------------------------------------------------
                         required time                          6.276    
                         arrival time                          -0.776    
  -------------------------------------------------------------------
                         slack                                  5.500    

Slack (MET) :             5.533ns  (required time - arrival time)
  Source:                 u_bridge/wdata_hold_reg[2]/C
                            (rising edge-triggered cell FDRE clocked by aclk  {rise@0.000ns fall@5.000ns period=10.000ns})
  Destination:            u_bridge/s_wdata_reg[2]/D
                            (rising edge-triggered cell FDRE clocked by net_clk  {rise@0.000ns fall@3.200ns period=6.400ns})
  Path Group:             net_clk
  Path Type:              Setup (Max at Slow Process Corner)
  Requirement:            6.400ns  (MaxDelay Path 6.400ns)
  Data Path Delay:        0.840ns  (logic 0.393ns (46.811%)  route 0.447ns (53.189%))
  Logic Levels:           0  
  Timing Exception:       MaxDelay Path 6.400ns -datapath_only

    Location             Delay type                Incr(ns)  Path(ns)    Netlist Resource(s)
  -------------------------------------------------------------------    -------------------
    SLICE_X46Y27                                      0.000     0.000 r  u_bridge/wdata_hold_reg[2]/C
    SLICE_X46Y27         FDRE (Prop_fdre_C_Q)         0.393     0.393 r  u_bridge/wdata_hold_reg[2]/Q
                         net (fo=1, routed)           0.447     0.840    u_bridge/wdata_hold[2]
    SLICE_X46Y28         FDRE                                         r  u_bridge/s_wdata_reg[2]/D
  -------------------------------------------------------------------    -------------------

                         max delay                    6.400     6.400    
    SLICE_X46Y28         FDRE (Setup_fdre_C_D)       -0.027     6.373    u_bridge/s_wdata_reg[2]
  -------------------------------------------------------------------
                         required time                          6.373    
                         arrival time                          -0.840    
  -------------------------------------------------------------------
                         slack                                  5.533    

Slack (MET) :             5.541ns  (required time - arrival time)
  Source:                 u_bridge/wdata_hold_reg[11]/C
                            (rising edge-triggered cell FDRE clocked by aclk  {rise@0.000ns fall@5.000ns period=10.000ns})
  Destination:            u_bridge/s_wdata_reg[11]/D
                            (rising edge-triggered cell FDRE clocked by net_clk  {rise@0.000ns fall@3.200ns period=6.400ns})
  Path Group:             net_clk
  Path Type:              Setup (Max at Slow Process Corner)
  Requirement:            6.400ns  (MaxDelay Path 6.400ns)
  Data Path Delay:        0.810ns  (logic 0.341ns (42.100%)  route 0.469ns (57.900%))
  Logic Levels:           0  
  Timing Exception:       MaxDelay Path 6.400ns -datapath_only

    Location             Delay type                Incr(ns)  Path(ns)    Netlist Resource(s)
  -------------------------------------------------------------------    -------------------
    SLICE_X51Y31                                      0.000     0.000 r  u_bridge/wdata_hold_reg[11]/C
    SLICE_X51Y31         FDRE (Prop_fdre_C_Q)         0.341     0.341 r  u_bridge/wdata_hold_reg[11]/Q
                         net (fo=1, routed)           0.469     0.810    u_bridge/wdata_hold[11]
    SLICE_X48Y33         FDRE                                         r  u_bridge/s_wdata_reg[11]/D
  -------------------------------------------------------------------    -------------------

                         max delay                    6.400     6.400    
    SLICE_X48Y33         FDRE (Setup_fdre_C_D)       -0.049     6.351    u_bridge/s_wdata_reg[11]
  -------------------------------------------------------------------
                         required time                          6.351    
                         arrival time                          -0.810    
  -------------------------------------------------------------------
                         slack                                  5.541    

Slack (MET) :             5.549ns  (required time - arrival time)
  Source:                 u_bridge/wdata_hold_reg[12]/C
                            (rising edge-triggered cell FDRE clocked by aclk  {rise@0.000ns fall@5.000ns period=10.000ns})
  Destination:            u_bridge/s_wdata_reg[12]/D
                            (rising edge-triggered cell FDRE clocked by net_clk  {rise@0.000ns fall@3.200ns period=6.400ns})
  Path Group:             net_clk
  Path Type:              Setup (Max at Slow Process Corner)
  Requirement:            6.400ns  (MaxDelay Path 6.400ns)
  Data Path Delay:        0.787ns  (logic 0.341ns (43.304%)  route 0.446ns (56.696%))
  Logic Levels:           0  
  Timing Exception:       MaxDelay Path 6.400ns -datapath_only

    Location             Delay type                Incr(ns)  Path(ns)    Netlist Resource(s)
  -------------------------------------------------------------------    -------------------
    SLICE_X51Y34                                      0.000     0.000 r  u_bridge/wdata_hold_reg[12]/C
    SLICE_X51Y34         FDRE (Prop_fdre_C_Q)         0.341     0.341 r  u_bridge/wdata_hold_reg[12]/Q
                         net (fo=1, routed)           0.446     0.787    u_bridge/wdata_hold[12]
    SLICE_X51Y35         FDRE                                         r  u_bridge/s_wdata_reg[12]/D
  -------------------------------------------------------------------    -------------------

                         max delay                    6.400     6.400    
    SLICE_X51Y35         FDRE (Setup_fdre_C_D)       -0.064     6.336    u_bridge/s_wdata_reg[12]
  -------------------------------------------------------------------
                         required time                          6.336    
                         arrival time                          -0.787    
  -------------------------------------------------------------------
                         slack                                  5.549    

Slack (MET) :             5.555ns  (required time - arrival time)
  Source:                 u_bridge/wdata_hold_reg[16]/C
                            (rising edge-triggered cell FDRE clocked by aclk  {rise@0.000ns fall@5.000ns period=10.000ns})
  Destination:            u_bridge/s_wdata_reg[16]/D
                            (rising edge-triggered cell FDRE clocked by net_clk  {rise@0.000ns fall@3.200ns period=6.400ns})
  Path Group:             net_clk
  Path Type:              Setup (Max at Slow Process Corner)
  Requirement:            6.400ns  (MaxDelay Path 6.400ns)
  Data Path Delay:        0.781ns  (logic 0.341ns (43.636%)  route 0.440ns (56.364%))
  Logic Levels:           0  
  Timing Exception:       MaxDelay Path 6.400ns -datapath_only

    Location             Delay type                Incr(ns)  Path(ns)    Netlist Resource(s)
  -------------------------------------------------------------------    -------------------
    SLICE_X53Y37                                      0.000     0.000 r  u_bridge/wdata_hold_reg[16]/C
    SLICE_X53Y37         FDRE (Prop_fdre_C_Q)         0.341     0.341 r  u_bridge/wdata_hold_reg[16]/Q
                         net (fo=1, routed)           0.440     0.781    u_bridge/wdata_hold[16]
    SLICE_X51Y37         FDRE                                         r  u_bridge/s_wdata_reg[16]/D
  -------------------------------------------------------------------    -------------------

                         max delay                    6.400     6.400    
    SLICE_X51Y37         FDRE (Setup_fdre_C_D)       -0.064     6.336    u_bridge/s_wdata_reg[16]
  -------------------------------------------------------------------
                         required time                          6.336    
                         arrival time                          -0.781    
  -------------------------------------------------------------------
                         slack                                  5.555    

Slack (MET) :             5.564ns  (required time - arrival time)
  Source:                 u_bridge/wdata_hold_reg[28]/C
                            (rising edge-triggered cell FDRE clocked by aclk  {rise@0.000ns fall@5.000ns period=10.000ns})
  Destination:            u_bridge/s_wdata_reg[28]/D
                            (rising edge-triggered cell FDRE clocked by net_clk  {rise@0.000ns fall@3.200ns period=6.400ns})
  Path Group:             net_clk
  Path Type:              Setup (Max at Slow Process Corner)
  Requirement:            6.400ns  (MaxDelay Path 6.400ns)
  Data Path Delay:        0.797ns  (logic 0.341ns (42.779%)  route 0.456ns (57.221%))
  Logic Levels:           0  
  Timing Exception:       MaxDelay Path 6.400ns -datapath_only

    Location             Delay type                Incr(ns)  Path(ns)    Netlist Resource(s)
  -------------------------------------------------------------------    -------------------
    SLICE_X41Y40                                      0.000     0.000 r  u_bridge/wdata_hold_reg[28]/C
    SLICE_X41Y40         FDRE (Prop_fdre_C_Q)         0.341     0.341 r  u_bridge/wdata_hold_reg[28]/Q
                         net (fo=1, routed)           0.456     0.797    u_bridge/wdata_hold[28]
    SLICE_X40Y40         FDRE                                         r  u_bridge/s_wdata_reg[28]/D
  -------------------------------------------------------------------    -------------------

                         max delay                    6.400     6.400    
    SLICE_X40Y40         FDRE (Setup_fdre_C_D)       -0.039     6.361    u_bridge/s_wdata_reg[28]
  -------------------------------------------------------------------
                         required time                          6.361    
                         arrival time                          -0.797    
  -------------------------------------------------------------------
                         slack                                  5.564    

Slack (MET) :             5.574ns  (required time - arrival time)
  Source:                 u_bridge/wdata_hold_reg[9]/C
                            (rising edge-triggered cell FDRE clocked by aclk  {rise@0.000ns fall@5.000ns period=10.000ns})
  Destination:            u_bridge/s_wdata_reg[9]/D
                            (rising edge-triggered cell FDRE clocked by net_clk  {rise@0.000ns fall@3.200ns period=6.400ns})
  Path Group:             net_clk
  Path Type:              Setup (Max at Slow Process Corner)
  Requirement:            6.400ns  (MaxDelay Path 6.400ns)
  Data Path Delay:        0.787ns  (logic 0.341ns (43.332%)  route 0.446ns (56.668%))
  Logic Levels:           0  
  Timing Exception:       MaxDelay Path 6.400ns -datapath_only

    Location             Delay type                Incr(ns)  Path(ns)    Netlist Resource(s)
  -------------------------------------------------------------------    -------------------
    SLICE_X51Y31                                      0.000     0.000 r  u_bridge/wdata_hold_reg[9]/C
    SLICE_X51Y31         FDRE (Prop_fdre_C_Q)         0.341     0.341 r  u_bridge/wdata_hold_reg[9]/Q
                         net (fo=1, routed)           0.446     0.787    u_bridge/wdata_hold[9]
    SLICE_X51Y30         FDRE                                         r  u_bridge/s_wdata_reg[9]/D
  -------------------------------------------------------------------    -------------------

                         max delay                    6.400     6.400    
    SLICE_X51Y30         FDRE (Setup_fdre_C_D)       -0.039     6.361    u_bridge/s_wdata_reg[9]
  -------------------------------------------------------------------
                         required time                          6.361    
                         arrival time                          -0.787    
  -------------------------------------------------------------------
                         slack                                  5.574    

Slack (MET) :             5.583ns  (required time - arrival time)
  Source:                 u_bridge/addr_hold_reg[11]/C
                            (rising edge-triggered cell FDRE clocked by aclk  {rise@0.000ns fall@5.000ns period=10.000ns})
  Destination:            u_bridge/s_addr_reg[11]/D
                            (rising edge-triggered cell FDRE clocked by net_clk  {rise@0.000ns fall@3.200ns period=6.400ns})
  Path Group:             net_clk
  Path Type:              Setup (Max at Slow Process Corner)
  Requirement:            6.400ns  (MaxDelay Path 6.400ns)
  Data Path Delay:        0.810ns  (logic 0.393ns (48.521%)  route 0.417ns (51.479%))
  Logic Levels:           0  
  Timing Exception:       MaxDelay Path 6.400ns -datapath_only

    Location             Delay type                Incr(ns)  Path(ns)    Netlist Resource(s)
  -------------------------------------------------------------------    -------------------
    SLICE_X36Y31                                      0.000     0.000 r  u_bridge/addr_hold_reg[11]/C
    SLICE_X36Y31         FDRE (Prop_fdre_C_Q)         0.393     0.393 r  u_bridge/addr_hold_reg[11]/Q
                         net (fo=1, routed)           0.417     0.810    u_bridge/addr_hold[11]
    SLICE_X36Y30         FDRE                                         r  u_bridge/s_addr_reg[11]/D
  -------------------------------------------------------------------    -------------------

                         max delay                    6.400     6.400    
    SLICE_X36Y30         FDRE (Setup_fdre_C_D)       -0.007     6.393    u_bridge/s_addr_reg[11]
  -------------------------------------------------------------------
                         required time                          6.393    
                         arrival time                          -0.810    
  -------------------------------------------------------------------
                         slack                                  5.583    

Slack (MET) :             5.587ns  (required time - arrival time)
  Source:                 u_bridge/wdata_hold_reg[8]/C
                            (rising edge-triggered cell FDRE clocked by aclk  {rise@0.000ns fall@5.000ns period=10.000ns})
  Destination:            u_bridge/s_wdata_reg[8]/D
                            (rising edge-triggered cell FDRE clocked by net_clk  {rise@0.000ns fall@3.200ns period=6.400ns})
  Path Group:             net_clk
  Path Type:              Setup (Max at Slow Process Corner)
  Requirement:            6.400ns  (MaxDelay Path 6.400ns)
  Data Path Delay:        0.779ns  (logic 0.341ns (43.764%)  route 0.438ns (56.236%))
  Logic Levels:           0  
  Timing Exception:       MaxDelay Path 6.400ns -datapath_only

    Location             Delay type                Incr(ns)  Path(ns)    Netlist Resource(s)
  -------------------------------------------------------------------    -------------------
    SLICE_X51Y28                                      0.000     0.000 r  u_bridge/wdata_hold_reg[8]/C
    SLICE_X51Y28         FDRE (Prop_fdre_C_Q)         0.341     0.341 r  u_bridge/wdata_hold_reg[8]/Q
                         net (fo=1, routed)           0.438     0.779    u_bridge/wdata_hold[8]
    SLICE_X49Y27         FDRE                                         r  u_bridge/s_wdata_reg[8]/D
  -------------------------------------------------------------------    -------------------

                         max delay                    6.400     6.400    
    SLICE_X49Y27         FDRE (Setup_fdre_C_D)       -0.034     6.366    u_bridge/s_wdata_reg[8]
  -------------------------------------------------------------------
                         required time                          6.366    
                         arrival time                          -0.779    
  -------------------------------------------------------------------
                         slack                                  5.587    

Slack (MET) :             5.589ns  (required time - arrival time)
  Source:                 u_bridge/wdata_hold_reg[15]/C
                            (rising edge-triggered cell FDRE clocked by aclk  {rise@0.000ns fall@5.000ns period=10.000ns})
  Destination:            u_bridge/s_wdata_reg[15]/D
                            (rising edge-triggered cell FDRE clocked by net_clk  {rise@0.000ns fall@3.200ns period=6.400ns})
  Path Group:             net_clk
  Path Type:              Setup (Max at Slow Process Corner)
  Requirement:            6.400ns  (MaxDelay Path 6.400ns)
  Data Path Delay:        0.781ns  (logic 0.341ns (43.689%)  route 0.440ns (56.311%))
  Logic Levels:           0  
  Timing Exception:       MaxDelay Path 6.400ns -datapath_only

    Location             Delay type                Incr(ns)  Path(ns)    Netlist Resource(s)
  -------------------------------------------------------------------    -------------------
    SLICE_X51Y34                                      0.000     0.000 r  u_bridge/wdata_hold_reg[15]/C
    SLICE_X51Y34         FDRE (Prop_fdre_C_Q)         0.341     0.341 r  u_bridge/wdata_hold_reg[15]/Q
                         net (fo=1, routed)           0.440     0.781    u_bridge/wdata_hold[15]
    SLICE_X48Y33         FDRE                                         r  u_bridge/s_wdata_reg[15]/D
  -------------------------------------------------------------------    -------------------

                         max delay                    6.400     6.400    
    SLICE_X48Y33         FDRE (Setup_fdre_C_D)       -0.030     6.370    u_bridge/s_wdata_reg[15]
  -------------------------------------------------------------------
                         required time                          6.370    
                         arrival time                          -0.781    
  -------------------------------------------------------------------
                         slack                                  5.589    

Slack (MET) :             5.600ns  (required time - arrival time)
  Source:                 u_bridge/wdata_hold_reg[27]/C
                            (rising edge-triggered cell FDRE clocked by aclk  {rise@0.000ns fall@5.000ns period=10.000ns})
  Destination:            u_bridge/s_wdata_reg[27]/D
                            (rising edge-triggered cell FDRE clocked by net_clk  {rise@0.000ns fall@3.200ns period=6.400ns})
  Path Group:             net_clk
  Path Type:              Setup (Max at Slow Process Corner)
  Requirement:            6.400ns  (MaxDelay Path 6.400ns)
  Data Path Delay:        0.761ns  (logic 0.341ns (44.783%)  route 0.420ns (55.217%))
  Logic Levels:           0  
  Timing Exception:       MaxDelay Path 6.400ns -datapath_only

    Location             Delay type                Incr(ns)  Path(ns)    Netlist Resource(s)
  -------------------------------------------------------------------    -------------------
    SLICE_X41Y40                                      0.000     0.000 r  u_bridge/wdata_hold_reg[27]/C
    SLICE_X41Y40         FDRE (Prop_fdre_C_Q)         0.341     0.341 r  u_bridge/wdata_hold_reg[27]/Q
                         net (fo=1, routed)           0.420     0.761    u_bridge/wdata_hold[27]
    SLICE_X40Y38         FDRE                                         r  u_bridge/s_wdata_reg[27]/D
  -------------------------------------------------------------------    -------------------

                         max delay                    6.400     6.400    
    SLICE_X40Y38         FDRE (Setup_fdre_C_D)       -0.039     6.361    u_bridge/s_wdata_reg[27]
  -------------------------------------------------------------------
                         required time                          6.361    
                         arrival time                          -0.761    
  -------------------------------------------------------------------
                         slack                                  5.600    

Slack (MET) :             5.601ns  (required time - arrival time)
  Source:                 u_bridge/wdata_hold_reg[25]/C
                            (rising edge-triggered cell FDRE clocked by aclk  {rise@0.000ns fall@5.000ns period=10.000ns})
  Destination:            u_bridge/s_wdata_reg[25]/D
                            (rising edge-triggered cell FDRE clocked by net_clk  {rise@0.000ns fall@3.200ns period=6.400ns})
  Path Group:             net_clk
  Path Type:              Setup (Max at Slow Process Corner)
  Requirement:            6.400ns  (MaxDelay Path 6.400ns)
  Data Path Delay:        0.733ns  (logic 0.341ns (46.492%)  route 0.392ns (53.508%))
  Logic Levels:           0  
  Timing Exception:       MaxDelay Path 6.400ns -datapath_only

    Location             Delay type                Incr(ns)  Path(ns)    Netlist Resource(s)
  -------------------------------------------------------------------    -------------------
    SLICE_X47Y41                                      0.000     0.000 r  u_bridge/wdata_hold_reg[25]/C
    SLICE_X47Y41         FDRE (Prop_fdre_C_Q)         0.341     0.341 r  u_bridge/wdata_hold_reg[25]/Q
                         net (fo=1, routed)           0.392     0.733    u_bridge/wdata_hold[25]
    SLICE_X45Y41         FDRE                                         r  u_bridge/s_wdata_reg[25]/D
  -------------------------------------------------------------------    -------------------

                         max delay                    6.400     6.400    
    SLICE_X45Y41         FDRE (Setup_fdre_C_D)       -0.066     6.334    u_bridge/s_wdata_reg[25]
  -------------------------------------------------------------------
                         required time                          6.334    
                         arrival time                          -0.733    
  -------------------------------------------------------------------
                         slack                                  5.601    





--------------------------------------------------------------------------------------
Path Group:  (none)
From Clock:  net_clk
  To Clock:  aclk

Max Delay             2 Endpoints
Min Delay           114 Endpoints
--------------------------------------------------------------------------------------


Max Delay Paths
--------------------------------------------------------------------------------------
Slack:                    inf
  Source:                 u_snap/ack_tgl_reg/C
                            (rising edge-triggered cell FDRE clocked by net_clk  {rise@0.000ns fall@3.200ns period=6.400ns})
  Destination:            u_snap/ack_sync_reg[0]/D
                            (rising edge-triggered cell FDRE clocked by aclk  {rise@0.000ns fall@5.000ns period=10.000ns})
  Path Group:             (none)
  Path Type:              Setup (Max at Slow Process Corner)
  Data Path Delay:        0.609ns  (logic 0.393ns (64.483%)  route 0.216ns (35.517%))
  Logic Levels:           0  
  Clock Path Skew:        -0.035ns (DCD - SCD + CPR)
    Destination Clock Delay (DCD):    0.669ns
    Source Clock Delay      (SCD):    0.704ns
    Clock Pessimism Removal (CPR):    0.000ns
  Clock Uncertainty:      0.035ns  ((TSJ^2 + TIJ^2)^1/2 + DJ) / 2 + PE
    Total System Jitter     (TSJ):    0.071ns
    Total Input Jitter      (TIJ):    0.000ns
    Discrete Jitter          (DJ):    0.000ns
    Phase Error              (PE):    0.000ns
  Timing Exception:       False Path

    Location             Delay type                Incr(ns)  Path(ns)    Netlist Resource(s)
  -------------------------------------------------------------------    -------------------
                         (clock net_clk rise edge)    0.000     0.000 r  
                                                      0.000     0.000 r  net_clk (IN)
                         net (fo=1291, unset)         0.704     0.704    u_snap/net_clk
    SLICE_X50Y28         FDRE                                         r  u_snap/ack_tgl_reg/C
  -------------------------------------------------------------------    -------------------
    SLICE_X50Y28         FDRE (Prop_fdre_C_Q)         0.393     1.097 r  u_snap/ack_tgl_reg/Q
                         net (fo=2, routed)           0.216     1.313    u_snap/ack_tgl_reg_n_0
    SLICE_X50Y27         FDRE                                         r  u_snap/ack_sync_reg[0]/D
  -------------------------------------------------------------------    -------------------

                         (clock aclk rise edge)       0.000     0.000 r  
                                                      0.000     0.000 r  aclk (IN)
                         net (fo=376, unset)          0.669     0.669    u_snap/aclk
    SLICE_X50Y27         FDRE                                         r  u_snap/ack_sync_reg[0]/C

Slack:                    inf
  Source:                 u_bridge/ack_tgl_reg/C
                            (rising edge-triggered cell FDRE clocked by net_clk  {rise@0.000ns fall@3.200ns period=6.400ns})
  Destination:            u_bridge/ack_sync_reg[0]/D
                            (rising edge-triggered cell FDRE clocked by aclk  {rise@0.000ns fall@5.000ns period=10.000ns})
  Path Group:             (none)
  Path Type:              Setup (Max at Slow Process Corner)
  Data Path Delay:        0.597ns  (logic 0.393ns (65.778%)  route 0.204ns (34.222%))
  Logic Levels:           0  
  Clock Path Skew:        -0.035ns (DCD - SCD + CPR)
    Destination Clock Delay (DCD):    0.669ns
    Source Clock Delay      (SCD):    0.704ns
    Clock Pessimism Removal (CPR):    0.000ns
  Clock Uncertainty:      0.035ns  ((TSJ^2 + TIJ^2)^1/2 + DJ) / 2 + PE
    Total System Jitter     (TSJ):    0.071ns
    Total Input Jitter      (TIJ):    0.000ns
    Discrete Jitter          (DJ):    0.000ns
    Phase Error              (PE):    0.000ns
  Timing Exception:       False Path

    Location             Delay type                Incr(ns)  Path(ns)    Netlist Resource(s)
  -------------------------------------------------------------------    -------------------
                         (clock net_clk rise edge)    0.000     0.000 r  
                                                      0.000     0.000 r  net_clk (IN)
                         net (fo=1291, unset)         0.704     0.704    u_bridge/net_clk
    SLICE_X38Y26         FDRE                                         r  u_bridge/ack_tgl_reg/C
  -------------------------------------------------------------------    -------------------
    SLICE_X38Y26         FDRE (Prop_fdre_C_Q)         0.393     1.097 r  u_bridge/ack_tgl_reg/Q
                         net (fo=2, routed)           0.204     1.301    u_bridge/ack_tgl
    SLICE_X39Y26         FDRE                                         r  u_bridge/ack_sync_reg[0]/D
  -------------------------------------------------------------------    -------------------

                         (clock aclk rise edge)       0.000     0.000 r  
                                                      0.000     0.000 r  aclk (IN)
                         net (fo=376, unset)          0.669     0.669    u_bridge/aclk
    SLICE_X39Y26         FDRE                                         r  u_bridge/ack_sync_reg[0]/C





Min Delay Paths
--------------------------------------------------------------------------------------
Slack:                    inf
  Source:                 u_snap/snap_reg[49]/C
                            (rising edge-triggered cell FDRE clocked by net_clk  {rise@0.000ns fall@3.200ns period=6.400ns})
  Destination:            u_snap/dst_sec_reg[17]/D
                            (rising edge-triggered cell FDRE clocked by aclk  {rise@0.000ns fall@5.000ns period=10.000ns})
  Path Group:             (none)
  Path Type:              Hold (Min at Fast Process Corner)
  Data Path Delay:        0.233ns  (logic 0.128ns (54.880%)  route 0.105ns (45.120%))
  Logic Levels:           0  
  Clock Path Skew:        0.022ns (DCD - SCD - CPR)
    Destination Clock Delay (DCD):    0.432ns
    Source Clock Delay      (SCD):    0.411ns
    Clock Pessimism Removal (CPR):    -0.000ns
  Clock Uncertainty:      0.035ns  ((TSJ^2 + TIJ^2)^1/2 + DJ) / 2 + PE
    Total System Jitter     (TSJ):    0.071ns
    Total Input Jitter      (TIJ):    0.000ns
    Discrete Jitter          (DJ):    0.000ns
    Phase Error              (PE):    0.000ns
  Timing Exception:       False Path

    Location             Delay type                Incr(ns)  Path(ns)    Netlist Resource(s)
  -------------------------------------------------------------------    -------------------
                         (clock net_clk rise edge)    0.000     0.000 r  
                                                      0.000     0.000 r  net_clk (IN)
                         net (fo=1291, unset)         0.411     0.411    u_snap/net_clk
    SLICE_X49Y29         FDRE                                         r  u_snap/snap_reg[49]/C
  -------------------------------------------------------------------    -------------------
    SLICE_X49Y29         FDRE (Prop_fdre_C_Q)         0.128     0.539 r  u_snap/snap_reg[49]/Q
                         net (fo=1, routed)           0.105     0.644    u_snap/p_1_in__0[17]
    SLICE_X49Y28         FDRE                                         r  u_snap/dst_sec_reg[17]/D
  -------------------------------------------------------------------    -------------------

                         (clock aclk rise edge)       0.000     0.000 r  
                                                      0.000     0.000 r  aclk (IN)
                         net (fo=376, unset)          0.432     0.432    u_snap/aclk
    SLICE_X49Y28         FDRE                                         r  u_snap/dst_sec_reg[17]/C

Slack:                    inf
  Source:                 u_bridge/rdata_hold_reg[7]/C
                            (rising edge-triggered cell FDRE clocked by net_clk  {rise@0.000ns fall@3.200ns period=6.400ns})
  Destination:            u_bridge/m_rdata_reg[7]/D
                            (rising edge-triggered cell FDRE clocked by aclk  {rise@0.000ns fall@5.000ns period=10.000ns})
  Path Group:             (none)
  Path Type:              Hold (Min at Fast Process Corner)
  Data Path Delay:        0.238ns  (logic 0.141ns (59.322%)  route 0.097ns (40.678%))
  Logic Levels:           0  
  Clock Path Skew:        0.022ns (DCD - SCD - CPR)
    Destination Clock Delay (DCD):    0.432ns
    Source Clock Delay      (SCD):    0.411ns
    Clock Pessimism Removal (CPR):    -0.000ns
  Clock Uncertainty:      0.035ns  ((TSJ^2 + TIJ^2)^1/2 + DJ) / 2 + PE
    Total System Jitter     (TSJ):    0.071ns
    Total Input Jitter      (TIJ):    0.000ns
    Discrete Jitter          (DJ):    0.000ns
    Phase Error              (PE):    0.000ns
  Timing Exception:       False Path

    Location             Delay type                Incr(ns)  Path(ns)    Netlist Resource(s)
  -------------------------------------------------------------------    -------------------
                         (clock net_clk rise edge)    0.000     0.000 r  
                                                      0.000     0.000 r  net_clk (IN)
                         net (fo=1291, unset)         0.411     0.411    u_bridge/net_clk
    SLICE_X37Y28         FDRE                                         r  u_bridge/rdata_hold_reg[7]/C
  -------------------------------------------------------------------    -------------------
    SLICE_X37Y28         FDRE (Prop_fdre_C_Q)         0.141     0.552 r  u_bridge/rdata_hold_reg[7]/Q
                         net (fo=1, routed)           0.097     0.648    u_bridge/rdata_hold[7]
    SLICE_X38Y27         FDRE                                         r  u_bridge/m_rdata_reg[7]/D
  -------------------------------------------------------------------    -------------------

                         (clock aclk rise edge)       0.000     0.000 r  
                                                      0.000     0.000 r  aclk (IN)
                         net (fo=376, unset)          0.432     0.432    u_bridge/aclk
    SLICE_X38Y27         FDRE                                         r  u_bridge/m_rdata_reg[7]/C

Slack:                    inf
  Source:                 u_snap/snap_reg[41]/C
                            (rising edge-triggered cell FDRE clocked by net_clk  {rise@0.000ns fall@3.200ns period=6.400ns})
  Destination:            u_snap/dst_sec_reg[9]/D
                            (rising edge-triggered cell FDRE clocked by aclk  {rise@0.000ns fall@5.000ns period=10.000ns})
  Path Group:             (none)
  Path Type:              Hold (Min at Fast Process Corner)
  Data Path Delay:        0.238ns  (logic 0.128ns (53.728%)  route 0.110ns (46.272%))
  Logic Levels:           0  
  Clock Path Skew:        0.022ns (DCD - SCD - CPR)
    Destination Clock Delay (DCD):    0.432ns
    Source Clock Delay      (SCD):    0.411ns
    Clock Pessimism Removal (CPR):    -0.000ns
  Clock Uncertainty:      0.035ns  ((TSJ^2 + TIJ^2)^1/2 + DJ) / 2 + PE
    Total System Jitter     (TSJ):    0.071ns
    Total Input Jitter      (TIJ):    0.000ns
    Discrete Jitter          (DJ):    0.000ns
    Phase Error              (PE):    0.000ns
  Timing Exception:       False Path

    Location             Delay type                Incr(ns)  Path(ns)    Netlist Resource(s)
  -------------------------------------------------------------------    -------------------
                         (clock net_clk rise edge)    0.000     0.000 r  
                                                      0.000     0.000 r  net_clk (IN)
                         net (fo=1291, unset)         0.411     0.411    u_snap/net_clk
    SLICE_X49Y29         FDRE                                         r  u_snap/snap_reg[41]/C
  -------------------------------------------------------------------    -------------------
    SLICE_X49Y29         FDRE (Prop_fdre_C_Q)         0.128     0.539 r  u_snap/snap_reg[41]/Q
                         net (fo=1, routed)           0.110     0.649    u_snap/p_1_in__0[9]
    SLICE_X49Y28         FDRE                                         r  u_snap/dst_sec_reg[9]/D
  -------------------------------------------------------------------    -------------------

                         (clock aclk rise edge)       0.000     0.000 r  
                                                      0.000     0.000 r  aclk (IN)
                         net (fo=376, unset)          0.432     0.432    u_snap/aclk
    SLICE_X49Y28         FDRE                                         r  u_snap/dst_sec_reg[9]/C

Slack:                    inf
  Source:                 u_snap/snap_reg[38]/C
                            (rising edge-triggered cell FDRE clocked by net_clk  {rise@0.000ns fall@3.200ns period=6.400ns})
  Destination:            u_snap/dst_sec_reg[6]/D
                            (rising edge-triggered cell FDRE clocked by aclk  {rise@0.000ns fall@5.000ns period=10.000ns})
  Path Group:             (none)
  Path Type:              Hold (Min at Fast Process Corner)
  Data Path Delay:        0.238ns  (logic 0.128ns (53.679%)  route 0.110ns (46.321%))
  Logic Levels:           0  
  Clock Path Skew:        0.022ns (DCD - SCD - CPR)
    Destination Clock Delay (DCD):    0.432ns
    Source Clock Delay      (SCD):    0.411ns
    Clock Pessimism Removal (CPR):    -0.000ns
  Clock Uncertainty:      0.035ns  ((TSJ^2 + TIJ^2)^1/2 + DJ) / 2 + PE
    Total System Jitter     (TSJ):    0.071ns
    Total Input Jitter      (TIJ):    0.000ns
    Discrete Jitter          (DJ):    0.000ns
    Phase Error              (PE):    0.000ns
  Timing Exception:       False Path

    Location             Delay type                Incr(ns)  Path(ns)    Netlist Resource(s)
  -------------------------------------------------------------------    -------------------
                         (clock net_clk rise edge)    0.000     0.000 r  
                                                      0.000     0.000 r  net_clk (IN)
                         net (fo=1291, unset)         0.411     0.411    u_snap/net_clk
    SLICE_X49Y29         FDRE                                         r  u_snap/snap_reg[38]/C
  -------------------------------------------------------------------    -------------------
    SLICE_X49Y29         FDRE (Prop_fdre_C_Q)         0.128     0.539 r  u_snap/snap_reg[38]/Q
                         net (fo=1, routed)           0.110     0.649    u_snap/p_1_in__0[6]
    SLICE_X49Y30         FDRE                                         r  u_snap/dst_sec_reg[6]/D
  -------------------------------------------------------------------    -------------------

                         (clock aclk rise edge)       0.000     0.000 r  
                                                      0.000     0.000 r  aclk (IN)
                         net (fo=376, unset)          0.432     0.432    u_snap/aclk
    SLICE_X49Y30         FDRE                                         r  u_snap/dst_sec_reg[6]/C

Slack:                    inf
  Source:                 u_bridge/rdata_hold_reg[27]/C
                            (rising edge-triggered cell FDRE clocked by net_clk  {rise@0.000ns fall@3.200ns period=6.400ns})
  Destination:            u_bridge/m_rdata_reg[27]/D
                            (rising edge-triggered cell FDRE clocked by aclk  {rise@0.000ns fall@5.000ns period=10.000ns})
  Path Group:             (none)
  Path Type:              Hold (Min at Fast Process Corner)
  Data Path Delay:        0.239ns  (logic 0.141ns (58.910%)  route 0.098ns (41.090%))
  Logic Levels:           0  
  Clock Path Skew:        0.022ns (DCD - SCD - CPR)
    Destination Clock Delay (DCD):    0.432ns
    Source Clock Delay      (SCD):    0.411ns
    Clock Pessimism Removal (CPR):    -0.000ns
  Clock Uncertainty:      0.035ns  ((TSJ^2 + TIJ^2)^1/2 + DJ) / 2 + PE
    Total System Jitter     (TSJ):    0.071ns
    Total Input Jitter      (TIJ):    0.000ns
    Discrete Jitter          (DJ):    0.000ns
    Phase Error              (PE):    0.000ns
  Timing Exception:       False Path

    Location             Delay type                Incr(ns)  Path(ns)    Netlist Resource(s)
  -------------------------------------------------------------------    -------------------
                         (clock net_clk rise edge)    0.000     0.000 r  
                                                      0.000     0.000 r  net_clk (IN)
                         net (fo=1291, unset)         0.411     0.411    u_bridge/net_clk
    SLICE_X29Y40         FDRE                                         r  u_bridge/rdata_hold_reg[27]/C
  -------------------------------------------------------------------    -------------------
    SLICE_X29Y40         FDRE (Prop_fdre_C_Q)         0.141     0.552 r  u_bridge/rdata_hold_reg[27]/Q
                         net (fo=1, routed)           0.098     0.650    u_bridge/rdata_hold[27]
    SLICE_X31Y40         FDRE                                         r  u_bridge/m_rdata_reg[27]/D
  -------------------------------------------------------------------    -------------------

                         (clock aclk rise edge)       0.000     0.000 r  
                                                      0.000     0.000 r  aclk (IN)
                         net (fo=376, unset)          0.432     0.432    u_bridge/aclk
    SLICE_X31Y40         FDRE                                         r  u_bridge/m_rdata_reg[27]/C

Slack:                    inf
  Source:                 u_bridge/rdata_hold_reg[0]/C
                            (rising edge-triggered cell FDRE clocked by net_clk  {rise@0.000ns fall@3.200ns period=6.400ns})
  Destination:            u_bridge/m_rdata_reg[0]/D
                            (rising edge-triggered cell FDRE clocked by aclk  {rise@0.000ns fall@5.000ns period=10.000ns})
  Path Group:             (none)
  Path Type:              Hold (Min at Fast Process Corner)
  Data Path Delay:        0.239ns  (logic 0.141ns (58.883%)  route 0.098ns (41.117%))
  Logic Levels:           0  
  Clock Path Skew:        0.022ns (DCD - SCD - CPR)
    Destination Clock Delay (DCD):    0.432ns
    Source Clock Delay      (SCD):    0.411ns
    Clock Pessimism Removal (CPR):    -0.000ns
  Clock Uncertainty:      0.035ns  ((TSJ^2 + TIJ^2)^1/2 + DJ) / 2 + PE
    Total System Jitter     (TSJ):    0.071ns
    Total Input Jitter      (TIJ):    0.000ns
    Discrete Jitter          (DJ):    0.000ns
    Phase Error              (PE):    0.000ns
  Timing Exception:       False Path

    Location             Delay type                Incr(ns)  Path(ns)    Netlist Resource(s)
  -------------------------------------------------------------------    -------------------
                         (clock net_clk rise edge)    0.000     0.000 r  
                                                      0.000     0.000 r  net_clk (IN)
                         net (fo=1291, unset)         0.411     0.411    u_bridge/net_clk
    SLICE_X37Y29         FDRE                                         r  u_bridge/rdata_hold_reg[0]/C
  -------------------------------------------------------------------    -------------------
    SLICE_X37Y29         FDRE (Prop_fdre_C_Q)         0.141     0.552 r  u_bridge/rdata_hold_reg[0]/Q
                         net (fo=1, routed)           0.098     0.650    u_bridge/rdata_hold[0]
    SLICE_X38Y29         FDRE                                         r  u_bridge/m_rdata_reg[0]/D
  -------------------------------------------------------------------    -------------------

                         (clock aclk rise edge)       0.000     0.000 r  
                                                      0.000     0.000 r  aclk (IN)
                         net (fo=376, unset)          0.432     0.432    u_bridge/aclk
    SLICE_X38Y29         FDRE                                         r  u_bridge/m_rdata_reg[0]/C

Slack:                    inf
  Source:                 u_bridge/rdata_hold_reg[29]/C
                            (rising edge-triggered cell FDRE clocked by net_clk  {rise@0.000ns fall@3.200ns period=6.400ns})
  Destination:            u_bridge/m_rdata_reg[29]/D
                            (rising edge-triggered cell FDRE clocked by aclk  {rise@0.000ns fall@5.000ns period=10.000ns})
  Path Group:             (none)
  Path Type:              Hold (Min at Fast Process Corner)
  Data Path Delay:        0.244ns  (logic 0.141ns (57.858%)  route 0.103ns (42.142%))
  Logic Levels:           0  
  Clock Path Skew:        0.022ns (DCD - SCD - CPR)
    Destination Clock Delay (DCD):    0.432ns
    Source Clock Delay      (SCD):    0.411ns
    Clock Pessimism Removal (CPR):    -0.000ns
  Clock Uncertainty:      0.035ns  ((TSJ^2 + TIJ^2)^1/2 + DJ) / 2 + PE
    Total System Jitter     (TSJ):    0.071ns
    Total Input Jitter      (TIJ):    0.000ns
    Discrete Jitter          (DJ):    0.000ns
    Phase Error              (PE):    0.000ns
  Timing Exception:       False Path

    Location             Delay type                Incr(ns)  Path(ns)    Netlist Resource(s)
  -------------------------------------------------------------------    -------------------
                         (clock net_clk rise edge)    0.000     0.000 r  
                                                      0.000     0.000 r  net_clk (IN)
                         net (fo=1291, unset)         0.411     0.411    u_bridge/net_clk
    SLICE_X28Y40         FDRE                                         r  u_bridge/rdata_hold_reg[29]/C
  -------------------------------------------------------------------    -------------------
    SLICE_X28Y40         FDRE (Prop_fdre_C_Q)         0.141     0.552 r  u_bridge/rdata_hold_reg[29]/Q
                         net (fo=1, routed)           0.103     0.654    u_bridge/rdata_hold[29]
    SLICE_X31Y40         FDRE                                         r  u_bridge/m_rdata_reg[29]/D
  -------------------------------------------------------------------    -------------------

                         (clock aclk rise edge)       0.000     0.000 r  
                                                      0.000     0.000 r  aclk (IN)
                         net (fo=376, unset)          0.432     0.432    u_bridge/aclk
    SLICE_X31Y40         FDRE                                         r  u_bridge/m_rdata_reg[29]/C

Slack:                    inf
  Source:                 u_snap/snap_reg[43]/C
                            (rising edge-triggered cell FDRE clocked by net_clk  {rise@0.000ns fall@3.200ns period=6.400ns})
  Destination:            u_snap/dst_sec_reg[11]/D
                            (rising edge-triggered cell FDRE clocked by aclk  {rise@0.000ns fall@5.000ns period=10.000ns})
  Path Group:             (none)
  Path Type:              Hold (Min at Fast Process Corner)
  Data Path Delay:        0.246ns  (logic 0.141ns (57.211%)  route 0.105ns (42.789%))
  Logic Levels:           0  
  Clock Path Skew:        0.022ns (DCD - SCD - CPR)
    Destination Clock Delay (DCD):    0.432ns
    Source Clock Delay      (SCD):    0.411ns
    Clock Pessimism Removal (CPR):    -0.000ns
  Clock Uncertainty:      0.035ns  ((TSJ^2 + TIJ^2)^1/2 + DJ) / 2 + PE
    Total System Jitter     (TSJ):    0.071ns
    Total Input Jitter      (TIJ):    0.000ns
    Discrete Jitter          (DJ):    0.000ns
    Phase Error              (PE):    0.000ns
  Timing Exception:       False Path

    Location             Delay type                Incr(ns)  Path(ns)    Netlist Resource(s)
  -------------------------------------------------------------------    -------------------
                         (clock net_clk rise edge)    0.000     0.000 r  
                                                      0.000     0.000 r  net_clk (IN)
                         net (fo=1291, unset)         0.411     0.411    u_snap/net_clk
    SLICE_X49Y36         FDRE                                         r  u_snap/snap_reg[43]/C
  -------------------------------------------------------------------    -------------------
    SLICE_X49Y36         FDRE (Prop_fdre_C_Q)         0.141     0.552 r  u_snap/snap_reg[43]/Q
                         net (fo=1, routed)           0.105     0.657    u_snap/p_1_in__0[11]
    SLICE_X49Y35         FDRE                                         r  u_snap/dst_sec_reg[11]/D
  -------------------------------------------------------------------    -------------------

                         (clock aclk rise edge)       0.000     0.000 r  
                                                      0.000     0.000 r  aclk (IN)
                         net (fo=376, unset)          0.432     0.432    u_snap/aclk
    SLICE_X49Y35         FDRE                                         r  u_snap/dst_sec_reg[11]/C

Slack:                    inf
  Source:                 u_snap/snap_reg[12]/C
                            (rising edge-triggered cell FDRE clocked by net_clk  {rise@0.000ns fall@3.200ns period=6.400ns})
  Destination:            u_snap/dst_ns_reg[12]/D
                            (rising edge-triggered cell FDRE clocked by aclk  {rise@0.000ns fall@5.000ns period=10.000ns})
  Path Group:             (none)
  Path Type:              Hold (Min at Fast Process Corner)
  Data Path Delay:        0.248ns  (logic 0.141ns (56.775%)  route 0.107ns (43.225%))
  Logic Levels:           0  
  Clock Path Skew:        0.022ns (DCD - SCD - CPR)
    Destination Clock Delay (DCD):    0.432ns
    Source Clock Delay      (SCD):    0.411ns
    Clock Pessimism Removal (CPR):    -0.000ns
  Clock Uncertainty:      0.035ns  ((TSJ^2 + TIJ^2)^1/2 + DJ) / 2 + PE
    Total System Jitter     (TSJ):    0.071ns
    Total Input Jitter      (TIJ):    0.000ns
    Discrete Jitter          (DJ):    0.000ns
    Phase Error              (PE):    0.000ns
  Timing Exception:       False Path

    Location             Delay type                Incr(ns)  Path(ns)    Netlist Resource(s)
  -------------------------------------------------------------------    -------------------
                         (clock net_clk rise edge)    0.000     0.000 r  
                                                      0.000     0.000 r  net_clk (IN)
                         net (fo=1291, unset)         0.411     0.411    u_snap/net_clk
    SLICE_X55Y32         FDRE                                         r  u_snap/snap_reg[12]/C
  -------------------------------------------------------------------    -------------------
    SLICE_X55Y32         FDRE (Prop_fdre_C_Q)         0.141     0.552 r  u_snap/snap_reg[12]/Q
                         net (fo=1, routed)           0.107     0.659    u_snap/snap_reg_n_0_[12]
    SLICE_X55Y31         FDRE                                         r  u_snap/dst_ns_reg[12]/D
  -------------------------------------------------------------------    -------------------

                         (clock aclk rise edge)       0.000     0.000 r  
                                                      0.000     0.000 r  aclk (IN)
                         net (fo=376, unset)          0.432     0.432    u_snap/aclk
    SLICE_X55Y31         FDRE                                         r  u_snap/dst_ns_reg[12]/C

Slack:                    inf
  Source:                 u_snap/snap_reg[27]/C
                            (rising edge-triggered cell FDRE clocked by net_clk  {rise@0.000ns fall@3.200ns period=6.400ns})
  Destination:            u_snap/dst_ns_reg[27]/D
                            (rising edge-triggered cell FDRE clocked by aclk  {rise@0.000ns fall@5.000ns period=10.000ns})
  Path Group:             (none)
  Path Type:              Hold (Min at Fast Process Corner)
  Data Path Delay:        0.248ns  (logic 0.141ns (56.775%)  route 0.107ns (43.225%))
  Logic Levels:           0  
  Clock Path Skew:        0.022ns (DCD - SCD - CPR)
    Destination Clock Delay (DCD):    0.432ns
    Source Clock Delay      (SCD):    0.411ns
    Clock Pessimism Removal (CPR):    -0.000ns
  Clock Uncertainty:      0.035ns  ((TSJ^2 + TIJ^2)^1/2 + DJ) / 2 + PE
    Total System Jitter     (TSJ):    0.071ns
    Total Input Jitter      (TIJ):    0.000ns
    Discrete Jitter          (DJ):    0.000ns
    Phase Error              (PE):    0.000ns
  Timing Exception:       False Path

    Location             Delay type                Incr(ns)  Path(ns)    Netlist Resource(s)
  -------------------------------------------------------------------    -------------------
                         (clock net_clk rise edge)    0.000     0.000 r  
                                                      0.000     0.000 r  net_clk (IN)
                         net (fo=1291, unset)         0.411     0.411    u_snap/net_clk
    SLICE_X35Y43         FDRE                                         r  u_snap/snap_reg[27]/C
  -------------------------------------------------------------------    -------------------
    SLICE_X35Y43         FDRE (Prop_fdre_C_Q)         0.141     0.552 r  u_snap/snap_reg[27]/Q
                         net (fo=1, routed)           0.107     0.659    u_snap/snap_reg_n_0_[27]
    SLICE_X35Y42         FDRE                                         r  u_snap/dst_ns_reg[27]/D
  -------------------------------------------------------------------    -------------------

                         (clock aclk rise edge)       0.000     0.000 r  
                                                      0.000     0.000 r  aclk (IN)
                         net (fo=376, unset)          0.432     0.432    u_snap/aclk
    SLICE_X35Y42         FDRE                                         r  u_snap/dst_ns_reg[27]/C

Slack:                    inf
  Source:                 u_snap/snap_reg[36]/C
                            (rising edge-triggered cell FDRE clocked by net_clk  {rise@0.000ns fall@3.200ns period=6.400ns})
  Destination:            u_snap/dst_sec_reg[4]/D
                            (rising edge-triggered cell FDRE clocked by aclk  {rise@0.000ns fall@5.000ns period=10.000ns})
  Path Group:             (none)
  Path Type:              Hold (Min at Fast Process Corner)
  Data Path Delay:        0.248ns  (logic 0.141ns (56.775%)  route 0.107ns (43.225%))
  Logic Levels:           0  
  Clock Path Skew:        0.022ns (DCD - SCD - CPR)
    Destination Clock Delay (DCD):    0.432ns
    Source Clock Delay      (SCD):    0.411ns
    Clock Pessimism Removal (CPR):    -0.000ns
  Clock Uncertainty:      0.035ns  ((TSJ^2 + TIJ^2)^1/2 + DJ) / 2 + PE
    Total System Jitter     (TSJ):    0.071ns
    Total Input Jitter      (TIJ):    0.000ns
    Discrete Jitter          (DJ):    0.000ns
    Phase Error              (PE):    0.000ns
  Timing Exception:       False Path

    Location             Delay type                Incr(ns)  Path(ns)    Netlist Resource(s)
  -------------------------------------------------------------------    -------------------
                         (clock net_clk rise edge)    0.000     0.000 r  
                                                      0.000     0.000 r  net_clk (IN)
                         net (fo=1291, unset)         0.411     0.411    u_snap/net_clk
    SLICE_X49Y29         FDRE                                         r  u_snap/snap_reg[36]/C
  -------------------------------------------------------------------    -------------------
    SLICE_X49Y29         FDRE (Prop_fdre_C_Q)         0.141     0.552 r  u_snap/snap_reg[36]/Q
                         net (fo=1, routed)           0.107     0.659    u_snap/p_1_in__0[4]
    SLICE_X49Y28         FDRE                                         r  u_snap/dst_sec_reg[4]/D
  -------------------------------------------------------------------    -------------------

                         (clock aclk rise edge)       0.000     0.000 r  
                                                      0.000     0.000 r  aclk (IN)
                         net (fo=376, unset)          0.432     0.432    u_snap/aclk
    SLICE_X49Y28         FDRE                                         r  u_snap/dst_sec_reg[4]/C

Slack:                    inf
  Source:                 u_snap/snap_reg[37]/C
                            (rising edge-triggered cell FDRE clocked by net_clk  {rise@0.000ns fall@3.200ns period=6.400ns})
  Destination:            u_snap/dst_sec_reg[5]/D
                            (rising edge-triggered cell FDRE clocked by aclk  {rise@0.000ns fall@5.000ns period=10.000ns})
  Path Group:             (none)
  Path Type:              Hold (Min at Fast Process Corner)
  Data Path Delay:        0.248ns  (logic 0.141ns (56.775%)  route 0.107ns (43.225%))
  Logic Levels:           0  
  Clock Path Skew:        0.022ns (DCD - SCD - CPR)
    Destination Clock Delay (DCD):    0.432ns
    Source Clock Delay      (SCD):    0.411ns
    Clock Pessimism Removal (CPR):    -0.000ns
  Clock Uncertainty:      0.035ns  ((TSJ^2 + TIJ^2)^1/2 + DJ) / 2 + PE
    Total System Jitter     (TSJ):    0.071ns
    Total Input Jitter      (TIJ):    0.000ns
    Discrete Jitter          (DJ):    0.000ns
    Phase Error              (PE):    0.000ns
  Timing Exception:       False Path

    Location             Delay type                Incr(ns)  Path(ns)    Netlist Resource(s)
  -------------------------------------------------------------------    -------------------
                         (clock net_clk rise edge)    0.000     0.000 r  
                                                      0.000     0.000 r  net_clk (IN)
                         net (fo=1291, unset)         0.411     0.411    u_snap/net_clk
    SLICE_X49Y29         FDRE                                         r  u_snap/snap_reg[37]/C
  -------------------------------------------------------------------    -------------------
    SLICE_X49Y29         FDRE (Prop_fdre_C_Q)         0.141     0.552 r  u_snap/snap_reg[37]/Q
                         net (fo=1, routed)           0.107     0.659    u_snap/p_1_in__0[5]
    SLICE_X49Y28         FDRE                                         r  u_snap/dst_sec_reg[5]/D
  -------------------------------------------------------------------    -------------------

                         (clock aclk rise edge)       0.000     0.000 r  
                                                      0.000     0.000 r  aclk (IN)
                         net (fo=376, unset)          0.432     0.432    u_snap/aclk
    SLICE_X49Y28         FDRE                                         r  u_snap/dst_sec_reg[5]/C

Slack:                    inf
  Source:                 u_snap/snap_reg[23]/C
                            (rising edge-triggered cell FDRE clocked by net_clk  {rise@0.000ns fall@3.200ns period=6.400ns})
  Destination:            u_snap/dst_ns_reg[23]/D
                            (rising edge-triggered cell FDRE clocked by aclk  {rise@0.000ns fall@5.000ns period=10.000ns})
  Path Group:             (none)
  Path Type:              Hold (Min at Fast Process Corner)
  Data Path Delay:        0.250ns  (logic 0.141ns (56.321%)  route 0.109ns (43.679%))
  Logic Levels:           0  
  Clock Path Skew:        0.022ns (DCD - SCD - CPR)
    Destination Clock Delay (DCD):    0.432ns
    Source Clock Delay      (SCD):    0.411ns
    Clock Pessimism Removal (CPR):    -0.000ns
  Clock Uncertainty:      0.035ns  ((TSJ^2 + TIJ^2)^1/2 + DJ) / 2 + PE
    Total System Jitter     (TSJ):    0.071ns
    Total Input Jitter      (TIJ):    0.000ns
    Discrete Jitter          (DJ):    0.000ns
    Phase Error              (PE):    0.000ns
  Timing Exception:       False Path

    Location             Delay type                Incr(ns)  Path(ns)    Netlist Resource(s)
  -------------------------------------------------------------------    -------------------
                         (clock net_clk rise edge)    0.000     0.000 r  
                                                      0.000     0.000 r  net_clk (IN)
                         net (fo=1291, unset)         0.411     0.411    u_snap/net_clk
    SLICE_X49Y39         FDRE                                         r  u_snap/snap_reg[23]/C
  -------------------------------------------------------------------    -------------------
    SLICE_X49Y39         FDRE (Prop_fdre_C_Q)         0.141     0.552 r  u_snap/snap_reg[23]/Q
                         net (fo=1, routed)           0.109     0.661    u_snap/snap_reg_n_0_[23]
    SLICE_X49Y40         FDRE                                         r  u_snap/dst_ns_reg[23]/D
  -------------------------------------------------------------------    -------------------

                         (clock aclk rise edge)       0.000     0.000 r  
                                                      0.000     0.000 r  aclk (IN)
                         net (fo=376, unset)          0.432     0.432    u_snap/aclk
    SLICE_X49Y40         FDRE                                         r  u_snap/dst_ns_reg[23]/C

Slack:                    inf
  Source:                 u_snap/snap_reg[32]/C
                            (rising edge-triggered cell FDRE clocked by net_clk  {rise@0.000ns fall@3.200ns period=6.400ns})
  Destination:            u_snap/dst_sec_reg[0]/D
                            (rising edge-triggered cell FDRE clocked by aclk  {rise@0.000ns fall@5.000ns period=10.000ns})
  Path Group:             (none)
  Path Type:              Hold (Min at Fast Process Corner)
  Data Path Delay:        0.250ns  (logic 0.141ns (56.321%)  route 0.109ns (43.679%))
  Logic Levels:           0  
  Clock Path Skew:        0.022ns (DCD - SCD - CPR)
    Destination Clock Delay (DCD):    0.432ns
    Source Clock Delay      (SCD):    0.411ns
    Clock Pessimism Removal (CPR):    -0.000ns
  Clock Uncertainty:      0.035ns  ((TSJ^2 + TIJ^2)^1/2 + DJ) / 2 + PE
    Total System Jitter     (TSJ):    0.071ns
    Total Input Jitter      (TIJ):    0.000ns
    Discrete Jitter          (DJ):    0.000ns
    Phase Error              (PE):    0.000ns
  Timing Exception:       False Path

    Location             Delay type                Incr(ns)  Path(ns)    Netlist Resource(s)
  -------------------------------------------------------------------    -------------------
                         (clock net_clk rise edge)    0.000     0.000 r  
                                                      0.000     0.000 r  net_clk (IN)
                         net (fo=1291, unset)         0.411     0.411    u_snap/net_clk
    SLICE_X49Y29         FDRE                                         r  u_snap/snap_reg[32]/C
  -------------------------------------------------------------------    -------------------
    SLICE_X49Y29         FDRE (Prop_fdre_C_Q)         0.141     0.552 r  u_snap/snap_reg[32]/Q
                         net (fo=1, routed)           0.109     0.661    u_snap/p_1_in__0[0]
    SLICE_X49Y30         FDRE                                         r  u_snap/dst_sec_reg[0]/D
  -------------------------------------------------------------------    -------------------

                         (clock aclk rise edge)       0.000     0.000 r  
                                                      0.000     0.000 r  aclk (IN)
                         net (fo=376, unset)          0.432     0.432    u_snap/aclk
    SLICE_X49Y30         FDRE                                         r  u_snap/dst_sec_reg[0]/C

Slack:                    inf
  Source:                 u_snap/snap_reg[51]/C
                            (rising edge-triggered cell FDRE clocked by net_clk  {rise@0.000ns fall@3.200ns period=6.400ns})
  Destination:            u_snap/dst_sec_reg[19]/D
                            (rising edge-triggered cell FDRE clocked by aclk  {rise@0.000ns fall@5.000ns period=10.000ns})
  Path Group:             (none)
  Path Type:              Hold (Min at Fast Process Corner)
  Data Path Delay:        0.250ns  (logic 0.141ns (56.321%)  route 0.109ns (43.679%))
  Logic Levels:           0  
  Clock Path Skew:        0.022ns (DCD - SCD - CPR)
    Destination Clock Delay (DCD):    0.432ns
    Source Clock Delay      (SCD):    0.411ns
    Clock Pessimism Removal (CPR):    -0.000ns
  Clock Uncertainty:      0.035ns  ((TSJ^2 + TIJ^2)^1/2 + DJ) / 2 + PE
    Total System Jitter     (TSJ):    0.071ns
    Total Input Jitter      (TIJ):    0.000ns
    Discrete Jitter          (DJ):    0.000ns
    Phase Error              (PE):    0.000ns
  Timing Exception:       False Path

    Location             Delay type                Incr(ns)  Path(ns)    Netlist Resource(s)
  -------------------------------------------------------------------    -------------------
                         (clock net_clk rise edge)    0.000     0.000 r  
                                                      0.000     0.000 r  net_clk (IN)
                         net (fo=1291, unset)         0.411     0.411    u_snap/net_clk
    SLICE_X35Y37         FDRE                                         r  u_snap/snap_reg[51]/C
  -------------------------------------------------------------------    -------------------
    SLICE_X35Y37         FDRE (Prop_fdre_C_Q)         0.141     0.552 r  u_snap/snap_reg[51]/Q
                         net (fo=1, routed)           0.109     0.661    u_snap/p_1_in__0[19]
    SLICE_X35Y38         FDRE                                         r  u_snap/dst_sec_reg[19]/D
  -------------------------------------------------------------------    -------------------

                         (clock aclk rise edge)       0.000     0.000 r  
                                                      0.000     0.000 r  aclk (IN)
                         net (fo=376, unset)          0.432     0.432    u_snap/aclk
    SLICE_X35Y38         FDRE                                         r  u_snap/dst_sec_reg[19]/C

Slack:                    inf
  Source:                 u_snap/snap_reg[55]/C
                            (rising edge-triggered cell FDRE clocked by net_clk  {rise@0.000ns fall@3.200ns period=6.400ns})
  Destination:            u_snap/dst_sec_reg[23]/D
                            (rising edge-triggered cell FDRE clocked by aclk  {rise@0.000ns fall@5.000ns period=10.000ns})
  Path Group:             (none)
  Path Type:              Hold (Min at Fast Process Corner)
  Data Path Delay:        0.250ns  (logic 0.141ns (56.321%)  route 0.109ns (43.679%))
  Logic Levels:           0  
  Clock Path Skew:        0.022ns (DCD - SCD - CPR)
    Destination Clock Delay (DCD):    0.432ns
    Source Clock Delay      (SCD):    0.411ns
    Clock Pessimism Removal (CPR):    -0.000ns
  Clock Uncertainty:      0.035ns  ((TSJ^2 + TIJ^2)^1/2 + DJ) / 2 + PE
    Total System Jitter     (TSJ):    0.071ns
    Total Input Jitter      (TIJ):    0.000ns
    Discrete Jitter          (DJ):    0.000ns
    Phase Error              (PE):    0.000ns
  Timing Exception:       False Path

    Location             Delay type                Incr(ns)  Path(ns)    Netlist Resource(s)
  -------------------------------------------------------------------    -------------------
                         (clock net_clk rise edge)    0.000     0.000 r  
                                                      0.000     0.000 r  net_clk (IN)
                         net (fo=1291, unset)         0.411     0.411    u_snap/net_clk
    SLICE_X49Y39         FDRE                                         r  u_snap/snap_reg[55]/C
  -------------------------------------------------------------------    -------------------
    SLICE_X49Y39         FDRE (Prop_fdre_C_Q)         0.141     0.552 r  u_snap/snap_reg[55]/Q
                         net (fo=1, routed)           0.109     0.661    u_snap/p_1_in__0[23]
    SLICE_X49Y40         FDRE                                         r  u_snap/dst_sec_reg[23]/D
  -------------------------------------------------------------------    -------------------

                         (clock aclk rise edge)       0.000     0.000 r  
                                                      0.000     0.000 r  aclk (IN)
                         net (fo=376, unset)          0.432     0.432    u_snap/aclk
    SLICE_X49Y40         FDRE                                         r  u_snap/dst_sec_reg[23]/C

Slack:                    inf
  Source:                 u_snap/snap_reg[75]/C
                            (rising edge-triggered cell FDRE clocked by net_clk  {rise@0.000ns fall@3.200ns period=6.400ns})
  Destination:            u_snap/dst_sec_reg[43]/D
                            (rising edge-triggered cell FDRE clocked by aclk  {rise@0.000ns fall@5.000ns period=10.000ns})
  Path Group:             (none)
  Path Type:              Hold (Min at Fast Process Corner)
  Data Path Delay:        0.250ns  (logic 0.141ns (56.321%)  route 0.109ns (43.679%))
  Logic Levels:           0  
  Clock Path Skew:        0.022ns (DCD - SCD - CPR)
    Destination Clock Delay (DCD):    0.432ns
    Source Clock Delay      (SCD):    0.411ns
    Clock Pessimism Removal (CPR):    -0.000ns
  Clock Uncertainty:      0.035ns  ((TSJ^2 + TIJ^2)^1/2 + DJ) / 2 + PE
    Total System Jitter     (TSJ):    0.071ns
    Total Input Jitter      (TIJ):    0.000ns
    Discrete Jitter          (DJ):    0.000ns
    Phase Error              (PE):    0.000ns
  Timing Exception:       False Path

    Location             Delay type                Incr(ns)  Path(ns)    Netlist Resource(s)
  -------------------------------------------------------------------    -------------------
                         (clock net_clk rise edge)    0.000     0.000 r  
                                                      0.000     0.000 r  net_clk (IN)
                         net (fo=1291, unset)         0.411     0.411    u_snap/net_clk
    SLICE_X49Y41         FDRE                                         r  u_snap/snap_reg[75]/C
  -------------------------------------------------------------------    -------------------
    SLICE_X49Y41         FDRE (Prop_fdre_C_Q)         0.141     0.552 r  u_snap/snap_reg[75]/Q
                         net (fo=1, routed)           0.109     0.661    u_snap/p_1_in__0[43]
    SLICE_X49Y40         FDRE                                         r  u_snap/dst_sec_reg[43]/D
  -------------------------------------------------------------------    -------------------

                         (clock aclk rise edge)       0.000     0.000 r  
                                                      0.000     0.000 r  aclk (IN)
                         net (fo=376, unset)          0.432     0.432    u_snap/aclk
    SLICE_X49Y40         FDRE                                         r  u_snap/dst_sec_reg[43]/C

Slack:                    inf
  Source:                 u_snap/snap_reg[73]/C
                            (rising edge-triggered cell FDRE clocked by net_clk  {rise@0.000ns fall@3.200ns period=6.400ns})
  Destination:            u_snap/dst_sec_reg[41]/D
                            (rising edge-triggered cell FDRE clocked by aclk  {rise@0.000ns fall@5.000ns period=10.000ns})
  Path Group:             (none)
  Path Type:              Hold (Min at Fast Process Corner)
  Data Path Delay:        0.252ns  (logic 0.141ns (56.019%)  route 0.111ns (43.981%))
  Logic Levels:           0  
  Clock Path Skew:        0.022ns (DCD - SCD - CPR)
    Destination Clock Delay (DCD):    0.432ns
    Source Clock Delay      (SCD):    0.411ns
    Clock Pessimism Removal (CPR):    -0.000ns
  Clock Uncertainty:      0.035ns  ((TSJ^2 + TIJ^2)^1/2 + DJ) / 2 + PE
    Total System Jitter     (TSJ):    0.071ns
    Total Input Jitter      (TIJ):    0.000ns
    Discrete Jitter          (DJ):    0.000ns
    Phase Error              (PE):    0.000ns
  Timing Exception:       False Path

    Location             Delay type                Incr(ns)  Path(ns)    Netlist Resource(s)
  -------------------------------------------------------------------    -------------------
                         (clock net_clk rise edge)    0.000     0.000 r  
                                                      0.000     0.000 r  net_clk (IN)
                         net (fo=1291, unset)         0.411     0.411    u_snap/net_clk
    SLICE_X40Y37         FDRE                                         r  u_snap/snap_reg[73]/C
  -------------------------------------------------------------------    -------------------
    SLICE_X40Y37         FDRE (Prop_fdre_C_Q)         0.141     0.552 r  u_snap/snap_reg[73]/Q
                         net (fo=1, routed)           0.111     0.662    u_snap/p_1_in__0[41]
    SLICE_X41Y36         FDRE                                         r  u_snap/dst_sec_reg[41]/D
  -------------------------------------------------------------------    -------------------

                         (clock aclk rise edge)       0.000     0.000 r  
                                                      0.000     0.000 r  aclk (IN)
                         net (fo=376, unset)          0.432     0.432    u_snap/aclk
    SLICE_X41Y36         FDRE                                         r  u_snap/dst_sec_reg[41]/C

Slack:                    inf
  Source:                 u_snap/snap_reg[25]/C
                            (rising edge-triggered cell FDRE clocked by net_clk  {rise@0.000ns fall@3.200ns period=6.400ns})
  Destination:            u_snap/dst_ns_reg[25]/D
                            (rising edge-triggered cell FDRE clocked by aclk  {rise@0.000ns fall@5.000ns period=10.000ns})
  Path Group:             (none)
  Path Type:              Hold (Min at Fast Process Corner)
  Data Path Delay:        0.255ns  (logic 0.141ns (55.362%)  route 0.114ns (44.638%))
  Logic Levels:           0  
  Clock Path Skew:        0.022ns (DCD - SCD - CPR)
    Destination Clock Delay (DCD):    0.432ns
    Source Clock Delay      (SCD):    0.411ns
    Clock Pessimism Removal (CPR):    -0.000ns
  Clock Uncertainty:      0.035ns  ((TSJ^2 + TIJ^2)^1/2 + DJ) / 2 + PE
    Total System Jitter     (TSJ):    0.071ns
    Total Input Jitter      (TIJ):    0.000ns
    Discrete Jitter          (DJ):    0.000ns
    Phase Error              (PE):    0.000ns
  Timing Exception:       False Path

    Location             Delay type                Incr(ns)  Path(ns)    Netlist Resource(s)
  -------------------------------------------------------------------    -------------------
                         (clock net_clk rise edge)    0.000     0.000 r  
                                                      0.000     0.000 r  net_clk (IN)
                         net (fo=1291, unset)         0.411     0.411    u_snap/net_clk
    SLICE_X35Y43         FDRE                                         r  u_snap/snap_reg[25]/C
  -------------------------------------------------------------------    -------------------
    SLICE_X35Y43         FDRE (Prop_fdre_C_Q)         0.141     0.552 r  u_snap/snap_reg[25]/Q
                         net (fo=1, routed)           0.114     0.665    u_snap/snap_reg_n_0_[25]
    SLICE_X35Y45         FDRE                                         r  u_snap/dst_ns_reg[25]/D
  -------------------------------------------------------------------    -------------------

                         (clock aclk rise edge)       0.000     0.000 r  
                                                      0.000     0.000 r  aclk (IN)
                         net (fo=376, unset)          0.432     0.432    u_snap/aclk
    SLICE_X35Y45         FDRE                                         r  u_snap/dst_ns_reg[25]/C

Slack:                    inf
  Source:                 u_snap/snap_reg[53]/C
                            (rising edge-triggered cell FDRE clocked by net_clk  {rise@0.000ns fall@3.200ns period=6.400ns})
  Destination:            u_snap/dst_sec_reg[21]/D
                            (rising edge-triggered cell FDRE clocked by aclk  {rise@0.000ns fall@5.000ns period=10.000ns})
  Path Group:             (none)
  Path Type:              Hold (Min at Fast Process Corner)
  Data Path Delay:        0.255ns  (logic 0.141ns (55.362%)  route 0.114ns (44.638%))
  Logic Levels:           0  
  Clock Path Skew:        0.022ns (DCD - SCD - CPR)
    Destination Clock Delay (DCD):    0.432ns
    Source Clock Delay      (SCD):    0.411ns
    Clock Pessimism Removal (CPR):    -0.000ns
  Clock Uncertainty:      0.035ns  ((TSJ^2 + TIJ^2)^1/2 + DJ) / 2 + PE
    Total System Jitter     (TSJ):    0.071ns
    Total Input Jitter      (TIJ):    0.000ns
    Discrete Jitter          (DJ):    0.000ns
    Phase Error              (PE):    0.000ns
  Timing Exception:       False Path

    Location             Delay type                Incr(ns)  Path(ns)    Netlist Resource(s)
  -------------------------------------------------------------------    -------------------
                         (clock net_clk rise edge)    0.000     0.000 r  
                                                      0.000     0.000 r  net_clk (IN)
                         net (fo=1291, unset)         0.411     0.411    u_snap/net_clk
    SLICE_X35Y43         FDRE                                         r  u_snap/snap_reg[53]/C
  -------------------------------------------------------------------    -------------------
    SLICE_X35Y43         FDRE (Prop_fdre_C_Q)         0.141     0.552 r  u_snap/snap_reg[53]/Q
                         net (fo=1, routed)           0.114     0.665    u_snap/p_1_in__0[21]
    SLICE_X35Y45         FDRE                                         r  u_snap/dst_sec_reg[21]/D
  -------------------------------------------------------------------    -------------------

                         (clock aclk rise edge)       0.000     0.000 r  
                                                      0.000     0.000 r  aclk (IN)
                         net (fo=376, unset)          0.432     0.432    u_snap/aclk
    SLICE_X35Y45         FDRE                                         r  u_snap/dst_sec_reg[21]/C





--------------------------------------------------------------------------------------
Path Group:  (none)
From Clock:  aclk
  To Clock:  net_clk

Max Delay             2 Endpoints
Min Delay            47 Endpoints
--------------------------------------------------------------------------------------


Max Delay Paths
--------------------------------------------------------------------------------------
Slack:                    inf
  Source:                 u_bridge/req_tgl_reg/C
                            (rising edge-triggered cell FDRE clocked by aclk  {rise@0.000ns fall@5.000ns period=10.000ns})
  Destination:            u_bridge/req_sync_reg[0]/D
                            (rising edge-triggered cell FDRE clocked by net_clk  {rise@0.000ns fall@3.200ns period=6.400ns})
  Path Group:             (none)
  Path Type:              Setup (Max at Slow Process Corner)
  Data Path Delay:        0.687ns  (logic 0.341ns (49.639%)  route 0.346ns (50.361%))
  Logic Levels:           0  
  Clock Path Skew:        -0.035ns (DCD - SCD + CPR)
    Destination Clock Delay (DCD):    0.669ns
    Source Clock Delay      (SCD):    0.704ns
    Clock Pessimism Removal (CPR):    0.000ns
  Clock Uncertainty:      0.035ns  ((TSJ^2 + TIJ^2)^1/2 + DJ) / 2 + PE
    Total System Jitter     (TSJ):    0.071ns
    Total Input Jitter      (TIJ):    0.000ns
    Discrete Jitter          (DJ):    0.000ns
    Phase Error              (PE):    0.000ns
  Timing Exception:       False Path

    Location             Delay type                Incr(ns)  Path(ns)    Netlist Resource(s)
  -------------------------------------------------------------------    -------------------
                         (clock aclk rise edge)       0.000     0.000 r  
                                                      0.000     0.000 r  aclk (IN)
                         net (fo=376, unset)          0.704     0.704    u_bridge/aclk
    SLICE_X41Y26         FDRE                                         r  u_bridge/req_tgl_reg/C
  -------------------------------------------------------------------    -------------------
    SLICE_X41Y26         FDRE (Prop_fdre_C_Q)         0.341     1.045 r  u_bridge/req_tgl_reg/Q
                         net (fo=5, routed)           0.346     1.391    u_bridge/req_tgl
    SLICE_X37Y26         FDRE                                         r  u_bridge/req_sync_reg[0]/D
  -------------------------------------------------------------------    -------------------

                         (clock net_clk rise edge)    0.000     0.000 r  
                                                      0.000     0.000 r  net_clk (IN)
                         net (fo=1291, unset)         0.669     0.669    u_bridge/net_clk
    SLICE_X37Y26         FDRE                                         r  u_bridge/req_sync_reg[0]/C

Slack:                    inf
  Source:                 u_snap/req_tgl_reg/C
                            (rising edge-triggered cell FDRE clocked by aclk  {rise@0.000ns fall@5.000ns period=10.000ns})
  Destination:            u_snap/req_sync_reg[0]/D
                            (rising edge-triggered cell FDRE clocked by net_clk  {rise@0.000ns fall@3.200ns period=6.400ns})
  Path Group:             (none)
  Path Type:              Setup (Max at Slow Process Corner)
  Data Path Delay:        0.635ns  (logic 0.393ns (61.857%)  route 0.242ns (38.143%))
  Logic Levels:           0  
  Clock Path Skew:        -0.035ns (DCD - SCD + CPR)
    Destination Clock Delay (DCD):    0.669ns
    Source Clock Delay      (SCD):    0.704ns
    Clock Pessimism Removal (CPR):    0.000ns
  Clock Uncertainty:      0.035ns  ((TSJ^2 + TIJ^2)^1/2 + DJ) / 2 + PE
    Total System Jitter     (TSJ):    0.071ns
    Total Input Jitter      (TIJ):    0.000ns
    Discrete Jitter          (DJ):    0.000ns
    Phase Error              (PE):    0.000ns
  Timing Exception:       False Path

    Location             Delay type                Incr(ns)  Path(ns)    Netlist Resource(s)
  -------------------------------------------------------------------    -------------------
                         (clock aclk rise edge)       0.000     0.000 r  
                                                      0.000     0.000 r  aclk (IN)
                         net (fo=376, unset)          0.704     0.704    u_snap/aclk
    SLICE_X50Y27         FDRE                                         r  u_snap/req_tgl_reg/C
  -------------------------------------------------------------------    -------------------
    SLICE_X50Y27         FDRE (Prop_fdre_C_Q)         0.393     1.097 r  u_snap/req_tgl_reg/Q
                         net (fo=5, routed)           0.242     1.339    u_snap/req_tgl_reg_n_0
    SLICE_X50Y26         FDRE                                         r  u_snap/req_sync_reg[0]/D
  -------------------------------------------------------------------    -------------------

                         (clock net_clk rise edge)    0.000     0.000 r  
                                                      0.000     0.000 r  net_clk (IN)
                         net (fo=1291, unset)         0.669     0.669    u_snap/net_clk
    SLICE_X50Y26         FDRE                                         r  u_snap/req_sync_reg[0]/C





Min Delay Paths
--------------------------------------------------------------------------------------
Slack:                    inf
  Source:                 u_bridge/addr_hold_reg[5]/C
                            (rising edge-triggered cell FDRE clocked by aclk  {rise@0.000ns fall@5.000ns period=10.000ns})
  Destination:            u_bridge/s_addr_reg[5]/D
                            (rising edge-triggered cell FDRE clocked by net_clk  {rise@0.000ns fall@3.200ns period=6.400ns})
  Path Group:             (none)
  Path Type:              Hold (Min at Fast Process Corner)
  Data Path Delay:        0.250ns  (logic 0.141ns (56.321%)  route 0.109ns (43.679%))
  Logic Levels:           0  
  Clock Path Skew:        0.022ns (DCD - SCD - CPR)
    Destination Clock Delay (DCD):    0.432ns
    Source Clock Delay      (SCD):    0.411ns
    Clock Pessimism Removal (CPR):    -0.000ns
  Clock Uncertainty:      0.035ns  ((TSJ^2 + TIJ^2)^1/2 + DJ) / 2 + PE
    Total System Jitter     (TSJ):    0.071ns
    Total Input Jitter      (TIJ):    0.000ns
    Discrete Jitter          (DJ):    0.000ns
    Phase Error              (PE):    0.000ns
  Timing Exception:       False Path

    Location             Delay type                Incr(ns)  Path(ns)    Netlist Resource(s)
  -------------------------------------------------------------------    -------------------
                         (clock aclk rise edge)       0.000     0.000 r  
                                                      0.000     0.000 r  aclk (IN)
                         net (fo=376, unset)          0.411     0.411    u_bridge/aclk
    SLICE_X37Y30         FDRE                                         r  u_bridge/addr_hold_reg[5]/C
  -------------------------------------------------------------------    -------------------
    SLICE_X37Y30         FDRE (Prop_fdre_C_Q)         0.141     0.552 r  u_bridge/addr_hold_reg[5]/Q
                         net (fo=1, routed)           0.109     0.661    u_bridge/addr_hold[5]
    SLICE_X37Y31         FDRE                                         r  u_bridge/s_addr_reg[5]/D
  -------------------------------------------------------------------    -------------------

                         (clock net_clk rise edge)    0.000     0.000 r  
                                                      0.000     0.000 r  net_clk (IN)
                         net (fo=1291, unset)         0.432     0.432    u_bridge/net_clk
    SLICE_X37Y31         FDRE                                         r  u_bridge/s_addr_reg[5]/C

Slack:                    inf
  Source:                 u_bridge/wdata_hold_reg[24]/C
                            (rising edge-triggered cell FDRE clocked by aclk  {rise@0.000ns fall@5.000ns period=10.000ns})
  Destination:            u_bridge/s_wdata_reg[24]/D
                            (rising edge-triggered cell FDRE clocked by net_clk  {rise@0.000ns fall@3.200ns period=6.400ns})
  Path Group:             (none)
  Path Type:              Hold (Min at Fast Process Corner)
  Data Path Delay:        0.250ns  (logic 0.141ns (56.321%)  route 0.109ns (43.679%))
  Logic Levels:           0  
  Clock Path Skew:        0.022ns (DCD - SCD - CPR)
    Destination Clock Delay (DCD):    0.432ns
    Source Clock Delay      (SCD):    0.411ns
    Clock Pessimism Removal (CPR):    -0.000ns
  Clock Uncertainty:      0.035ns  ((TSJ^2 + TIJ^2)^1/2 + DJ) / 2 + PE
    Total System Jitter     (TSJ):    0.071ns
    Total Input Jitter      (TIJ):    0.000ns
    Discrete Jitter          (DJ):    0.000ns
    Phase Error              (PE):    0.000ns
  Timing Exception:       False Path

    Location             Delay type                Incr(ns)  Path(ns)    Netlist Resource(s)
  -------------------------------------------------------------------    -------------------
                         (clock aclk rise edge)       0.000     0.000 r  
                                                      0.000     0.000 r  aclk (IN)
                         net (fo=376, unset)          0.411     0.411    u_bridge/aclk
    SLICE_X41Y40         FDRE                                         r  u_bridge/wdata_hold_reg[24]/C
  -------------------------------------------------------------------    -------------------
    SLICE_X41Y40         FDRE (Prop_fdre_C_Q)         0.141     0.552 r  u_bridge/wdata_hold_reg[24]/Q
                         net (fo=1, routed)           0.109     0.661    u_bridge/wdata_hold[24]
    SLICE_X41Y41         FDRE                                         r  u_bridge/s_wdata_reg[24]/D
  -------------------------------------------------------------------    -------------------

                         (clock net_clk rise edge)    0.000     0.000 r  
                                                      0.000     0.000 r  net_clk (IN)
                         net (fo=1291, unset)         0.432     0.432    u_bridge/net_clk
    SLICE_X41Y41         FDRE                                         r  u_bridge/s_wdata_reg[24]/C

Slack:                    inf
  Source:                 u_bridge/wdata_hold_reg[31]/C
                            (rising edge-triggered cell FDRE clocked by aclk  {rise@0.000ns fall@5.000ns period=10.000ns})
  Destination:            u_bridge/s_wdata_reg[31]/D
                            (rising edge-triggered cell FDRE clocked by net_clk  {rise@0.000ns fall@3.200ns period=6.400ns})
  Path Group:             (none)
  Path Type:              Hold (Min at Fast Process Corner)
  Data Path Delay:        0.254ns  (logic 0.128ns (50.480%)  route 0.126ns (49.520%))
  Logic Levels:           0  
  Clock Path Skew:        0.022ns (DCD - SCD - CPR)
    Destination Clock Delay (DCD):    0.432ns
    Source Clock Delay      (SCD):    0.411ns
    Clock Pessimism Removal (CPR):    -0.000ns
  Clock Uncertainty:      0.035ns  ((TSJ^2 + TIJ^2)^1/2 + DJ) / 2 + PE
    Total System Jitter     (TSJ):    0.071ns
    Total Input Jitter      (TIJ):    0.000ns
    Discrete Jitter          (DJ):    0.000ns
    Phase Error              (PE):    0.000ns
  Timing Exception:       False Path

    Location             Delay type                Incr(ns)  Path(ns)    Netlist Resource(s)
  -------------------------------------------------------------------    -------------------
                         (clock aclk rise edge)       0.000     0.000 r  
                                                      0.000     0.000 r  aclk (IN)
                         net (fo=376, unset)          0.411     0.411    u_bridge/aclk
    SLICE_X47Y41         FDRE                                         r  u_bridge/wdata_hold_reg[31]/C
  -------------------------------------------------------------------    -------------------
    SLICE_X47Y41         FDRE (Prop_fdre_C_Q)         0.128     0.539 r  u_bridge/wdata_hold_reg[31]/Q
                         net (fo=1, routed)           0.126     0.664    u_bridge/wdata_hold[31]
    SLICE_X45Y41         FDRE                                         r  u_bridge/s_wdata_reg[31]/D
  -------------------------------------------------------------------    -------------------

                         (clock net_clk rise edge)    0.000     0.000 r  
                                                      0.000     0.000 r  net_clk (IN)
                         net (fo=1291, unset)         0.432     0.432    u_bridge/net_clk
    SLICE_X45Y41         FDRE                                         r  u_bridge/s_wdata_reg[31]/C

Slack:                    inf
  Source:                 u_bridge/addr_hold_reg[1]/C
                            (rising edge-triggered cell FDRE clocked by aclk  {rise@0.000ns fall@5.000ns period=10.000ns})
  Destination:            u_bridge/s_addr_reg[1]/D
                            (rising edge-triggered cell FDRE clocked by net_clk  {rise@0.000ns fall@3.200ns period=6.400ns})
  Path Group:             (none)
  Path Type:              Hold (Min at Fast Process Corner)
  Data Path Delay:        0.259ns  (logic 0.141ns (54.491%)  route 0.118ns (45.509%))
  Logic Levels:           0  
  Clock Path Skew:        0.022ns (DCD - SCD - CPR)
    Destination Clock Delay (DCD):    0.432ns
    Source Clock Delay      (SCD):    0.411ns
    Clock Pessimism Removal (CPR):    -0.000ns
  Clock Uncertainty:      0.035ns  ((TSJ^2 + TIJ^2)^1/2 + DJ) / 2 + PE
    Total System Jitter     (TSJ):    0.071ns
    Total Input Jitter      (TIJ):    0.000ns
    Discrete Jitter          (DJ):    0.000ns
    Phase Error              (PE):    0.000ns
  Timing Exception:       False Path

    Location             Delay type                Incr(ns)  Path(ns)    Netlist Resource(s)
  -------------------------------------------------------------------    -------------------
                         (clock aclk rise edge)       0.000     0.000 r  
                                                      0.000     0.000 r  aclk (IN)
                         net (fo=376, unset)          0.411     0.411    u_bridge/aclk
    SLICE_X40Y27         FDRE                                         r  u_bridge/addr_hold_reg[1]/C
  -------------------------------------------------------------------    -------------------
    SLICE_X40Y27         FDRE (Prop_fdre_C_Q)         0.141     0.552 r  u_bridge/addr_hold_reg[1]/Q
                         net (fo=1, routed)           0.118     0.669    u_bridge/addr_hold[1]
    SLICE_X39Y27         FDRE                                         r  u_bridge/s_addr_reg[1]/D
  -------------------------------------------------------------------    -------------------

                         (clock net_clk rise edge)    0.000     0.000 r  
                                                      0.000     0.000 r  net_clk (IN)
                         net (fo=1291, unset)         0.432     0.432    u_bridge/net_clk
    SLICE_X39Y27         FDRE                                         r  u_bridge/s_addr_reg[1]/C

Slack:                    inf
  Source:                 u_bridge/wdata_hold_reg[23]/C
                            (rising edge-triggered cell FDRE clocked by aclk  {rise@0.000ns fall@5.000ns period=10.000ns})
  Destination:            u_bridge/s_wdata_reg[23]/D
                            (rising edge-triggered cell FDRE clocked by net_clk  {rise@0.000ns fall@3.200ns period=6.400ns})
  Path Group:             (none)
  Path Type:              Hold (Min at Fast Process Corner)
  Data Path Delay:        0.261ns  (logic 0.141ns (53.997%)  route 0.120ns (46.003%))
  Logic Levels:           0  
  Clock Path Skew:        0.022ns (DCD - SCD - CPR)
    Destination Clock Delay (DCD):    0.432ns
    Source Clock Delay      (SCD):    0.411ns
    Clock Pessimism Removal (CPR):    -0.000ns
  Clock Uncertainty:      0.035ns  ((TSJ^2 + TIJ^2)^1/2 + DJ) / 2 + PE
    Total System Jitter     (TSJ):    0.071ns
    Total Input Jitter      (TIJ):    0.000ns
    Discrete Jitter          (DJ):    0.000ns
    Phase Error              (PE):    0.000ns
  Timing Exception:       False Path

    Location             Delay type                Incr(ns)  Path(ns)    Netlist Resource(s)
  -------------------------------------------------------------------    -------------------
                         (clock aclk rise edge)       0.000     0.000 r  
                                                      0.000     0.000 r  aclk (IN)
                         net (fo=376, unset)          0.411     0.411    u_bridge/aclk
    SLICE_X47Y41         FDRE                                         r  u_bridge/wdata_hold_reg[23]/C
  -------------------------------------------------------------------    -------------------
    SLICE_X47Y41         FDRE (Prop_fdre_C_Q)         0.141     0.552 r  u_bridge/wdata_hold_reg[23]/Q
                         net (fo=1, routed)           0.120     0.672    u_bridge/wdata_hold[23]
    SLICE_X48Y40         FDRE                                         r  u_bridge/s_wdata_reg[23]/D
  -------------------------------------------------------------------    -------------------

                         (clock net_clk rise edge)    0.000     0.000 r  
                                                      0.000     0.000 r  net_clk (IN)
                         net (fo=1291, unset)         0.432     0.432    u_bridge/net_clk
    SLICE_X48Y40         FDRE                                         r  u_bridge/s_wdata_reg[23]/C

Slack:                    inf
  Source:                 u_bridge/wdata_hold_reg[5]/C
                            (rising edge-triggered cell FDRE clocked by aclk  {rise@0.000ns fall@5.000ns period=10.000ns})
  Destination:            u_bridge/s_wdata_reg[5]/D
                            (rising edge-triggered cell FDRE clocked by net_clk  {rise@0.000ns fall@3.200ns period=6.400ns})
  Path Group:             (none)
  Path Type:              Hold (Min at Fast Process Corner)
  Data Path Delay:        0.261ns  (logic 0.148ns (56.635%)  route 0.113ns (43.365%))
  Logic Levels:           0  
  Clock Path Skew:        0.022ns (DCD - SCD - CPR)
    Destination Clock Delay (DCD):    0.432ns
    Source Clock Delay      (SCD):    0.411ns
    Clock Pessimism Removal (CPR):    -0.000ns
  Clock Uncertainty:      0.035ns  ((TSJ^2 + TIJ^2)^1/2 + DJ) / 2 + PE
    Total System Jitter     (TSJ):    0.071ns
    Total Input Jitter      (TIJ):    0.000ns
    Discrete Jitter          (DJ):    0.000ns
    Phase Error              (PE):    0.000ns
  Timing Exception:       False Path

    Location             Delay type                Incr(ns)  Path(ns)    Netlist Resource(s)
  -------------------------------------------------------------------    -------------------
                         (clock aclk rise edge)       0.000     0.000 r  
                                                      0.000     0.000 r  aclk (IN)
                         net (fo=376, unset)          0.411     0.411    u_bridge/aclk
    SLICE_X46Y27         FDRE                                         r  u_bridge/wdata_hold_reg[5]/C
  -------------------------------------------------------------------    -------------------
    SLICE_X46Y27         FDRE (Prop_fdre_C_Q)         0.148     0.559 r  u_bridge/wdata_hold_reg[5]/Q
                         net (fo=1, routed)           0.113     0.672    u_bridge/wdata_hold[5]
    SLICE_X46Y28         FDRE                                         r  u_bridge/s_wdata_reg[5]/D
  -------------------------------------------------------------------    -------------------

                         (clock net_clk rise edge)    0.000     0.000 r  
                                                      0.000     0.000 r  net_clk (IN)
                         net (fo=1291, unset)         0.432     0.432    u_bridge/net_clk
    SLICE_X46Y28         FDRE                                         r  u_bridge/s_wdata_reg[5]/C

Slack:                    inf
  Source:                 u_bridge/wdata_hold_reg[3]/C
                            (rising edge-triggered cell FDRE clocked by aclk  {rise@0.000ns fall@5.000ns period=10.000ns})
  Destination:            u_bridge/s_wdata_reg[3]/D
                            (rising edge-triggered cell FDRE clocked by net_clk  {rise@0.000ns fall@3.200ns period=6.400ns})
  Path Group:             (none)
  Path Type:              Hold (Min at Fast Process Corner)
  Data Path Delay:        0.267ns  (logic 0.164ns (61.318%)  route 0.103ns (38.682%))
  Logic Levels:           0  
  Clock Path Skew:        0.022ns (DCD - SCD - CPR)
    Destination Clock Delay (DCD):    0.432ns
    Source Clock Delay      (SCD):    0.411ns
    Clock Pessimism Removal (CPR):    -0.000ns
  Clock Uncertainty:      0.035ns  ((TSJ^2 + TIJ^2)^1/2 + DJ) / 2 + PE
    Total System Jitter     (TSJ):    0.071ns
    Total Input Jitter      (TIJ):    0.000ns
    Discrete Jitter          (DJ):    0.000ns
    Phase Error              (PE):    0.000ns
  Timing Exception:       False Path

    Location             Delay type                Incr(ns)  Path(ns)    Netlist Resource(s)
  -------------------------------------------------------------------    -------------------
                         (clock aclk rise edge)       0.000     0.000 r  
                                                      0.000     0.000 r  aclk (IN)
                         net (fo=376, unset)          0.411     0.411    u_bridge/aclk
    SLICE_X46Y27         FDRE                                         r  u_bridge/wdata_hold_reg[3]/C
  -------------------------------------------------------------------    -------------------
    SLICE_X46Y27         FDRE (Prop_fdre_C_Q)         0.164     0.575 r  u_bridge/wdata_hold_reg[3]/Q
                         net (fo=1, routed)           0.103     0.678    u_bridge/wdata_hold[3]
    SLICE_X46Y28         FDRE                                         r  u_bridge/s_wdata_reg[3]/D
  -------------------------------------------------------------------    -------------------

                         (clock net_clk rise edge)    0.000     0.000 r  
                                                      0.000     0.000 r  net_clk (IN)
                         net (fo=1291, unset)         0.432     0.432    u_bridge/net_clk
    SLICE_X46Y28         FDRE                                         r  u_bridge/s_wdata_reg[3]/C

Slack:                    inf
  Source:                 u_bridge/addr_hold_reg[0]/C
                            (rising edge-triggered cell FDRE clocked by aclk  {rise@0.000ns fall@5.000ns period=10.000ns})
  Destination:            u_bridge/s_addr_reg[0]/D
                            (rising edge-triggered cell FDRE clocked by net_clk  {rise@0.000ns fall@3.200ns period=6.400ns})
  Path Group:             (none)
  Path Type:              Hold (Min at Fast Process Corner)
  Data Path Delay:        0.271ns  (logic 0.164ns (60.439%)  route 0.107ns (39.561%))
  Logic Levels:           0  
  Clock Path Skew:        0.022ns (DCD - SCD - CPR)
    Destination Clock Delay (DCD):    0.432ns
    Source Clock Delay      (SCD):    0.411ns
    Clock Pessimism Removal (CPR):    -0.000ns
  Clock Uncertainty:      0.035ns  ((TSJ^2 + TIJ^2)^1/2 + DJ) / 2 + PE
    Total System Jitter     (TSJ):    0.071ns
    Total Input Jitter      (TIJ):    0.000ns
    Discrete Jitter          (DJ):    0.000ns
    Phase Error              (PE):    0.000ns
  Timing Exception:       False Path

    Location             Delay type                Incr(ns)  Path(ns)    Netlist Resource(s)
  -------------------------------------------------------------------    -------------------
                         (clock aclk rise edge)       0.000     0.000 r  
                                                      0.000     0.000 r  aclk (IN)
                         net (fo=376, unset)          0.411     0.411    u_bridge/aclk
    SLICE_X36Y33         FDRE                                         r  u_bridge/addr_hold_reg[0]/C
  -------------------------------------------------------------------    -------------------
    SLICE_X36Y33         FDRE (Prop_fdre_C_Q)         0.164     0.575 r  u_bridge/addr_hold_reg[0]/Q
                         net (fo=1, routed)           0.107     0.682    u_bridge/addr_hold[0]
    SLICE_X36Y32         FDRE                                         r  u_bridge/s_addr_reg[0]/D
  -------------------------------------------------------------------    -------------------

                         (clock net_clk rise edge)    0.000     0.000 r  
                                                      0.000     0.000 r  net_clk (IN)
                         net (fo=1291, unset)         0.432     0.432    u_bridge/net_clk
    SLICE_X36Y32         FDRE                                         r  u_bridge/s_addr_reg[0]/C

Slack:                    inf
  Source:                 u_bridge/wdata_hold_reg[19]/C
                            (rising edge-triggered cell FDRE clocked by aclk  {rise@0.000ns fall@5.000ns period=10.000ns})
  Destination:            u_bridge/s_wdata_reg[19]/D
                            (rising edge-triggered cell FDRE clocked by net_clk  {rise@0.000ns fall@3.200ns period=6.400ns})
  Path Group:             (none)
  Path Type:              Hold (Min at Fast Process Corner)
  Data Path Delay:        0.271ns  (logic 0.164ns (60.439%)  route 0.107ns (39.561%))
  Logic Levels:           0  
  Clock Path Skew:        0.022ns (DCD - SCD - CPR)
    Destination Clock Delay (DCD):    0.432ns
    Source Clock Delay      (SCD):    0.411ns
    Clock Pessimism Removal (CPR):    -0.000ns
  Clock Uncertainty:      0.035ns  ((TSJ^2 + TIJ^2)^1/2 + DJ) / 2 + PE
    Total System Jitter     (TSJ):    0.071ns
    Total Input Jitter      (TIJ):    0.000ns
    Discrete Jitter          (DJ):    0.000ns
    Phase Error              (PE):    0.000ns
  Timing Exception:       False Path

    Location             Delay type                Incr(ns)  Path(ns)    Netlist Resource(s)
  -------------------------------------------------------------------    -------------------
                         (clock aclk rise edge)       0.000     0.000 r  
                                                      0.000     0.000 r  aclk (IN)
                         net (fo=376, unset)          0.411     0.411    u_bridge/aclk
    SLICE_X50Y39         FDRE                                         r  u_bridge/wdata_hold_reg[19]/C
  -------------------------------------------------------------------    -------------------
    SLICE_X50Y39         FDRE (Prop_fdre_C_Q)         0.164     0.575 r  u_bridge/wdata_hold_reg[19]/Q
                         net (fo=1, routed)           0.107     0.682    u_bridge/wdata_hold[19]
    SLICE_X50Y38         FDRE                                         r  u_bridge/s_wdata_reg[19]/D
  -------------------------------------------------------------------    -------------------

                         (clock net_clk rise edge)    0.000     0.000 r  
                                                      0.000     0.000 r  net_clk (IN)
                         net (fo=1291, unset)         0.432     0.432    u_bridge/net_clk
    SLICE_X50Y38         FDRE                                         r  u_bridge/s_wdata_reg[19]/C

Slack:                    inf
  Source:                 u_bridge/wdata_hold_reg[21]/C
                            (rising edge-triggered cell FDRE clocked by aclk  {rise@0.000ns fall@5.000ns period=10.000ns})
  Destination:            u_bridge/s_wdata_reg[21]/D
                            (rising edge-triggered cell FDRE clocked by net_clk  {rise@0.000ns fall@3.200ns period=6.400ns})
  Path Group:             (none)
  Path Type:              Hold (Min at Fast Process Corner)
  Data Path Delay:        0.271ns  (logic 0.164ns (60.439%)  route 0.107ns (39.561%))
  Logic Levels:           0  
  Clock Path Skew:        0.022ns (DCD - SCD - CPR)
    Destination Clock Delay (DCD):    0.432ns
    Source Clock Delay      (SCD):    0.411ns
    Clock Pessimism Removal (CPR):    -0.000ns
  Clock Uncertainty:      0.035ns  ((TSJ^2 + TIJ^2)^1/2 + DJ) / 2 + PE
    Total System Jitter     (TSJ):    0.071ns
    Total Input Jitter      (TIJ):    0.000ns
    Discrete Jitter          (DJ):    0.000ns
    Phase Error              (PE):    0.000ns
  Timing Exception:       False Path

    Location             Delay type                Incr(ns)  Path(ns)    Netlist Resource(s)
  -------------------------------------------------------------------    -------------------
                         (clock aclk rise edge)       0.000     0.000 r  
                                                      0.000     0.000 r  aclk (IN)
                         net (fo=376, unset)          0.411     0.411    u_bridge/aclk
    SLICE_X50Y39         FDRE                                         r  u_bridge/wdata_hold_reg[21]/C
  -------------------------------------------------------------------    -------------------
    SLICE_X50Y39         FDRE (Prop_fdre_C_Q)         0.164     0.575 r  u_bridge/wdata_hold_reg[21]/Q
                         net (fo=1, routed)           0.107     0.682    u_bridge/wdata_hold[21]
    SLICE_X50Y38         FDRE                                         r  u_bridge/s_wdata_reg[21]/D
  -------------------------------------------------------------------    -------------------

                         (clock net_clk rise edge)    0.000     0.000 r  
                                                      0.000     0.000 r  net_clk (IN)
                         net (fo=1291, unset)         0.432     0.432    u_bridge/net_clk
    SLICE_X50Y38         FDRE                                         r  u_bridge/s_wdata_reg[21]/C

Slack:                    inf
  Source:                 u_bridge/wdata_hold_reg[4]/C
                            (rising edge-triggered cell FDRE clocked by aclk  {rise@0.000ns fall@5.000ns period=10.000ns})
  Destination:            u_bridge/s_wdata_reg[4]/D
                            (rising edge-triggered cell FDRE clocked by net_clk  {rise@0.000ns fall@3.200ns period=6.400ns})
  Path Group:             (none)
  Path Type:              Hold (Min at Fast Process Corner)
  Data Path Delay:        0.290ns  (logic 0.148ns (50.954%)  route 0.142ns (49.046%))
  Logic Levels:           0  
  Clock Path Skew:        0.022ns (DCD - SCD - CPR)
    Destination Clock Delay (DCD):    0.432ns
    Source Clock Delay      (SCD):    0.411ns
    Clock Pessimism Removal (CPR):    -0.000ns
  Clock Uncertainty:      0.035ns  ((TSJ^2 + TIJ^2)^1/2 + DJ) / 2 + PE
    Total System Jitter     (TSJ):    0.071ns
    Total Input Jitter      (TIJ):    0.000ns
    Discrete Jitter          (DJ):    0.000ns
    Phase Error              (PE):    0.000ns
  Timing Exception:       False Path

    Location             Delay type                Incr(ns)  Path(ns)    Netlist Resource(s)
  -------------------------------------------------------------------    -------------------
                         (clock aclk rise edge)       0.000     0.000 r  
                                                      0.000     0.000 r  aclk (IN)
                         net (fo=376, unset)          0.411     0.411    u_bridge/aclk
    SLICE_X46Y27         FDRE                                         r  u_bridge/wdata_hold_reg[4]/C
  -------------------------------------------------------------------    -------------------
    SLICE_X46Y27         FDRE (Prop_fdre_C_Q)         0.148     0.559 r  u_bridge/wdata_hold_reg[4]/Q
                         net (fo=1, routed)           0.142     0.701    u_bridge/wdata_hold[4]
    SLICE_X46Y28         FDRE                                         r  u_bridge/s_wdata_reg[4]/D
  -------------------------------------------------------------------    -------------------

                         (clock net_clk rise edge)    0.000     0.000 r  
                                                      0.000     0.000 r  net_clk (IN)
                         net (fo=1291, unset)         0.432     0.432    u_bridge/net_clk
    SLICE_X46Y28         FDRE                                         r  u_bridge/s_wdata_reg[4]/C

Slack:                    inf
  Source:                 u_bridge/addr_hold_reg[9]/C
                            (rising edge-triggered cell FDRE clocked by aclk  {rise@0.000ns fall@5.000ns period=10.000ns})
  Destination:            u_bridge/s_addr_reg[9]/D
                            (rising edge-triggered cell FDRE clocked by net_clk  {rise@0.000ns fall@3.200ns period=6.400ns})
  Path Group:             (none)
  Path Type:              Hold (Min at Fast Process Corner)
  Data Path Delay:        0.300ns  (logic 0.128ns (42.610%)  route 0.172ns (57.390%))
  Logic Levels:           0  
  Clock Path Skew:        0.022ns (DCD - SCD - CPR)
    Destination Clock Delay (DCD):    0.432ns
    Source Clock Delay      (SCD):    0.411ns
    Clock Pessimism Removal (CPR):    -0.000ns
  Clock Uncertainty:      0.035ns  ((TSJ^2 + TIJ^2)^1/2 + DJ) / 2 + PE
    Total System Jitter     (TSJ):    0.071ns
    Total Input Jitter      (TIJ):    0.000ns
    Discrete Jitter          (DJ):    0.000ns
    Phase Error              (PE):    0.000ns
  Timing Exception:       False Path

    Location             Delay type                Incr(ns)  Path(ns)    Netlist Resource(s)
  -------------------------------------------------------------------    -------------------
                         (clock aclk rise edge)       0.000     0.000 r  
                                                      0.000     0.000 r  aclk (IN)
                         net (fo=376, unset)          0.411     0.411    u_bridge/aclk
    SLICE_X40Y27         FDRE                                         r  u_bridge/addr_hold_reg[9]/C
  -------------------------------------------------------------------    -------------------
    SLICE_X40Y27         FDRE (Prop_fdre_C_Q)         0.128     0.539 r  u_bridge/addr_hold_reg[9]/Q
                         net (fo=1, routed)           0.172     0.711    u_bridge/addr_hold[9]
    SLICE_X39Y27         FDRE                                         r  u_bridge/s_addr_reg[9]/D
  -------------------------------------------------------------------    -------------------

                         (clock net_clk rise edge)    0.000     0.000 r  
                                                      0.000     0.000 r  net_clk (IN)
                         net (fo=1291, unset)         0.432     0.432    u_bridge/net_clk
    SLICE_X39Y27         FDRE                                         r  u_bridge/s_addr_reg[9]/C

Slack:                    inf
  Source:                 u_bridge/addr_hold_reg[7]/C
                            (rising edge-triggered cell FDRE clocked by aclk  {rise@0.000ns fall@5.000ns period=10.000ns})
  Destination:            u_bridge/s_addr_reg[7]/D
                            (rising edge-triggered cell FDRE clocked by net_clk  {rise@0.000ns fall@3.200ns period=6.400ns})
  Path Group:             (none)
  Path Type:              Hold (Min at Fast Process Corner)
  Data Path Delay:        0.300ns  (logic 0.141ns (46.931%)  route 0.159ns (53.069%))
  Logic Levels:           0  
  Clock Path Skew:        0.022ns (DCD - SCD - CPR)
    Destination Clock Delay (DCD):    0.432ns
    Source Clock Delay      (SCD):    0.411ns
    Clock Pessimism Removal (CPR):    -0.000ns
  Clock Uncertainty:      0.035ns  ((TSJ^2 + TIJ^2)^1/2 + DJ) / 2 + PE
    Total System Jitter     (TSJ):    0.071ns
    Total Input Jitter      (TIJ):    0.000ns
    Discrete Jitter          (DJ):    0.000ns
    Phase Error              (PE):    0.000ns
  Timing Exception:       False Path

    Location             Delay type                Incr(ns)  Path(ns)    Netlist Resource(s)
  -------------------------------------------------------------------    -------------------
                         (clock aclk rise edge)       0.000     0.000 r  
                                                      0.000     0.000 r  aclk (IN)
                         net (fo=376, unset)          0.411     0.411    u_bridge/aclk
    SLICE_X40Y27         FDRE                                         r  u_bridge/addr_hold_reg[7]/C
  -------------------------------------------------------------------    -------------------
    SLICE_X40Y27         FDRE (Prop_fdre_C_Q)         0.141     0.552 r  u_bridge/addr_hold_reg[7]/Q
                         net (fo=1, routed)           0.159     0.711    u_bridge/addr_hold[7]
    SLICE_X36Y27         FDRE                                         r  u_bridge/s_addr_reg[7]/D
  -------------------------------------------------------------------    -------------------

                         (clock net_clk rise edge)    0.000     0.000 r  
                                                      0.000     0.000 r  net_clk (IN)
                         net (fo=1291, unset)         0.432     0.432    u_bridge/net_clk
    SLICE_X36Y27         FDRE                                         r  u_bridge/s_addr_reg[7]/C

Slack:                    inf
  Source:                 u_bridge/wdata_hold_reg[26]/C
                            (rising edge-triggered cell FDRE clocked by aclk  {rise@0.000ns fall@5.000ns period=10.000ns})
  Destination:            u_bridge/s_wdata_reg[26]/D
                            (rising edge-triggered cell FDRE clocked by net_clk  {rise@0.000ns fall@3.200ns period=6.400ns})
  Path Group:             (none)
  Path Type:              Hold (Min at Fast Process Corner)
  Data Path Delay:        0.307ns  (logic 0.141ns (45.884%)  route 0.166ns (54.116%))
  Logic Levels:           0  
  Clock Path Skew:        0.022ns (DCD - SCD - CPR)
    Destination Clock Delay (DCD):    0.432ns
    Source Clock Delay      (SCD):    0.411ns
    Clock Pessimism Removal (CPR):    -0.000ns
  Clock Uncertainty:      0.035ns  ((TSJ^2 + TIJ^2)^1/2 + DJ) / 2 + PE
    Total System Jitter     (TSJ):    0.071ns
    Total Input Jitter      (TIJ):    0.000ns
    Discrete Jitter          (DJ):    0.000ns
    Phase Error              (PE):    0.000ns
  Timing Exception:       False Path

    Location             Delay type                Incr(ns)  Path(ns)    Netlist Resource(s)
  -------------------------------------------------------------------    -------------------
                         (clock aclk rise edge)       0.000     0.000 r  
                                                      0.000     0.000 r  aclk (IN)
                         net (fo=376, unset)          0.411     0.411    u_bridge/aclk
    SLICE_X47Y41         FDRE                                         r  u_bridge/wdata_hold_reg[26]/C
  -------------------------------------------------------------------    -------------------
    SLICE_X47Y41         FDRE (Prop_fdre_C_Q)         0.141     0.552 r  u_bridge/wdata_hold_reg[26]/Q
                         net (fo=1, routed)           0.166     0.718    u_bridge/wdata_hold[26]
    SLICE_X48Y40         FDRE                                         r  u_bridge/s_wdata_reg[26]/D
  -------------------------------------------------------------------    -------------------

                         (clock net_clk rise edge)    0.000     0.000 r  
                                                      0.000     0.000 r  net_clk (IN)
                         net (fo=1291, unset)         0.432     0.432    u_bridge/net_clk
    SLICE_X48Y40         FDRE                                         r  u_bridge/s_wdata_reg[26]/C

Slack:                    inf
  Source:                 u_bridge/wdata_hold_reg[7]/C
                            (rising edge-triggered cell FDRE clocked by aclk  {rise@0.000ns fall@5.000ns period=10.000ns})
  Destination:            u_bridge/s_wdata_reg[7]/D
                            (rising edge-triggered cell FDRE clocked by net_clk  {rise@0.000ns fall@3.200ns period=6.400ns})
  Path Group:             (none)
  Path Type:              Hold (Min at Fast Process Corner)
  Data Path Delay:        0.308ns  (logic 0.148ns (48.010%)  route 0.160ns (51.990%))
  Logic Levels:           0  
  Clock Path Skew:        0.022ns (DCD - SCD - CPR)
    Destination Clock Delay (DCD):    0.432ns
    Source Clock Delay      (SCD):    0.411ns
    Clock Pessimism Removal (CPR):    -0.000ns
  Clock Uncertainty:      0.035ns  ((TSJ^2 + TIJ^2)^1/2 + DJ) / 2 + PE
    Total System Jitter     (TSJ):    0.071ns
    Total Input Jitter      (TIJ):    0.000ns
    Discrete Jitter          (DJ):    0.000ns
    Phase Error              (PE):    0.000ns
  Timing Exception:       False Path

    Location             Delay type                Incr(ns)  Path(ns)    Netlist Resource(s)
  -------------------------------------------------------------------    -------------------
                         (clock aclk rise edge)       0.000     0.000 r  
                                                      0.000     0.000 r  aclk (IN)
                         net (fo=376, unset)          0.411     0.411    u_bridge/aclk
    SLICE_X46Y27         FDRE                                         r  u_bridge/wdata_hold_reg[7]/C
  -------------------------------------------------------------------    -------------------
    SLICE_X46Y27         FDRE (Prop_fdre_C_Q)         0.148     0.559 r  u_bridge/wdata_hold_reg[7]/Q
                         net (fo=1, routed)           0.160     0.719    u_bridge/wdata_hold[7]
    SLICE_X46Y28         FDRE                                         r  u_bridge/s_wdata_reg[7]/D
  -------------------------------------------------------------------    -------------------

                         (clock net_clk rise edge)    0.000     0.000 r  
                                                      0.000     0.000 r  net_clk (IN)
                         net (fo=1291, unset)         0.432     0.432    u_bridge/net_clk
    SLICE_X46Y28         FDRE                                         r  u_bridge/s_wdata_reg[7]/C

Slack:                    inf
  Source:                 u_bridge/addr_hold_reg[4]/C
                            (rising edge-triggered cell FDRE clocked by aclk  {rise@0.000ns fall@5.000ns period=10.000ns})
  Destination:            u_bridge/s_addr_reg[4]/D
                            (rising edge-triggered cell FDRE clocked by net_clk  {rise@0.000ns fall@3.200ns period=6.400ns})
  Path Group:             (none)
  Path Type:              Hold (Min at Fast Process Corner)
  Data Path Delay:        0.310ns  (logic 0.141ns (45.516%)  route 0.169ns (54.484%))
  Logic Levels:           0  
  Clock Path Skew:        0.022ns (DCD - SCD - CPR)
    Destination Clock Delay (DCD):    0.432ns
    Source Clock Delay      (SCD):    0.411ns
    Clock Pessimism Removal (CPR):    -0.000ns
  Clock Uncertainty:      0.035ns  ((TSJ^2 + TIJ^2)^1/2 + DJ) / 2 + PE
    Total System Jitter     (TSJ):    0.071ns
    Total Input Jitter      (TIJ):    0.000ns
    Discrete Jitter          (DJ):    0.000ns
    Phase Error              (PE):    0.000ns
  Timing Exception:       False Path

    Location             Delay type                Incr(ns)  Path(ns)    Netlist Resource(s)
  -------------------------------------------------------------------    -------------------
                         (clock aclk rise edge)       0.000     0.000 r  
                                                      0.000     0.000 r  aclk (IN)
                         net (fo=376, unset)          0.411     0.411    u_bridge/aclk
    SLICE_X45Y32         FDRE                                         r  u_bridge/addr_hold_reg[4]/C
  -------------------------------------------------------------------    -------------------
    SLICE_X45Y32         FDRE (Prop_fdre_C_Q)         0.141     0.552 r  u_bridge/addr_hold_reg[4]/Q
                         net (fo=1, routed)           0.169     0.721    u_bridge/addr_hold[4]
    SLICE_X38Y32         FDRE                                         r  u_bridge/s_addr_reg[4]/D
  -------------------------------------------------------------------    -------------------

                         (clock net_clk rise edge)    0.000     0.000 r  
                                                      0.000     0.000 r  net_clk (IN)
                         net (fo=1291, unset)         0.432     0.432    u_bridge/net_clk
    SLICE_X38Y32         FDRE                                         r  u_bridge/s_addr_reg[4]/C

Slack:                    inf
  Source:                 u_snap/req_tgl_reg/C
                            (rising edge-triggered cell FDRE clocked by aclk  {rise@0.000ns fall@5.000ns period=10.000ns})
  Destination:            u_snap/req_sync_reg[0]/D
                            (rising edge-triggered cell FDRE clocked by net_clk  {rise@0.000ns fall@3.200ns period=6.400ns})
  Path Group:             (none)
  Path Type:              Hold (Min at Fast Process Corner)
  Data Path Delay:        0.311ns  (logic 0.164ns (52.676%)  route 0.147ns (47.324%))
  Logic Levels:           0  
  Clock Path Skew:        0.022ns (DCD - SCD - CPR)
    Destination Clock Delay (DCD):    0.432ns
    Source Clock Delay      (SCD):    0.411ns
    Clock Pessimism Removal (CPR):    -0.000ns
  Clock Uncertainty:      0.035ns  ((TSJ^2 + TIJ^2)^1/2 + DJ) / 2 + PE
    Total System Jitter     (TSJ):    0.071ns
    Total Input Jitter      (TIJ):    0.000ns
    Discrete Jitter          (DJ):    0.000ns
    Phase Error              (PE):    0.000ns
  Timing Exception:       False Path

    Location             Delay type                Incr(ns)  Path(ns)    Netlist Resource(s)
  -------------------------------------------------------------------    -------------------
                         (clock aclk rise edge)       0.000     0.000 r  
                                                      0.000     0.000 r  aclk (IN)
                         net (fo=376, unset)          0.411     0.411    u_snap/aclk
    SLICE_X50Y27         FDRE                                         r  u_snap/req_tgl_reg/C
  -------------------------------------------------------------------    -------------------
    SLICE_X50Y27         FDRE (Prop_fdre_C_Q)         0.164     0.575 r  u_snap/req_tgl_reg/Q
                         net (fo=5, routed)           0.147     0.722    u_snap/req_tgl_reg_n_0
    SLICE_X50Y26         FDRE                                         r  u_snap/req_sync_reg[0]/D
  -------------------------------------------------------------------    -------------------

                         (clock net_clk rise edge)    0.000     0.000 r  
                                                      0.000     0.000 r  net_clk (IN)
                         net (fo=1291, unset)         0.432     0.432    u_snap/net_clk
    SLICE_X50Y26         FDRE                                         r  u_snap/req_sync_reg[0]/C

Slack:                    inf
  Source:                 u_bridge/addr_hold_reg[10]/C
                            (rising edge-triggered cell FDRE clocked by aclk  {rise@0.000ns fall@5.000ns period=10.000ns})
  Destination:            u_bridge/s_addr_reg[10]/D
                            (rising edge-triggered cell FDRE clocked by net_clk  {rise@0.000ns fall@3.200ns period=6.400ns})
  Path Group:             (none)
  Path Type:              Hold (Min at Fast Process Corner)
  Data Path Delay:        0.312ns  (logic 0.141ns (45.186%)  route 0.171ns (54.814%))
  Logic Levels:           0  
  Clock Path Skew:        0.022ns (DCD - SCD - CPR)
    Destination Clock Delay (DCD):    0.432ns
    Source Clock Delay      (SCD):    0.411ns
    Clock Pessimism Removal (CPR):    -0.000ns
  Clock Uncertainty:      0.035ns  ((TSJ^2 + TIJ^2)^1/2 + DJ) / 2 + PE
    Total System Jitter     (TSJ):    0.071ns
    Total Input Jitter      (TIJ):    0.000ns
    Discrete Jitter          (DJ):    0.000ns
    Phase Error              (PE):    0.000ns
  Timing Exception:       False Path

    Location             Delay type                Incr(ns)  Path(ns)    Netlist Resource(s)
  -------------------------------------------------------------------    -------------------
                         (clock aclk rise edge)       0.000     0.000 r  
                                                      0.000     0.000 r  aclk (IN)
                         net (fo=376, unset)          0.411     0.411    u_bridge/aclk
    SLICE_X40Y27         FDRE                                         r  u_bridge/addr_hold_reg[10]/C
  -------------------------------------------------------------------    -------------------
    SLICE_X40Y27         FDRE (Prop_fdre_C_Q)         0.141     0.552 r  u_bridge/addr_hold_reg[10]/Q
                         net (fo=1, routed)           0.171     0.723    u_bridge/addr_hold[10]
    SLICE_X39Y27         FDRE                                         r  u_bridge/s_addr_reg[10]/D
  -------------------------------------------------------------------    -------------------

                         (clock net_clk rise edge)    0.000     0.000 r  
                                                      0.000     0.000 r  net_clk (IN)
                         net (fo=1291, unset)         0.432     0.432    u_bridge/net_clk
    SLICE_X39Y27         FDRE                                         r  u_bridge/s_addr_reg[10]/C

Slack:                    inf
  Source:                 u_bridge/addr_hold_reg[8]/C
                            (rising edge-triggered cell FDRE clocked by aclk  {rise@0.000ns fall@5.000ns period=10.000ns})
  Destination:            u_bridge/s_addr_reg[8]/D
                            (rising edge-triggered cell FDRE clocked by net_clk  {rise@0.000ns fall@3.200ns period=6.400ns})
  Path Group:             (none)
  Path Type:              Hold (Min at Fast Process Corner)
  Data Path Delay:        0.313ns  (logic 0.141ns (44.986%)  route 0.172ns (55.014%))
  Logic Levels:           0  
  Clock Path Skew:        0.022ns (DCD - SCD - CPR)
    Destination Clock Delay (DCD):    0.432ns
    Source Clock Delay      (SCD):    0.411ns
    Clock Pessimism Removal (CPR):    -0.000ns
  Clock Uncertainty:      0.035ns  ((TSJ^2 + TIJ^2)^1/2 + DJ) / 2 + PE
    Total System Jitter     (TSJ):    0.071ns
    Total Input Jitter      (TIJ):    0.000ns
    Discrete Jitter          (DJ):    0.000ns
    Phase Error              (PE):    0.000ns
  Timing Exception:       False Path

    Location             Delay type                Incr(ns)  Path(ns)    Netlist Resource(s)
  -------------------------------------------------------------------    -------------------
                         (clock aclk rise edge)       0.000     0.000 r  
                                                      0.000     0.000 r  aclk (IN)
                         net (fo=376, unset)          0.411     0.411    u_bridge/aclk
    SLICE_X40Y27         FDRE                                         r  u_bridge/addr_hold_reg[8]/C
  -------------------------------------------------------------------    -------------------
    SLICE_X40Y27         FDRE (Prop_fdre_C_Q)         0.141     0.552 r  u_bridge/addr_hold_reg[8]/Q
                         net (fo=1, routed)           0.172     0.724    u_bridge/addr_hold[8]
    SLICE_X36Y27         FDRE                                         r  u_bridge/s_addr_reg[8]/D
  -------------------------------------------------------------------    -------------------

                         (clock net_clk rise edge)    0.000     0.000 r  
                                                      0.000     0.000 r  net_clk (IN)
                         net (fo=1291, unset)         0.432     0.432    u_bridge/net_clk
    SLICE_X36Y27         FDRE                                         r  u_bridge/s_addr_reg[8]/C

Slack:                    inf
  Source:                 u_bridge/wdata_hold_reg[25]/C
                            (rising edge-triggered cell FDRE clocked by aclk  {rise@0.000ns fall@5.000ns period=10.000ns})
  Destination:            u_bridge/s_wdata_reg[25]/D
                            (rising edge-triggered cell FDRE clocked by net_clk  {rise@0.000ns fall@3.200ns period=6.400ns})
  Path Group:             (none)
  Path Type:              Hold (Min at Fast Process Corner)
  Data Path Delay:        0.317ns  (logic 0.141ns (44.415%)  route 0.176ns (55.585%))
  Logic Levels:           0  
  Clock Path Skew:        0.022ns (DCD - SCD - CPR)
    Destination Clock Delay (DCD):    0.432ns
    Source Clock Delay      (SCD):    0.411ns
    Clock Pessimism Removal (CPR):    -0.000ns
  Clock Uncertainty:      0.035ns  ((TSJ^2 + TIJ^2)^1/2 + DJ) / 2 + PE
    Total System Jitter     (TSJ):    0.071ns
    Total Input Jitter      (TIJ):    0.000ns
    Discrete Jitter          (DJ):    0.000ns
    Phase Error              (PE):    0.000ns
  Timing Exception:       False Path

    Location             Delay type                Incr(ns)  Path(ns)    Netlist Resource(s)
  -------------------------------------------------------------------    -------------------
                         (clock aclk rise edge)       0.000     0.000 r  
                                                      0.000     0.000 r  aclk (IN)
                         net (fo=376, unset)          0.411     0.411    u_bridge/aclk
    SLICE_X47Y41         FDRE                                         r  u_bridge/wdata_hold_reg[25]/C
  -------------------------------------------------------------------    -------------------
    SLICE_X47Y41         FDRE (Prop_fdre_C_Q)         0.141     0.552 r  u_bridge/wdata_hold_reg[25]/Q
                         net (fo=1, routed)           0.176     0.728    u_bridge/wdata_hold[25]
    SLICE_X45Y41         FDRE                                         r  u_bridge/s_wdata_reg[25]/D
  -------------------------------------------------------------------    -------------------

                         (clock net_clk rise edge)    0.000     0.000 r  
                                                      0.000     0.000 r  net_clk (IN)
                         net (fo=1291, unset)         0.432     0.432    u_bridge/net_clk
    SLICE_X45Y41         FDRE                                         r  u_bridge/s_wdata_reg[25]/C





--------------------------------------------------------------------------------------
Path Group:  (none)
From Clock:  aclk
  To Clock:  

Max Delay            37 Endpoints
Min Delay            37 Endpoints
--------------------------------------------------------------------------------------


Max Delay Paths
--------------------------------------------------------------------------------------
Slack:                    inf
  Source:                 u_axi/s_axi_rdata_reg[11]/C
                            (rising edge-triggered cell FDRE clocked by aclk  {rise@0.000ns fall@5.000ns period=10.000ns})
  Destination:            s_axi_rdata[11]
                            (output port)
  Path Group:             (none)
  Path Type:              Max at Slow Process Corner
  Data Path Delay:        1.097ns  (logic 0.393ns (35.825%)  route 0.704ns (64.175%))
  Logic Levels:           0  
  Clock Uncertainty:      0.025ns  ((TSJ^2 + TIJ^2)^1/2 + DJ) / 2 + PE
    Total System Jitter     (TSJ):    0.050ns
    Total Input Jitter      (TIJ):    0.000ns
    Discrete Jitter          (DJ):    0.000ns
    Phase Error              (PE):    0.000ns

    Location             Delay type                Incr(ns)  Path(ns)    Netlist Resource(s)
  -------------------------------------------------------------------    -------------------
                         (clock aclk rise edge)       0.000     0.000 r  
                                                      0.000     0.000 r  aclk (IN)
                         net (fo=376, unset)          0.704     0.704    u_axi/aclk
    SLICE_X54Y30         FDRE                                         r  u_axi/s_axi_rdata_reg[11]/C
  -------------------------------------------------------------------    -------------------
    SLICE_X54Y30         FDRE (Prop_fdre_C_Q)         0.393     1.097 r  u_axi/s_axi_rdata_reg[11]/Q
                         net (fo=0)                   0.704     1.801    s_axi_rdata[11]
                                                                      r  s_axi_rdata[11] (OUT)
  -------------------------------------------------------------------    -------------------

Slack:                    inf
  Source:                 u_axi/s_axi_rdata_reg[13]/C
                            (rising edge-triggered cell FDRE clocked by aclk  {rise@0.000ns fall@5.000ns period=10.000ns})
  Destination:            s_axi_rdata[13]
                            (output port)
  Path Group:             (none)
  Path Type:              Max at Slow Process Corner
  Data Path Delay:        1.097ns  (logic 0.393ns (35.825%)  route 0.704ns (64.175%))
  Logic Levels:           0  
  Clock Uncertainty:      0.025ns  ((TSJ^2 + TIJ^2)^1/2 + DJ) / 2 + PE
    Total System Jitter     (TSJ):    0.050ns
    Total Input Jitter      (TIJ):    0.000ns
    Discrete Jitter          (DJ):    0.000ns
    Phase Error              (PE):    0.000ns

    Location             Delay type                Incr(ns)  Path(ns)    Netlist Resource(s)
  -------------------------------------------------------------------    -------------------
                         (clock aclk rise edge)       0.000     0.000 r  
                                                      0.000     0.000 r  aclk (IN)
                         net (fo=376, unset)          0.704     0.704    u_axi/aclk
    SLICE_X54Y31         FDRE                                         r  u_axi/s_axi_rdata_reg[13]/C
  -------------------------------------------------------------------    -------------------
    SLICE_X54Y31         FDRE (Prop_fdre_C_Q)         0.393     1.097 r  u_axi/s_axi_rdata_reg[13]/Q
                         net (fo=0)                   0.704     1.801    s_axi_rdata[13]
                                                                      r  s_axi_rdata[13] (OUT)
  -------------------------------------------------------------------    -------------------

Slack:                    inf
  Source:                 u_axi/s_axi_rdata_reg[14]/C
                            (rising edge-triggered cell FDRE clocked by aclk  {rise@0.000ns fall@5.000ns period=10.000ns})
  Destination:            s_axi_rdata[14]
                            (output port)
  Path Group:             (none)
  Path Type:              Max at Slow Process Corner
  Data Path Delay:        1.097ns  (logic 0.393ns (35.825%)  route 0.704ns (64.175%))
  Logic Levels:           0  
  Clock Uncertainty:      0.025ns  ((TSJ^2 + TIJ^2)^1/2 + DJ) / 2 + PE
    Total System Jitter     (TSJ):    0.050ns
    Total Input Jitter      (TIJ):    0.000ns
    Discrete Jitter          (DJ):    0.000ns
    Phase Error              (PE):    0.000ns

    Location             Delay type                Incr(ns)  Path(ns)    Netlist Resource(s)
  -------------------------------------------------------------------    -------------------
                         (clock aclk rise edge)       0.000     0.000 r  
                                                      0.000     0.000 r  aclk (IN)
                         net (fo=376, unset)          0.704     0.704    u_axi/aclk
    SLICE_X54Y33         FDRE                                         r  u_axi/s_axi_rdata_reg[14]/C
  -------------------------------------------------------------------    -------------------
    SLICE_X54Y33         FDRE (Prop_fdre_C_Q)         0.393     1.097 r  u_axi/s_axi_rdata_reg[14]/Q
                         net (fo=0)                   0.704     1.801    s_axi_rdata[14]
                                                                      r  s_axi_rdata[14] (OUT)
  -------------------------------------------------------------------    -------------------

Slack:                    inf
  Source:                 u_axi/s_axi_rdata_reg[15]/C
                            (rising edge-triggered cell FDRE clocked by aclk  {rise@0.000ns fall@5.000ns period=10.000ns})
  Destination:            s_axi_rdata[15]
                            (output port)
  Path Group:             (none)
  Path Type:              Max at Slow Process Corner
  Data Path Delay:        1.097ns  (logic 0.393ns (35.825%)  route 0.704ns (64.175%))
  Logic Levels:           0  
  Clock Uncertainty:      0.025ns  ((TSJ^2 + TIJ^2)^1/2 + DJ) / 2 + PE
    Total System Jitter     (TSJ):    0.050ns
    Total Input Jitter      (TIJ):    0.000ns
    Discrete Jitter          (DJ):    0.000ns
    Phase Error              (PE):    0.000ns

    Location             Delay type                Incr(ns)  Path(ns)    Netlist Resource(s)
  -------------------------------------------------------------------    -------------------
                         (clock aclk rise edge)       0.000     0.000 r  
                                                      0.000     0.000 r  aclk (IN)
                         net (fo=376, unset)          0.704     0.704    u_axi/aclk
    SLICE_X54Y30         FDRE                                         r  u_axi/s_axi_rdata_reg[15]/C
  -------------------------------------------------------------------    -------------------
    SLICE_X54Y30         FDRE (Prop_fdre_C_Q)         0.393     1.097 r  u_axi/s_axi_rdata_reg[15]/Q
                         net (fo=0)                   0.704     1.801    s_axi_rdata[15]
                                                                      r  s_axi_rdata[15] (OUT)
  -------------------------------------------------------------------    -------------------

Slack:                    inf
  Source:                 u_axi/s_axi_rdata_reg[18]/C
                            (rising edge-triggered cell FDRE clocked by aclk  {rise@0.000ns fall@5.000ns period=10.000ns})
  Destination:            s_axi_rdata[18]
                            (output port)
  Path Group:             (none)
  Path Type:              Max at Slow Process Corner
  Data Path Delay:        1.097ns  (logic 0.393ns (35.825%)  route 0.704ns (64.175%))
  Logic Levels:           0  
  Clock Uncertainty:      0.025ns  ((TSJ^2 + TIJ^2)^1/2 + DJ) / 2 + PE
    Total System Jitter     (TSJ):    0.050ns
    Total Input Jitter      (TIJ):    0.000ns
    Discrete Jitter          (DJ):    0.000ns
    Phase Error              (PE):    0.000ns

    Location             Delay type                Incr(ns)  Path(ns)    Netlist Resource(s)
  -------------------------------------------------------------------    -------------------
                         (clock aclk rise edge)       0.000     0.000 r  
                                                      0.000     0.000 r  aclk (IN)
                         net (fo=376, unset)          0.704     0.704    u_axi/aclk
    SLICE_X58Y36         FDRE                                         r  u_axi/s_axi_rdata_reg[18]/C
  -------------------------------------------------------------------    -------------------
    SLICE_X58Y36         FDRE (Prop_fdre_C_Q)         0.393     1.097 r  u_axi/s_axi_rdata_reg[18]/Q
                         net (fo=0)                   0.704     1.801    s_axi_rdata[18]
                                                                      r  s_axi_rdata[18] (OUT)
  -------------------------------------------------------------------    -------------------

Slack:                    inf
  Source:                 u_axi/s_axi_rdata_reg[19]/C
                            (rising edge-triggered cell FDRE clocked by aclk  {rise@0.000ns fall@5.000ns period=10.000ns})
  Destination:            s_axi_rdata[19]
                            (output port)
  Path Group:             (none)
  Path Type:              Max at Slow Process Corner
  Data Path Delay:        1.097ns  (logic 0.393ns (35.825%)  route 0.704ns (64.175%))
  Logic Levels:           0  
  Clock Uncertainty:      0.025ns  ((TSJ^2 + TIJ^2)^1/2 + DJ) / 2 + PE
    Total System Jitter     (TSJ):    0.050ns
    Total Input Jitter      (TIJ):    0.000ns
    Discrete Jitter          (DJ):    0.000ns
    Phase Error              (PE):    0.000ns

    Location             Delay type                Incr(ns)  Path(ns)    Netlist Resource(s)
  -------------------------------------------------------------------    -------------------
                         (clock aclk rise edge)       0.000     0.000 r  
                                                      0.000     0.000 r  aclk (IN)
                         net (fo=376, unset)          0.704     0.704    u_axi/aclk
    SLICE_X32Y44         FDRE                                         r  u_axi/s_axi_rdata_reg[19]/C
  -------------------------------------------------------------------    -------------------
    SLICE_X32Y44         FDRE (Prop_fdre_C_Q)         0.393     1.097 r  u_axi/s_axi_rdata_reg[19]/Q
                         net (fo=0)                   0.704     1.801    s_axi_rdata[19]
                                                                      r  s_axi_rdata[19] (OUT)
  -------------------------------------------------------------------    -------------------

Slack:                    inf
  Source:                 u_axi/s_axi_rdata_reg[20]/C
                            (rising edge-triggered cell FDRE clocked by aclk  {rise@0.000ns fall@5.000ns period=10.000ns})
  Destination:            s_axi_rdata[20]
                            (output port)
  Path Group:             (none)
  Path Type:              Max at Slow Process Corner
  Data Path Delay:        1.097ns  (logic 0.393ns (35.825%)  route 0.704ns (64.175%))
  Logic Levels:           0  
  Clock Uncertainty:      0.025ns  ((TSJ^2 + TIJ^2)^1/2 + DJ) / 2 + PE
    Total System Jitter     (TSJ):    0.050ns
    Total Input Jitter      (TIJ):    0.000ns
    Discrete Jitter          (DJ):    0.000ns
    Phase Error              (PE):    0.000ns

    Location             Delay type                Incr(ns)  Path(ns)    Netlist Resource(s)
  -------------------------------------------------------------------    -------------------
                         (clock aclk rise edge)       0.000     0.000 r  
                                                      0.000     0.000 r  aclk (IN)
                         net (fo=376, unset)          0.704     0.704    u_axi/aclk
    SLICE_X54Y33         FDRE                                         r  u_axi/s_axi_rdata_reg[20]/C
  -------------------------------------------------------------------    -------------------
    SLICE_X54Y33         FDRE (Prop_fdre_C_Q)         0.393     1.097 r  u_axi/s_axi_rdata_reg[20]/Q
                         net (fo=0)                   0.704     1.801    s_axi_rdata[20]
                                                                      r  s_axi_rdata[20] (OUT)
  -------------------------------------------------------------------    -------------------

Slack:                    inf
  Source:                 u_axi/s_axi_rdata_reg[22]/C
                            (rising edge-triggered cell FDRE clocked by aclk  {rise@0.000ns fall@5.000ns period=10.000ns})
  Destination:            s_axi_rdata[22]
                            (output port)
  Path Group:             (none)
  Path Type:              Max at Slow Process Corner
  Data Path Delay:        1.097ns  (logic 0.393ns (35.825%)  route 0.704ns (64.175%))
  Logic Levels:           0  
  Clock Uncertainty:      0.025ns  ((TSJ^2 + TIJ^2)^1/2 + DJ) / 2 + PE
    Total System Jitter     (TSJ):    0.050ns
    Total Input Jitter      (TIJ):    0.000ns
    Discrete Jitter          (DJ):    0.000ns
    Phase Error              (PE):    0.000ns

    Location             Delay type                Incr(ns)  Path(ns)    Netlist Resource(s)
  -------------------------------------------------------------------    -------------------
                         (clock aclk rise edge)       0.000     0.000 r  
                                                      0.000     0.000 r  aclk (IN)
                         net (fo=376, unset)          0.704     0.704    u_axi/aclk
    SLICE_X54Y39         FDRE                                         r  u_axi/s_axi_rdata_reg[22]/C
  -------------------------------------------------------------------    -------------------
    SLICE_X54Y39         FDRE (Prop_fdre_C_Q)         0.393     1.097 r  u_axi/s_axi_rdata_reg[22]/Q
                         net (fo=0)                   0.704     1.801    s_axi_rdata[22]
                                                                      r  s_axi_rdata[22] (OUT)
  -------------------------------------------------------------------    -------------------

Slack:                    inf
  Source:                 u_axi/s_axi_rdata_reg[24]/C
                            (rising edge-triggered cell FDRE clocked by aclk  {rise@0.000ns fall@5.000ns period=10.000ns})
  Destination:            s_axi_rdata[24]
                            (output port)
  Path Group:             (none)
  Path Type:              Max at Slow Process Corner
  Data Path Delay:        1.097ns  (logic 0.393ns (35.825%)  route 0.704ns (64.175%))
  Logic Levels:           0  
  Clock Uncertainty:      0.025ns  ((TSJ^2 + TIJ^2)^1/2 + DJ) / 2 + PE
    Total System Jitter     (TSJ):    0.050ns
    Total Input Jitter      (TIJ):    0.000ns
    Discrete Jitter          (DJ):    0.000ns
    Phase Error              (PE):    0.000ns

    Location             Delay type                Incr(ns)  Path(ns)    Netlist Resource(s)
  -------------------------------------------------------------------    -------------------
                         (clock aclk rise edge)       0.000     0.000 r  
                                                      0.000     0.000 r  aclk (IN)
                         net (fo=376, unset)          0.704     0.704    u_axi/aclk
    SLICE_X32Y44         FDRE                                         r  u_axi/s_axi_rdata_reg[24]/C
  -------------------------------------------------------------------    -------------------
    SLICE_X32Y44         FDRE (Prop_fdre_C_Q)         0.393     1.097 r  u_axi/s_axi_rdata_reg[24]/Q
                         net (fo=0)                   0.704     1.801    s_axi_rdata[24]
                                                                      r  s_axi_rdata[24] (OUT)
  -------------------------------------------------------------------    -------------------

Slack:                    inf
  Source:                 u_axi/s_axi_rdata_reg[26]/C
                            (rising edge-triggered cell FDRE clocked by aclk  {rise@0.000ns fall@5.000ns period=10.000ns})
  Destination:            s_axi_rdata[26]
                            (output port)
  Path Group:             (none)
  Path Type:              Max at Slow Process Corner
  Data Path Delay:        1.097ns  (logic 0.393ns (35.825%)  route 0.704ns (64.175%))
  Logic Levels:           0  
  Clock Uncertainty:      0.025ns  ((TSJ^2 + TIJ^2)^1/2 + DJ) / 2 + PE
    Total System Jitter     (TSJ):    0.050ns
    Total Input Jitter      (TIJ):    0.000ns
    Discrete Jitter          (DJ):    0.000ns
    Phase Error              (PE):    0.000ns

    Location             Delay type                Incr(ns)  Path(ns)    Netlist Resource(s)
  -------------------------------------------------------------------    -------------------
                         (clock aclk rise edge)       0.000     0.000 r  
                                                      0.000     0.000 r  aclk (IN)
                         net (fo=376, unset)          0.704     0.704    u_axi/aclk
    SLICE_X32Y44         FDRE                                         r  u_axi/s_axi_rdata_reg[26]/C
  -------------------------------------------------------------------    -------------------
    SLICE_X32Y44         FDRE (Prop_fdre_C_Q)         0.393     1.097 r  u_axi/s_axi_rdata_reg[26]/Q
                         net (fo=0)                   0.704     1.801    s_axi_rdata[26]
                                                                      r  s_axi_rdata[26] (OUT)
  -------------------------------------------------------------------    -------------------

Slack:                    inf
  Source:                 u_axi/s_axi_rdata_reg[28]/C
                            (rising edge-triggered cell FDRE clocked by aclk  {rise@0.000ns fall@5.000ns period=10.000ns})
  Destination:            s_axi_rdata[28]
                            (output port)
  Path Group:             (none)
  Path Type:              Max at Slow Process Corner
  Data Path Delay:        1.097ns  (logic 0.393ns (35.825%)  route 0.704ns (64.175%))
  Logic Levels:           0  
  Clock Uncertainty:      0.025ns  ((TSJ^2 + TIJ^2)^1/2 + DJ) / 2 + PE
    Total System Jitter     (TSJ):    0.050ns
    Total Input Jitter      (TIJ):    0.000ns
    Discrete Jitter          (DJ):    0.000ns
    Phase Error              (PE):    0.000ns

    Location             Delay type                Incr(ns)  Path(ns)    Netlist Resource(s)
  -------------------------------------------------------------------    -------------------
                         (clock aclk rise edge)       0.000     0.000 r  
                                                      0.000     0.000 r  aclk (IN)
                         net (fo=376, unset)          0.704     0.704    u_axi/aclk
    SLICE_X54Y39         FDRE                                         r  u_axi/s_axi_rdata_reg[28]/C
  -------------------------------------------------------------------    -------------------
    SLICE_X54Y39         FDRE (Prop_fdre_C_Q)         0.393     1.097 r  u_axi/s_axi_rdata_reg[28]/Q
                         net (fo=0)                   0.704     1.801    s_axi_rdata[28]
                                                                      r  s_axi_rdata[28] (OUT)
  -------------------------------------------------------------------    -------------------

Slack:                    inf
  Source:                 u_axi/s_axi_rdata_reg[30]/C
                            (rising edge-triggered cell FDRE clocked by aclk  {rise@0.000ns fall@5.000ns period=10.000ns})
  Destination:            s_axi_rdata[30]
                            (output port)
  Path Group:             (none)
  Path Type:              Max at Slow Process Corner
  Data Path Delay:        1.097ns  (logic 0.393ns (35.825%)  route 0.704ns (64.175%))
  Logic Levels:           0  
  Clock Uncertainty:      0.025ns  ((TSJ^2 + TIJ^2)^1/2 + DJ) / 2 + PE
    Total System Jitter     (TSJ):    0.050ns
    Total Input Jitter      (TIJ):    0.000ns
    Discrete Jitter          (DJ):    0.000ns
    Phase Error              (PE):    0.000ns

    Location             Delay type                Incr(ns)  Path(ns)    Netlist Resource(s)
  -------------------------------------------------------------------    -------------------
                         (clock aclk rise edge)       0.000     0.000 r  
                                                      0.000     0.000 r  aclk (IN)
                         net (fo=376, unset)          0.704     0.704    u_axi/aclk
    SLICE_X58Y39         FDRE                                         r  u_axi/s_axi_rdata_reg[30]/C
  -------------------------------------------------------------------    -------------------
    SLICE_X58Y39         FDRE (Prop_fdre_C_Q)         0.393     1.097 r  u_axi/s_axi_rdata_reg[30]/Q
                         net (fo=0)                   0.704     1.801    s_axi_rdata[30]
                                                                      r  s_axi_rdata[30] (OUT)
  -------------------------------------------------------------------    -------------------

Slack:                    inf
  Source:                 u_axi/s_axi_rdata_reg[31]/C
                            (rising edge-triggered cell FDRE clocked by aclk  {rise@0.000ns fall@5.000ns period=10.000ns})
  Destination:            s_axi_rdata[31]
                            (output port)
  Path Group:             (none)
  Path Type:              Max at Slow Process Corner
  Data Path Delay:        1.097ns  (logic 0.393ns (35.825%)  route 0.704ns (64.175%))
  Logic Levels:           0  
  Clock Uncertainty:      0.025ns  ((TSJ^2 + TIJ^2)^1/2 + DJ) / 2 + PE
    Total System Jitter     (TSJ):    0.050ns
    Total Input Jitter      (TIJ):    0.000ns
    Discrete Jitter          (DJ):    0.000ns
    Phase Error              (PE):    0.000ns

    Location             Delay type                Incr(ns)  Path(ns)    Netlist Resource(s)
  -------------------------------------------------------------------    -------------------
                         (clock aclk rise edge)       0.000     0.000 r  
                                                      0.000     0.000 r  aclk (IN)
                         net (fo=376, unset)          0.704     0.704    u_axi/aclk
    SLICE_X32Y44         FDRE                                         r  u_axi/s_axi_rdata_reg[31]/C
  -------------------------------------------------------------------    -------------------
    SLICE_X32Y44         FDRE (Prop_fdre_C_Q)         0.393     1.097 r  u_axi/s_axi_rdata_reg[31]/Q
                         net (fo=0)                   0.704     1.801    s_axi_rdata[31]
                                                                      r  s_axi_rdata[31] (OUT)
  -------------------------------------------------------------------    -------------------

Slack:                    inf
  Source:                 u_axi/s_axi_awready_reg/C
                            (rising edge-triggered cell FDRE clocked by aclk  {rise@0.000ns fall@5.000ns period=10.000ns})
  Destination:            s_axi_awready
                            (output port)
  Path Group:             (none)
  Path Type:              Max at Slow Process Corner
  Data Path Delay:        1.065ns  (logic 0.361ns (33.897%)  route 0.704ns (66.103%))
  Logic Levels:           0  
  Clock Uncertainty:      0.025ns  ((TSJ^2 + TIJ^2)^1/2 + DJ) / 2 + PE
    Total System Jitter     (TSJ):    0.050ns
    Total Input Jitter      (TIJ):    0.000ns
    Discrete Jitter          (DJ):    0.000ns
    Phase Error              (PE):    0.000ns

    Location             Delay type                Incr(ns)  Path(ns)    Netlist Resource(s)
  -------------------------------------------------------------------    -------------------
                         (clock aclk rise edge)       0.000     0.000 r  
                                                      0.000     0.000 r  aclk (IN)
                         net (fo=376, unset)          0.704     0.704    u_axi/aclk
    SLICE_X42Y24         FDRE                                         r  u_axi/s_axi_awready_reg/C
  -------------------------------------------------------------------    -------------------
    SLICE_X42Y24         FDRE (Prop_fdre_C_Q)         0.361     1.065 r  u_axi/s_axi_awready_reg/Q
                         net (fo=0)                   0.704     1.769    s_axi_awready
                                                                      r  s_axi_awready (OUT)
  -------------------------------------------------------------------    -------------------

Slack:                    inf
  Source:                 u_axi/s_axi_awready_reg/C
                            (rising edge-triggered cell FDRE clocked by aclk  {rise@0.000ns fall@5.000ns period=10.000ns})
  Destination:            s_axi_wready
                            (output port)
  Path Group:             (none)
  Path Type:              Max at Slow Process Corner
  Data Path Delay:        1.065ns  (logic 0.361ns (33.897%)  route 0.704ns (66.103%))
  Logic Levels:           0  
  Clock Uncertainty:      0.025ns  ((TSJ^2 + TIJ^2)^1/2 + DJ) / 2 + PE
    Total System Jitter     (TSJ):    0.050ns
    Total Input Jitter      (TIJ):    0.000ns
    Discrete Jitter          (DJ):    0.000ns
    Phase Error              (PE):    0.000ns

    Location             Delay type                Incr(ns)  Path(ns)    Netlist Resource(s)
  -------------------------------------------------------------------    -------------------
                         (clock aclk rise edge)       0.000     0.000 r  
                                                      0.000     0.000 r  aclk (IN)
                         net (fo=376, unset)          0.704     0.704    u_axi/aclk
    SLICE_X42Y24         FDRE                                         r  u_axi/s_axi_awready_reg/C
  -------------------------------------------------------------------    -------------------
    SLICE_X42Y24         FDRE (Prop_fdre_C_Q)         0.361     1.065 r  u_axi/s_axi_awready_reg/Q
                         net (fo=0)                   0.704     1.769    s_axi_awready
                                                                      r  s_axi_wready (OUT)
  -------------------------------------------------------------------    -------------------

Slack:                    inf
  Source:                 u_axi/s_axi_arready_reg/C
                            (rising edge-triggered cell FDRE clocked by aclk  {rise@0.000ns fall@5.000ns period=10.000ns})
  Destination:            s_axi_arready
                            (output port)
  Path Group:             (none)
  Path Type:              Max at Slow Process Corner
  Data Path Delay:        1.045ns  (logic 0.341ns (32.632%)  route 0.704ns (67.368%))
  Logic Levels:           0  
  Clock Uncertainty:      0.025ns  ((TSJ^2 + TIJ^2)^1/2 + DJ) / 2 + PE
    Total System Jitter     (TSJ):    0.050ns
    Total Input Jitter      (TIJ):    0.000ns
    Discrete Jitter          (DJ):    0.000ns
    Phase Error              (PE):    0.000ns

    Location             Delay type                Incr(ns)  Path(ns)    Netlist Resource(s)
  -------------------------------------------------------------------    -------------------
                         (clock aclk rise edge)       0.000     0.000 r  
                                                      0.000     0.000 r  aclk (IN)
                         net (fo=376, unset)          0.704     0.704    u_axi/aclk
    SLICE_X44Y24         FDRE                                         r  u_axi/s_axi_arready_reg/C
  -------------------------------------------------------------------    -------------------
    SLICE_X44Y24         FDRE (Prop_fdre_C_Q)         0.341     1.045 r  u_axi/s_axi_arready_reg/Q
                         net (fo=0)                   0.704     1.749    s_axi_arready
                                                                      r  s_axi_arready (OUT)
  -------------------------------------------------------------------    -------------------

Slack:                    inf
  Source:                 u_axi/s_axi_bvalid_reg/C
                            (rising edge-triggered cell FDRE clocked by aclk  {rise@0.000ns fall@5.000ns period=10.000ns})
  Destination:            s_axi_bvalid
                            (output port)
  Path Group:             (none)
  Path Type:              Max at Slow Process Corner
  Data Path Delay:        1.045ns  (logic 0.341ns (32.632%)  route 0.704ns (67.368%))
  Logic Levels:           0  
  Clock Uncertainty:      0.025ns  ((TSJ^2 + TIJ^2)^1/2 + DJ) / 2 + PE
    Total System Jitter     (TSJ):    0.050ns
    Total Input Jitter      (TIJ):    0.000ns
    Discrete Jitter          (DJ):    0.000ns
    Phase Error              (PE):    0.000ns

    Location             Delay type                Incr(ns)  Path(ns)    Netlist Resource(s)
  -------------------------------------------------------------------    -------------------
                         (clock aclk rise edge)       0.000     0.000 r  
                                                      0.000     0.000 r  aclk (IN)
                         net (fo=376, unset)          0.704     0.704    u_axi/aclk
    SLICE_X43Y26         FDRE                                         r  u_axi/s_axi_bvalid_reg/C
  -------------------------------------------------------------------    -------------------
    SLICE_X43Y26         FDRE (Prop_fdre_C_Q)         0.341     1.045 r  u_axi/s_axi_bvalid_reg/Q
                         net (fo=1, unset)            0.704     1.749    s_axi_bvalid
                                                                      r  s_axi_bvalid (OUT)
  -------------------------------------------------------------------    -------------------

Slack:                    inf
  Source:                 u_axi/s_axi_rdata_reg[0]/C
                            (rising edge-triggered cell FDRE clocked by aclk  {rise@0.000ns fall@5.000ns period=10.000ns})
  Destination:            s_axi_rdata[0]
                            (output port)
  Path Group:             (none)
  Path Type:              Max at Slow Process Corner
  Data Path Delay:        1.045ns  (logic 0.341ns (32.632%)  route 0.704ns (67.368%))
  Logic Levels:           0  
  Clock Uncertainty:      0.025ns  ((TSJ^2 + TIJ^2)^1/2 + DJ) / 2 + PE
    Total System Jitter     (TSJ):    0.050ns
    Total Input Jitter      (TIJ):    0.000ns
    Discrete Jitter          (DJ):    0.000ns
    Phase Error              (PE):    0.000ns

    Location             Delay type                Incr(ns)  Path(ns)    Netlist Resource(s)
  -------------------------------------------------------------------    -------------------
                         (clock aclk rise edge)       0.000     0.000 r  
                                                      0.000     0.000 r  aclk (IN)
                         net (fo=376, unset)          0.704     0.704    u_axi/aclk
    SLICE_X48Y29         FDRE                                         r  u_axi/s_axi_rdata_reg[0]/C
  -------------------------------------------------------------------    -------------------
    SLICE_X48Y29         FDRE (Prop_fdre_C_Q)         0.341     1.045 r  u_axi/s_axi_rdata_reg[0]/Q
                         net (fo=0)                   0.704     1.749    s_axi_rdata[0]
                                                                      r  s_axi_rdata[0] (OUT)
  -------------------------------------------------------------------    -------------------

Slack:                    inf
  Source:                 u_axi/s_axi_rdata_reg[10]/C
                            (rising edge-triggered cell FDRE clocked by aclk  {rise@0.000ns fall@5.000ns period=10.000ns})
  Destination:            s_axi_rdata[10]
                            (output port)
  Path Group:             (none)
  Path Type:              Max at Slow Process Corner
  Data Path Delay:        1.045ns  (logic 0.341ns (32.632%)  route 0.704ns (67.368%))
  Logic Levels:           0  
  Clock Uncertainty:      0.025ns  ((TSJ^2 + TIJ^2)^1/2 + DJ) / 2 + PE
    Total System Jitter     (TSJ):    0.050ns
    Total Input Jitter      (TIJ):    0.000ns
    Discrete Jitter          (DJ):    0.000ns
    Phase Error              (PE):    0.000ns

    Location             Delay type                Incr(ns)  Path(ns)    Netlist Resource(s)
  -------------------------------------------------------------------    -------------------
                         (clock aclk rise edge)       0.000     0.000 r  
                                                      0.000     0.000 r  aclk (IN)
                         net (fo=376, unset)          0.704     0.704    u_axi/aclk
    SLICE_X48Y27         FDRE                                         r  u_axi/s_axi_rdata_reg[10]/C
  -------------------------------------------------------------------    -------------------
    SLICE_X48Y27         FDRE (Prop_fdre_C_Q)         0.341     1.045 r  u_axi/s_axi_rdata_reg[10]/Q
                         net (fo=0)                   0.704     1.749    s_axi_rdata[10]
                                                                      r  s_axi_rdata[10] (OUT)
  -------------------------------------------------------------------    -------------------

Slack:                    inf
  Source:                 u_axi/s_axi_rdata_reg[12]/C
                            (rising edge-triggered cell FDRE clocked by aclk  {rise@0.000ns fall@5.000ns period=10.000ns})
  Destination:            s_axi_rdata[12]
                            (output port)
  Path Group:             (none)
  Path Type:              Max at Slow Process Corner
  Data Path Delay:        1.045ns  (logic 0.341ns (32.632%)  route 0.704ns (67.368%))
  Logic Levels:           0  
  Clock Uncertainty:      0.025ns  ((TSJ^2 + TIJ^2)^1/2 + DJ) / 2 + PE
    Total System Jitter     (TSJ):    0.050ns
    Total Input Jitter      (TIJ):    0.000ns
    Discrete Jitter          (DJ):    0.000ns
    Phase Error              (PE):    0.000ns

    Location             Delay type                Incr(ns)  Path(ns)    Netlist Resource(s)
  -------------------------------------------------------------------    -------------------
                         (clock aclk rise edge)       0.000     0.000 r  
                                                      0.000     0.000 r  aclk (IN)
                         net (fo=376, unset)          0.704     0.704    u_axi/aclk
    SLICE_X53Y30         FDRE                                         r  u_axi/s_axi_rdata_reg[12]/C
  -------------------------------------------------------------------    -------------------
    SLICE_X53Y30         FDRE (Prop_fdre_C_Q)         0.341     1.045 r  u_axi/s_axi_rdata_reg[12]/Q
                         net (fo=0)                   0.704     1.749    s_axi_rdata[12]
                                                                      r  s_axi_rdata[12] (OUT)
  -------------------------------------------------------------------    -------------------





Min Delay Paths
--------------------------------------------------------------------------------------
Slack:                    inf
  Source:                 u_axi/s_axi_arready_reg/C
                            (rising edge-triggered cell FDRE clocked by aclk  {rise@0.000ns fall@5.000ns period=10.000ns})
  Destination:            s_axi_arready
                            (output port)
  Path Group:             (none)
  Path Type:              Min at Fast Process Corner
  Data Path Delay:        0.552ns  (logic 0.141ns (25.556%)  route 0.411ns (74.444%))
  Logic Levels:           0  
  Clock Uncertainty:      0.025ns  ((TSJ^2 + TIJ^2)^1/2 + DJ) / 2 + PE
    Total System Jitter     (TSJ):    0.050ns
    Total Input Jitter      (TIJ):    0.000ns
    Discrete Jitter          (DJ):    0.000ns
    Phase Error              (PE):    0.000ns

    Location             Delay type                Incr(ns)  Path(ns)    Netlist Resource(s)
  -------------------------------------------------------------------    -------------------
                         (clock aclk rise edge)       0.000     0.000 r  
                                                      0.000     0.000 r  aclk (IN)
                         net (fo=376, unset)          0.411     0.411    u_axi/aclk
    SLICE_X44Y24         FDRE                                         r  u_axi/s_axi_arready_reg/C
  -------------------------------------------------------------------    -------------------
    SLICE_X44Y24         FDRE (Prop_fdre_C_Q)         0.141     0.552 r  u_axi/s_axi_arready_reg/Q
                         net (fo=0)                   0.411     0.962    s_axi_arready
                                                                      r  s_axi_arready (OUT)
  -------------------------------------------------------------------    -------------------

Slack:                    inf
  Source:                 u_axi/s_axi_bvalid_reg/C
                            (rising edge-triggered cell FDRE clocked by aclk  {rise@0.000ns fall@5.000ns period=10.000ns})
  Destination:            s_axi_bvalid
                            (output port)
  Path Group:             (none)
  Path Type:              Min at Fast Process Corner
  Data Path Delay:        0.552ns  (logic 0.141ns (25.556%)  route 0.411ns (74.444%))
  Logic Levels:           0  
  Clock Uncertainty:      0.025ns  ((TSJ^2 + TIJ^2)^1/2 + DJ) / 2 + PE
    Total System Jitter     (TSJ):    0.050ns
    Total Input Jitter      (TIJ):    0.000ns
    Discrete Jitter          (DJ):    0.000ns
    Phase Error              (PE):    0.000ns

    Location             Delay type                Incr(ns)  Path(ns)    Netlist Resource(s)
  -------------------------------------------------------------------    -------------------
                         (clock aclk rise edge)       0.000     0.000 r  
                                                      0.000     0.000 r  aclk (IN)
                         net (fo=376, unset)          0.411     0.411    u_axi/aclk
    SLICE_X43Y26         FDRE                                         r  u_axi/s_axi_bvalid_reg/C
  -------------------------------------------------------------------    -------------------
    SLICE_X43Y26         FDRE (Prop_fdre_C_Q)         0.141     0.552 r  u_axi/s_axi_bvalid_reg/Q
                         net (fo=1, unset)            0.411     0.962    s_axi_bvalid
                                                                      r  s_axi_bvalid (OUT)
  -------------------------------------------------------------------    -------------------

Slack:                    inf
  Source:                 u_axi/s_axi_rdata_reg[0]/C
                            (rising edge-triggered cell FDRE clocked by aclk  {rise@0.000ns fall@5.000ns period=10.000ns})
  Destination:            s_axi_rdata[0]
                            (output port)
  Path Group:             (none)
  Path Type:              Min at Fast Process Corner
  Data Path Delay:        0.552ns  (logic 0.141ns (25.556%)  route 0.411ns (74.444%))
  Logic Levels:           0  
  Clock Uncertainty:      0.025ns  ((TSJ^2 + TIJ^2)^1/2 + DJ) / 2 + PE
    Total System Jitter     (TSJ):    0.050ns
    Total Input Jitter      (TIJ):    0.000ns
    Discrete Jitter          (DJ):    0.000ns
    Phase Error              (PE):    0.000ns

    Location             Delay type                Incr(ns)  Path(ns)    Netlist Resource(s)
  -------------------------------------------------------------------    -------------------
                         (clock aclk rise edge)       0.000     0.000 r  
                                                      0.000     0.000 r  aclk (IN)
                         net (fo=376, unset)          0.411     0.411    u_axi/aclk
    SLICE_X48Y29         FDRE                                         r  u_axi/s_axi_rdata_reg[0]/C
  -------------------------------------------------------------------    -------------------
    SLICE_X48Y29         FDRE (Prop_fdre_C_Q)         0.141     0.552 r  u_axi/s_axi_rdata_reg[0]/Q
                         net (fo=0)                   0.411     0.962    s_axi_rdata[0]
                                                                      r  s_axi_rdata[0] (OUT)
  -------------------------------------------------------------------    -------------------

Slack:                    inf
  Source:                 u_axi/s_axi_rdata_reg[10]/C
                            (rising edge-triggered cell FDRE clocked by aclk  {rise@0.000ns fall@5.000ns period=10.000ns})
  Destination:            s_axi_rdata[10]
                            (output port)
  Path Group:             (none)
  Path Type:              Min at Fast Process Corner
  Data Path Delay:        0.552ns  (logic 0.141ns (25.556%)  route 0.411ns (74.444%))
  Logic Levels:           0  
  Clock Uncertainty:      0.025ns  ((TSJ^2 + TIJ^2)^1/2 + DJ) / 2 + PE
    Total System Jitter     (TSJ):    0.050ns
    Total Input Jitter      (TIJ):    0.000ns
    Discrete Jitter          (DJ):    0.000ns
    Phase Error              (PE):    0.000ns

    Location             Delay type                Incr(ns)  Path(ns)    Netlist Resource(s)
  -------------------------------------------------------------------    -------------------
                         (clock aclk rise edge)       0.000     0.000 r  
                                                      0.000     0.000 r  aclk (IN)
                         net (fo=376, unset)          0.411     0.411    u_axi/aclk
    SLICE_X48Y27         FDRE                                         r  u_axi/s_axi_rdata_reg[10]/C
  -------------------------------------------------------------------    -------------------
    SLICE_X48Y27         FDRE (Prop_fdre_C_Q)         0.141     0.552 r  u_axi/s_axi_rdata_reg[10]/Q
                         net (fo=0)                   0.411     0.962    s_axi_rdata[10]
                                                                      r  s_axi_rdata[10] (OUT)
  -------------------------------------------------------------------    -------------------

Slack:                    inf
  Source:                 u_axi/s_axi_rdata_reg[12]/C
                            (rising edge-triggered cell FDRE clocked by aclk  {rise@0.000ns fall@5.000ns period=10.000ns})
  Destination:            s_axi_rdata[12]
                            (output port)
  Path Group:             (none)
  Path Type:              Min at Fast Process Corner
  Data Path Delay:        0.552ns  (logic 0.141ns (25.556%)  route 0.411ns (74.444%))
  Logic Levels:           0  
  Clock Uncertainty:      0.025ns  ((TSJ^2 + TIJ^2)^1/2 + DJ) / 2 + PE
    Total System Jitter     (TSJ):    0.050ns
    Total Input Jitter      (TIJ):    0.000ns
    Discrete Jitter          (DJ):    0.000ns
    Phase Error              (PE):    0.000ns

    Location             Delay type                Incr(ns)  Path(ns)    Netlist Resource(s)
  -------------------------------------------------------------------    -------------------
                         (clock aclk rise edge)       0.000     0.000 r  
                                                      0.000     0.000 r  aclk (IN)
                         net (fo=376, unset)          0.411     0.411    u_axi/aclk
    SLICE_X53Y30         FDRE                                         r  u_axi/s_axi_rdata_reg[12]/C
  -------------------------------------------------------------------    -------------------
    SLICE_X53Y30         FDRE (Prop_fdre_C_Q)         0.141     0.552 r  u_axi/s_axi_rdata_reg[12]/Q
                         net (fo=0)                   0.411     0.962    s_axi_rdata[12]
                                                                      r  s_axi_rdata[12] (OUT)
  -------------------------------------------------------------------    -------------------

Slack:                    inf
  Source:                 u_axi/s_axi_rdata_reg[16]/C
                            (rising edge-triggered cell FDRE clocked by aclk  {rise@0.000ns fall@5.000ns period=10.000ns})
  Destination:            s_axi_rdata[16]
                            (output port)
  Path Group:             (none)
  Path Type:              Min at Fast Process Corner
  Data Path Delay:        0.552ns  (logic 0.141ns (25.556%)  route 0.411ns (74.444%))
  Logic Levels:           0  
  Clock Uncertainty:      0.025ns  ((TSJ^2 + TIJ^2)^1/2 + DJ) / 2 + PE
    Total System Jitter     (TSJ):    0.050ns
    Total Input Jitter      (TIJ):    0.000ns
    Discrete Jitter          (DJ):    0.000ns
    Phase Error              (PE):    0.000ns

    Location             Delay type                Incr(ns)  Path(ns)    Netlist Resource(s)
  -------------------------------------------------------------------    -------------------
                         (clock aclk rise edge)       0.000     0.000 r  
                                                      0.000     0.000 r  aclk (IN)
                         net (fo=376, unset)          0.411     0.411    u_axi/aclk
    SLICE_X48Y27         FDRE                                         r  u_axi/s_axi_rdata_reg[16]/C
  -------------------------------------------------------------------    -------------------
    SLICE_X48Y27         FDRE (Prop_fdre_C_Q)         0.141     0.552 r  u_axi/s_axi_rdata_reg[16]/Q
                         net (fo=0)                   0.411     0.962    s_axi_rdata[16]
                                                                      r  s_axi_rdata[16] (OUT)
  -------------------------------------------------------------------    -------------------

Slack:                    inf
  Source:                 u_axi/s_axi_rdata_reg[17]/C
                            (rising edge-triggered cell FDRE clocked by aclk  {rise@0.000ns fall@5.000ns period=10.000ns})
  Destination:            s_axi_rdata[17]
                            (output port)
  Path Group:             (none)
  Path Type:              Min at Fast Process Corner
  Data Path Delay:        0.552ns  (logic 0.141ns (25.556%)  route 0.411ns (74.444%))
  Logic Levels:           0  
  Clock Uncertainty:      0.025ns  ((TSJ^2 + TIJ^2)^1/2 + DJ) / 2 + PE
    Total System Jitter     (TSJ):    0.050ns
    Total Input Jitter      (TIJ):    0.000ns
    Discrete Jitter          (DJ):    0.000ns
    Phase Error              (PE):    0.000ns

    Location             Delay type                Incr(ns)  Path(ns)    Netlist Resource(s)
  -------------------------------------------------------------------    -------------------
                         (clock aclk rise edge)       0.000     0.000 r  
                                                      0.000     0.000 r  aclk (IN)
                         net (fo=376, unset)          0.411     0.411    u_axi/aclk
    SLICE_X45Y30         FDRE                                         r  u_axi/s_axi_rdata_reg[17]/C
  -------------------------------------------------------------------    -------------------
    SLICE_X45Y30         FDRE (Prop_fdre_C_Q)         0.141     0.552 r  u_axi/s_axi_rdata_reg[17]/Q
                         net (fo=0)                   0.411     0.962    s_axi_rdata[17]
                                                                      r  s_axi_rdata[17] (OUT)
  -------------------------------------------------------------------    -------------------

Slack:                    inf
  Source:                 u_axi/s_axi_rdata_reg[1]/C
                            (rising edge-triggered cell FDRE clocked by aclk  {rise@0.000ns fall@5.000ns period=10.000ns})
  Destination:            s_axi_rdata[1]
                            (output port)
  Path Group:             (none)
  Path Type:              Min at Fast Process Corner
  Data Path Delay:        0.552ns  (logic 0.141ns (25.556%)  route 0.411ns (74.444%))
  Logic Levels:           0  
  Clock Uncertainty:      0.025ns  ((TSJ^2 + TIJ^2)^1/2 + DJ) / 2 + PE
    Total System Jitter     (TSJ):    0.050ns
    Total Input Jitter      (TIJ):    0.000ns
    Discrete Jitter          (DJ):    0.000ns
    Phase Error              (PE):    0.000ns

    Location             Delay type                Incr(ns)  Path(ns)    Netlist Resource(s)
  -------------------------------------------------------------------    -------------------
                         (clock aclk rise edge)       0.000     0.000 r  
                                                      0.000     0.000 r  aclk (IN)
                         net (fo=376, unset)          0.411     0.411    u_axi/aclk
    SLICE_X45Y30         FDRE                                         r  u_axi/s_axi_rdata_reg[1]/C
  -------------------------------------------------------------------    -------------------
    SLICE_X45Y30         FDRE (Prop_fdre_C_Q)         0.141     0.552 r  u_axi/s_axi_rdata_reg[1]/Q
                         net (fo=0)                   0.411     0.962    s_axi_rdata[1]
                                                                      r  s_axi_rdata[1] (OUT)
  -------------------------------------------------------------------    -------------------

Slack:                    inf
  Source:                 u_axi/s_axi_rdata_reg[21]/C
                            (rising edge-triggered cell FDRE clocked by aclk  {rise@0.000ns fall@5.000ns period=10.000ns})
  Destination:            s_axi_rdata[21]
                            (output port)
  Path Group:             (none)
  Path Type:              Min at Fast Process Corner
  Data Path Delay:        0.552ns  (logic 0.141ns (25.556%)  route 0.411ns (74.444%))
  Logic Levels:           0  
  Clock Uncertainty:      0.025ns  ((TSJ^2 + TIJ^2)^1/2 + DJ) / 2 + PE
    Total System Jitter     (TSJ):    0.050ns
    Total Input Jitter      (TIJ):    0.000ns
    Discrete Jitter          (DJ):    0.000ns
    Phase Error              (PE):    0.000ns

    Location             Delay type                Incr(ns)  Path(ns)    Netlist Resource(s)
  -------------------------------------------------------------------    -------------------
                         (clock aclk rise edge)       0.000     0.000 r  
                                                      0.000     0.000 r  aclk (IN)
                         net (fo=376, unset)          0.411     0.411    u_axi/aclk
    SLICE_X31Y42         FDRE                                         r  u_axi/s_axi_rdata_reg[21]/C
  -------------------------------------------------------------------    -------------------
    SLICE_X31Y42         FDRE (Prop_fdre_C_Q)         0.141     0.552 r  u_axi/s_axi_rdata_reg[21]/Q
                         net (fo=0)                   0.411     0.962    s_axi_rdata[21]
                                                                      r  s_axi_rdata[21] (OUT)
  -------------------------------------------------------------------    -------------------

Slack:                    inf
  Source:                 u_axi/s_axi_rdata_reg[23]/C
                            (rising edge-triggered cell FDRE clocked by aclk  {rise@0.000ns fall@5.000ns period=10.000ns})
  Destination:            s_axi_rdata[23]
                            (output port)
  Path Group:             (none)
  Path Type:              Min at Fast Process Corner
  Data Path Delay:        0.552ns  (logic 0.141ns (25.556%)  route 0.411ns (74.444%))
  Logic Levels:           0  
  Clock Uncertainty:      0.025ns  ((TSJ^2 + TIJ^2)^1/2 + DJ) / 2 + PE
    Total System Jitter     (TSJ):    0.050ns
    Total Input Jitter      (TIJ):    0.000ns
    Discrete Jitter          (DJ):    0.000ns
    Phase Error              (PE):    0.000ns

    Location             Delay type                Incr(ns)  Path(ns)    Netlist Resource(s)
  -------------------------------------------------------------------    -------------------
                         (clock aclk rise edge)       0.000     0.000 r  
                                                      0.000     0.000 r  aclk (IN)
                         net (fo=376, unset)          0.411     0.411    u_axi/aclk
    SLICE_X39Y40         FDRE                                         r  u_axi/s_axi_rdata_reg[23]/C
  -------------------------------------------------------------------    -------------------
    SLICE_X39Y40         FDRE (Prop_fdre_C_Q)         0.141     0.552 r  u_axi/s_axi_rdata_reg[23]/Q
                         net (fo=0)                   0.411     0.962    s_axi_rdata[23]
                                                                      r  s_axi_rdata[23] (OUT)
  -------------------------------------------------------------------    -------------------

Slack:                    inf
  Source:                 u_axi/s_axi_rdata_reg[25]/C
                            (rising edge-triggered cell FDRE clocked by aclk  {rise@0.000ns fall@5.000ns period=10.000ns})
  Destination:            s_axi_rdata[25]
                            (output port)
  Path Group:             (none)
  Path Type:              Min at Fast Process Corner
  Data Path Delay:        0.552ns  (logic 0.141ns (25.556%)  route 0.411ns (74.444%))
  Logic Levels:           0  
  Clock Uncertainty:      0.025ns  ((TSJ^2 + TIJ^2)^1/2 + DJ) / 2 + PE
    Total System Jitter     (TSJ):    0.050ns
    Total Input Jitter      (TIJ):    0.000ns
    Discrete Jitter          (DJ):    0.000ns
    Phase Error              (PE):    0.000ns

    Location             Delay type                Incr(ns)  Path(ns)    Netlist Resource(s)
  -------------------------------------------------------------------    -------------------
                         (clock aclk rise edge)       0.000     0.000 r  
                                                      0.000     0.000 r  aclk (IN)
                         net (fo=376, unset)          0.411     0.411    u_axi/aclk
    SLICE_X31Y42         FDRE                                         r  u_axi/s_axi_rdata_reg[25]/C
  -------------------------------------------------------------------    -------------------
    SLICE_X31Y42         FDRE (Prop_fdre_C_Q)         0.141     0.552 r  u_axi/s_axi_rdata_reg[25]/Q
                         net (fo=0)                   0.411     0.962    s_axi_rdata[25]
                                                                      r  s_axi_rdata[25] (OUT)
  -------------------------------------------------------------------    -------------------

Slack:                    inf
  Source:                 u_axi/s_axi_rdata_reg[27]/C
                            (rising edge-triggered cell FDRE clocked by aclk  {rise@0.000ns fall@5.000ns period=10.000ns})
  Destination:            s_axi_rdata[27]
                            (output port)
  Path Group:             (none)
  Path Type:              Min at Fast Process Corner
  Data Path Delay:        0.552ns  (logic 0.141ns (25.556%)  route 0.411ns (74.444%))
  Logic Levels:           0  
  Clock Uncertainty:      0.025ns  ((TSJ^2 + TIJ^2)^1/2 + DJ) / 2 + PE
    Total System Jitter     (TSJ):    0.050ns
    Total Input Jitter      (TIJ):    0.000ns
    Discrete Jitter          (DJ):    0.000ns
    Phase Error              (PE):    0.000ns

    Location             Delay type                Incr(ns)  Path(ns)    Netlist Resource(s)
  -------------------------------------------------------------------    -------------------
                         (clock aclk rise edge)       0.000     0.000 r  
                                                      0.000     0.000 r  aclk (IN)
                         net (fo=376, unset)          0.411     0.411    u_axi/aclk
    SLICE_X31Y42         FDRE                                         r  u_axi/s_axi_rdata_reg[27]/C
  -------------------------------------------------------------------    -------------------
    SLICE_X31Y42         FDRE (Prop_fdre_C_Q)         0.141     0.552 r  u_axi/s_axi_rdata_reg[27]/Q
                         net (fo=0)                   0.411     0.962    s_axi_rdata[27]
                                                                      r  s_axi_rdata[27] (OUT)
  -------------------------------------------------------------------    -------------------

Slack:                    inf
  Source:                 u_axi/s_axi_rdata_reg[29]/C
                            (rising edge-triggered cell FDRE clocked by aclk  {rise@0.000ns fall@5.000ns period=10.000ns})
  Destination:            s_axi_rdata[29]
                            (output port)
  Path Group:             (none)
  Path Type:              Min at Fast Process Corner
  Data Path Delay:        0.552ns  (logic 0.141ns (25.556%)  route 0.411ns (74.444%))
  Logic Levels:           0  
  Clock Uncertainty:      0.025ns  ((TSJ^2 + TIJ^2)^1/2 + DJ) / 2 + PE
    Total System Jitter     (TSJ):    0.050ns
    Total Input Jitter      (TIJ):    0.000ns
    Discrete Jitter          (DJ):    0.000ns
    Phase Error              (PE):    0.000ns

    Location             Delay type                Incr(ns)  Path(ns)    Netlist Resource(s)
  -------------------------------------------------------------------    -------------------
                         (clock aclk rise edge)       0.000     0.000 r  
                                                      0.000     0.000 r  aclk (IN)
                         net (fo=376, unset)          0.411     0.411    u_axi/aclk
    SLICE_X31Y42         FDRE                                         r  u_axi/s_axi_rdata_reg[29]/C
  -------------------------------------------------------------------    -------------------
    SLICE_X31Y42         FDRE (Prop_fdre_C_Q)         0.141     0.552 r  u_axi/s_axi_rdata_reg[29]/Q
                         net (fo=0)                   0.411     0.962    s_axi_rdata[29]
                                                                      r  s_axi_rdata[29] (OUT)
  -------------------------------------------------------------------    -------------------

Slack:                    inf
  Source:                 u_axi/s_axi_rdata_reg[2]/C
                            (rising edge-triggered cell FDRE clocked by aclk  {rise@0.000ns fall@5.000ns period=10.000ns})
  Destination:            s_axi_rdata[2]
                            (output port)
  Path Group:             (none)
  Path Type:              Min at Fast Process Corner
  Data Path Delay:        0.552ns  (logic 0.141ns (25.556%)  route 0.411ns (74.444%))
  Logic Levels:           0  
  Clock Uncertainty:      0.025ns  ((TSJ^2 + TIJ^2)^1/2 + DJ) / 2 + PE
    Total System Jitter     (TSJ):    0.050ns
    Total Input Jitter      (TIJ):    0.000ns
    Discrete Jitter          (DJ):    0.000ns
    Phase Error              (PE):    0.000ns

    Location             Delay type                Incr(ns)  Path(ns)    Netlist Resource(s)
  -------------------------------------------------------------------    -------------------
                         (clock aclk rise edge)       0.000     0.000 r  
                                                      0.000     0.000 r  aclk (IN)
                         net (fo=376, unset)          0.411     0.411    u_axi/aclk
    SLICE_X45Y30         FDRE                                         r  u_axi/s_axi_rdata_reg[2]/C
  -------------------------------------------------------------------    -------------------
    SLICE_X45Y30         FDRE (Prop_fdre_C_Q)         0.141     0.552 r  u_axi/s_axi_rdata_reg[2]/Q
                         net (fo=0)                   0.411     0.962    s_axi_rdata[2]
                                                                      r  s_axi_rdata[2] (OUT)
  -------------------------------------------------------------------    -------------------

Slack:                    inf
  Source:                 u_axi/s_axi_rdata_reg[3]/C
                            (rising edge-triggered cell FDRE clocked by aclk  {rise@0.000ns fall@5.000ns period=10.000ns})
  Destination:            s_axi_rdata[3]
                            (output port)
  Path Group:             (none)
  Path Type:              Min at Fast Process Corner
  Data Path Delay:        0.552ns  (logic 0.141ns (25.556%)  route 0.411ns (74.444%))
  Logic Levels:           0  
  Clock Uncertainty:      0.025ns  ((TSJ^2 + TIJ^2)^1/2 + DJ) / 2 + PE
    Total System Jitter     (TSJ):    0.050ns
    Total Input Jitter      (TIJ):    0.000ns
    Discrete Jitter          (DJ):    0.000ns
    Phase Error              (PE):    0.000ns

    Location             Delay type                Incr(ns)  Path(ns)    Netlist Resource(s)
  -------------------------------------------------------------------    -------------------
                         (clock aclk rise edge)       0.000     0.000 r  
                                                      0.000     0.000 r  aclk (IN)
                         net (fo=376, unset)          0.411     0.411    u_axi/aclk
    SLICE_X45Y28         FDRE                                         r  u_axi/s_axi_rdata_reg[3]/C
  -------------------------------------------------------------------    -------------------
    SLICE_X45Y28         FDRE (Prop_fdre_C_Q)         0.141     0.552 r  u_axi/s_axi_rdata_reg[3]/Q
                         net (fo=0)                   0.411     0.962    s_axi_rdata[3]
                                                                      r  s_axi_rdata[3] (OUT)
  -------------------------------------------------------------------    -------------------

Slack:                    inf
  Source:                 u_axi/s_axi_rdata_reg[4]/C
                            (rising edge-triggered cell FDRE clocked by aclk  {rise@0.000ns fall@5.000ns period=10.000ns})
  Destination:            s_axi_rdata[4]
                            (output port)
  Path Group:             (none)
  Path Type:              Min at Fast Process Corner
  Data Path Delay:        0.552ns  (logic 0.141ns (25.556%)  route 0.411ns (74.444%))
  Logic Levels:           0  
  Clock Uncertainty:      0.025ns  ((TSJ^2 + TIJ^2)^1/2 + DJ) / 2 + PE
    Total System Jitter     (TSJ):    0.050ns
    Total Input Jitter      (TIJ):    0.000ns
    Discrete Jitter          (DJ):    0.000ns
    Phase Error              (PE):    0.000ns

    Location             Delay type                Incr(ns)  Path(ns)    Netlist Resource(s)
  -------------------------------------------------------------------    -------------------
                         (clock aclk rise edge)       0.000     0.000 r  
                                                      0.000     0.000 r  aclk (IN)
                         net (fo=376, unset)          0.411     0.411    u_axi/aclk
    SLICE_X45Y28         FDRE                                         r  u_axi/s_axi_rdata_reg[4]/C
  -------------------------------------------------------------------    -------------------
    SLICE_X45Y28         FDRE (Prop_fdre_C_Q)         0.141     0.552 r  u_axi/s_axi_rdata_reg[4]/Q
                         net (fo=0)                   0.411     0.962    s_axi_rdata[4]
                                                                      r  s_axi_rdata[4] (OUT)
  -------------------------------------------------------------------    -------------------

Slack:                    inf
  Source:                 u_axi/s_axi_rdata_reg[5]/C
                            (rising edge-triggered cell FDRE clocked by aclk  {rise@0.000ns fall@5.000ns period=10.000ns})
  Destination:            s_axi_rdata[5]
                            (output port)
  Path Group:             (none)
  Path Type:              Min at Fast Process Corner
  Data Path Delay:        0.552ns  (logic 0.141ns (25.556%)  route 0.411ns (74.444%))
  Logic Levels:           0  
  Clock Uncertainty:      0.025ns  ((TSJ^2 + TIJ^2)^1/2 + DJ) / 2 + PE
    Total System Jitter     (TSJ):    0.050ns
    Total Input Jitter      (TIJ):    0.000ns
    Discrete Jitter          (DJ):    0.000ns
    Phase Error              (PE):    0.000ns

    Location             Delay type                Incr(ns)  Path(ns)    Netlist Resource(s)
  -------------------------------------------------------------------    -------------------
                         (clock aclk rise edge)       0.000     0.000 r  
                                                      0.000     0.000 r  aclk (IN)
                         net (fo=376, unset)          0.411     0.411    u_axi/aclk
    SLICE_X48Y27         FDRE                                         r  u_axi/s_axi_rdata_reg[5]/C
  -------------------------------------------------------------------    -------------------
    SLICE_X48Y27         FDRE (Prop_fdre_C_Q)         0.141     0.552 r  u_axi/s_axi_rdata_reg[5]/Q
                         net (fo=0)                   0.411     0.962    s_axi_rdata[5]
                                                                      r  s_axi_rdata[5] (OUT)
  -------------------------------------------------------------------    -------------------

Slack:                    inf
  Source:                 u_axi/s_axi_rdata_reg[6]/C
                            (rising edge-triggered cell FDRE clocked by aclk  {rise@0.000ns fall@5.000ns period=10.000ns})
  Destination:            s_axi_rdata[6]
                            (output port)
  Path Group:             (none)
  Path Type:              Min at Fast Process Corner
  Data Path Delay:        0.552ns  (logic 0.141ns (25.556%)  route 0.411ns (74.444%))
  Logic Levels:           0  
  Clock Uncertainty:      0.025ns  ((TSJ^2 + TIJ^2)^1/2 + DJ) / 2 + PE
    Total System Jitter     (TSJ):    0.050ns
    Total Input Jitter      (TIJ):    0.000ns
    Discrete Jitter          (DJ):    0.000ns
    Phase Error              (PE):    0.000ns

    Location             Delay type                Incr(ns)  Path(ns)    Netlist Resource(s)
  -------------------------------------------------------------------    -------------------
                         (clock aclk rise edge)       0.000     0.000 r  
                                                      0.000     0.000 r  aclk (IN)
                         net (fo=376, unset)          0.411     0.411    u_axi/aclk
    SLICE_X48Y29         FDRE                                         r  u_axi/s_axi_rdata_reg[6]/C
  -------------------------------------------------------------------    -------------------
    SLICE_X48Y29         FDRE (Prop_fdre_C_Q)         0.141     0.552 r  u_axi/s_axi_rdata_reg[6]/Q
                         net (fo=0)                   0.411     0.962    s_axi_rdata[6]
                                                                      r  s_axi_rdata[6] (OUT)
  -------------------------------------------------------------------    -------------------

Slack:                    inf
  Source:                 u_axi/s_axi_rdata_reg[7]/C
                            (rising edge-triggered cell FDRE clocked by aclk  {rise@0.000ns fall@5.000ns period=10.000ns})
  Destination:            s_axi_rdata[7]
                            (output port)
  Path Group:             (none)
  Path Type:              Min at Fast Process Corner
  Data Path Delay:        0.552ns  (logic 0.141ns (25.556%)  route 0.411ns (74.444%))
  Logic Levels:           0  
  Clock Uncertainty:      0.025ns  ((TSJ^2 + TIJ^2)^1/2 + DJ) / 2 + PE
    Total System Jitter     (TSJ):    0.050ns
    Total Input Jitter      (TIJ):    0.000ns
    Discrete Jitter          (DJ):    0.000ns
    Phase Error              (PE):    0.000ns

    Location             Delay type                Incr(ns)  Path(ns)    Netlist Resource(s)
  -------------------------------------------------------------------    -------------------
                         (clock aclk rise edge)       0.000     0.000 r  
                                                      0.000     0.000 r  aclk (IN)
                         net (fo=376, unset)          0.411     0.411    u_axi/aclk
    SLICE_X48Y27         FDRE                                         r  u_axi/s_axi_rdata_reg[7]/C
  -------------------------------------------------------------------    -------------------
    SLICE_X48Y27         FDRE (Prop_fdre_C_Q)         0.141     0.552 r  u_axi/s_axi_rdata_reg[7]/Q
                         net (fo=0)                   0.411     0.962    s_axi_rdata[7]
                                                                      r  s_axi_rdata[7] (OUT)
  -------------------------------------------------------------------    -------------------

Slack:                    inf
  Source:                 u_axi/s_axi_rdata_reg[8]/C
                            (rising edge-triggered cell FDRE clocked by aclk  {rise@0.000ns fall@5.000ns period=10.000ns})
  Destination:            s_axi_rdata[8]
                            (output port)
  Path Group:             (none)
  Path Type:              Min at Fast Process Corner
  Data Path Delay:        0.552ns  (logic 0.141ns (25.556%)  route 0.411ns (74.444%))
  Logic Levels:           0  
  Clock Uncertainty:      0.025ns  ((TSJ^2 + TIJ^2)^1/2 + DJ) / 2 + PE
    Total System Jitter     (TSJ):    0.050ns
    Total Input Jitter      (TIJ):    0.000ns
    Discrete Jitter          (DJ):    0.000ns
    Phase Error              (PE):    0.000ns

    Location             Delay type                Incr(ns)  Path(ns)    Netlist Resource(s)
  -------------------------------------------------------------------    -------------------
                         (clock aclk rise edge)       0.000     0.000 r  
                                                      0.000     0.000 r  aclk (IN)
                         net (fo=376, unset)          0.411     0.411    u_axi/aclk
    SLICE_X53Y30         FDRE                                         r  u_axi/s_axi_rdata_reg[8]/C
  -------------------------------------------------------------------    -------------------
    SLICE_X53Y30         FDRE (Prop_fdre_C_Q)         0.141     0.552 r  u_axi/s_axi_rdata_reg[8]/Q
                         net (fo=0)                   0.411     0.962    s_axi_rdata[8]
                                                                      r  s_axi_rdata[8] (OUT)
  -------------------------------------------------------------------    -------------------





--------------------------------------------------------------------------------------
Path Group:  (none)
From Clock:  net_clk
  To Clock:  

Max Delay            81 Endpoints
Min Delay            81 Endpoints
--------------------------------------------------------------------------------------


Max Delay Paths
--------------------------------------------------------------------------------------
Slack:                    inf
  Source:                 u_clk/pps_reg/C
                            (rising edge-triggered cell FDRE clocked by net_clk  {rise@0.000ns fall@3.200ns period=6.400ns})
  Destination:            pps
                            (output port)
  Path Group:             (none)
  Path Type:              Max at Slow Process Corner
  Data Path Delay:        1.097ns  (logic 0.393ns (35.825%)  route 0.704ns (64.175%))
  Logic Levels:           0  
  Clock Uncertainty:      0.025ns  ((TSJ^2 + TIJ^2)^1/2 + DJ) / 2 + PE
    Total System Jitter     (TSJ):    0.050ns
    Total Input Jitter      (TIJ):    0.000ns
    Discrete Jitter          (DJ):    0.000ns
    Phase Error              (PE):    0.000ns

    Location             Delay type                Incr(ns)  Path(ns)    Netlist Resource(s)
  -------------------------------------------------------------------    -------------------
                         (clock net_clk rise edge)    0.000     0.000 r  
                                                      0.000     0.000 r  net_clk (IN)
                         net (fo=1291, unset)         0.704     0.704    u_clk/net_clk
    SLICE_X58Y40         FDRE                                         r  u_clk/pps_reg/C
  -------------------------------------------------------------------    -------------------
    SLICE_X58Y40         FDRE (Prop_fdre_C_Q)         0.393     1.097 r  u_clk/pps_reg/Q
                         net (fo=0)                   0.704     1.801    pps
                                                                      r  pps (OUT)
  -------------------------------------------------------------------    -------------------

Slack:                    inf
  Source:                 u_clk/time_ns_reg[0]/C
                            (rising edge-triggered cell FDRE clocked by net_clk  {rise@0.000ns fall@3.200ns period=6.400ns})
  Destination:            time_ns[0]
                            (output port)
  Path Group:             (none)
  Path Type:              Max at Slow Process Corner
  Data Path Delay:        1.097ns  (logic 0.393ns (35.825%)  route 0.704ns (64.175%))
  Logic Levels:           0  
  Clock Uncertainty:      0.025ns  ((TSJ^2 + TIJ^2)^1/2 + DJ) / 2 + PE
    Total System Jitter     (TSJ):    0.050ns
    Total Input Jitter      (TIJ):    0.000ns
    Discrete Jitter          (DJ):    0.000ns
    Phase Error              (PE):    0.000ns

    Location             Delay type                Incr(ns)  Path(ns)    Netlist Resource(s)
  -------------------------------------------------------------------    -------------------
                         (clock net_clk rise edge)    0.000     0.000 r  
                                                      0.000     0.000 r  net_clk (IN)
                         net (fo=1291, unset)         0.704     0.704    u_clk/net_clk
    SLICE_X50Y30         FDRE                                         r  u_clk/time_ns_reg[0]/C
  -------------------------------------------------------------------    -------------------
    SLICE_X50Y30         FDRE (Prop_fdre_C_Q)         0.393     1.097 r  u_clk/time_ns_reg[0]/Q
                         net (fo=5, unset)            0.704     1.801    time_ns[0]
                                                                      r  time_ns[0] (OUT)
  -------------------------------------------------------------------    -------------------

Slack:                    inf
  Source:                 u_clk/time_ns_reg[19]/C
                            (rising edge-triggered cell FDRE clocked by net_clk  {rise@0.000ns fall@3.200ns period=6.400ns})
  Destination:            time_ns[19]
                            (output port)
  Path Group:             (none)
  Path Type:              Max at Slow Process Corner
  Data Path Delay:        1.097ns  (logic 0.393ns (35.825%)  route 0.704ns (64.175%))
  Logic Levels:           0  
  Clock Uncertainty:      0.025ns  ((TSJ^2 + TIJ^2)^1/2 + DJ) / 2 + PE
    Total System Jitter     (TSJ):    0.050ns
    Total Input Jitter      (TIJ):    0.000ns
    Discrete Jitter          (DJ):    0.000ns
    Phase Error              (PE):    0.000ns

    Location             Delay type                Incr(ns)  Path(ns)    Netlist Resource(s)
  -------------------------------------------------------------------    -------------------
                         (clock net_clk rise edge)    0.000     0.000 r  
                                                      0.000     0.000 r  net_clk (IN)
                         net (fo=1291, unset)         0.704     0.704    u_clk/net_clk
    SLICE_X54Y38         FDRE                                         r  u_clk/time_ns_reg[19]/C
  -------------------------------------------------------------------    -------------------
    SLICE_X54Y38         FDRE (Prop_fdre_C_Q)         0.393     1.097 r  u_clk/time_ns_reg[19]/Q
                         net (fo=6, unset)            0.704     1.801    time_ns[19]
                                                                      r  time_ns[19] (OUT)
  -------------------------------------------------------------------    -------------------

Slack:                    inf
  Source:                 u_clk/time_ns_reg[1]/C
                            (rising edge-triggered cell FDRE clocked by net_clk  {rise@0.000ns fall@3.200ns period=6.400ns})
  Destination:            time_ns[1]
                            (output port)
  Path Group:             (none)
  Path Type:              Max at Slow Process Corner
  Data Path Delay:        1.097ns  (logic 0.393ns (35.825%)  route 0.704ns (64.175%))
  Logic Levels:           0  
  Clock Uncertainty:      0.025ns  ((TSJ^2 + TIJ^2)^1/2 + DJ) / 2 + PE
    Total System Jitter     (TSJ):    0.050ns
    Total Input Jitter      (TIJ):    0.000ns
    Discrete Jitter          (DJ):    0.000ns
    Phase Error              (PE):    0.000ns

    Location             Delay type                Incr(ns)  Path(ns)    Netlist Resource(s)
  -------------------------------------------------------------------    -------------------
                         (clock net_clk rise edge)    0.000     0.000 r  
                                                      0.000     0.000 r  net_clk (IN)
                         net (fo=1291, unset)         0.704     0.704    u_clk/net_clk
    SLICE_X50Y30         FDRE                                         r  u_clk/time_ns_reg[1]/C
  -------------------------------------------------------------------    -------------------
    SLICE_X50Y30         FDRE (Prop_fdre_C_Q)         0.393     1.097 r  u_clk/time_ns_reg[1]/Q
                         net (fo=5, unset)            0.704     1.801    time_ns[1]
                                                                      r  time_ns[1] (OUT)
  -------------------------------------------------------------------    -------------------

Slack:                    inf
  Source:                 u_clk/time_ns_reg[21]/C
                            (rising edge-triggered cell FDRE clocked by net_clk  {rise@0.000ns fall@3.200ns period=6.400ns})
  Destination:            time_ns[21]
                            (output port)
  Path Group:             (none)
  Path Type:              Max at Slow Process Corner
  Data Path Delay:        1.097ns  (logic 0.393ns (35.825%)  route 0.704ns (64.175%))
  Logic Levels:           0  
  Clock Uncertainty:      0.025ns  ((TSJ^2 + TIJ^2)^1/2 + DJ) / 2 + PE
    Total System Jitter     (TSJ):    0.050ns
    Total Input Jitter      (TIJ):    0.000ns
    Discrete Jitter          (DJ):    0.000ns
    Phase Error              (PE):    0.000ns

    Location             Delay type                Incr(ns)  Path(ns)    Netlist Resource(s)
  -------------------------------------------------------------------    -------------------
                         (clock net_clk rise edge)    0.000     0.000 r  
                                                      0.000     0.000 r  net_clk (IN)
                         net (fo=1291, unset)         0.704     0.704    u_clk/net_clk
    SLICE_X54Y38         FDRE                                         r  u_clk/time_ns_reg[21]/C
  -------------------------------------------------------------------    -------------------
    SLICE_X54Y38         FDRE (Prop_fdre_C_Q)         0.393     1.097 r  u_clk/time_ns_reg[21]/Q
                         net (fo=6, unset)            0.704     1.801    time_ns[21]
                                                                      r  time_ns[21] (OUT)
  -------------------------------------------------------------------    -------------------

Slack:                    inf
  Source:                 u_clk/time_ns_reg[22]/C
                            (rising edge-triggered cell FDRE clocked by net_clk  {rise@0.000ns fall@3.200ns period=6.400ns})
  Destination:            time_ns[22]
                            (output port)
  Path Group:             (none)
  Path Type:              Max at Slow Process Corner
  Data Path Delay:        1.097ns  (logic 0.393ns (35.825%)  route 0.704ns (64.175%))
  Logic Levels:           0  
  Clock Uncertainty:      0.025ns  ((TSJ^2 + TIJ^2)^1/2 + DJ) / 2 + PE
    Total System Jitter     (TSJ):    0.050ns
    Total Input Jitter      (TIJ):    0.000ns
    Discrete Jitter          (DJ):    0.000ns
    Phase Error              (PE):    0.000ns

    Location             Delay type                Incr(ns)  Path(ns)    Netlist Resource(s)
  -------------------------------------------------------------------    -------------------
                         (clock net_clk rise edge)    0.000     0.000 r  
                                                      0.000     0.000 r  net_clk (IN)
                         net (fo=1291, unset)         0.704     0.704    u_clk/net_clk
    SLICE_X54Y38         FDRE                                         r  u_clk/time_ns_reg[22]/C
  -------------------------------------------------------------------    -------------------
    SLICE_X54Y38         FDRE (Prop_fdre_C_Q)         0.393     1.097 r  u_clk/time_ns_reg[22]/Q
                         net (fo=6, unset)            0.704     1.801    time_ns[22]
                                                                      r  time_ns[22] (OUT)
  -------------------------------------------------------------------    -------------------

Slack:                    inf
  Source:                 u_clk/time_ns_reg[23]/C
                            (rising edge-triggered cell FDRE clocked by net_clk  {rise@0.000ns fall@3.200ns period=6.400ns})
  Destination:            time_ns[23]
                            (output port)
  Path Group:             (none)
  Path Type:              Max at Slow Process Corner
  Data Path Delay:        1.097ns  (logic 0.393ns (35.825%)  route 0.704ns (64.175%))
  Logic Levels:           0  
  Clock Uncertainty:      0.025ns  ((TSJ^2 + TIJ^2)^1/2 + DJ) / 2 + PE
    Total System Jitter     (TSJ):    0.050ns
    Total Input Jitter      (TIJ):    0.000ns
    Discrete Jitter          (DJ):    0.000ns
    Phase Error              (PE):    0.000ns

    Location             Delay type                Incr(ns)  Path(ns)    Netlist Resource(s)
  -------------------------------------------------------------------    -------------------
                         (clock net_clk rise edge)    0.000     0.000 r  
                                                      0.000     0.000 r  net_clk (IN)
                         net (fo=1291, unset)         0.704     0.704    u_clk/net_clk
    SLICE_X54Y37         FDRE                                         r  u_clk/time_ns_reg[23]/C
  -------------------------------------------------------------------    -------------------
    SLICE_X54Y37         FDRE (Prop_fdre_C_Q)         0.393     1.097 r  u_clk/time_ns_reg[23]/Q
                         net (fo=6, unset)            0.704     1.801    time_ns[23]
                                                                      r  time_ns[23] (OUT)
  -------------------------------------------------------------------    -------------------

Slack:                    inf
  Source:                 u_clk/time_ns_reg[2]/C
                            (rising edge-triggered cell FDRE clocked by net_clk  {rise@0.000ns fall@3.200ns period=6.400ns})
  Destination:            time_ns[2]
                            (output port)
  Path Group:             (none)
  Path Type:              Max at Slow Process Corner
  Data Path Delay:        1.097ns  (logic 0.393ns (35.825%)  route 0.704ns (64.175%))
  Logic Levels:           0  
  Clock Uncertainty:      0.025ns  ((TSJ^2 + TIJ^2)^1/2 + DJ) / 2 + PE
    Total System Jitter     (TSJ):    0.050ns
    Total Input Jitter      (TIJ):    0.000ns
    Discrete Jitter          (DJ):    0.000ns
    Phase Error              (PE):    0.000ns

    Location             Delay type                Incr(ns)  Path(ns)    Netlist Resource(s)
  -------------------------------------------------------------------    -------------------
                         (clock net_clk rise edge)    0.000     0.000 r  
                                                      0.000     0.000 r  net_clk (IN)
                         net (fo=1291, unset)         0.704     0.704    u_clk/net_clk
    SLICE_X50Y30         FDRE                                         r  u_clk/time_ns_reg[2]/C
  -------------------------------------------------------------------    -------------------
    SLICE_X50Y30         FDRE (Prop_fdre_C_Q)         0.393     1.097 r  u_clk/time_ns_reg[2]/Q
                         net (fo=5, unset)            0.704     1.801    time_ns[2]
                                                                      r  time_ns[2] (OUT)
  -------------------------------------------------------------------    -------------------

Slack:                    inf
  Source:                 u_clk/time_ns_reg[3]/C
                            (rising edge-triggered cell FDRE clocked by net_clk  {rise@0.000ns fall@3.200ns period=6.400ns})
  Destination:            time_ns[3]
                            (output port)
  Path Group:             (none)
  Path Type:              Max at Slow Process Corner
  Data Path Delay:        1.097ns  (logic 0.393ns (35.825%)  route 0.704ns (64.175%))
  Logic Levels:           0  
  Clock Uncertainty:      0.025ns  ((TSJ^2 + TIJ^2)^1/2 + DJ) / 2 + PE
    Total System Jitter     (TSJ):    0.050ns
    Total Input Jitter      (TIJ):    0.000ns
    Discrete Jitter          (DJ):    0.000ns
    Phase Error              (PE):    0.000ns

    Location             Delay type                Incr(ns)  Path(ns)    Netlist Resource(s)
  -------------------------------------------------------------------    -------------------
                         (clock net_clk rise edge)    0.000     0.000 r  
                                                      0.000     0.000 r  net_clk (IN)
                         net (fo=1291, unset)         0.704     0.704    u_clk/net_clk
    SLICE_X50Y30         FDRE                                         r  u_clk/time_ns_reg[3]/C
  -------------------------------------------------------------------    -------------------
    SLICE_X50Y30         FDRE (Prop_fdre_C_Q)         0.393     1.097 r  u_clk/time_ns_reg[3]/Q
                         net (fo=5, unset)            0.704     1.801    time_ns[3]
                                                                      r  time_ns[3] (OUT)
  -------------------------------------------------------------------    -------------------

Slack:                    inf
  Source:                 u_clk/time_ns_reg[8]/C
                            (rising edge-triggered cell FDRE clocked by net_clk  {rise@0.000ns fall@3.200ns period=6.400ns})
  Destination:            time_ns[8]
                            (output port)
  Path Group:             (none)
  Path Type:              Max at Slow Process Corner
  Data Path Delay:        1.097ns  (logic 0.393ns (35.825%)  route 0.704ns (64.175%))
  Logic Levels:           0  
  Clock Uncertainty:      0.025ns  ((TSJ^2 + TIJ^2)^1/2 + DJ) / 2 + PE
    Total System Jitter     (TSJ):    0.050ns
    Total Input Jitter      (TIJ):    0.000ns
    Discrete Jitter          (DJ):    0.000ns
    Phase Error              (PE):    0.000ns

    Location             Delay type                Incr(ns)  Path(ns)    Netlist Resource(s)
  -------------------------------------------------------------------    -------------------
                         (clock net_clk rise edge)    0.000     0.000 r  
                                                      0.000     0.000 r  net_clk (IN)
                         net (fo=1291, unset)         0.704     0.704    u_clk/net_clk
    SLICE_X54Y32         FDRE                                         r  u_clk/time_ns_reg[8]/C
  -------------------------------------------------------------------    -------------------
    SLICE_X54Y32         FDRE (Prop_fdre_C_Q)         0.393     1.097 r  u_clk/time_ns_reg[8]/Q
                         net (fo=6, unset)            0.704     1.801    time_ns[8]
                                                                      r  time_ns[8] (OUT)
  -------------------------------------------------------------------    -------------------

Slack:                    inf
  Source:                 u_clk/time_sec_reg[29]/C
                            (rising edge-triggered cell FDRE clocked by net_clk  {rise@0.000ns fall@3.200ns period=6.400ns})
  Destination:            time_sec[29]
                            (output port)
  Path Group:             (none)
  Path Type:              Max at Slow Process Corner
  Data Path Delay:        1.097ns  (logic 0.393ns (35.825%)  route 0.704ns (64.175%))
  Logic Levels:           0  
  Clock Uncertainty:      0.025ns  ((TSJ^2 + TIJ^2)^1/2 + DJ) / 2 + PE
    Total System Jitter     (TSJ):    0.050ns
    Total Input Jitter      (TIJ):    0.000ns
    Discrete Jitter          (DJ):    0.000ns
    Phase Error              (PE):    0.000ns

    Location             Delay type                Incr(ns)  Path(ns)    Netlist Resource(s)
  -------------------------------------------------------------------    -------------------
                         (clock net_clk rise edge)    0.000     0.000 r  
                                                      0.000     0.000 r  net_clk (IN)
                         net (fo=1291, unset)         0.704     0.704    u_clk/net_clk
    SLICE_X42Y39         FDRE                                         r  u_clk/time_sec_reg[29]/C
  -------------------------------------------------------------------    -------------------
    SLICE_X42Y39         FDRE (Prop_fdre_C_Q)         0.393     1.097 r  u_clk/time_sec_reg[29]/Q
                         net (fo=5, unset)            0.704     1.801    time_sec[29]
                                                                      r  time_sec[29] (OUT)
  -------------------------------------------------------------------    -------------------

Slack:                    inf
  Source:                 u_clk/time_sec_reg[32]/C
                            (rising edge-triggered cell FDRE clocked by net_clk  {rise@0.000ns fall@3.200ns period=6.400ns})
  Destination:            time_sec[32]
                            (output port)
  Path Group:             (none)
  Path Type:              Max at Slow Process Corner
  Data Path Delay:        1.097ns  (logic 0.393ns (35.825%)  route 0.704ns (64.175%))
  Logic Levels:           0  
  Clock Uncertainty:      0.025ns  ((TSJ^2 + TIJ^2)^1/2 + DJ) / 2 + PE
    Total System Jitter     (TSJ):    0.050ns
    Total Input Jitter      (TIJ):    0.000ns
    Discrete Jitter          (DJ):    0.000ns
    Phase Error              (PE):    0.000ns

    Location             Delay type                Incr(ns)  Path(ns)    Netlist Resource(s)
  -------------------------------------------------------------------    -------------------
                         (clock net_clk rise edge)    0.000     0.000 r  
                                                      0.000     0.000 r  net_clk (IN)
                         net (fo=1291, unset)         0.704     0.704    u_clk/net_clk
    SLICE_X42Y39         FDRE                                         r  u_clk/time_sec_reg[32]/C
  -------------------------------------------------------------------    -------------------
    SLICE_X42Y39         FDRE (Prop_fdre_C_Q)         0.393     1.097 r  u_clk/time_sec_reg[32]/Q
                         net (fo=5, unset)            0.704     1.801    time_sec[32]
                                                                      r  time_sec[32] (OUT)
  -------------------------------------------------------------------    -------------------

Slack:                    inf
  Source:                 u_clk/time_sec_reg[33]/C
                            (rising edge-triggered cell FDRE clocked by net_clk  {rise@0.000ns fall@3.200ns period=6.400ns})
  Destination:            time_sec[33]
                            (output port)
  Path Group:             (none)
  Path Type:              Max at Slow Process Corner
  Data Path Delay:        1.097ns  (logic 0.393ns (35.825%)  route 0.704ns (64.175%))
  Logic Levels:           0  
  Clock Uncertainty:      0.025ns  ((TSJ^2 + TIJ^2)^1/2 + DJ) / 2 + PE
    Total System Jitter     (TSJ):    0.050ns
    Total Input Jitter      (TIJ):    0.000ns
    Discrete Jitter          (DJ):    0.000ns
    Phase Error              (PE):    0.000ns

    Location             Delay type                Incr(ns)  Path(ns)    Netlist Resource(s)
  -------------------------------------------------------------------    -------------------
                         (clock net_clk rise edge)    0.000     0.000 r  
                                                      0.000     0.000 r  net_clk (IN)
                         net (fo=1291, unset)         0.704     0.704    u_clk/net_clk
    SLICE_X42Y40         FDRE                                         r  u_clk/time_sec_reg[33]/C
  -------------------------------------------------------------------    -------------------
    SLICE_X42Y40         FDRE (Prop_fdre_C_Q)         0.393     1.097 r  u_clk/time_sec_reg[33]/Q
                         net (fo=5, unset)            0.704     1.801    time_sec[33]
                                                                      r  time_sec[33] (OUT)
  -------------------------------------------------------------------    -------------------

Slack:                    inf
  Source:                 u_clk/time_sec_reg[36]/C
                            (rising edge-triggered cell FDRE clocked by net_clk  {rise@0.000ns fall@3.200ns period=6.400ns})
  Destination:            time_sec[36]
                            (output port)
  Path Group:             (none)
  Path Type:              Max at Slow Process Corner
  Data Path Delay:        1.097ns  (logic 0.393ns (35.825%)  route 0.704ns (64.175%))
  Logic Levels:           0  
  Clock Uncertainty:      0.025ns  ((TSJ^2 + TIJ^2)^1/2 + DJ) / 2 + PE
    Total System Jitter     (TSJ):    0.050ns
    Total Input Jitter      (TIJ):    0.000ns
    Discrete Jitter          (DJ):    0.000ns
    Phase Error              (PE):    0.000ns

    Location             Delay type                Incr(ns)  Path(ns)    Netlist Resource(s)
  -------------------------------------------------------------------    -------------------
                         (clock net_clk rise edge)    0.000     0.000 r  
                                                      0.000     0.000 r  net_clk (IN)
                         net (fo=1291, unset)         0.704     0.704    u_clk/net_clk
    SLICE_X42Y40         FDRE                                         r  u_clk/time_sec_reg[36]/C
  -------------------------------------------------------------------    -------------------
    SLICE_X42Y40         FDRE (Prop_fdre_C_Q)         0.393     1.097 r  u_clk/time_sec_reg[36]/Q
                         net (fo=5, unset)            0.704     1.801    time_sec[36]
                                                                      r  time_sec[36] (OUT)
  -------------------------------------------------------------------    -------------------

Slack:                    inf
  Source:                 u_clk/time_sec_reg[37]/C
                            (rising edge-triggered cell FDRE clocked by net_clk  {rise@0.000ns fall@3.200ns period=6.400ns})
  Destination:            time_sec[37]
                            (output port)
  Path Group:             (none)
  Path Type:              Max at Slow Process Corner
  Data Path Delay:        1.097ns  (logic 0.393ns (35.825%)  route 0.704ns (64.175%))
  Logic Levels:           0  
  Clock Uncertainty:      0.025ns  ((TSJ^2 + TIJ^2)^1/2 + DJ) / 2 + PE
    Total System Jitter     (TSJ):    0.050ns
    Total Input Jitter      (TIJ):    0.000ns
    Discrete Jitter          (DJ):    0.000ns
    Phase Error              (PE):    0.000ns

    Location             Delay type                Incr(ns)  Path(ns)    Netlist Resource(s)
  -------------------------------------------------------------------    -------------------
                         (clock net_clk rise edge)    0.000     0.000 r  
                                                      0.000     0.000 r  net_clk (IN)
                         net (fo=1291, unset)         0.704     0.704    u_clk/net_clk
    SLICE_X42Y41         FDRE                                         r  u_clk/time_sec_reg[37]/C
  -------------------------------------------------------------------    -------------------
    SLICE_X42Y41         FDRE (Prop_fdre_C_Q)         0.393     1.097 r  u_clk/time_sec_reg[37]/Q
                         net (fo=5, unset)            0.704     1.801    time_sec[37]
                                                                      r  time_sec[37] (OUT)
  -------------------------------------------------------------------    -------------------

Slack:                    inf
  Source:                 u_clk/time_sec_reg[39]/C
                            (rising edge-triggered cell FDRE clocked by net_clk  {rise@0.000ns fall@3.200ns period=6.400ns})
  Destination:            time_sec[39]
                            (output port)
  Path Group:             (none)
  Path Type:              Max at Slow Process Corner
  Data Path Delay:        1.097ns  (logic 0.393ns (35.825%)  route 0.704ns (64.175%))
  Logic Levels:           0  
  Clock Uncertainty:      0.025ns  ((TSJ^2 + TIJ^2)^1/2 + DJ) / 2 + PE
    Total System Jitter     (TSJ):    0.050ns
    Total Input Jitter      (TIJ):    0.000ns
    Discrete Jitter          (DJ):    0.000ns
    Phase Error              (PE):    0.000ns

    Location             Delay type                Incr(ns)  Path(ns)    Netlist Resource(s)
  -------------------------------------------------------------------    -------------------
                         (clock net_clk rise edge)    0.000     0.000 r  
                                                      0.000     0.000 r  net_clk (IN)
                         net (fo=1291, unset)         0.704     0.704    u_clk/net_clk
    SLICE_X42Y41         FDRE                                         r  u_clk/time_sec_reg[39]/C
  -------------------------------------------------------------------    -------------------
    SLICE_X42Y41         FDRE (Prop_fdre_C_Q)         0.393     1.097 r  u_clk/time_sec_reg[39]/Q
                         net (fo=5, unset)            0.704     1.801    time_sec[39]
                                                                      r  time_sec[39] (OUT)
  -------------------------------------------------------------------    -------------------

Slack:                    inf
  Source:                 u_clk/time_sec_reg[41]/C
                            (rising edge-triggered cell FDRE clocked by net_clk  {rise@0.000ns fall@3.200ns period=6.400ns})
  Destination:            time_sec[41]
                            (output port)
  Path Group:             (none)
  Path Type:              Max at Slow Process Corner
  Data Path Delay:        1.097ns  (logic 0.393ns (35.825%)  route 0.704ns (64.175%))
  Logic Levels:           0  
  Clock Uncertainty:      0.025ns  ((TSJ^2 + TIJ^2)^1/2 + DJ) / 2 + PE
    Total System Jitter     (TSJ):    0.050ns
    Total Input Jitter      (TIJ):    0.000ns
    Discrete Jitter          (DJ):    0.000ns
    Phase Error              (PE):    0.000ns

    Location             Delay type                Incr(ns)  Path(ns)    Netlist Resource(s)
  -------------------------------------------------------------------    -------------------
                         (clock net_clk rise edge)    0.000     0.000 r  
                                                      0.000     0.000 r  net_clk (IN)
                         net (fo=1291, unset)         0.704     0.704    u_clk/net_clk
    SLICE_X42Y42         FDRE                                         r  u_clk/time_sec_reg[41]/C
  -------------------------------------------------------------------    -------------------
    SLICE_X42Y42         FDRE (Prop_fdre_C_Q)         0.393     1.097 r  u_clk/time_sec_reg[41]/Q
                         net (fo=5, unset)            0.704     1.801    time_sec[41]
                                                                      r  time_sec[41] (OUT)
  -------------------------------------------------------------------    -------------------

Slack:                    inf
  Source:                 u_clk/time_sec_reg[42]/C
                            (rising edge-triggered cell FDRE clocked by net_clk  {rise@0.000ns fall@3.200ns period=6.400ns})
  Destination:            time_sec[42]
                            (output port)
  Path Group:             (none)
  Path Type:              Max at Slow Process Corner
  Data Path Delay:        1.097ns  (logic 0.393ns (35.825%)  route 0.704ns (64.175%))
  Logic Levels:           0  
  Clock Uncertainty:      0.025ns  ((TSJ^2 + TIJ^2)^1/2 + DJ) / 2 + PE
    Total System Jitter     (TSJ):    0.050ns
    Total Input Jitter      (TIJ):    0.000ns
    Discrete Jitter          (DJ):    0.000ns
    Phase Error              (PE):    0.000ns

    Location             Delay type                Incr(ns)  Path(ns)    Netlist Resource(s)
  -------------------------------------------------------------------    -------------------
                         (clock net_clk rise edge)    0.000     0.000 r  
                                                      0.000     0.000 r  net_clk (IN)
                         net (fo=1291, unset)         0.704     0.704    u_clk/net_clk
    SLICE_X42Y42         FDRE                                         r  u_clk/time_sec_reg[42]/C
  -------------------------------------------------------------------    -------------------
    SLICE_X42Y42         FDRE (Prop_fdre_C_Q)         0.393     1.097 r  u_clk/time_sec_reg[42]/Q
                         net (fo=5, unset)            0.704     1.801    time_sec[42]
                                                                      r  time_sec[42] (OUT)
  -------------------------------------------------------------------    -------------------

Slack:                    inf
  Source:                 u_clk/time_sec_reg[43]/C
                            (rising edge-triggered cell FDRE clocked by net_clk  {rise@0.000ns fall@3.200ns period=6.400ns})
  Destination:            time_sec[43]
                            (output port)
  Path Group:             (none)
  Path Type:              Max at Slow Process Corner
  Data Path Delay:        1.097ns  (logic 0.393ns (35.825%)  route 0.704ns (64.175%))
  Logic Levels:           0  
  Clock Uncertainty:      0.025ns  ((TSJ^2 + TIJ^2)^1/2 + DJ) / 2 + PE
    Total System Jitter     (TSJ):    0.050ns
    Total Input Jitter      (TIJ):    0.000ns
    Discrete Jitter          (DJ):    0.000ns
    Phase Error              (PE):    0.000ns

    Location             Delay type                Incr(ns)  Path(ns)    Netlist Resource(s)
  -------------------------------------------------------------------    -------------------
                         (clock net_clk rise edge)    0.000     0.000 r  
                                                      0.000     0.000 r  net_clk (IN)
                         net (fo=1291, unset)         0.704     0.704    u_clk/net_clk
    SLICE_X42Y42         FDRE                                         r  u_clk/time_sec_reg[43]/C
  -------------------------------------------------------------------    -------------------
    SLICE_X42Y42         FDRE (Prop_fdre_C_Q)         0.393     1.097 r  u_clk/time_sec_reg[43]/Q
                         net (fo=5, unset)            0.704     1.801    time_sec[43]
                                                                      r  time_sec[43] (OUT)
  -------------------------------------------------------------------    -------------------

Slack:                    inf
  Source:                 u_clk/time_sec_reg[45]/C
                            (rising edge-triggered cell FDRE clocked by net_clk  {rise@0.000ns fall@3.200ns period=6.400ns})
  Destination:            time_sec[45]
                            (output port)
  Path Group:             (none)
  Path Type:              Max at Slow Process Corner
  Data Path Delay:        1.097ns  (logic 0.393ns (35.825%)  route 0.704ns (64.175%))
  Logic Levels:           0  
  Clock Uncertainty:      0.025ns  ((TSJ^2 + TIJ^2)^1/2 + DJ) / 2 + PE
    Total System Jitter     (TSJ):    0.050ns
    Total Input Jitter      (TIJ):    0.000ns
    Discrete Jitter          (DJ):    0.000ns
    Phase Error              (PE):    0.000ns

    Location             Delay type                Incr(ns)  Path(ns)    Netlist Resource(s)
  -------------------------------------------------------------------    -------------------
                         (clock net_clk rise edge)    0.000     0.000 r  
                                                      0.000     0.000 r  net_clk (IN)
                         net (fo=1291, unset)         0.704     0.704    u_clk/net_clk
    SLICE_X54Y42         FDRE                                         r  u_clk/time_sec_reg[45]/C
  -------------------------------------------------------------------    -------------------
    SLICE_X54Y42         FDRE (Prop_fdre_C_Q)         0.393     1.097 r  u_clk/time_sec_reg[45]/Q
                         net (fo=5, unset)            0.704     1.801    time_sec[45]
                                                                      r  time_sec[45] (OUT)
  -------------------------------------------------------------------    -------------------





Min Delay Paths
--------------------------------------------------------------------------------------
Slack:                    inf
  Source:                 u_clk/time_ns_reg[10]/C
                            (rising edge-triggered cell FDRE clocked by net_clk  {rise@0.000ns fall@3.200ns period=6.400ns})
  Destination:            time_ns[10]
                            (output port)
  Path Group:             (none)
  Path Type:              Min at Fast Process Corner
  Data Path Delay:        0.552ns  (logic 0.141ns (25.556%)  route 0.411ns (74.444%))
  Logic Levels:           0  
  Clock Uncertainty:      0.025ns  ((TSJ^2 + TIJ^2)^1/2 + DJ) / 2 + PE
    Total System Jitter     (TSJ):    0.050ns
    Total Input Jitter      (TIJ):    0.000ns
    Discrete Jitter          (DJ):    0.000ns
    Phase Error              (PE):    0.000ns

    Location             Delay type                Incr(ns)  Path(ns)    Netlist Resource(s)
  -------------------------------------------------------------------    -------------------
                         (clock net_clk rise edge)    0.000     0.000 r  
                                                      0.000     0.000 r  net_clk (IN)
                         net (fo=1291, unset)         0.411     0.411    u_clk/net_clk
    SLICE_X52Y32         FDRE                                         r  u_clk/time_ns_reg[10]/C
  -------------------------------------------------------------------    -------------------
    SLICE_X52Y32         FDRE (Prop_fdre_C_Q)         0.141     0.552 r  u_clk/time_ns_reg[10]/Q
                         net (fo=6, unset)            0.411     0.962    time_ns[10]
                                                                      r  time_ns[10] (OUT)
  -------------------------------------------------------------------    -------------------

Slack:                    inf
  Source:                 u_clk/time_ns_reg[11]/C
                            (rising edge-triggered cell FDRE clocked by net_clk  {rise@0.000ns fall@3.200ns period=6.400ns})
  Destination:            time_ns[11]
                            (output port)
  Path Group:             (none)
  Path Type:              Min at Fast Process Corner
  Data Path Delay:        0.552ns  (logic 0.141ns (25.556%)  route 0.411ns (74.444%))
  Logic Levels:           0  
  Clock Uncertainty:      0.025ns  ((TSJ^2 + TIJ^2)^1/2 + DJ) / 2 + PE
    Total System Jitter     (TSJ):    0.050ns
    Total Input Jitter      (TIJ):    0.000ns
    Discrete Jitter          (DJ):    0.000ns
    Phase Error              (PE):    0.000ns

    Location             Delay type                Incr(ns)  Path(ns)    Netlist Resource(s)
  -------------------------------------------------------------------    -------------------
                         (clock net_clk rise edge)    0.000     0.000 r  
                                                      0.000     0.000 r  net_clk (IN)
                         net (fo=1291, unset)         0.411     0.411    u_clk/net_clk
    SLICE_X52Y32         FDRE                                         r  u_clk/time_ns_reg[11]/C
  -------------------------------------------------------------------    -------------------
    SLICE_X52Y32         FDRE (Prop_fdre_C_Q)         0.141     0.552 r  u_clk/time_ns_reg[11]/Q
                         net (fo=6, unset)            0.411     0.962    time_ns[11]
                                                                      r  time_ns[11] (OUT)
  -------------------------------------------------------------------    -------------------

Slack:                    inf
  Source:                 u_clk/time_ns_reg[12]/C
                            (rising edge-triggered cell FDRE clocked by net_clk  {rise@0.000ns fall@3.200ns period=6.400ns})
  Destination:            time_ns[12]
                            (output port)
  Path Group:             (none)
  Path Type:              Min at Fast Process Corner
  Data Path Delay:        0.552ns  (logic 0.141ns (25.556%)  route 0.411ns (74.444%))
  Logic Levels:           0  
  Clock Uncertainty:      0.025ns  ((TSJ^2 + TIJ^2)^1/2 + DJ) / 2 + PE
    Total System Jitter     (TSJ):    0.050ns
    Total Input Jitter      (TIJ):    0.000ns
    Discrete Jitter          (DJ):    0.000ns
    Phase Error              (PE):    0.000ns

    Location             Delay type                Incr(ns)  Path(ns)    Netlist Resource(s)
  -------------------------------------------------------------------    -------------------
                         (clock net_clk rise edge)    0.000     0.000 r  
                                                      0.000     0.000 r  net_clk (IN)
                         net (fo=1291, unset)         0.411     0.411    u_clk/net_clk
    SLICE_X55Y34         FDRE                                         r  u_clk/time_ns_reg[12]/C
  -------------------------------------------------------------------    -------------------
    SLICE_X55Y34         FDRE (Prop_fdre_C_Q)         0.141     0.552 r  u_clk/time_ns_reg[12]/Q
                         net (fo=6, unset)            0.411     0.962    time_ns[12]
                                                                      r  time_ns[12] (OUT)
  -------------------------------------------------------------------    -------------------

Slack:                    inf
  Source:                 u_clk/time_ns_reg[13]/C
                            (rising edge-triggered cell FDRE clocked by net_clk  {rise@0.000ns fall@3.200ns period=6.400ns})
  Destination:            time_ns[13]
                            (output port)
  Path Group:             (none)
  Path Type:              Min at Fast Process Corner
  Data Path Delay:        0.552ns  (logic 0.141ns (25.556%)  route 0.411ns (74.444%))
  Logic Levels:           0  
  Clock Uncertainty:      0.025ns  ((TSJ^2 + TIJ^2)^1/2 + DJ) / 2 + PE
    Total System Jitter     (TSJ):    0.050ns
    Total Input Jitter      (TIJ):    0.000ns
    Discrete Jitter          (DJ):    0.000ns
    Phase Error              (PE):    0.000ns

    Location             Delay type                Incr(ns)  Path(ns)    Netlist Resource(s)
  -------------------------------------------------------------------    -------------------
                         (clock net_clk rise edge)    0.000     0.000 r  
                                                      0.000     0.000 r  net_clk (IN)
                         net (fo=1291, unset)         0.411     0.411    u_clk/net_clk
    SLICE_X55Y33         FDRE                                         r  u_clk/time_ns_reg[13]/C
  -------------------------------------------------------------------    -------------------
    SLICE_X55Y33         FDRE (Prop_fdre_C_Q)         0.141     0.552 r  u_clk/time_ns_reg[13]/Q
                         net (fo=6, unset)            0.411     0.962    time_ns[13]
                                                                      r  time_ns[13] (OUT)
  -------------------------------------------------------------------    -------------------

Slack:                    inf
  Source:                 u_clk/time_ns_reg[14]/C
                            (rising edge-triggered cell FDRE clocked by net_clk  {rise@0.000ns fall@3.200ns period=6.400ns})
  Destination:            time_ns[14]
                            (output port)
  Path Group:             (none)
  Path Type:              Min at Fast Process Corner
  Data Path Delay:        0.552ns  (logic 0.141ns (25.556%)  route 0.411ns (74.444%))
  Logic Levels:           0  
  Clock Uncertainty:      0.025ns  ((TSJ^2 + TIJ^2)^1/2 + DJ) / 2 + PE
    Total System Jitter     (TSJ):    0.050ns
    Total Input Jitter      (TIJ):    0.000ns
    Discrete Jitter          (DJ):    0.000ns
    Phase Error              (PE):    0.000ns

    Location             Delay type                Incr(ns)  Path(ns)    Netlist Resource(s)
  -------------------------------------------------------------------    -------------------
                         (clock net_clk rise edge)    0.000     0.000 r  
                                                      0.000     0.000 r  net_clk (IN)
                         net (fo=1291, unset)         0.411     0.411    u_clk/net_clk
    SLICE_X55Y34         FDRE                                         r  u_clk/time_ns_reg[14]/C
  -------------------------------------------------------------------    -------------------
    SLICE_X55Y34         FDRE (Prop_fdre_C_Q)         0.141     0.552 r  u_clk/time_ns_reg[14]/Q
                         net (fo=6, unset)            0.411     0.962    time_ns[14]
                                                                      r  time_ns[14] (OUT)
  -------------------------------------------------------------------    -------------------

Slack:                    inf
  Source:                 u_clk/time_ns_reg[15]/C
                            (rising edge-triggered cell FDRE clocked by net_clk  {rise@0.000ns fall@3.200ns period=6.400ns})
  Destination:            time_ns[15]
                            (output port)
  Path Group:             (none)
  Path Type:              Min at Fast Process Corner
  Data Path Delay:        0.552ns  (logic 0.141ns (25.556%)  route 0.411ns (74.444%))
  Logic Levels:           0  
  Clock Uncertainty:      0.025ns  ((TSJ^2 + TIJ^2)^1/2 + DJ) / 2 + PE
    Total System Jitter     (TSJ):    0.050ns
    Total Input Jitter      (TIJ):    0.000ns
    Discrete Jitter          (DJ):    0.000ns
    Phase Error              (PE):    0.000ns

    Location             Delay type                Incr(ns)  Path(ns)    Netlist Resource(s)
  -------------------------------------------------------------------    -------------------
                         (clock net_clk rise edge)    0.000     0.000 r  
                                                      0.000     0.000 r  net_clk (IN)
                         net (fo=1291, unset)         0.411     0.411    u_clk/net_clk
    SLICE_X40Y36         FDRE                                         r  u_clk/time_ns_reg[15]/C
  -------------------------------------------------------------------    -------------------
    SLICE_X40Y36         FDRE (Prop_fdre_C_Q)         0.141     0.552 r  u_clk/time_ns_reg[15]/Q
                         net (fo=6, unset)            0.411     0.962    time_ns[15]
                                                                      r  time_ns[15] (OUT)
  -------------------------------------------------------------------    -------------------

Slack:                    inf
  Source:                 u_clk/time_ns_reg[16]/C
                            (rising edge-triggered cell FDRE clocked by net_clk  {rise@0.000ns fall@3.200ns period=6.400ns})
  Destination:            time_ns[16]
                            (output port)
  Path Group:             (none)
  Path Type:              Min at Fast Process Corner
  Data Path Delay:        0.552ns  (logic 0.141ns (25.556%)  route 0.411ns (74.444%))
  Logic Levels:           0  
  Clock Uncertainty:      0.025ns  ((TSJ^2 + TIJ^2)^1/2 + DJ) / 2 + PE
    Total System Jitter     (TSJ):    0.050ns
    Total Input Jitter      (TIJ):    0.000ns
    Discrete Jitter          (DJ):    0.000ns
    Phase Error              (PE):    0.000ns

    Location             Delay type                Incr(ns)  Path(ns)    Netlist Resource(s)
  -------------------------------------------------------------------    -------------------
                         (clock net_clk rise edge)    0.000     0.000 r  
                                                      0.000     0.000 r  net_clk (IN)
                         net (fo=1291, unset)         0.411     0.411    u_clk/net_clk
    SLICE_X55Y35         FDRE                                         r  u_clk/time_ns_reg[16]/C
  -------------------------------------------------------------------    -------------------
    SLICE_X55Y35         FDRE (Prop_fdre_C_Q)         0.141     0.552 r  u_clk/time_ns_reg[16]/Q
                         net (fo=6, unset)            0.411     0.962    time_ns[16]
                                                                      r  time_ns[16] (OUT)
  -------------------------------------------------------------------    -------------------

Slack:                    inf
  Source:                 u_clk/time_ns_reg[17]/C
                            (rising edge-triggered cell FDRE clocked by net_clk  {rise@0.000ns fall@3.200ns period=6.400ns})
  Destination:            time_ns[17]
                            (output port)
  Path Group:             (none)
  Path Type:              Min at Fast Process Corner
  Data Path Delay:        0.552ns  (logic 0.141ns (25.556%)  route 0.411ns (74.444%))
  Logic Levels:           0  
  Clock Uncertainty:      0.025ns  ((TSJ^2 + TIJ^2)^1/2 + DJ) / 2 + PE
    Total System Jitter     (TSJ):    0.050ns
    Total Input Jitter      (TIJ):    0.000ns
    Discrete Jitter          (DJ):    0.000ns
    Phase Error              (PE):    0.000ns

    Location             Delay type                Incr(ns)  Path(ns)    Netlist Resource(s)
  -------------------------------------------------------------------    -------------------
                         (clock net_clk rise edge)    0.000     0.000 r  
                                                      0.000     0.000 r  net_clk (IN)
                         net (fo=1291, unset)         0.411     0.411    u_clk/net_clk
    SLICE_X55Y36         FDRE                                         r  u_clk/time_ns_reg[17]/C
  -------------------------------------------------------------------    -------------------
    SLICE_X55Y36         FDRE (Prop_fdre_C_Q)         0.141     0.552 r  u_clk/time_ns_reg[17]/Q
                         net (fo=6, unset)            0.411     0.962    time_ns[17]
                                                                      r  time_ns[17] (OUT)
  -------------------------------------------------------------------    -------------------

Slack:                    inf
  Source:                 u_clk/time_ns_reg[18]/C
                            (rising edge-triggered cell FDRE clocked by net_clk  {rise@0.000ns fall@3.200ns period=6.400ns})
  Destination:            time_ns[18]
                            (output port)
  Path Group:             (none)
  Path Type:              Min at Fast Process Corner
  Data Path Delay:        0.552ns  (logic 0.141ns (25.556%)  route 0.411ns (74.444%))
  Logic Levels:           0  
  Clock Uncertainty:      0.025ns  ((TSJ^2 + TIJ^2)^1/2 + DJ) / 2 + PE
    Total System Jitter     (TSJ):    0.050ns
    Total Input Jitter      (TIJ):    0.000ns
    Discrete Jitter          (DJ):    0.000ns
    Phase Error              (PE):    0.000ns

    Location             Delay type                Incr(ns)  Path(ns)    Netlist Resource(s)
  -------------------------------------------------------------------    -------------------
                         (clock net_clk rise edge)    0.000     0.000 r  
                                                      0.000     0.000 r  net_clk (IN)
                         net (fo=1291, unset)         0.411     0.411    u_clk/net_clk
    SLICE_X55Y36         FDRE                                         r  u_clk/time_ns_reg[18]/C
  -------------------------------------------------------------------    -------------------
    SLICE_X55Y36         FDRE (Prop_fdre_C_Q)         0.141     0.552 r  u_clk/time_ns_reg[18]/Q
                         net (fo=6, unset)            0.411     0.962    time_ns[18]
                                                                      r  time_ns[18] (OUT)
  -------------------------------------------------------------------    -------------------

Slack:                    inf
  Source:                 u_clk/time_ns_reg[20]/C
                            (rising edge-triggered cell FDRE clocked by net_clk  {rise@0.000ns fall@3.200ns period=6.400ns})
  Destination:            time_ns[20]
                            (output port)
  Path Group:             (none)
  Path Type:              Min at Fast Process Corner
  Data Path Delay:        0.552ns  (logic 0.141ns (25.556%)  route 0.411ns (74.444%))
  Logic Levels:           0  
  Clock Uncertainty:      0.025ns  ((TSJ^2 + TIJ^2)^1/2 + DJ) / 2 + PE
    Total System Jitter     (TSJ):    0.050ns
    Total Input Jitter      (TIJ):    0.000ns
    Discrete Jitter          (DJ):    0.000ns
    Phase Error              (PE):    0.000ns

    Location             Delay type                Incr(ns)  Path(ns)    Netlist Resource(s)
  -------------------------------------------------------------------    -------------------
                         (clock net_clk rise edge)    0.000     0.000 r  
                                                      0.000     0.000 r  net_clk (IN)
                         net (fo=1291, unset)         0.411     0.411    u_clk/net_clk
    SLICE_X55Y37         FDRE                                         r  u_clk/time_ns_reg[20]/C
  -------------------------------------------------------------------    -------------------
    SLICE_X55Y37         FDRE (Prop_fdre_C_Q)         0.141     0.552 r  u_clk/time_ns_reg[20]/Q
                         net (fo=6, unset)            0.411     0.962    time_ns[20]
                                                                      r  time_ns[20] (OUT)
  -------------------------------------------------------------------    -------------------

Slack:                    inf
  Source:                 u_clk/time_ns_reg[24]/C
                            (rising edge-triggered cell FDRE clocked by net_clk  {rise@0.000ns fall@3.200ns period=6.400ns})
  Destination:            time_ns[24]
                            (output port)
  Path Group:             (none)
  Path Type:              Min at Fast Process Corner
  Data Path Delay:        0.552ns  (logic 0.141ns (25.556%)  route 0.411ns (74.444%))
  Logic Levels:           0  
  Clock Uncertainty:      0.025ns  ((TSJ^2 + TIJ^2)^1/2 + DJ) / 2 + PE
    Total System Jitter     (TSJ):    0.050ns
    Total Input Jitter      (TIJ):    0.000ns
    Discrete Jitter          (DJ):    0.000ns
    Phase Error              (PE):    0.000ns

    Location             Delay type                Incr(ns)  Path(ns)    Netlist Resource(s)
  -------------------------------------------------------------------    -------------------
                         (clock net_clk rise edge)    0.000     0.000 r  
                                                      0.000     0.000 r  net_clk (IN)
                         net (fo=1291, unset)         0.411     0.411    u_clk/net_clk
    SLICE_X52Y40         FDRE                                         r  u_clk/time_ns_reg[24]/C
  -------------------------------------------------------------------    -------------------
    SLICE_X52Y40         FDRE (Prop_fdre_C_Q)         0.141     0.552 r  u_clk/time_ns_reg[24]/Q
                         net (fo=6, unset)            0.411     0.962    time_ns[24]
                                                                      r  time_ns[24] (OUT)
  -------------------------------------------------------------------    -------------------

Slack:                    inf
  Source:                 u_clk/time_ns_reg[25]/C
                            (rising edge-triggered cell FDRE clocked by net_clk  {rise@0.000ns fall@3.200ns period=6.400ns})
  Destination:            time_ns[25]
                            (output port)
  Path Group:             (none)
  Path Type:              Min at Fast Process Corner
  Data Path Delay:        0.552ns  (logic 0.141ns (25.556%)  route 0.411ns (74.444%))
  Logic Levels:           0  
  Clock Uncertainty:      0.025ns  ((TSJ^2 + TIJ^2)^1/2 + DJ) / 2 + PE
    Total System Jitter     (TSJ):    0.050ns
    Total Input Jitter      (TIJ):    0.000ns
    Discrete Jitter          (DJ):    0.000ns
    Phase Error              (PE):    0.000ns

    Location             Delay type                Incr(ns)  Path(ns)    Netlist Resource(s)
  -------------------------------------------------------------------    -------------------
                         (clock net_clk rise edge)    0.000     0.000 r  
                                                      0.000     0.000 r  net_clk (IN)
                         net (fo=1291, unset)         0.411     0.411    u_clk/net_clk
    SLICE_X51Y40         FDRE                                         r  u_clk/time_ns_reg[25]/C
  -------------------------------------------------------------------    -------------------
    SLICE_X51Y40         FDRE (Prop_fdre_C_Q)         0.141     0.552 r  u_clk/time_ns_reg[25]/Q
                         net (fo=6, unset)            0.411     0.962    time_ns[25]
                                                                      r  time_ns[25] (OUT)
  -------------------------------------------------------------------    -------------------

Slack:                    inf
  Source:                 u_clk/time_ns_reg[26]/C
                            (rising edge-triggered cell FDRE clocked by net_clk  {rise@0.000ns fall@3.200ns period=6.400ns})
  Destination:            time_ns[26]
                            (output port)
  Path Group:             (none)
  Path Type:              Min at Fast Process Corner
  Data Path Delay:        0.552ns  (logic 0.141ns (25.556%)  route 0.411ns (74.444%))
  Logic Levels:           0  
  Clock Uncertainty:      0.025ns  ((TSJ^2 + TIJ^2)^1/2 + DJ) / 2 + PE
    Total System Jitter     (TSJ):    0.050ns
    Total Input Jitter      (TIJ):    0.000ns
    Discrete Jitter          (DJ):    0.000ns
    Phase Error              (PE):    0.000ns

    Location             Delay type                Incr(ns)  Path(ns)    Netlist Resource(s)
  -------------------------------------------------------------------    -------------------
                         (clock net_clk rise edge)    0.000     0.000 r  
                                                      0.000     0.000 r  net_clk (IN)
                         net (fo=1291, unset)         0.411     0.411    u_clk/net_clk
    SLICE_X55Y38         FDRE                                         r  u_clk/time_ns_reg[26]/C
  -------------------------------------------------------------------    -------------------
    SLICE_X55Y38         FDRE (Prop_fdre_C_Q)         0.141     0.552 r  u_clk/time_ns_reg[26]/Q
                         net (fo=6, unset)            0.411     0.962    time_ns[26]
                                                                      r  time_ns[26] (OUT)
  -------------------------------------------------------------------    -------------------

Slack:                    inf
  Source:                 u_clk/time_ns_reg[27]/C
                            (rising edge-triggered cell FDRE clocked by net_clk  {rise@0.000ns fall@3.200ns period=6.400ns})
  Destination:            time_ns[27]
                            (output port)
  Path Group:             (none)
  Path Type:              Min at Fast Process Corner
  Data Path Delay:        0.552ns  (logic 0.141ns (25.556%)  route 0.411ns (74.444%))
  Logic Levels:           0  
  Clock Uncertainty:      0.025ns  ((TSJ^2 + TIJ^2)^1/2 + DJ) / 2 + PE
    Total System Jitter     (TSJ):    0.050ns
    Total Input Jitter      (TIJ):    0.000ns
    Discrete Jitter          (DJ):    0.000ns
    Phase Error              (PE):    0.000ns

    Location             Delay type                Incr(ns)  Path(ns)    Netlist Resource(s)
  -------------------------------------------------------------------    -------------------
                         (clock net_clk rise edge)    0.000     0.000 r  
                                                      0.000     0.000 r  net_clk (IN)
                         net (fo=1291, unset)         0.411     0.411    u_clk/net_clk
    SLICE_X48Y38         FDRE                                         r  u_clk/time_ns_reg[27]/C
  -------------------------------------------------------------------    -------------------
    SLICE_X48Y38         FDRE (Prop_fdre_C_Q)         0.141     0.552 r  u_clk/time_ns_reg[27]/Q
                         net (fo=6, unset)            0.411     0.962    time_ns[27]
                                                                      r  time_ns[27] (OUT)
  -------------------------------------------------------------------    -------------------

Slack:                    inf
  Source:                 u_clk/time_ns_reg[28]/C
                            (rising edge-triggered cell FDRE clocked by net_clk  {rise@0.000ns fall@3.200ns period=6.400ns})
  Destination:            time_ns[28]
                            (output port)
  Path Group:             (none)
  Path Type:              Min at Fast Process Corner
  Data Path Delay:        0.552ns  (logic 0.141ns (25.556%)  route 0.411ns (74.444%))
  Logic Levels:           0  
  Clock Uncertainty:      0.025ns  ((TSJ^2 + TIJ^2)^1/2 + DJ) / 2 + PE
    Total System Jitter     (TSJ):    0.050ns
    Total Input Jitter      (TIJ):    0.000ns
    Discrete Jitter          (DJ):    0.000ns
    Phase Error              (PE):    0.000ns

    Location             Delay type                Incr(ns)  Path(ns)    Netlist Resource(s)
  -------------------------------------------------------------------    -------------------
                         (clock net_clk rise edge)    0.000     0.000 r  
                                                      0.000     0.000 r  net_clk (IN)
                         net (fo=1291, unset)         0.411     0.411    u_clk/net_clk
    SLICE_X52Y41         FDRE                                         r  u_clk/time_ns_reg[28]/C
  -------------------------------------------------------------------    -------------------
    SLICE_X52Y41         FDRE (Prop_fdre_C_Q)         0.141     0.552 r  u_clk/time_ns_reg[28]/Q
                         net (fo=6, unset)            0.411     0.962    time_ns[28]
                                                                      r  time_ns[28] (OUT)
  -------------------------------------------------------------------    -------------------

Slack:                    inf
  Source:                 u_clk/time_ns_reg[29]/C
                            (rising edge-triggered cell FDRE clocked by net_clk  {rise@0.000ns fall@3.200ns period=6.400ns})
  Destination:            time_ns[29]
                            (output port)
  Path Group:             (none)
  Path Type:              Min at Fast Process Corner
  Data Path Delay:        0.552ns  (logic 0.141ns (25.556%)  route 0.411ns (74.444%))
  Logic Levels:           0  
  Clock Uncertainty:      0.025ns  ((TSJ^2 + TIJ^2)^1/2 + DJ) / 2 + PE
    Total System Jitter     (TSJ):    0.050ns
    Total Input Jitter      (TIJ):    0.000ns
    Discrete Jitter          (DJ):    0.000ns
    Phase Error              (PE):    0.000ns

    Location             Delay type                Incr(ns)  Path(ns)    Netlist Resource(s)
  -------------------------------------------------------------------    -------------------
                         (clock net_clk rise edge)    0.000     0.000 r  
                                                      0.000     0.000 r  net_clk (IN)
                         net (fo=1291, unset)         0.411     0.411    u_clk/net_clk
    SLICE_X51Y40         FDRE                                         r  u_clk/time_ns_reg[29]/C
  -------------------------------------------------------------------    -------------------
    SLICE_X51Y40         FDRE (Prop_fdre_C_Q)         0.141     0.552 r  u_clk/time_ns_reg[29]/Q
                         net (fo=6, unset)            0.411     0.962    time_ns[29]
                                                                      r  time_ns[29] (OUT)
  -------------------------------------------------------------------    -------------------

Slack:                    inf
  Source:                 u_clk/time_ns_reg[30]/C
                            (rising edge-triggered cell FDRE clocked by net_clk  {rise@0.000ns fall@3.200ns period=6.400ns})
  Destination:            time_ns[30]
                            (output port)
  Path Group:             (none)
  Path Type:              Min at Fast Process Corner
  Data Path Delay:        0.552ns  (logic 0.141ns (25.556%)  route 0.411ns (74.444%))
  Logic Levels:           0  
  Clock Uncertainty:      0.025ns  ((TSJ^2 + TIJ^2)^1/2 + DJ) / 2 + PE
    Total System Jitter     (TSJ):    0.050ns
    Total Input Jitter      (TIJ):    0.000ns
    Discrete Jitter          (DJ):    0.000ns
    Phase Error              (PE):    0.000ns

    Location             Delay type                Incr(ns)  Path(ns)    Netlist Resource(s)
  -------------------------------------------------------------------    -------------------
                         (clock net_clk rise edge)    0.000     0.000 r  
                                                      0.000     0.000 r  net_clk (IN)
                         net (fo=1291, unset)         0.411     0.411    u_clk/net_clk
    SLICE_X53Y41         FDRE                                         r  u_clk/time_ns_reg[30]/C
  -------------------------------------------------------------------    -------------------
    SLICE_X53Y41         FDRE (Prop_fdre_C_Q)         0.141     0.552 r  u_clk/time_ns_reg[30]/Q
                         net (fo=5, unset)            0.411     0.962    time_ns[30]
                                                                      r  time_ns[30] (OUT)
  -------------------------------------------------------------------    -------------------

Slack:                    inf
  Source:                 u_clk/time_ns_reg[31]/C
                            (rising edge-triggered cell FDRE clocked by net_clk  {rise@0.000ns fall@3.200ns period=6.400ns})
  Destination:            time_ns[31]
                            (output port)
  Path Group:             (none)
  Path Type:              Min at Fast Process Corner
  Data Path Delay:        0.552ns  (logic 0.141ns (25.556%)  route 0.411ns (74.444%))
  Logic Levels:           0  
  Clock Uncertainty:      0.025ns  ((TSJ^2 + TIJ^2)^1/2 + DJ) / 2 + PE
    Total System Jitter     (TSJ):    0.050ns
    Total Input Jitter      (TIJ):    0.000ns
    Discrete Jitter          (DJ):    0.000ns
    Phase Error              (PE):    0.000ns

    Location             Delay type                Incr(ns)  Path(ns)    Netlist Resource(s)
  -------------------------------------------------------------------    -------------------
                         (clock net_clk rise edge)    0.000     0.000 r  
                                                      0.000     0.000 r  net_clk (IN)
                         net (fo=1291, unset)         0.411     0.411    u_clk/net_clk
    SLICE_X53Y41         FDRE                                         r  u_clk/time_ns_reg[31]/C
  -------------------------------------------------------------------    -------------------
    SLICE_X53Y41         FDRE (Prop_fdre_C_Q)         0.141     0.552 r  u_clk/time_ns_reg[31]/Q
                         net (fo=7, unset)            0.411     0.962    time_ns[31]
                                                                      r  time_ns[31] (OUT)
  -------------------------------------------------------------------    -------------------

Slack:                    inf
  Source:                 u_clk/time_ns_reg[4]/C
                            (rising edge-triggered cell FDRE clocked by net_clk  {rise@0.000ns fall@3.200ns period=6.400ns})
  Destination:            time_ns[4]
                            (output port)
  Path Group:             (none)
  Path Type:              Min at Fast Process Corner
  Data Path Delay:        0.552ns  (logic 0.141ns (25.556%)  route 0.411ns (74.444%))
  Logic Levels:           0  
  Clock Uncertainty:      0.025ns  ((TSJ^2 + TIJ^2)^1/2 + DJ) / 2 + PE
    Total System Jitter     (TSJ):    0.050ns
    Total Input Jitter      (TIJ):    0.000ns
    Discrete Jitter          (DJ):    0.000ns
    Phase Error              (PE):    0.000ns

    Location             Delay type                Incr(ns)  Path(ns)    Netlist Resource(s)
  -------------------------------------------------------------------    -------------------
                         (clock net_clk rise edge)    0.000     0.000 r  
                                                      0.000     0.000 r  net_clk (IN)
                         net (fo=1291, unset)         0.411     0.411    u_clk/net_clk
    SLICE_X52Y31         FDRE                                         r  u_clk/time_ns_reg[4]/C
  -------------------------------------------------------------------    -------------------
    SLICE_X52Y31         FDRE (Prop_fdre_C_Q)         0.141     0.552 r  u_clk/time_ns_reg[4]/Q
                         net (fo=5, unset)            0.411     0.962    time_ns[4]
                                                                      r  time_ns[4] (OUT)
  -------------------------------------------------------------------    -------------------

Slack:                    inf
  Source:                 u_clk/time_ns_reg[5]/C
                            (rising edge-triggered cell FDRE clocked by net_clk  {rise@0.000ns fall@3.200ns period=6.400ns})
  Destination:            time_ns[5]
                            (output port)
  Path Group:             (none)
  Path Type:              Min at Fast Process Corner
  Data Path Delay:        0.552ns  (logic 0.141ns (25.556%)  route 0.411ns (74.444%))
  Logic Levels:           0  
  Clock Uncertainty:      0.025ns  ((TSJ^2 + TIJ^2)^1/2 + DJ) / 2 + PE
    Total System Jitter     (TSJ):    0.050ns
    Total Input Jitter      (TIJ):    0.000ns
    Discrete Jitter          (DJ):    0.000ns
    Phase Error              (PE):    0.000ns

    Location             Delay type                Incr(ns)  Path(ns)    Netlist Resource(s)
  -------------------------------------------------------------------    -------------------
                         (clock net_clk rise edge)    0.000     0.000 r  
                                                      0.000     0.000 r  net_clk (IN)
                         net (fo=1291, unset)         0.411     0.411    u_clk/net_clk
    SLICE_X53Y31         FDRE                                         r  u_clk/time_ns_reg[5]/C
  -------------------------------------------------------------------    -------------------
    SLICE_X53Y31         FDRE (Prop_fdre_C_Q)         0.141     0.552 r  u_clk/time_ns_reg[5]/Q
                         net (fo=5, unset)            0.411     0.962    time_ns[5]
                                                                      r  time_ns[5] (OUT)
  -------------------------------------------------------------------    -------------------





--------------------------------------------------------------------------------------
Path Group:  (none)
From Clock:  
  To Clock:  aclk

Max Delay           428 Endpoints
Min Delay           428 Endpoints
--------------------------------------------------------------------------------------


Max Delay Paths
--------------------------------------------------------------------------------------
Slack:                    inf
  Source:                 aresetn
                            (input port)
  Destination:            u_snap/dst_ns_reg[23]/R
                            (rising edge-triggered cell FDRE clocked by aclk  {rise@0.000ns fall@5.000ns period=10.000ns})
  Path Group:             (none)
  Path Type:              Setup (Max at Slow Process Corner)
  Data Path Delay:        4.537ns  (logic 0.097ns (2.138%)  route 4.440ns (97.862%))
  Logic Levels:           1  (LUT1=1)
  Clock Path Skew:        0.669ns (DCD - SCD + CPR)
    Destination Clock Delay (DCD):    0.669ns
    Source Clock Delay      (SCD):    0.000ns
    Clock Pessimism Removal (CPR):    0.000ns
  Clock Uncertainty:      0.025ns  ((TSJ^2 + TIJ^2)^1/2 + DJ) / 2 + PE
    Total System Jitter     (TSJ):    0.050ns
    Total Input Jitter      (TIJ):    0.000ns
    Discrete Jitter          (DJ):    0.000ns
    Phase Error              (PE):    0.000ns

    Location             Delay type                Incr(ns)  Path(ns)    Netlist Resource(s)
  -------------------------------------------------------------------    -------------------
                                                      0.000     0.000 f  aresetn (IN)
                         net (fo=5, unset)            0.704     0.704    u_axi/aresetn
    SLICE_X41Y26         LUT1 (Prop_lut1_I0_O)        0.097     0.801 r  u_axi/s_axi_awready_i_1/O
                         net (fo=286, routed)         3.736     4.537    u_snap/req_tgl_reg_0[0]
    SLICE_X49Y40         FDRE                                         r  u_snap/dst_ns_reg[23]/R
  -------------------------------------------------------------------    -------------------

                         (clock aclk rise edge)       0.000     0.000 r  
                                                      0.000     0.000 r  aclk (IN)
                         net (fo=376, unset)          0.669     0.669    u_snap/aclk
    SLICE_X49Y40         FDRE                                         r  u_snap/dst_ns_reg[23]/C

Slack:                    inf
  Source:                 aresetn
                            (input port)
  Destination:            u_snap/dst_sec_reg[23]/R
                            (rising edge-triggered cell FDRE clocked by aclk  {rise@0.000ns fall@5.000ns period=10.000ns})
  Path Group:             (none)
  Path Type:              Setup (Max at Slow Process Corner)
  Data Path Delay:        4.537ns  (logic 0.097ns (2.138%)  route 4.440ns (97.862%))
  Logic Levels:           1  (LUT1=1)
  Clock Path Skew:        0.669ns (DCD - SCD + CPR)
    Destination Clock Delay (DCD):    0.669ns
    Source Clock Delay      (SCD):    0.000ns
    Clock Pessimism Removal (CPR):    0.000ns
  Clock Uncertainty:      0.025ns  ((TSJ^2 + TIJ^2)^1/2 + DJ) / 2 + PE
    Total System Jitter     (TSJ):    0.050ns
    Total Input Jitter      (TIJ):    0.000ns
    Discrete Jitter          (DJ):    0.000ns
    Phase Error              (PE):    0.000ns

    Location             Delay type                Incr(ns)  Path(ns)    Netlist Resource(s)
  -------------------------------------------------------------------    -------------------
                                                      0.000     0.000 f  aresetn (IN)
                         net (fo=5, unset)            0.704     0.704    u_axi/aresetn
    SLICE_X41Y26         LUT1 (Prop_lut1_I0_O)        0.097     0.801 r  u_axi/s_axi_awready_i_1/O
                         net (fo=286, routed)         3.736     4.537    u_snap/req_tgl_reg_0[0]
    SLICE_X49Y40         FDRE                                         r  u_snap/dst_sec_reg[23]/R
  -------------------------------------------------------------------    -------------------

                         (clock aclk rise edge)       0.000     0.000 r  
                                                      0.000     0.000 r  aclk (IN)
                         net (fo=376, unset)          0.669     0.669    u_snap/aclk
    SLICE_X49Y40         FDRE                                         r  u_snap/dst_sec_reg[23]/C

Slack:                    inf
  Source:                 aresetn
                            (input port)
  Destination:            u_snap/dst_sec_reg[43]/R
                            (rising edge-triggered cell FDRE clocked by aclk  {rise@0.000ns fall@5.000ns period=10.000ns})
  Path Group:             (none)
  Path Type:              Setup (Max at Slow Process Corner)
  Data Path Delay:        4.537ns  (logic 0.097ns (2.138%)  route 4.440ns (97.862%))
  Logic Levels:           1  (LUT1=1)
  Clock Path Skew:        0.669ns (DCD - SCD + CPR)
    Destination Clock Delay (DCD):    0.669ns
    Source Clock Delay      (SCD):    0.000ns
    Clock Pessimism Removal (CPR):    0.000ns
  Clock Uncertainty:      0.025ns  ((TSJ^2 + TIJ^2)^1/2 + DJ) / 2 + PE
    Total System Jitter     (TSJ):    0.050ns
    Total Input Jitter      (TIJ):    0.000ns
    Discrete Jitter          (DJ):    0.000ns
    Phase Error              (PE):    0.000ns

    Location             Delay type                Incr(ns)  Path(ns)    Netlist Resource(s)
  -------------------------------------------------------------------    -------------------
                                                      0.000     0.000 f  aresetn (IN)
                         net (fo=5, unset)            0.704     0.704    u_axi/aresetn
    SLICE_X41Y26         LUT1 (Prop_lut1_I0_O)        0.097     0.801 r  u_axi/s_axi_awready_i_1/O
                         net (fo=286, routed)         3.736     4.537    u_snap/req_tgl_reg_0[0]
    SLICE_X49Y40         FDRE                                         r  u_snap/dst_sec_reg[43]/R
  -------------------------------------------------------------------    -------------------

                         (clock aclk rise edge)       0.000     0.000 r  
                                                      0.000     0.000 r  aclk (IN)
                         net (fo=376, unset)          0.669     0.669    u_snap/aclk
    SLICE_X49Y40         FDRE                                         r  u_snap/dst_sec_reg[43]/C

Slack:                    inf
  Source:                 aresetn
                            (input port)
  Destination:            u_snap/dst_ns_reg[11]/R
                            (rising edge-triggered cell FDRE clocked by aclk  {rise@0.000ns fall@5.000ns period=10.000ns})
  Path Group:             (none)
  Path Type:              Setup (Max at Slow Process Corner)
  Data Path Delay:        4.455ns  (logic 0.097ns (2.177%)  route 4.358ns (97.823%))
  Logic Levels:           1  (LUT1=1)
  Clock Path Skew:        0.669ns (DCD - SCD + CPR)
    Destination Clock Delay (DCD):    0.669ns
    Source Clock Delay      (SCD):    0.000ns
    Clock Pessimism Removal (CPR):    0.000ns
  Clock Uncertainty:      0.025ns  ((TSJ^2 + TIJ^2)^1/2 + DJ) / 2 + PE
    Total System Jitter     (TSJ):    0.050ns
    Total Input Jitter      (TIJ):    0.000ns
    Discrete Jitter          (DJ):    0.000ns
    Phase Error              (PE):    0.000ns

    Location             Delay type                Incr(ns)  Path(ns)    Netlist Resource(s)
  -------------------------------------------------------------------    -------------------
                                                      0.000     0.000 f  aresetn (IN)
                         net (fo=5, unset)            0.704     0.704    u_axi/aresetn
    SLICE_X41Y26         LUT1 (Prop_lut1_I0_O)        0.097     0.801 r  u_axi/s_axi_awready_i_1/O
                         net (fo=286, routed)         3.654     4.455    u_snap/req_tgl_reg_0[0]
    SLICE_X53Y34         FDRE                                         r  u_snap/dst_ns_reg[11]/R
  -------------------------------------------------------------------    -------------------

                         (clock aclk rise edge)       0.000     0.000 r  
                                                      0.000     0.000 r  aclk (IN)
                         net (fo=376, unset)          0.669     0.669    u_snap/aclk
    SLICE_X53Y34         FDRE                                         r  u_snap/dst_ns_reg[11]/C

Slack:                    inf
  Source:                 aresetn
                            (input port)
  Destination:            u_snap/dst_ns_reg[17]/R
                            (rising edge-triggered cell FDRE clocked by aclk  {rise@0.000ns fall@5.000ns period=10.000ns})
  Path Group:             (none)
  Path Type:              Setup (Max at Slow Process Corner)
  Data Path Delay:        4.455ns  (logic 0.097ns (2.177%)  route 4.358ns (97.823%))
  Logic Levels:           1  (LUT1=1)
  Clock Path Skew:        0.669ns (DCD - SCD + CPR)
    Destination Clock Delay (DCD):    0.669ns
    Source Clock Delay      (SCD):    0.000ns
    Clock Pessimism Removal (CPR):    0.000ns
  Clock Uncertainty:      0.025ns  ((TSJ^2 + TIJ^2)^1/2 + DJ) / 2 + PE
    Total System Jitter     (TSJ):    0.050ns
    Total Input Jitter      (TIJ):    0.000ns
    Discrete Jitter          (DJ):    0.000ns
    Phase Error              (PE):    0.000ns

    Location             Delay type                Incr(ns)  Path(ns)    Netlist Resource(s)
  -------------------------------------------------------------------    -------------------
                                                      0.000     0.000 f  aresetn (IN)
                         net (fo=5, unset)            0.704     0.704    u_axi/aresetn
    SLICE_X41Y26         LUT1 (Prop_lut1_I0_O)        0.097     0.801 r  u_axi/s_axi_awready_i_1/O
                         net (fo=286, routed)         3.654     4.455    u_snap/req_tgl_reg_0[0]
    SLICE_X53Y34         FDRE                                         r  u_snap/dst_ns_reg[17]/R
  -------------------------------------------------------------------    -------------------

                         (clock aclk rise edge)       0.000     0.000 r  
                                                      0.000     0.000 r  aclk (IN)
                         net (fo=376, unset)          0.669     0.669    u_snap/aclk
    SLICE_X53Y34         FDRE                                         r  u_snap/dst_ns_reg[17]/C

Slack:                    inf
  Source:                 aresetn
                            (input port)
  Destination:            u_snap/dst_sec_reg[14]/R
                            (rising edge-triggered cell FDRE clocked by aclk  {rise@0.000ns fall@5.000ns period=10.000ns})
  Path Group:             (none)
  Path Type:              Setup (Max at Slow Process Corner)
  Data Path Delay:        4.455ns  (logic 0.097ns (2.177%)  route 4.358ns (97.823%))
  Logic Levels:           1  (LUT1=1)
  Clock Path Skew:        0.669ns (DCD - SCD + CPR)
    Destination Clock Delay (DCD):    0.669ns
    Source Clock Delay      (SCD):    0.000ns
    Clock Pessimism Removal (CPR):    0.000ns
  Clock Uncertainty:      0.025ns  ((TSJ^2 + TIJ^2)^1/2 + DJ) / 2 + PE
    Total System Jitter     (TSJ):    0.050ns
    Total Input Jitter      (TIJ):    0.000ns
    Discrete Jitter          (DJ):    0.000ns
    Phase Error              (PE):    0.000ns

    Location             Delay type                Incr(ns)  Path(ns)    Netlist Resource(s)
  -------------------------------------------------------------------    -------------------
                                                      0.000     0.000 f  aresetn (IN)
                         net (fo=5, unset)            0.704     0.704    u_axi/aresetn
    SLICE_X41Y26         LUT1 (Prop_lut1_I0_O)        0.097     0.801 r  u_axi/s_axi_awready_i_1/O
                         net (fo=286, routed)         3.654     4.455    u_snap/req_tgl_reg_0[0]
    SLICE_X53Y34         FDRE                                         r  u_snap/dst_sec_reg[14]/R
  -------------------------------------------------------------------    -------------------

                         (clock aclk rise edge)       0.000     0.000 r  
                                                      0.000     0.000 r  aclk (IN)
                         net (fo=376, unset)          0.669     0.669    u_snap/aclk
    SLICE_X53Y34         FDRE                                         r  u_snap/dst_sec_reg[14]/C

Slack:                    inf
  Source:                 aresetn
                            (input port)
  Destination:            u_axi/br_wdata_reg[23]/R
                            (rising edge-triggered cell FDRE clocked by aclk  {rise@0.000ns fall@5.000ns period=10.000ns})
  Path Group:             (none)
  Path Type:              Setup (Max at Slow Process Corner)
  Data Path Delay:        4.441ns  (logic 0.097ns (2.184%)  route 4.344ns (97.816%))
  Logic Levels:           1  (LUT1=1)
  Clock Path Skew:        0.669ns (DCD - SCD + CPR)
    Destination Clock Delay (DCD):    0.669ns
    Source Clock Delay      (SCD):    0.000ns
    Clock Pessimism Removal (CPR):    0.000ns
  Clock Uncertainty:      0.025ns  ((TSJ^2 + TIJ^2)^1/2 + DJ) / 2 + PE
    Total System Jitter     (TSJ):    0.050ns
    Total Input Jitter      (TIJ):    0.000ns
    Discrete Jitter          (DJ):    0.000ns
    Phase Error              (PE):    0.000ns

    Location             Delay type                Incr(ns)  Path(ns)    Netlist Resource(s)
  -------------------------------------------------------------------    -------------------
                                                      0.000     0.000 f  aresetn (IN)
                         net (fo=5, unset)            0.704     0.704    u_axi/aresetn
    SLICE_X41Y26         LUT1 (Prop_lut1_I0_O)        0.097     0.801 r  u_axi/s_axi_awready_i_1/O
                         net (fo=286, routed)         3.640     4.441    u_axi/SR[0]
    SLICE_X48Y41         FDRE                                         r  u_axi/br_wdata_reg[23]/R
  -------------------------------------------------------------------    -------------------

                         (clock aclk rise edge)       0.000     0.000 r  
                                                      0.000     0.000 r  aclk (IN)
                         net (fo=376, unset)          0.669     0.669    u_axi/aclk
    SLICE_X48Y41         FDRE                                         r  u_axi/br_wdata_reg[23]/C

Slack:                    inf
  Source:                 aresetn
                            (input port)
  Destination:            u_axi/br_wdata_reg[26]/R
                            (rising edge-triggered cell FDRE clocked by aclk  {rise@0.000ns fall@5.000ns period=10.000ns})
  Path Group:             (none)
  Path Type:              Setup (Max at Slow Process Corner)
  Data Path Delay:        4.441ns  (logic 0.097ns (2.184%)  route 4.344ns (97.816%))
  Logic Levels:           1  (LUT1=1)
  Clock Path Skew:        0.669ns (DCD - SCD + CPR)
    Destination Clock Delay (DCD):    0.669ns
    Source Clock Delay      (SCD):    0.000ns
    Clock Pessimism Removal (CPR):    0.000ns
  Clock Uncertainty:      0.025ns  ((TSJ^2 + TIJ^2)^1/2 + DJ) / 2 + PE
    Total System Jitter     (TSJ):    0.050ns
    Total Input Jitter      (TIJ):    0.000ns
    Discrete Jitter          (DJ):    0.000ns
    Phase Error              (PE):    0.000ns

    Location             Delay type                Incr(ns)  Path(ns)    Netlist Resource(s)
  -------------------------------------------------------------------    -------------------
                                                      0.000     0.000 f  aresetn (IN)
                         net (fo=5, unset)            0.704     0.704    u_axi/aresetn
    SLICE_X41Y26         LUT1 (Prop_lut1_I0_O)        0.097     0.801 r  u_axi/s_axi_awready_i_1/O
                         net (fo=286, routed)         3.640     4.441    u_axi/SR[0]
    SLICE_X48Y41         FDRE                                         r  u_axi/br_wdata_reg[26]/R
  -------------------------------------------------------------------    -------------------

                         (clock aclk rise edge)       0.000     0.000 r  
                                                      0.000     0.000 r  aclk (IN)
                         net (fo=376, unset)          0.669     0.669    u_axi/aclk
    SLICE_X48Y41         FDRE                                         r  u_axi/br_wdata_reg[26]/C

Slack:                    inf
  Source:                 aresetn
                            (input port)
  Destination:            u_axi/br_wdata_reg[12]/R
                            (rising edge-triggered cell FDRE clocked by aclk  {rise@0.000ns fall@5.000ns period=10.000ns})
  Path Group:             (none)
  Path Type:              Setup (Max at Slow Process Corner)
  Data Path Delay:        4.368ns  (logic 0.097ns (2.221%)  route 4.271ns (97.779%))
  Logic Levels:           1  (LUT1=1)
  Clock Path Skew:        0.669ns (DCD - SCD + CPR)
    Destination Clock Delay (DCD):    0.669ns
    Source Clock Delay      (SCD):    0.000ns
    Clock Pessimism Removal (CPR):    0.000ns
  Clock Uncertainty:      0.025ns  ((TSJ^2 + TIJ^2)^1/2 + DJ) / 2 + PE
    Total System Jitter     (TSJ):    0.050ns
    Total Input Jitter      (TIJ):    0.000ns
    Discrete Jitter          (DJ):    0.000ns
    Phase Error              (PE):    0.000ns

    Location             Delay type                Incr(ns)  Path(ns)    Netlist Resource(s)
  -------------------------------------------------------------------    -------------------
                                                      0.000     0.000 f  aresetn (IN)
                         net (fo=5, unset)            0.704     0.704    u_axi/aresetn
    SLICE_X41Y26         LUT1 (Prop_lut1_I0_O)        0.097     0.801 r  u_axi/s_axi_awready_i_1/O
                         net (fo=286, routed)         3.567     4.368    u_axi/SR[0]
    SLICE_X52Y35         FDRE                                         r  u_axi/br_wdata_reg[12]/R
  -------------------------------------------------------------------    -------------------

                         (clock aclk rise edge)       0.000     0.000 r  
                                                      0.000     0.000 r  aclk (IN)
                         net (fo=376, unset)          0.669     0.669    u_axi/aclk
    SLICE_X52Y35         FDRE                                         r  u_axi/br_wdata_reg[12]/C

Slack:                    inf
  Source:                 aresetn
                            (input port)
  Destination:            u_axi/br_wdata_reg[13]/R
                            (rising edge-triggered cell FDRE clocked by aclk  {rise@0.000ns fall@5.000ns period=10.000ns})
  Path Group:             (none)
  Path Type:              Setup (Max at Slow Process Corner)
  Data Path Delay:        4.368ns  (logic 0.097ns (2.221%)  route 4.271ns (97.779%))
  Logic Levels:           1  (LUT1=1)
  Clock Path Skew:        0.669ns (DCD - SCD + CPR)
    Destination Clock Delay (DCD):    0.669ns
    Source Clock Delay      (SCD):    0.000ns
    Clock Pessimism Removal (CPR):    0.000ns
  Clock Uncertainty:      0.025ns  ((TSJ^2 + TIJ^2)^1/2 + DJ) / 2 + PE
    Total System Jitter     (TSJ):    0.050ns
    Total Input Jitter      (TIJ):    0.000ns
    Discrete Jitter          (DJ):    0.000ns
    Phase Error              (PE):    0.000ns

    Location             Delay type                Incr(ns)  Path(ns)    Netlist Resource(s)
  -------------------------------------------------------------------    -------------------
                                                      0.000     0.000 f  aresetn (IN)
                         net (fo=5, unset)            0.704     0.704    u_axi/aresetn
    SLICE_X41Y26         LUT1 (Prop_lut1_I0_O)        0.097     0.801 r  u_axi/s_axi_awready_i_1/O
                         net (fo=286, routed)         3.567     4.368    u_axi/SR[0]
    SLICE_X52Y35         FDRE                                         r  u_axi/br_wdata_reg[13]/R
  -------------------------------------------------------------------    -------------------

                         (clock aclk rise edge)       0.000     0.000 r  
                                                      0.000     0.000 r  aclk (IN)
                         net (fo=376, unset)          0.669     0.669    u_axi/aclk
    SLICE_X52Y35         FDRE                                         r  u_axi/br_wdata_reg[13]/C

Slack:                    inf
  Source:                 aresetn
                            (input port)
  Destination:            u_axi/br_wdata_reg[15]/R
                            (rising edge-triggered cell FDRE clocked by aclk  {rise@0.000ns fall@5.000ns period=10.000ns})
  Path Group:             (none)
  Path Type:              Setup (Max at Slow Process Corner)
  Data Path Delay:        4.368ns  (logic 0.097ns (2.221%)  route 4.271ns (97.779%))
  Logic Levels:           1  (LUT1=1)
  Clock Path Skew:        0.669ns (DCD - SCD + CPR)
    Destination Clock Delay (DCD):    0.669ns
    Source Clock Delay      (SCD):    0.000ns
    Clock Pessimism Removal (CPR):    0.000ns
  Clock Uncertainty:      0.025ns  ((TSJ^2 + TIJ^2)^1/2 + DJ) / 2 + PE
    Total System Jitter     (TSJ):    0.050ns
    Total Input Jitter      (TIJ):    0.000ns
    Discrete Jitter          (DJ):    0.000ns
    Phase Error              (PE):    0.000ns

    Location             Delay type                Incr(ns)  Path(ns)    Netlist Resource(s)
  -------------------------------------------------------------------    -------------------
                                                      0.000     0.000 f  aresetn (IN)
                         net (fo=5, unset)            0.704     0.704    u_axi/aresetn
    SLICE_X41Y26         LUT1 (Prop_lut1_I0_O)        0.097     0.801 r  u_axi/s_axi_awready_i_1/O
                         net (fo=286, routed)         3.567     4.368    u_axi/SR[0]
    SLICE_X52Y35         FDRE                                         r  u_axi/br_wdata_reg[15]/R
  -------------------------------------------------------------------    -------------------

                         (clock aclk rise edge)       0.000     0.000 r  
                                                      0.000     0.000 r  aclk (IN)
                         net (fo=376, unset)          0.669     0.669    u_axi/aclk
    SLICE_X52Y35         FDRE                                         r  u_axi/br_wdata_reg[15]/C

Slack:                    inf
  Source:                 aresetn
                            (input port)
  Destination:            u_axi/snap_sec_q_reg[13]/R
                            (rising edge-triggered cell FDRE clocked by aclk  {rise@0.000ns fall@5.000ns period=10.000ns})
  Path Group:             (none)
  Path Type:              Setup (Max at Slow Process Corner)
  Data Path Delay:        4.364ns  (logic 0.097ns (2.223%)  route 4.267ns (97.777%))
  Logic Levels:           1  (LUT1=1)
  Clock Path Skew:        0.669ns (DCD - SCD + CPR)
    Destination Clock Delay (DCD):    0.669ns
    Source Clock Delay      (SCD):    0.000ns
    Clock Pessimism Removal (CPR):    0.000ns
  Clock Uncertainty:      0.025ns  ((TSJ^2 + TIJ^2)^1/2 + DJ) / 2 + PE
    Total System Jitter     (TSJ):    0.050ns
    Total Input Jitter      (TIJ):    0.000ns
    Discrete Jitter          (DJ):    0.000ns
    Phase Error              (PE):    0.000ns

    Location             Delay type                Incr(ns)  Path(ns)    Netlist Resource(s)
  -------------------------------------------------------------------    -------------------
                                                      0.000     0.000 f  aresetn (IN)
                         net (fo=5, unset)            0.704     0.704    u_axi/aresetn
    SLICE_X41Y26         LUT1 (Prop_lut1_I0_O)        0.097     0.801 r  u_axi/s_axi_awready_i_1/O
                         net (fo=286, routed)         3.563     4.364    u_axi/SR[0]
    SLICE_X53Y35         FDRE                                         r  u_axi/snap_sec_q_reg[13]/R
  -------------------------------------------------------------------    -------------------

                         (clock aclk rise edge)       0.000     0.000 r  
                                                      0.000     0.000 r  aclk (IN)
                         net (fo=376, unset)          0.669     0.669    u_axi/aclk
    SLICE_X53Y35         FDRE                                         r  u_axi/snap_sec_q_reg[13]/C

Slack:                    inf
  Source:                 aresetn
                            (input port)
  Destination:            u_axi/snap_sec_q_reg[15]/R
                            (rising edge-triggered cell FDRE clocked by aclk  {rise@0.000ns fall@5.000ns period=10.000ns})
  Path Group:             (none)
  Path Type:              Setup (Max at Slow Process Corner)
  Data Path Delay:        4.364ns  (logic 0.097ns (2.223%)  route 4.267ns (97.777%))
  Logic Levels:           1  (LUT1=1)
  Clock Path Skew:        0.669ns (DCD - SCD + CPR)
    Destination Clock Delay (DCD):    0.669ns
    Source Clock Delay      (SCD):    0.000ns
    Clock Pessimism Removal (CPR):    0.000ns
  Clock Uncertainty:      0.025ns  ((TSJ^2 + TIJ^2)^1/2 + DJ) / 2 + PE
    Total System Jitter     (TSJ):    0.050ns
    Total Input Jitter      (TIJ):    0.000ns
    Discrete Jitter          (DJ):    0.000ns
    Phase Error              (PE):    0.000ns

    Location             Delay type                Incr(ns)  Path(ns)    Netlist Resource(s)
  -------------------------------------------------------------------    -------------------
                                                      0.000     0.000 f  aresetn (IN)
                         net (fo=5, unset)            0.704     0.704    u_axi/aresetn
    SLICE_X41Y26         LUT1 (Prop_lut1_I0_O)        0.097     0.801 r  u_axi/s_axi_awready_i_1/O
                         net (fo=286, routed)         3.563     4.364    u_axi/SR[0]
    SLICE_X53Y35         FDRE                                         r  u_axi/snap_sec_q_reg[15]/R
  -------------------------------------------------------------------    -------------------

                         (clock aclk rise edge)       0.000     0.000 r  
                                                      0.000     0.000 r  aclk (IN)
                         net (fo=376, unset)          0.669     0.669    u_axi/aclk
    SLICE_X53Y35         FDRE                                         r  u_axi/snap_sec_q_reg[15]/C

Slack:                    inf
  Source:                 aresetn
                            (input port)
  Destination:            u_axi/snap_sec_q_reg[45]/R
                            (rising edge-triggered cell FDRE clocked by aclk  {rise@0.000ns fall@5.000ns period=10.000ns})
  Path Group:             (none)
  Path Type:              Setup (Max at Slow Process Corner)
  Data Path Delay:        4.364ns  (logic 0.097ns (2.223%)  route 4.267ns (97.777%))
  Logic Levels:           1  (LUT1=1)
  Clock Path Skew:        0.669ns (DCD - SCD + CPR)
    Destination Clock Delay (DCD):    0.669ns
    Source Clock Delay      (SCD):    0.000ns
    Clock Pessimism Removal (CPR):    0.000ns
  Clock Uncertainty:      0.025ns  ((TSJ^2 + TIJ^2)^1/2 + DJ) / 2 + PE
    Total System Jitter     (TSJ):    0.050ns
    Total Input Jitter      (TIJ):    0.000ns
    Discrete Jitter          (DJ):    0.000ns
    Phase Error              (PE):    0.000ns

    Location             Delay type                Incr(ns)  Path(ns)    Netlist Resource(s)
  -------------------------------------------------------------------    -------------------
                                                      0.000     0.000 f  aresetn (IN)
                         net (fo=5, unset)            0.704     0.704    u_axi/aresetn
    SLICE_X41Y26         LUT1 (Prop_lut1_I0_O)        0.097     0.801 r  u_axi/s_axi_awready_i_1/O
                         net (fo=286, routed)         3.563     4.364    u_axi/SR[0]
    SLICE_X53Y35         FDRE                                         r  u_axi/snap_sec_q_reg[45]/R
  -------------------------------------------------------------------    -------------------

                         (clock aclk rise edge)       0.000     0.000 r  
                                                      0.000     0.000 r  aclk (IN)
                         net (fo=376, unset)          0.669     0.669    u_axi/aclk
    SLICE_X53Y35         FDRE                                         r  u_axi/snap_sec_q_reg[45]/C

Slack:                    inf
  Source:                 aresetn
                            (input port)
  Destination:            u_axi/snap_sec_q_reg[47]/R
                            (rising edge-triggered cell FDRE clocked by aclk  {rise@0.000ns fall@5.000ns period=10.000ns})
  Path Group:             (none)
  Path Type:              Setup (Max at Slow Process Corner)
  Data Path Delay:        4.364ns  (logic 0.097ns (2.223%)  route 4.267ns (97.777%))
  Logic Levels:           1  (LUT1=1)
  Clock Path Skew:        0.669ns (DCD - SCD + CPR)
    Destination Clock Delay (DCD):    0.669ns
    Source Clock Delay      (SCD):    0.000ns
    Clock Pessimism Removal (CPR):    0.000ns
  Clock Uncertainty:      0.025ns  ((TSJ^2 + TIJ^2)^1/2 + DJ) / 2 + PE
    Total System Jitter     (TSJ):    0.050ns
    Total Input Jitter      (TIJ):    0.000ns
    Discrete Jitter          (DJ):    0.000ns
    Phase Error              (PE):    0.000ns

    Location             Delay type                Incr(ns)  Path(ns)    Netlist Resource(s)
  -------------------------------------------------------------------    -------------------
                                                      0.000     0.000 f  aresetn (IN)
                         net (fo=5, unset)            0.704     0.704    u_axi/aresetn
    SLICE_X41Y26         LUT1 (Prop_lut1_I0_O)        0.097     0.801 r  u_axi/s_axi_awready_i_1/O
                         net (fo=286, routed)         3.563     4.364    u_axi/SR[0]
    SLICE_X53Y35         FDRE                                         r  u_axi/snap_sec_q_reg[47]/R
  -------------------------------------------------------------------    -------------------

                         (clock aclk rise edge)       0.000     0.000 r  
                                                      0.000     0.000 r  aclk (IN)
                         net (fo=376, unset)          0.669     0.669    u_axi/aclk
    SLICE_X53Y35         FDRE                                         r  u_axi/snap_sec_q_reg[47]/C

Slack:                    inf
  Source:                 aresetn
                            (input port)
  Destination:            u_axi/snap_sec_q_reg[28]/R
                            (rising edge-triggered cell FDRE clocked by aclk  {rise@0.000ns fall@5.000ns period=10.000ns})
  Path Group:             (none)
  Path Type:              Setup (Max at Slow Process Corner)
  Data Path Delay:        4.363ns  (logic 0.097ns (2.223%)  route 4.266ns (97.777%))
  Logic Levels:           1  (LUT1=1)
  Clock Path Skew:        0.669ns (DCD - SCD + CPR)
    Destination Clock Delay (DCD):    0.669ns
    Source Clock Delay      (SCD):    0.000ns
    Clock Pessimism Removal (CPR):    0.000ns
  Clock Uncertainty:      0.025ns  ((TSJ^2 + TIJ^2)^1/2 + DJ) / 2 + PE
    Total System Jitter     (TSJ):    0.050ns
    Total Input Jitter      (TIJ):    0.000ns
    Discrete Jitter          (DJ):    0.000ns
    Phase Error              (PE):    0.000ns

    Location             Delay type                Incr(ns)  Path(ns)    Netlist Resource(s)
  -------------------------------------------------------------------    -------------------
                                                      0.000     0.000 f  aresetn (IN)
                         net (fo=5, unset)            0.704     0.704    u_axi/aresetn
    SLICE_X41Y26         LUT1 (Prop_lut1_I0_O)        0.097     0.801 r  u_axi/s_axi_awready_i_1/O
                         net (fo=286, routed)         3.562     4.363    u_axi/SR[0]
    SLICE_X52Y37         FDRE                                         r  u_axi/snap_sec_q_reg[28]/R
  -------------------------------------------------------------------    -------------------

                         (clock aclk rise edge)       0.000     0.000 r  
                                                      0.000     0.000 r  aclk (IN)
                         net (fo=376, unset)          0.669     0.669    u_axi/aclk
    SLICE_X52Y37         FDRE                                         r  u_axi/snap_sec_q_reg[28]/C

Slack:                    inf
  Source:                 aresetn
                            (input port)
  Destination:            u_axi/snap_sec_q_reg[40]/R
                            (rising edge-triggered cell FDRE clocked by aclk  {rise@0.000ns fall@5.000ns period=10.000ns})
  Path Group:             (none)
  Path Type:              Setup (Max at Slow Process Corner)
  Data Path Delay:        4.363ns  (logic 0.097ns (2.223%)  route 4.266ns (97.777%))
  Logic Levels:           1  (LUT1=1)
  Clock Path Skew:        0.669ns (DCD - SCD + CPR)
    Destination Clock Delay (DCD):    0.669ns
    Source Clock Delay      (SCD):    0.000ns
    Clock Pessimism Removal (CPR):    0.000ns
  Clock Uncertainty:      0.025ns  ((TSJ^2 + TIJ^2)^1/2 + DJ) / 2 + PE
    Total System Jitter     (TSJ):    0.050ns
    Total Input Jitter      (TIJ):    0.000ns
    Discrete Jitter          (DJ):    0.000ns
    Phase Error              (PE):    0.000ns

    Location             Delay type                Incr(ns)  Path(ns)    Netlist Resource(s)
  -------------------------------------------------------------------    -------------------
                                                      0.000     0.000 f  aresetn (IN)
                         net (fo=5, unset)            0.704     0.704    u_axi/aresetn
    SLICE_X41Y26         LUT1 (Prop_lut1_I0_O)        0.097     0.801 r  u_axi/s_axi_awready_i_1/O
                         net (fo=286, routed)         3.562     4.363    u_axi/SR[0]
    SLICE_X52Y37         FDRE                                         r  u_axi/snap_sec_q_reg[40]/R
  -------------------------------------------------------------------    -------------------

                         (clock aclk rise edge)       0.000     0.000 r  
                                                      0.000     0.000 r  aclk (IN)
                         net (fo=376, unset)          0.669     0.669    u_axi/aclk
    SLICE_X52Y37         FDRE                                         r  u_axi/snap_sec_q_reg[40]/C

Slack:                    inf
  Source:                 aresetn
                            (input port)
  Destination:            u_axi/snap_sec_q_reg[43]/R
                            (rising edge-triggered cell FDRE clocked by aclk  {rise@0.000ns fall@5.000ns period=10.000ns})
  Path Group:             (none)
  Path Type:              Setup (Max at Slow Process Corner)
  Data Path Delay:        4.363ns  (logic 0.097ns (2.223%)  route 4.266ns (97.777%))
  Logic Levels:           1  (LUT1=1)
  Clock Path Skew:        0.669ns (DCD - SCD + CPR)
    Destination Clock Delay (DCD):    0.669ns
    Source Clock Delay      (SCD):    0.000ns
    Clock Pessimism Removal (CPR):    0.000ns
  Clock Uncertainty:      0.025ns  ((TSJ^2 + TIJ^2)^1/2 + DJ) / 2 + PE
    Total System Jitter     (TSJ):    0.050ns
    Total Input Jitter      (TIJ):    0.000ns
    Discrete Jitter          (DJ):    0.000ns
    Phase Error              (PE):    0.000ns

    Location             Delay type                Incr(ns)  Path(ns)    Netlist Resource(s)
  -------------------------------------------------------------------    -------------------
                                                      0.000     0.000 f  aresetn (IN)
                         net (fo=5, unset)            0.704     0.704    u_axi/aresetn
    SLICE_X41Y26         LUT1 (Prop_lut1_I0_O)        0.097     0.801 r  u_axi/s_axi_awready_i_1/O
                         net (fo=286, routed)         3.562     4.363    u_axi/SR[0]
    SLICE_X52Y37         FDRE                                         r  u_axi/snap_sec_q_reg[43]/R
  -------------------------------------------------------------------    -------------------

                         (clock aclk rise edge)       0.000     0.000 r  
                                                      0.000     0.000 r  aclk (IN)
                         net (fo=376, unset)          0.669     0.669    u_axi/aclk
    SLICE_X52Y37         FDRE                                         r  u_axi/snap_sec_q_reg[43]/C

Slack:                    inf
  Source:                 aresetn
                            (input port)
  Destination:            u_axi/snap_ns_q_reg[23]/R
                            (rising edge-triggered cell FDRE clocked by aclk  {rise@0.000ns fall@5.000ns period=10.000ns})
  Path Group:             (none)
  Path Type:              Setup (Max at Slow Process Corner)
  Data Path Delay:        4.331ns  (logic 0.097ns (2.240%)  route 4.234ns (97.760%))
  Logic Levels:           1  (LUT1=1)
  Clock Path Skew:        0.669ns (DCD - SCD + CPR)
    Destination Clock Delay (DCD):    0.669ns
    Source Clock Delay      (SCD):    0.000ns
    Clock Pessimism Removal (CPR):    0.000ns
  Clock Uncertainty:      0.025ns  ((TSJ^2 + TIJ^2)^1/2 + DJ) / 2 + PE
    Total System Jitter     (TSJ):    0.050ns
    Total Input Jitter      (TIJ):    0.000ns
    Discrete Jitter          (DJ):    0.000ns
    Phase Error              (PE):    0.000ns

    Location             Delay type                Incr(ns)  Path(ns)    Netlist Resource(s)
  -------------------------------------------------------------------    -------------------
                                                      0.000     0.000 f  aresetn (IN)
                         net (fo=5, unset)            0.704     0.704    u_axi/aresetn
    SLICE_X41Y26         LUT1 (Prop_lut1_I0_O)        0.097     0.801 r  u_axi/s_axi_awready_i_1/O
                         net (fo=286, routed)         3.530     4.331    u_axi/SR[0]
    SLICE_X50Y40         FDRE                                         r  u_axi/snap_ns_q_reg[23]/R
  -------------------------------------------------------------------    -------------------

                         (clock aclk rise edge)       0.000     0.000 r  
                                                      0.000     0.000 r  aclk (IN)
                         net (fo=376, unset)          0.669     0.669    u_axi/aclk
    SLICE_X50Y40         FDRE                                         r  u_axi/snap_ns_q_reg[23]/C

Slack:                    inf
  Source:                 aresetn
                            (input port)
  Destination:            u_axi/snap_sec_q_reg[23]/R
                            (rising edge-triggered cell FDRE clocked by aclk  {rise@0.000ns fall@5.000ns period=10.000ns})
  Path Group:             (none)
  Path Type:              Setup (Max at Slow Process Corner)
  Data Path Delay:        4.331ns  (logic 0.097ns (2.240%)  route 4.234ns (97.760%))
  Logic Levels:           1  (LUT1=1)
  Clock Path Skew:        0.669ns (DCD - SCD + CPR)
    Destination Clock Delay (DCD):    0.669ns
    Source Clock Delay      (SCD):    0.000ns
    Clock Pessimism Removal (CPR):    0.000ns
  Clock Uncertainty:      0.025ns  ((TSJ^2 + TIJ^2)^1/2 + DJ) / 2 + PE
    Total System Jitter     (TSJ):    0.050ns
    Total Input Jitter      (TIJ):    0.000ns
    Discrete Jitter          (DJ):    0.000ns
    Phase Error              (PE):    0.000ns

    Location             Delay type                Incr(ns)  Path(ns)    Netlist Resource(s)
  -------------------------------------------------------------------    -------------------
                                                      0.000     0.000 f  aresetn (IN)
                         net (fo=5, unset)            0.704     0.704    u_axi/aresetn
    SLICE_X41Y26         LUT1 (Prop_lut1_I0_O)        0.097     0.801 r  u_axi/s_axi_awready_i_1/O
                         net (fo=286, routed)         3.530     4.331    u_axi/SR[0]
    SLICE_X50Y40         FDRE                                         r  u_axi/snap_sec_q_reg[23]/R
  -------------------------------------------------------------------    -------------------

                         (clock aclk rise edge)       0.000     0.000 r  
                                                      0.000     0.000 r  aclk (IN)
                         net (fo=376, unset)          0.669     0.669    u_axi/aclk
    SLICE_X50Y40         FDRE                                         r  u_axi/snap_sec_q_reg[23]/C





Min Delay Paths
--------------------------------------------------------------------------------------
Slack:                    inf
  Source:                 s_axi_wdata[0]
                            (input port)
  Destination:            u_axi/wdata_q_reg[0]/D
                            (rising edge-triggered cell FDRE clocked by aclk  {rise@0.000ns fall@5.000ns period=10.000ns})
  Path Group:             (none)
  Path Type:              Hold (Min at Fast Process Corner)
  Data Path Delay:        0.411ns  (logic 0.000ns (0.000%)  route 0.411ns (100.000%))
  Logic Levels:           0  
  Clock Path Skew:        0.432ns (DCD - SCD - CPR)
    Destination Clock Delay (DCD):    0.432ns
    Source Clock Delay      (SCD):    0.000ns
    Clock Pessimism Removal (CPR):    -0.000ns

    Location             Delay type                Incr(ns)  Path(ns)    Netlist Resource(s)
  -------------------------------------------------------------------    -------------------
                                                      0.000     0.000 r  s_axi_wdata[0] (IN)
                         net (fo=0)                   0.411     0.411    u_axi/s_axi_wdata[0]
    SLICE_X47Y27         FDRE                                         r  u_axi/wdata_q_reg[0]/D
  -------------------------------------------------------------------    -------------------

                         (clock aclk rise edge)       0.000     0.000 r  
                                                      0.000     0.000 r  aclk (IN)
                         net (fo=376, unset)          0.432     0.432    u_axi/aclk
    SLICE_X47Y27         FDRE                                         r  u_axi/wdata_q_reg[0]/C

Slack:                    inf
  Source:                 s_axi_wdata[10]
                            (input port)
  Destination:            u_axi/wdata_q_reg[10]/D
                            (rising edge-triggered cell FDRE clocked by aclk  {rise@0.000ns fall@5.000ns period=10.000ns})
  Path Group:             (none)
  Path Type:              Hold (Min at Fast Process Corner)
  Data Path Delay:        0.411ns  (logic 0.000ns (0.000%)  route 0.411ns (100.000%))
  Logic Levels:           0  
  Clock Path Skew:        0.432ns (DCD - SCD - CPR)
    Destination Clock Delay (DCD):    0.432ns
    Source Clock Delay      (SCD):    0.000ns
    Clock Pessimism Removal (CPR):    -0.000ns

    Location             Delay type                Incr(ns)  Path(ns)    Netlist Resource(s)
  -------------------------------------------------------------------    -------------------
                                                      0.000     0.000 r  s_axi_wdata[10] (IN)
                         net (fo=0)                   0.411     0.411    u_axi/s_axi_wdata[10]
    SLICE_X52Y28         FDRE                                         r  u_axi/wdata_q_reg[10]/D
  -------------------------------------------------------------------    -------------------

                         (clock aclk rise edge)       0.000     0.000 r  
                                                      0.000     0.000 r  aclk (IN)
                         net (fo=376, unset)          0.432     0.432    u_axi/aclk
    SLICE_X52Y28         FDRE                                         r  u_axi/wdata_q_reg[10]/C

Slack:                    inf
  Source:                 s_axi_wdata[11]
                            (input port)
  Destination:            u_axi/wdata_q_reg[11]/D
                            (rising edge-triggered cell FDRE clocked by aclk  {rise@0.000ns fall@5.000ns period=10.000ns})
  Path Group:             (none)
  Path Type:              Hold (Min at Fast Process Corner)
  Data Path Delay:        0.411ns  (logic 0.000ns (0.000%)  route 0.411ns (100.000%))
  Logic Levels:           0  
  Clock Path Skew:        0.432ns (DCD - SCD - CPR)
    Destination Clock Delay (DCD):    0.432ns
    Source Clock Delay      (SCD):    0.000ns
    Clock Pessimism Removal (CPR):    -0.000ns

    Location             Delay type                Incr(ns)  Path(ns)    Netlist Resource(s)
  -------------------------------------------------------------------    -------------------
                                                      0.000     0.000 r  s_axi_wdata[11] (IN)
                         net (fo=0)                   0.411     0.411    u_axi/s_axi_wdata[11]
    SLICE_X53Y29         FDRE                                         r  u_axi/wdata_q_reg[11]/D
  -------------------------------------------------------------------    -------------------

                         (clock aclk rise edge)       0.000     0.000 r  
                                                      0.000     0.000 r  aclk (IN)
                         net (fo=376, unset)          0.432     0.432    u_axi/aclk
    SLICE_X53Y29         FDRE                                         r  u_axi/wdata_q_reg[11]/C

Slack:                    inf
  Source:                 s_axi_wdata[12]
                            (input port)
  Destination:            u_axi/wdata_q_reg[12]/D
                            (rising edge-triggered cell FDRE clocked by aclk  {rise@0.000ns fall@5.000ns period=10.000ns})
  Path Group:             (none)
  Path Type:              Hold (Min at Fast Process Corner)
  Data Path Delay:        0.411ns  (logic 0.000ns (0.000%)  route 0.411ns (100.000%))
  Logic Levels:           0  
  Clock Path Skew:        0.432ns (DCD - SCD - CPR)
    Destination Clock Delay (DCD):    0.432ns
    Source Clock Delay      (SCD):    0.000ns
    Clock Pessimism Removal (CPR):    -0.000ns

    Location             Delay type                Incr(ns)  Path(ns)    Netlist Resource(s)
  -------------------------------------------------------------------    -------------------
                                                      0.000     0.000 r  s_axi_wdata[12] (IN)
                         net (fo=0)                   0.411     0.411    u_axi/s_axi_wdata[12]
    SLICE_X56Y33         FDRE                                         r  u_axi/wdata_q_reg[12]/D
  -------------------------------------------------------------------    -------------------

                         (clock aclk rise edge)       0.000     0.000 r  
                                                      0.000     0.000 r  aclk (IN)
                         net (fo=376, unset)          0.432     0.432    u_axi/aclk
    SLICE_X56Y33         FDRE                                         r  u_axi/wdata_q_reg[12]/C

Slack:                    inf
  Source:                 s_axi_wdata[13]
                            (input port)
  Destination:            u_axi/wdata_q_reg[13]/D
                            (rising edge-triggered cell FDRE clocked by aclk  {rise@0.000ns fall@5.000ns period=10.000ns})
  Path Group:             (none)
  Path Type:              Hold (Min at Fast Process Corner)
  Data Path Delay:        0.411ns  (logic 0.000ns (0.000%)  route 0.411ns (100.000%))
  Logic Levels:           0  
  Clock Path Skew:        0.432ns (DCD - SCD - CPR)
    Destination Clock Delay (DCD):    0.432ns
    Source Clock Delay      (SCD):    0.000ns
    Clock Pessimism Removal (CPR):    -0.000ns

    Location             Delay type                Incr(ns)  Path(ns)    Netlist Resource(s)
  -------------------------------------------------------------------    -------------------
                                                      0.000     0.000 r  s_axi_wdata[13] (IN)
                         net (fo=0)                   0.411     0.411    u_axi/s_axi_wdata[13]
    SLICE_X56Y33         FDRE                                         r  u_axi/wdata_q_reg[13]/D
  -------------------------------------------------------------------    -------------------

                         (clock aclk rise edge)       0.000     0.000 r  
                                                      0.000     0.000 r  aclk (IN)
                         net (fo=376, unset)          0.432     0.432    u_axi/aclk
    SLICE_X56Y33         FDRE                                         r  u_axi/wdata_q_reg[13]/C

Slack:                    inf
  Source:                 s_axi_wdata[14]
                            (input port)
  Destination:            u_axi/wdata_q_reg[14]/D
                            (rising edge-triggered cell FDRE clocked by aclk  {rise@0.000ns fall@5.000ns period=10.000ns})
  Path Group:             (none)
  Path Type:              Hold (Min at Fast Process Corner)
  Data Path Delay:        0.411ns  (logic 0.000ns (0.000%)  route 0.411ns (100.000%))
  Logic Levels:           0  
  Clock Path Skew:        0.432ns (DCD - SCD - CPR)
    Destination Clock Delay (DCD):    0.432ns
    Source Clock Delay      (SCD):    0.000ns
    Clock Pessimism Removal (CPR):    -0.000ns

    Location             Delay type                Incr(ns)  Path(ns)    Netlist Resource(s)
  -------------------------------------------------------------------    -------------------
                                                      0.000     0.000 r  s_axi_wdata[14] (IN)
                         net (fo=0)                   0.411     0.411    u_axi/s_axi_wdata[14]
    SLICE_X57Y35         FDRE                                         r  u_axi/wdata_q_reg[14]/D
  -------------------------------------------------------------------    -------------------

                         (clock aclk rise edge)       0.000     0.000 r  
                                                      0.000     0.000 r  aclk (IN)
                         net (fo=376, unset)          0.432     0.432    u_axi/aclk
    SLICE_X57Y35         FDRE                                         r  u_axi/wdata_q_reg[14]/C

Slack:                    inf
  Source:                 s_axi_wdata[15]
                            (input port)
  Destination:            u_axi/wdata_q_reg[15]/D
                            (rising edge-triggered cell FDRE clocked by aclk  {rise@0.000ns fall@5.000ns period=10.000ns})
  Path Group:             (none)
  Path Type:              Hold (Min at Fast Process Corner)
  Data Path Delay:        0.411ns  (logic 0.000ns (0.000%)  route 0.411ns (100.000%))
  Logic Levels:           0  
  Clock Path Skew:        0.432ns (DCD - SCD - CPR)
    Destination Clock Delay (DCD):    0.432ns
    Source Clock Delay      (SCD):    0.000ns
    Clock Pessimism Removal (CPR):    -0.000ns

    Location             Delay type                Incr(ns)  Path(ns)    Netlist Resource(s)
  -------------------------------------------------------------------    -------------------
                                                      0.000     0.000 r  s_axi_wdata[15] (IN)
                         net (fo=0)                   0.411     0.411    u_axi/s_axi_wdata[15]
    SLICE_X56Y33         FDRE                                         r  u_axi/wdata_q_reg[15]/D
  -------------------------------------------------------------------    -------------------

                         (clock aclk rise edge)       0.000     0.000 r  
                                                      0.000     0.000 r  aclk (IN)
                         net (fo=376, unset)          0.432     0.432    u_axi/aclk
    SLICE_X56Y33         FDRE                                         r  u_axi/wdata_q_reg[15]/C

Slack:                    inf
  Source:                 s_axi_wdata[16]
                            (input port)
  Destination:            u_axi/wdata_q_reg[16]/D
                            (rising edge-triggered cell FDRE clocked by aclk  {rise@0.000ns fall@5.000ns period=10.000ns})
  Path Group:             (none)
  Path Type:              Hold (Min at Fast Process Corner)
  Data Path Delay:        0.411ns  (logic 0.000ns (0.000%)  route 0.411ns (100.000%))
  Logic Levels:           0  
  Clock Path Skew:        0.432ns (DCD - SCD - CPR)
    Destination Clock Delay (DCD):    0.432ns
    Source Clock Delay      (SCD):    0.000ns
    Clock Pessimism Removal (CPR):    -0.000ns

    Location             Delay type                Incr(ns)  Path(ns)    Netlist Resource(s)
  -------------------------------------------------------------------    -------------------
                                                      0.000     0.000 r  s_axi_wdata[16] (IN)
                         net (fo=0)                   0.411     0.411    u_axi/s_axi_wdata[16]
    SLICE_X52Y38         FDRE                                         r  u_axi/wdata_q_reg[16]/D
  -------------------------------------------------------------------    -------------------

                         (clock aclk rise edge)       0.000     0.000 r  
                                                      0.000     0.000 r  aclk (IN)
                         net (fo=376, unset)          0.432     0.432    u_axi/aclk
    SLICE_X52Y38         FDRE                                         r  u_axi/wdata_q_reg[16]/C

Slack:                    inf
  Source:                 s_axi_wdata[17]
                            (input port)
  Destination:            u_axi/wdata_q_reg[17]/D
                            (rising edge-triggered cell FDRE clocked by aclk  {rise@0.000ns fall@5.000ns period=10.000ns})
  Path Group:             (none)
  Path Type:              Hold (Min at Fast Process Corner)
  Data Path Delay:        0.411ns  (logic 0.000ns (0.000%)  route 0.411ns (100.000%))
  Logic Levels:           0  
  Clock Path Skew:        0.432ns (DCD - SCD - CPR)
    Destination Clock Delay (DCD):    0.432ns
    Source Clock Delay      (SCD):    0.000ns
    Clock Pessimism Removal (CPR):    -0.000ns

    Location             Delay type                Incr(ns)  Path(ns)    Netlist Resource(s)
  -------------------------------------------------------------------    -------------------
                                                      0.000     0.000 r  s_axi_wdata[17] (IN)
                         net (fo=0)                   0.411     0.411    u_axi/s_axi_wdata[17]
    SLICE_X53Y40         FDRE                                         r  u_axi/wdata_q_reg[17]/D
  -------------------------------------------------------------------    -------------------

                         (clock aclk rise edge)       0.000     0.000 r  
                                                      0.000     0.000 r  aclk (IN)
                         net (fo=376, unset)          0.432     0.432    u_axi/aclk
    SLICE_X53Y40         FDRE                                         r  u_axi/wdata_q_reg[17]/C

Slack:                    inf
  Source:                 s_axi_wdata[18]
                            (input port)
  Destination:            u_axi/wdata_q_reg[18]/D
                            (rising edge-triggered cell FDRE clocked by aclk  {rise@0.000ns fall@5.000ns period=10.000ns})
  Path Group:             (none)
  Path Type:              Hold (Min at Fast Process Corner)
  Data Path Delay:        0.411ns  (logic 0.000ns (0.000%)  route 0.411ns (100.000%))
  Logic Levels:           0  
  Clock Path Skew:        0.432ns (DCD - SCD - CPR)
    Destination Clock Delay (DCD):    0.432ns
    Source Clock Delay      (SCD):    0.000ns
    Clock Pessimism Removal (CPR):    -0.000ns

    Location             Delay type                Incr(ns)  Path(ns)    Netlist Resource(s)
  -------------------------------------------------------------------    -------------------
                                                      0.000     0.000 r  s_axi_wdata[18] (IN)
                         net (fo=0)                   0.411     0.411    u_axi/s_axi_wdata[18]
    SLICE_X55Y40         FDRE                                         r  u_axi/wdata_q_reg[18]/D
  -------------------------------------------------------------------    -------------------

                         (clock aclk rise edge)       0.000     0.000 r  
                                                      0.000     0.000 r  aclk (IN)
                         net (fo=376, unset)          0.432     0.432    u_axi/aclk
    SLICE_X55Y40         FDRE                                         r  u_axi/wdata_q_reg[18]/C

Slack:                    inf
  Source:                 s_axi_wdata[19]
                            (input port)
  Destination:            u_axi/wdata_q_reg[19]/D
                            (rising edge-triggered cell FDRE clocked by aclk  {rise@0.000ns fall@5.000ns period=10.000ns})
  Path Group:             (none)
  Path Type:              Hold (Min at Fast Process Corner)
  Data Path Delay:        0.411ns  (logic 0.000ns (0.000%)  route 0.411ns (100.000%))
  Logic Levels:           0  
  Clock Path Skew:        0.432ns (DCD - SCD - CPR)
    Destination Clock Delay (DCD):    0.432ns
    Source Clock Delay      (SCD):    0.000ns
    Clock Pessimism Removal (CPR):    -0.000ns

    Location             Delay type                Incr(ns)  Path(ns)    Netlist Resource(s)
  -------------------------------------------------------------------    -------------------
                                                      0.000     0.000 r  s_axi_wdata[19] (IN)
                         net (fo=0)                   0.411     0.411    u_axi/s_axi_wdata[19]
    SLICE_X53Y40         FDRE                                         r  u_axi/wdata_q_reg[19]/D
  -------------------------------------------------------------------    -------------------

                         (clock aclk rise edge)       0.000     0.000 r  
                                                      0.000     0.000 r  aclk (IN)
                         net (fo=376, unset)          0.432     0.432    u_axi/aclk
    SLICE_X53Y40         FDRE                                         r  u_axi/wdata_q_reg[19]/C

Slack:                    inf
  Source:                 s_axi_wdata[1]
                            (input port)
  Destination:            u_axi/wdata_q_reg[1]/D
                            (rising edge-triggered cell FDRE clocked by aclk  {rise@0.000ns fall@5.000ns period=10.000ns})
  Path Group:             (none)
  Path Type:              Hold (Min at Fast Process Corner)
  Data Path Delay:        0.411ns  (logic 0.000ns (0.000%)  route 0.411ns (100.000%))
  Logic Levels:           0  
  Clock Path Skew:        0.432ns (DCD - SCD - CPR)
    Destination Clock Delay (DCD):    0.432ns
    Source Clock Delay      (SCD):    0.000ns
    Clock Pessimism Removal (CPR):    -0.000ns

    Location             Delay type                Incr(ns)  Path(ns)    Netlist Resource(s)
  -------------------------------------------------------------------    -------------------
                                                      0.000     0.000 r  s_axi_wdata[1] (IN)
                         net (fo=0)                   0.411     0.411    u_axi/s_axi_wdata[1]
    SLICE_X47Y27         FDRE                                         r  u_axi/wdata_q_reg[1]/D
  -------------------------------------------------------------------    -------------------

                         (clock aclk rise edge)       0.000     0.000 r  
                                                      0.000     0.000 r  aclk (IN)
                         net (fo=376, unset)          0.432     0.432    u_axi/aclk
    SLICE_X47Y27         FDRE                                         r  u_axi/wdata_q_reg[1]/C

Slack:                    inf
  Source:                 s_axi_wdata[20]
                            (input port)
  Destination:            u_axi/wdata_q_reg[20]/D
                            (rising edge-triggered cell FDRE clocked by aclk  {rise@0.000ns fall@5.000ns period=10.000ns})
  Path Group:             (none)
  Path Type:              Hold (Min at Fast Process Corner)
  Data Path Delay:        0.411ns  (logic 0.000ns (0.000%)  route 0.411ns (100.000%))
  Logic Levels:           0  
  Clock Path Skew:        0.432ns (DCD - SCD - CPR)
    Destination Clock Delay (DCD):    0.432ns
    Source Clock Delay      (SCD):    0.000ns
    Clock Pessimism Removal (CPR):    -0.000ns

    Location             Delay type                Incr(ns)  Path(ns)    Netlist Resource(s)
  -------------------------------------------------------------------    -------------------
                                                      0.000     0.000 r  s_axi_wdata[20] (IN)
                         net (fo=0)                   0.411     0.411    u_axi/s_axi_wdata[20]
    SLICE_X53Y40         FDRE                                         r  u_axi/wdata_q_reg[20]/D
  -------------------------------------------------------------------    -------------------

                         (clock aclk rise edge)       0.000     0.000 r  
                                                      0.000     0.000 r  aclk (IN)
                         net (fo=376, unset)          0.432     0.432    u_axi/aclk
    SLICE_X53Y40         FDRE                                         r  u_axi/wdata_q_reg[20]/C

Slack:                    inf
  Source:                 s_axi_wdata[21]
                            (input port)
  Destination:            u_axi/wdata_q_reg[21]/D
                            (rising edge-triggered cell FDRE clocked by aclk  {rise@0.000ns fall@5.000ns period=10.000ns})
  Path Group:             (none)
  Path Type:              Hold (Min at Fast Process Corner)
  Data Path Delay:        0.411ns  (logic 0.000ns (0.000%)  route 0.411ns (100.000%))
  Logic Levels:           0  
  Clock Path Skew:        0.432ns (DCD - SCD - CPR)
    Destination Clock Delay (DCD):    0.432ns
    Source Clock Delay      (SCD):    0.000ns
    Clock Pessimism Removal (CPR):    -0.000ns

    Location             Delay type                Incr(ns)  Path(ns)    Netlist Resource(s)
  -------------------------------------------------------------------    -------------------
                                                      0.000     0.000 r  s_axi_wdata[21] (IN)
                         net (fo=0)                   0.411     0.411    u_axi/s_axi_wdata[21]
    SLICE_X50Y42         FDRE                                         r  u_axi/wdata_q_reg[21]/D
  -------------------------------------------------------------------    -------------------

                         (clock aclk rise edge)       0.000     0.000 r  
                                                      0.000     0.000 r  aclk (IN)
                         net (fo=376, unset)          0.432     0.432    u_axi/aclk
    SLICE_X50Y42         FDRE                                         r  u_axi/wdata_q_reg[21]/C

Slack:                    inf
  Source:                 s_axi_wdata[22]
                            (input port)
  Destination:            u_axi/wdata_q_reg[22]/D
                            (rising edge-triggered cell FDRE clocked by aclk  {rise@0.000ns fall@5.000ns period=10.000ns})
  Path Group:             (none)
  Path Type:              Hold (Min at Fast Process Corner)
  Data Path Delay:        0.411ns  (logic 0.000ns (0.000%)  route 0.411ns (100.000%))
  Logic Levels:           0  
  Clock Path Skew:        0.432ns (DCD - SCD - CPR)
    Destination Clock Delay (DCD):    0.432ns
    Source Clock Delay      (SCD):    0.000ns
    Clock Pessimism Removal (CPR):    -0.000ns

    Location             Delay type                Incr(ns)  Path(ns)    Netlist Resource(s)
  -------------------------------------------------------------------    -------------------
                                                      0.000     0.000 r  s_axi_wdata[22] (IN)
                         net (fo=0)                   0.411     0.411    u_axi/s_axi_wdata[22]
    SLICE_X53Y40         FDRE                                         r  u_axi/wdata_q_reg[22]/D
  -------------------------------------------------------------------    -------------------

                         (clock aclk rise edge)       0.000     0.000 r  
                                                      0.000     0.000 r  aclk (IN)
                         net (fo=376, unset)          0.432     0.432    u_axi/aclk
    SLICE_X53Y40         FDRE                                         r  u_axi/wdata_q_reg[22]/C

Slack:                    inf
  Source:                 s_axi_wdata[23]
                            (input port)
  Destination:            u_axi/wdata_q_reg[23]/D
                            (rising edge-triggered cell FDRE clocked by aclk  {rise@0.000ns fall@5.000ns period=10.000ns})
  Path Group:             (none)
  Path Type:              Hold (Min at Fast Process Corner)
  Data Path Delay:        0.411ns  (logic 0.000ns (0.000%)  route 0.411ns (100.000%))
  Logic Levels:           0  
  Clock Path Skew:        0.432ns (DCD - SCD - CPR)
    Destination Clock Delay (DCD):    0.432ns
    Source Clock Delay      (SCD):    0.000ns
    Clock Pessimism Removal (CPR):    -0.000ns

    Location             Delay type                Incr(ns)  Path(ns)    Netlist Resource(s)
  -------------------------------------------------------------------    -------------------
                                                      0.000     0.000 r  s_axi_wdata[23] (IN)
                         net (fo=0)                   0.411     0.411    u_axi/s_axi_wdata[23]
    SLICE_X49Y42         FDRE                                         r  u_axi/wdata_q_reg[23]/D
  -------------------------------------------------------------------    -------------------

                         (clock aclk rise edge)       0.000     0.000 r  
                                                      0.000     0.000 r  aclk (IN)
                         net (fo=376, unset)          0.432     0.432    u_axi/aclk
    SLICE_X49Y42         FDRE                                         r  u_axi/wdata_q_reg[23]/C

Slack:                    inf
  Source:                 s_axi_wdata[24]
                            (input port)
  Destination:            u_axi/wdata_q_reg[24]/D
                            (rising edge-triggered cell FDRE clocked by aclk  {rise@0.000ns fall@5.000ns period=10.000ns})
  Path Group:             (none)
  Path Type:              Hold (Min at Fast Process Corner)
  Data Path Delay:        0.411ns  (logic 0.000ns (0.000%)  route 0.411ns (100.000%))
  Logic Levels:           0  
  Clock Path Skew:        0.432ns (DCD - SCD - CPR)
    Destination Clock Delay (DCD):    0.432ns
    Source Clock Delay      (SCD):    0.000ns
    Clock Pessimism Removal (CPR):    -0.000ns

    Location             Delay type                Incr(ns)  Path(ns)    Netlist Resource(s)
  -------------------------------------------------------------------    -------------------
                                                      0.000     0.000 r  s_axi_wdata[24] (IN)
                         net (fo=0)                   0.411     0.411    u_axi/s_axi_wdata[24]
    SLICE_X45Y40         FDRE                                         r  u_axi/wdata_q_reg[24]/D
  -------------------------------------------------------------------    -------------------

                         (clock aclk rise edge)       0.000     0.000 r  
                                                      0.000     0.000 r  aclk (IN)
                         net (fo=376, unset)          0.432     0.432    u_axi/aclk
    SLICE_X45Y40         FDRE                                         r  u_axi/wdata_q_reg[24]/C

Slack:                    inf
  Source:                 s_axi_wdata[25]
                            (input port)
  Destination:            u_axi/wdata_q_reg[25]/D
                            (rising edge-triggered cell FDRE clocked by aclk  {rise@0.000ns fall@5.000ns period=10.000ns})
  Path Group:             (none)
  Path Type:              Hold (Min at Fast Process Corner)
  Data Path Delay:        0.411ns  (logic 0.000ns (0.000%)  route 0.411ns (100.000%))
  Logic Levels:           0  
  Clock Path Skew:        0.432ns (DCD - SCD - CPR)
    Destination Clock Delay (DCD):    0.432ns
    Source Clock Delay      (SCD):    0.000ns
    Clock Pessimism Removal (CPR):    -0.000ns

    Location             Delay type                Incr(ns)  Path(ns)    Netlist Resource(s)
  -------------------------------------------------------------------    -------------------
                                                      0.000     0.000 r  s_axi_wdata[25] (IN)
                         net (fo=0)                   0.411     0.411    u_axi/s_axi_wdata[25]
    SLICE_X43Y42         FDRE                                         r  u_axi/wdata_q_reg[25]/D
  -------------------------------------------------------------------    -------------------

                         (clock aclk rise edge)       0.000     0.000 r  
                                                      0.000     0.000 r  aclk (IN)
                         net (fo=376, unset)          0.432     0.432    u_axi/aclk
    SLICE_X43Y42         FDRE                                         r  u_axi/wdata_q_reg[25]/C

Slack:                    inf
  Source:                 s_axi_wdata[26]
                            (input port)
  Destination:            u_axi/wdata_q_reg[26]/D
                            (rising edge-triggered cell FDRE clocked by aclk  {rise@0.000ns fall@5.000ns period=10.000ns})
  Path Group:             (none)
  Path Type:              Hold (Min at Fast Process Corner)
  Data Path Delay:        0.411ns  (logic 0.000ns (0.000%)  route 0.411ns (100.000%))
  Logic Levels:           0  
  Clock Path Skew:        0.432ns (DCD - SCD - CPR)
    Destination Clock Delay (DCD):    0.432ns
    Source Clock Delay      (SCD):    0.000ns
    Clock Pessimism Removal (CPR):    -0.000ns

    Location             Delay type                Incr(ns)  Path(ns)    Netlist Resource(s)
  -------------------------------------------------------------------    -------------------
                                                      0.000     0.000 r  s_axi_wdata[26] (IN)
                         net (fo=0)                   0.411     0.411    u_axi/s_axi_wdata[26]
    SLICE_X49Y42         FDRE                                         r  u_axi/wdata_q_reg[26]/D
  -------------------------------------------------------------------    -------------------

                         (clock aclk rise edge)       0.000     0.000 r  
                                                      0.000     0.000 r  aclk (IN)
                         net (fo=376, unset)          0.432     0.432    u_axi/aclk
    SLICE_X49Y42         FDRE                                         r  u_axi/wdata_q_reg[26]/C

Slack:                    inf
  Source:                 s_axi_wdata[27]
                            (input port)
  Destination:            u_axi/wdata_q_reg[27]/D
                            (rising edge-triggered cell FDRE clocked by aclk  {rise@0.000ns fall@5.000ns period=10.000ns})
  Path Group:             (none)
  Path Type:              Hold (Min at Fast Process Corner)
  Data Path Delay:        0.411ns  (logic 0.000ns (0.000%)  route 0.411ns (100.000%))
  Logic Levels:           0  
  Clock Path Skew:        0.432ns (DCD - SCD - CPR)
    Destination Clock Delay (DCD):    0.432ns
    Source Clock Delay      (SCD):    0.000ns
    Clock Pessimism Removal (CPR):    -0.000ns

    Location             Delay type                Incr(ns)  Path(ns)    Netlist Resource(s)
  -------------------------------------------------------------------    -------------------
                                                      0.000     0.000 r  s_axi_wdata[27] (IN)
                         net (fo=0)                   0.411     0.411    u_axi/s_axi_wdata[27]
    SLICE_X45Y40         FDRE                                         r  u_axi/wdata_q_reg[27]/D
  -------------------------------------------------------------------    -------------------

                         (clock aclk rise edge)       0.000     0.000 r  
                                                      0.000     0.000 r  aclk (IN)
                         net (fo=376, unset)          0.432     0.432    u_axi/aclk
    SLICE_X45Y40         FDRE                                         r  u_axi/wdata_q_reg[27]/C





--------------------------------------------------------------------------------------
Path Group:  (none)
From Clock:  
  To Clock:  net_clk

Max Delay          1366 Endpoints
Min Delay          1366 Endpoints
--------------------------------------------------------------------------------------


Max Delay Paths
--------------------------------------------------------------------------------------
Slack:                    inf
  Source:                 net_rst_n
                            (input port)
  Destination:            u_hist/last_we_reg/R
                            (rising edge-triggered cell FDRE clocked by net_clk  {rise@0.000ns fall@3.200ns period=6.400ns})
  Path Group:             (none)
  Path Type:              Setup (Max at Slow Process Corner)
  Data Path Delay:        4.318ns  (logic 0.097ns (2.247%)  route 4.221ns (97.753%))
  Logic Levels:           1  (LUT1=1)
  Clock Path Skew:        0.669ns (DCD - SCD + CPR)
    Destination Clock Delay (DCD):    0.669ns
    Source Clock Delay      (SCD):    0.000ns
    Clock Pessimism Removal (CPR):    0.000ns
  Clock Uncertainty:      0.025ns  ((TSJ^2 + TIJ^2)^1/2 + DJ) / 2 + PE
    Total System Jitter     (TSJ):    0.050ns
    Total Input Jitter      (TIJ):    0.000ns
    Discrete Jitter          (DJ):    0.000ns
    Phase Error              (PE):    0.000ns

    Location             Delay type                Incr(ns)  Path(ns)    Netlist Resource(s)
  -------------------------------------------------------------------    -------------------
                                                      0.000     0.000 f  net_rst_n (IN)
                         net (fo=252, unset)          0.704     0.704    u_regs/net_rst_n
    SLICE_X48Y42         LUT1 (Prop_lut1_I0_O)        0.097     0.801 r  u_regs/time_sec[47]_i_1/O
                         net (fo=456, routed)         3.517     4.318    u_hist/SR[0]
    SLICE_X25Y26         FDRE                                         r  u_hist/last_we_reg/R
  -------------------------------------------------------------------    -------------------

                         (clock net_clk rise edge)    0.000     0.000 r  
                                                      0.000     0.000 r  net_clk (IN)
                         net (fo=1291, unset)         0.669     0.669    u_hist/net_clk
    SLICE_X25Y26         FDRE                                         r  u_hist/last_we_reg/C

Slack:                    inf
  Source:                 net_rst_n
                            (input port)
  Destination:            u_hist/rd_pend_reg/R
                            (rising edge-triggered cell FDRE clocked by net_clk  {rise@0.000ns fall@3.200ns period=6.400ns})
  Path Group:             (none)
  Path Type:              Setup (Max at Slow Process Corner)
  Data Path Delay:        4.312ns  (logic 0.097ns (2.250%)  route 4.215ns (97.750%))
  Logic Levels:           1  (LUT1=1)
  Clock Path Skew:        0.669ns (DCD - SCD + CPR)
    Destination Clock Delay (DCD):    0.669ns
    Source Clock Delay      (SCD):    0.000ns
    Clock Pessimism Removal (CPR):    0.000ns
  Clock Uncertainty:      0.025ns  ((TSJ^2 + TIJ^2)^1/2 + DJ) / 2 + PE
    Total System Jitter     (TSJ):    0.050ns
    Total Input Jitter      (TIJ):    0.000ns
    Discrete Jitter          (DJ):    0.000ns
    Phase Error              (PE):    0.000ns

    Location             Delay type                Incr(ns)  Path(ns)    Netlist Resource(s)
  -------------------------------------------------------------------    -------------------
                                                      0.000     0.000 f  net_rst_n (IN)
                         net (fo=252, unset)          0.704     0.704    u_regs/net_rst_n
    SLICE_X48Y42         LUT1 (Prop_lut1_I0_O)        0.097     0.801 r  u_regs/time_sec[47]_i_1/O
                         net (fo=456, routed)         3.511     4.312    u_hist/SR[0]
    SLICE_X27Y28         FDRE                                         r  u_hist/rd_pend_reg/R
  -------------------------------------------------------------------    -------------------

                         (clock net_clk rise edge)    0.000     0.000 r  
                                                      0.000     0.000 r  net_clk (IN)
                         net (fo=1291, unset)         0.669     0.669    u_hist/net_clk
    SLICE_X27Y28         FDRE                                         r  u_hist/rd_pend_reg/C

Slack:                    inf
  Source:                 net_rst_n
                            (input port)
  Destination:            u_hist/rd_wait_reg/R
                            (rising edge-triggered cell FDRE clocked by net_clk  {rise@0.000ns fall@3.200ns period=6.400ns})
  Path Group:             (none)
  Path Type:              Setup (Max at Slow Process Corner)
  Data Path Delay:        4.312ns  (logic 0.097ns (2.250%)  route 4.215ns (97.750%))
  Logic Levels:           1  (LUT1=1)
  Clock Path Skew:        0.669ns (DCD - SCD + CPR)
    Destination Clock Delay (DCD):    0.669ns
    Source Clock Delay      (SCD):    0.000ns
    Clock Pessimism Removal (CPR):    0.000ns
  Clock Uncertainty:      0.025ns  ((TSJ^2 + TIJ^2)^1/2 + DJ) / 2 + PE
    Total System Jitter     (TSJ):    0.050ns
    Total Input Jitter      (TIJ):    0.000ns
    Discrete Jitter          (DJ):    0.000ns
    Phase Error              (PE):    0.000ns

    Location             Delay type                Incr(ns)  Path(ns)    Netlist Resource(s)
  -------------------------------------------------------------------    -------------------
                                                      0.000     0.000 f  net_rst_n (IN)
                         net (fo=252, unset)          0.704     0.704    u_regs/net_rst_n
    SLICE_X48Y42         LUT1 (Prop_lut1_I0_O)        0.097     0.801 r  u_regs/time_sec[47]_i_1/O
                         net (fo=456, routed)         3.511     4.312    u_hist/SR[0]
    SLICE_X27Y28         FDRE                                         r  u_hist/rd_wait_reg/R
  -------------------------------------------------------------------    -------------------

                         (clock net_clk rise edge)    0.000     0.000 r  
                                                      0.000     0.000 r  net_clk (IN)
                         net (fo=1291, unset)         0.669     0.669    u_hist/net_clk
    SLICE_X27Y28         FDRE                                         r  u_hist/rd_wait_reg/C

Slack:                    inf
  Source:                 net_rst_n
                            (input port)
  Destination:            u_cap_out/u_fifo/wr_ptr_reg[0]/R
                            (rising edge-triggered cell FDRE clocked by net_clk  {rise@0.000ns fall@3.200ns period=6.400ns})
  Path Group:             (none)
  Path Type:              Setup (Max at Slow Process Corner)
  Data Path Delay:        4.298ns  (logic 0.097ns (2.257%)  route 4.201ns (97.743%))
  Logic Levels:           1  (LUT1=1)
  Clock Path Skew:        0.669ns (DCD - SCD + CPR)
    Destination Clock Delay (DCD):    0.669ns
    Source Clock Delay      (SCD):    0.000ns
    Clock Pessimism Removal (CPR):    0.000ns
  Clock Uncertainty:      0.025ns  ((TSJ^2 + TIJ^2)^1/2 + DJ) / 2 + PE
    Total System Jitter     (TSJ):    0.050ns
    Total Input Jitter      (TIJ):    0.000ns
    Discrete Jitter          (DJ):    0.000ns
    Phase Error              (PE):    0.000ns

    Location             Delay type                Incr(ns)  Path(ns)    Netlist Resource(s)
  -------------------------------------------------------------------    -------------------
                                                      0.000     0.000 f  net_rst_n (IN)
                         net (fo=252, unset)          0.704     0.704    u_regs/net_rst_n
    SLICE_X48Y42         LUT1 (Prop_lut1_I0_O)        0.097     0.801 r  u_regs/time_sec[47]_i_1/O
                         net (fo=456, routed)         3.497     4.298    u_cap_out/u_fifo/SR[0]
    SLICE_X29Y29         FDRE                                         r  u_cap_out/u_fifo/wr_ptr_reg[0]/R
  -------------------------------------------------------------------    -------------------

                         (clock net_clk rise edge)    0.000     0.000 r  
                                                      0.000     0.000 r  net_clk (IN)
                         net (fo=1291, unset)         0.669     0.669    u_cap_out/u_fifo/net_clk
    SLICE_X29Y29         FDRE                                         r  u_cap_out/u_fifo/wr_ptr_reg[0]/C

Slack:                    inf
  Source:                 net_rst_n
                            (input port)
  Destination:            u_cap_out/u_fifo/wr_ptr_reg[2]/R
                            (rising edge-triggered cell FDRE clocked by net_clk  {rise@0.000ns fall@3.200ns period=6.400ns})
  Path Group:             (none)
  Path Type:              Setup (Max at Slow Process Corner)
  Data Path Delay:        4.298ns  (logic 0.097ns (2.257%)  route 4.201ns (97.743%))
  Logic Levels:           1  (LUT1=1)
  Clock Path Skew:        0.669ns (DCD - SCD + CPR)
    Destination Clock Delay (DCD):    0.669ns
    Source Clock Delay      (SCD):    0.000ns
    Clock Pessimism Removal (CPR):    0.000ns
  Clock Uncertainty:      0.025ns  ((TSJ^2 + TIJ^2)^1/2 + DJ) / 2 + PE
    Total System Jitter     (TSJ):    0.050ns
    Total Input Jitter      (TIJ):    0.000ns
    Discrete Jitter          (DJ):    0.000ns
    Phase Error              (PE):    0.000ns

    Location             Delay type                Incr(ns)  Path(ns)    Netlist Resource(s)
  -------------------------------------------------------------------    -------------------
                                                      0.000     0.000 f  net_rst_n (IN)
                         net (fo=252, unset)          0.704     0.704    u_regs/net_rst_n
    SLICE_X48Y42         LUT1 (Prop_lut1_I0_O)        0.097     0.801 r  u_regs/time_sec[47]_i_1/O
                         net (fo=456, routed)         3.497     4.298    u_cap_out/u_fifo/SR[0]
    SLICE_X29Y29         FDRE                                         r  u_cap_out/u_fifo/wr_ptr_reg[2]/R
  -------------------------------------------------------------------    -------------------

                         (clock net_clk rise edge)    0.000     0.000 r  
                                                      0.000     0.000 r  net_clk (IN)
                         net (fo=1291, unset)         0.669     0.669    u_cap_out/u_fifo/net_clk
    SLICE_X29Y29         FDRE                                         r  u_cap_out/u_fifo/wr_ptr_reg[2]/C

Slack:                    inf
  Source:                 net_rst_n
                            (input port)
  Destination:            u_cap_out/event_d_reg/R
                            (rising edge-triggered cell FDRE clocked by net_clk  {rise@0.000ns fall@3.200ns period=6.400ns})
  Path Group:             (none)
  Path Type:              Setup (Max at Slow Process Corner)
  Data Path Delay:        4.109ns  (logic 0.097ns (2.361%)  route 4.012ns (97.639%))
  Logic Levels:           1  (LUT1=1)
  Clock Path Skew:        0.669ns (DCD - SCD + CPR)
    Destination Clock Delay (DCD):    0.669ns
    Source Clock Delay      (SCD):    0.000ns
    Clock Pessimism Removal (CPR):    0.000ns
  Clock Uncertainty:      0.025ns  ((TSJ^2 + TIJ^2)^1/2 + DJ) / 2 + PE
    Total System Jitter     (TSJ):    0.050ns
    Total Input Jitter      (TIJ):    0.000ns
    Discrete Jitter          (DJ):    0.000ns
    Phase Error              (PE):    0.000ns

    Location             Delay type                Incr(ns)  Path(ns)    Netlist Resource(s)
  -------------------------------------------------------------------    -------------------
                                                      0.000     0.000 f  net_rst_n (IN)
                         net (fo=252, unset)          0.704     0.704    u_regs/net_rst_n
    SLICE_X48Y42         LUT1 (Prop_lut1_I0_O)        0.097     0.801 r  u_regs/time_sec[47]_i_1/O
                         net (fo=456, routed)         3.308     4.109    u_cap_out/SR[0]
    SLICE_X30Y28         FDRE                                         r  u_cap_out/event_d_reg/R
  -------------------------------------------------------------------    -------------------

                         (clock net_clk rise edge)    0.000     0.000 r  
                                                      0.000     0.000 r  net_clk (IN)
                         net (fo=1291, unset)         0.669     0.669    u_cap_out/net_clk
    SLICE_X30Y28         FDRE                                         r  u_cap_out/event_d_reg/C

Slack:                    inf
  Source:                 net_rst_n
                            (input port)
  Destination:            u_hist/s1_valid_reg/R
                            (rising edge-triggered cell FDRE clocked by net_clk  {rise@0.000ns fall@3.200ns period=6.400ns})
  Path Group:             (none)
  Path Type:              Setup (Max at Slow Process Corner)
  Data Path Delay:        4.109ns  (logic 0.097ns (2.361%)  route 4.012ns (97.639%))
  Logic Levels:           1  (LUT1=1)
  Clock Path Skew:        0.669ns (DCD - SCD + CPR)
    Destination Clock Delay (DCD):    0.669ns
    Source Clock Delay      (SCD):    0.000ns
    Clock Pessimism Removal (CPR):    0.000ns
  Clock Uncertainty:      0.025ns  ((TSJ^2 + TIJ^2)^1/2 + DJ) / 2 + PE
    Total System Jitter     (TSJ):    0.050ns
    Total Input Jitter      (TIJ):    0.000ns
    Discrete Jitter          (DJ):    0.000ns
    Phase Error              (PE):    0.000ns

    Location             Delay type                Incr(ns)  Path(ns)    Netlist Resource(s)
  -------------------------------------------------------------------    -------------------
                                                      0.000     0.000 f  net_rst_n (IN)
                         net (fo=252, unset)          0.704     0.704    u_regs/net_rst_n
    SLICE_X48Y42         LUT1 (Prop_lut1_I0_O)        0.097     0.801 r  u_regs/time_sec[47]_i_1/O
                         net (fo=456, routed)         3.308     4.109    u_hist/SR[0]
    SLICE_X30Y28         FDRE                                         r  u_hist/s1_valid_reg/R
  -------------------------------------------------------------------    -------------------

                         (clock net_clk rise edge)    0.000     0.000 r  
                                                      0.000     0.000 r  net_clk (IN)
                         net (fo=1291, unset)         0.669     0.669    u_hist/net_clk
    SLICE_X30Y28         FDRE                                         r  u_hist/s1_valid_reg/C

Slack:                    inf
  Source:                 net_rst_n
                            (input port)
  Destination:            u_hist/s1a_valid_reg/R
                            (rising edge-triggered cell FDRE clocked by net_clk  {rise@0.000ns fall@3.200ns period=6.400ns})
  Path Group:             (none)
  Path Type:              Setup (Max at Slow Process Corner)
  Data Path Delay:        4.109ns  (logic 0.097ns (2.361%)  route 4.012ns (97.639%))
  Logic Levels:           1  (LUT1=1)
  Clock Path Skew:        0.669ns (DCD - SCD + CPR)
    Destination Clock Delay (DCD):    0.669ns
    Source Clock Delay      (SCD):    0.000ns
    Clock Pessimism Removal (CPR):    0.000ns
  Clock Uncertainty:      0.025ns  ((TSJ^2 + TIJ^2)^1/2 + DJ) / 2 + PE
    Total System Jitter     (TSJ):    0.050ns
    Total Input Jitter      (TIJ):    0.000ns
    Discrete Jitter          (DJ):    0.000ns
    Phase Error              (PE):    0.000ns

    Location             Delay type                Incr(ns)  Path(ns)    Netlist Resource(s)
  -------------------------------------------------------------------    -------------------
                                                      0.000     0.000 f  net_rst_n (IN)
                         net (fo=252, unset)          0.704     0.704    u_regs/net_rst_n
    SLICE_X48Y42         LUT1 (Prop_lut1_I0_O)        0.097     0.801 r  u_regs/time_sec[47]_i_1/O
                         net (fo=456, routed)         3.308     4.109    u_hist/SR[0]
    SLICE_X30Y28         FDRE                                         r  u_hist/s1a_valid_reg/R
  -------------------------------------------------------------------    -------------------

                         (clock net_clk rise edge)    0.000     0.000 r  
                                                      0.000     0.000 r  net_clk (IN)
                         net (fo=1291, unset)         0.669     0.669    u_hist/net_clk
    SLICE_X30Y28         FDRE                                         r  u_hist/s1a_valid_reg/C

Slack:                    inf
  Source:                 net_rst_n
                            (input port)
  Destination:            u_hist/s1b_valid_reg/R
                            (rising edge-triggered cell FDRE clocked by net_clk  {rise@0.000ns fall@3.200ns period=6.400ns})
  Path Group:             (none)
  Path Type:              Setup (Max at Slow Process Corner)
  Data Path Delay:        4.109ns  (logic 0.097ns (2.361%)  route 4.012ns (97.639%))
  Logic Levels:           1  (LUT1=1)
  Clock Path Skew:        0.669ns (DCD - SCD + CPR)
    Destination Clock Delay (DCD):    0.669ns
    Source Clock Delay      (SCD):    0.000ns
    Clock Pessimism Removal (CPR):    0.000ns
  Clock Uncertainty:      0.025ns  ((TSJ^2 + TIJ^2)^1/2 + DJ) / 2 + PE
    Total System Jitter     (TSJ):    0.050ns
    Total Input Jitter      (TIJ):    0.000ns
    Discrete Jitter          (DJ):    0.000ns
    Phase Error              (PE):    0.000ns

    Location             Delay type                Incr(ns)  Path(ns)    Netlist Resource(s)
  -------------------------------------------------------------------    -------------------
                                                      0.000     0.000 f  net_rst_n (IN)
                         net (fo=252, unset)          0.704     0.704    u_regs/net_rst_n
    SLICE_X48Y42         LUT1 (Prop_lut1_I0_O)        0.097     0.801 r  u_regs/time_sec[47]_i_1/O
                         net (fo=456, routed)         3.308     4.109    u_hist/SR[0]
    SLICE_X30Y28         FDRE                                         r  u_hist/s1b_valid_reg/R
  -------------------------------------------------------------------    -------------------

                         (clock net_clk rise edge)    0.000     0.000 r  
                                                      0.000     0.000 r  net_clk (IN)
                         net (fo=1291, unset)         0.669     0.669    u_hist/net_clk
    SLICE_X30Y28         FDRE                                         r  u_hist/s1b_valid_reg/C

Slack:                    inf
  Source:                 net_rst_n
                            (input port)
  Destination:            u_hist/s2_valid_reg/R
                            (rising edge-triggered cell FDRE clocked by net_clk  {rise@0.000ns fall@3.200ns period=6.400ns})
  Path Group:             (none)
  Path Type:              Setup (Max at Slow Process Corner)
  Data Path Delay:        3.980ns  (logic 0.097ns (2.437%)  route 3.883ns (97.563%))
  Logic Levels:           1  (LUT1=1)
  Clock Path Skew:        0.669ns (DCD - SCD + CPR)
    Destination Clock Delay (DCD):    0.669ns
    Source Clock Delay      (SCD):    0.000ns
    Clock Pessimism Removal (CPR):    0.000ns
  Clock Uncertainty:      0.025ns  ((TSJ^2 + TIJ^2)^1/2 + DJ) / 2 + PE
    Total System Jitter     (TSJ):    0.050ns
    Total Input Jitter      (TIJ):    0.000ns
    Discrete Jitter          (DJ):    0.000ns
    Phase Error              (PE):    0.000ns

    Location             Delay type                Incr(ns)  Path(ns)    Netlist Resource(s)
  -------------------------------------------------------------------    -------------------
                                                      0.000     0.000 f  net_rst_n (IN)
                         net (fo=252, unset)          0.704     0.704    u_regs/net_rst_n
    SLICE_X48Y42         LUT1 (Prop_lut1_I0_O)        0.097     0.801 r  u_regs/time_sec[47]_i_1/O
                         net (fo=456, routed)         3.179     3.980    u_hist/SR[0]
    SLICE_X26Y30         FDRE                                         r  u_hist/s2_valid_reg/R
  -------------------------------------------------------------------    -------------------

                         (clock net_clk rise edge)    0.000     0.000 r  
                                                      0.000     0.000 r  net_clk (IN)
                         net (fo=1291, unset)         0.669     0.669    u_hist/net_clk
    SLICE_X26Y30         FDRE                                         r  u_hist/s2_valid_reg/C

Slack:                    inf
  Source:                 net_rst_n
                            (input port)
  Destination:            u_cap_out/u_fifo/rd_ptr_reg[3]/R
                            (rising edge-triggered cell FDRE clocked by net_clk  {rise@0.000ns fall@3.200ns period=6.400ns})
  Path Group:             (none)
  Path Type:              Setup (Max at Slow Process Corner)
  Data Path Delay:        3.889ns  (logic 0.097ns (2.495%)  route 3.792ns (97.505%))
  Logic Levels:           1  (LUT1=1)
  Clock Path Skew:        0.669ns (DCD - SCD + CPR)
    Destination Clock Delay (DCD):    0.669ns
    Source Clock Delay      (SCD):    0.000ns
    Clock Pessimism Removal (CPR):    0.000ns
  Clock Uncertainty:      0.025ns  ((TSJ^2 + TIJ^2)^1/2 + DJ) / 2 + PE
    Total System Jitter     (TSJ):    0.050ns
    Total Input Jitter      (TIJ):    0.000ns
    Discrete Jitter          (DJ):    0.000ns
    Phase Error              (PE):    0.000ns

    Location             Delay type                Incr(ns)  Path(ns)    Netlist Resource(s)
  -------------------------------------------------------------------    -------------------
                                                      0.000     0.000 f  net_rst_n (IN)
                         net (fo=252, unset)          0.704     0.704    u_regs/net_rst_n
    SLICE_X48Y42         LUT1 (Prop_lut1_I0_O)        0.097     0.801 r  u_regs/time_sec[47]_i_1/O
                         net (fo=456, routed)         3.088     3.889    u_cap_out/u_fifo/SR[0]
    SLICE_X31Y29         FDRE                                         r  u_cap_out/u_fifo/rd_ptr_reg[3]/R
  -------------------------------------------------------------------    -------------------

                         (clock net_clk rise edge)    0.000     0.000 r  
                                                      0.000     0.000 r  net_clk (IN)
                         net (fo=1291, unset)         0.669     0.669    u_cap_out/u_fifo/net_clk
    SLICE_X31Y29         FDRE                                         r  u_cap_out/u_fifo/rd_ptr_reg[3]/C

Slack:                    inf
  Source:                 net_rst_n
                            (input port)
  Destination:            u_cap_out/u_fifo/rd_ptr_reg[4]/R
                            (rising edge-triggered cell FDRE clocked by net_clk  {rise@0.000ns fall@3.200ns period=6.400ns})
  Path Group:             (none)
  Path Type:              Setup (Max at Slow Process Corner)
  Data Path Delay:        3.889ns  (logic 0.097ns (2.495%)  route 3.792ns (97.505%))
  Logic Levels:           1  (LUT1=1)
  Clock Path Skew:        0.669ns (DCD - SCD + CPR)
    Destination Clock Delay (DCD):    0.669ns
    Source Clock Delay      (SCD):    0.000ns
    Clock Pessimism Removal (CPR):    0.000ns
  Clock Uncertainty:      0.025ns  ((TSJ^2 + TIJ^2)^1/2 + DJ) / 2 + PE
    Total System Jitter     (TSJ):    0.050ns
    Total Input Jitter      (TIJ):    0.000ns
    Discrete Jitter          (DJ):    0.000ns
    Phase Error              (PE):    0.000ns

    Location             Delay type                Incr(ns)  Path(ns)    Netlist Resource(s)
  -------------------------------------------------------------------    -------------------
                                                      0.000     0.000 f  net_rst_n (IN)
                         net (fo=252, unset)          0.704     0.704    u_regs/net_rst_n
    SLICE_X48Y42         LUT1 (Prop_lut1_I0_O)        0.097     0.801 r  u_regs/time_sec[47]_i_1/O
                         net (fo=456, routed)         3.088     3.889    u_cap_out/u_fifo/SR[0]
    SLICE_X31Y29         FDRE                                         r  u_cap_out/u_fifo/rd_ptr_reg[4]/R
  -------------------------------------------------------------------    -------------------

                         (clock net_clk rise edge)    0.000     0.000 r  
                                                      0.000     0.000 r  net_clk (IN)
                         net (fo=1291, unset)         0.669     0.669    u_cap_out/u_fifo/net_clk
    SLICE_X31Y29         FDRE                                         r  u_cap_out/u_fifo/rd_ptr_reg[4]/C

Slack:                    inf
  Source:                 net_rst_n
                            (input port)
  Destination:            u_cap_out/u_fifo/wr_ptr_reg[1]/R
                            (rising edge-triggered cell FDRE clocked by net_clk  {rise@0.000ns fall@3.200ns period=6.400ns})
  Path Group:             (none)
  Path Type:              Setup (Max at Slow Process Corner)
  Data Path Delay:        3.889ns  (logic 0.097ns (2.495%)  route 3.792ns (97.505%))
  Logic Levels:           1  (LUT1=1)
  Clock Path Skew:        0.669ns (DCD - SCD + CPR)
    Destination Clock Delay (DCD):    0.669ns
    Source Clock Delay      (SCD):    0.000ns
    Clock Pessimism Removal (CPR):    0.000ns
  Clock Uncertainty:      0.025ns  ((TSJ^2 + TIJ^2)^1/2 + DJ) / 2 + PE
    Total System Jitter     (TSJ):    0.050ns
    Total Input Jitter      (TIJ):    0.000ns
    Discrete Jitter          (DJ):    0.000ns
    Phase Error              (PE):    0.000ns

    Location             Delay type                Incr(ns)  Path(ns)    Netlist Resource(s)
  -------------------------------------------------------------------    -------------------
                                                      0.000     0.000 f  net_rst_n (IN)
                         net (fo=252, unset)          0.704     0.704    u_regs/net_rst_n
    SLICE_X48Y42         LUT1 (Prop_lut1_I0_O)        0.097     0.801 r  u_regs/time_sec[47]_i_1/O
                         net (fo=456, routed)         3.088     3.889    u_cap_out/u_fifo/SR[0]
    SLICE_X30Y29         FDRE                                         r  u_cap_out/u_fifo/wr_ptr_reg[1]/R
  -------------------------------------------------------------------    -------------------

                         (clock net_clk rise edge)    0.000     0.000 r  
                                                      0.000     0.000 r  net_clk (IN)
                         net (fo=1291, unset)         0.669     0.669    u_cap_out/u_fifo/net_clk
    SLICE_X30Y29         FDRE                                         r  u_cap_out/u_fifo/wr_ptr_reg[1]/C

Slack:                    inf
  Source:                 net_rst_n
                            (input port)
  Destination:            u_cap_out/u_fifo/wr_ptr_reg[3]/R
                            (rising edge-triggered cell FDRE clocked by net_clk  {rise@0.000ns fall@3.200ns period=6.400ns})
  Path Group:             (none)
  Path Type:              Setup (Max at Slow Process Corner)
  Data Path Delay:        3.889ns  (logic 0.097ns (2.495%)  route 3.792ns (97.505%))
  Logic Levels:           1  (LUT1=1)
  Clock Path Skew:        0.669ns (DCD - SCD + CPR)
    Destination Clock Delay (DCD):    0.669ns
    Source Clock Delay      (SCD):    0.000ns
    Clock Pessimism Removal (CPR):    0.000ns
  Clock Uncertainty:      0.025ns  ((TSJ^2 + TIJ^2)^1/2 + DJ) / 2 + PE
    Total System Jitter     (TSJ):    0.050ns
    Total Input Jitter      (TIJ):    0.000ns
    Discrete Jitter          (DJ):    0.000ns
    Phase Error              (PE):    0.000ns

    Location             Delay type                Incr(ns)  Path(ns)    Netlist Resource(s)
  -------------------------------------------------------------------    -------------------
                                                      0.000     0.000 f  net_rst_n (IN)
                         net (fo=252, unset)          0.704     0.704    u_regs/net_rst_n
    SLICE_X48Y42         LUT1 (Prop_lut1_I0_O)        0.097     0.801 r  u_regs/time_sec[47]_i_1/O
                         net (fo=456, routed)         3.088     3.889    u_cap_out/u_fifo/SR[0]
    SLICE_X30Y29         FDRE                                         r  u_cap_out/u_fifo/wr_ptr_reg[3]/R
  -------------------------------------------------------------------    -------------------

                         (clock net_clk rise edge)    0.000     0.000 r  
                                                      0.000     0.000 r  net_clk (IN)
                         net (fo=1291, unset)         0.669     0.669    u_cap_out/u_fifo/net_clk
    SLICE_X30Y29         FDRE                                         r  u_cap_out/u_fifo/wr_ptr_reg[3]/C

Slack:                    inf
  Source:                 net_rst_n
                            (input port)
  Destination:            u_cap_out/u_fifo/wr_ptr_reg[4]/R
                            (rising edge-triggered cell FDRE clocked by net_clk  {rise@0.000ns fall@3.200ns period=6.400ns})
  Path Group:             (none)
  Path Type:              Setup (Max at Slow Process Corner)
  Data Path Delay:        3.889ns  (logic 0.097ns (2.495%)  route 3.792ns (97.505%))
  Logic Levels:           1  (LUT1=1)
  Clock Path Skew:        0.669ns (DCD - SCD + CPR)
    Destination Clock Delay (DCD):    0.669ns
    Source Clock Delay      (SCD):    0.000ns
    Clock Pessimism Removal (CPR):    0.000ns
  Clock Uncertainty:      0.025ns  ((TSJ^2 + TIJ^2)^1/2 + DJ) / 2 + PE
    Total System Jitter     (TSJ):    0.050ns
    Total Input Jitter      (TIJ):    0.000ns
    Discrete Jitter          (DJ):    0.000ns
    Phase Error              (PE):    0.000ns

    Location             Delay type                Incr(ns)  Path(ns)    Netlist Resource(s)
  -------------------------------------------------------------------    -------------------
                                                      0.000     0.000 f  net_rst_n (IN)
                         net (fo=252, unset)          0.704     0.704    u_regs/net_rst_n
    SLICE_X48Y42         LUT1 (Prop_lut1_I0_O)        0.097     0.801 r  u_regs/time_sec[47]_i_1/O
                         net (fo=456, routed)         3.088     3.889    u_cap_out/u_fifo/SR[0]
    SLICE_X30Y29         FDRE                                         r  u_cap_out/u_fifo/wr_ptr_reg[4]/R
  -------------------------------------------------------------------    -------------------

                         (clock net_clk rise edge)    0.000     0.000 r  
                                                      0.000     0.000 r  net_clk (IN)
                         net (fo=1291, unset)         0.669     0.669    u_cap_out/u_fifo/net_clk
    SLICE_X30Y29         FDRE                                         r  u_cap_out/u_fifo/wr_ptr_reg[4]/C

Slack:                    inf
  Source:                 net_rst_n
                            (input port)
  Destination:            u_cap_in/u_fifo/rd_ptr_reg[0]/R
                            (rising edge-triggered cell FDRE clocked by net_clk  {rise@0.000ns fall@3.200ns period=6.400ns})
  Path Group:             (none)
  Path Type:              Setup (Max at Slow Process Corner)
  Data Path Delay:        3.775ns  (logic 0.097ns (2.570%)  route 3.678ns (97.430%))
  Logic Levels:           1  (LUT1=1)
  Clock Path Skew:        0.669ns (DCD - SCD + CPR)
    Destination Clock Delay (DCD):    0.669ns
    Source Clock Delay      (SCD):    0.000ns
    Clock Pessimism Removal (CPR):    0.000ns
  Clock Uncertainty:      0.025ns  ((TSJ^2 + TIJ^2)^1/2 + DJ) / 2 + PE
    Total System Jitter     (TSJ):    0.050ns
    Total Input Jitter      (TIJ):    0.000ns
    Discrete Jitter          (DJ):    0.000ns
    Phase Error              (PE):    0.000ns

    Location             Delay type                Incr(ns)  Path(ns)    Netlist Resource(s)
  -------------------------------------------------------------------    -------------------
                                                      0.000     0.000 f  net_rst_n (IN)
                         net (fo=252, unset)          0.704     0.704    u_regs/net_rst_n
    SLICE_X48Y42         LUT1 (Prop_lut1_I0_O)        0.097     0.801 r  u_regs/time_sec[47]_i_1/O
                         net (fo=456, routed)         2.974     3.775    u_cap_in/u_fifo/SR[0]
    SLICE_X31Y30         FDRE                                         r  u_cap_in/u_fifo/rd_ptr_reg[0]/R
  -------------------------------------------------------------------    -------------------

                         (clock net_clk rise edge)    0.000     0.000 r  
                                                      0.000     0.000 r  net_clk (IN)
                         net (fo=1291, unset)         0.669     0.669    u_cap_in/u_fifo/net_clk
    SLICE_X31Y30         FDRE                                         r  u_cap_in/u_fifo/rd_ptr_reg[0]/C

Slack:                    inf
  Source:                 net_rst_n
                            (input port)
  Destination:            u_cap_in/u_fifo/rd_ptr_reg[1]/R
                            (rising edge-triggered cell FDRE clocked by net_clk  {rise@0.000ns fall@3.200ns period=6.400ns})
  Path Group:             (none)
  Path Type:              Setup (Max at Slow Process Corner)
  Data Path Delay:        3.775ns  (logic 0.097ns (2.570%)  route 3.678ns (97.430%))
  Logic Levels:           1  (LUT1=1)
  Clock Path Skew:        0.669ns (DCD - SCD + CPR)
    Destination Clock Delay (DCD):    0.669ns
    Source Clock Delay      (SCD):    0.000ns
    Clock Pessimism Removal (CPR):    0.000ns
  Clock Uncertainty:      0.025ns  ((TSJ^2 + TIJ^2)^1/2 + DJ) / 2 + PE
    Total System Jitter     (TSJ):    0.050ns
    Total Input Jitter      (TIJ):    0.000ns
    Discrete Jitter          (DJ):    0.000ns
    Phase Error              (PE):    0.000ns

    Location             Delay type                Incr(ns)  Path(ns)    Netlist Resource(s)
  -------------------------------------------------------------------    -------------------
                                                      0.000     0.000 f  net_rst_n (IN)
                         net (fo=252, unset)          0.704     0.704    u_regs/net_rst_n
    SLICE_X48Y42         LUT1 (Prop_lut1_I0_O)        0.097     0.801 r  u_regs/time_sec[47]_i_1/O
                         net (fo=456, routed)         2.974     3.775    u_cap_in/u_fifo/SR[0]
    SLICE_X31Y30         FDRE                                         r  u_cap_in/u_fifo/rd_ptr_reg[1]/R
  -------------------------------------------------------------------    -------------------

                         (clock net_clk rise edge)    0.000     0.000 r  
                                                      0.000     0.000 r  net_clk (IN)
                         net (fo=1291, unset)         0.669     0.669    u_cap_in/u_fifo/net_clk
    SLICE_X31Y30         FDRE                                         r  u_cap_in/u_fifo/rd_ptr_reg[1]/C

Slack:                    inf
  Source:                 net_rst_n
                            (input port)
  Destination:            u_cap_in/u_fifo/rd_ptr_reg[2]/R
                            (rising edge-triggered cell FDRE clocked by net_clk  {rise@0.000ns fall@3.200ns period=6.400ns})
  Path Group:             (none)
  Path Type:              Setup (Max at Slow Process Corner)
  Data Path Delay:        3.775ns  (logic 0.097ns (2.570%)  route 3.678ns (97.430%))
  Logic Levels:           1  (LUT1=1)
  Clock Path Skew:        0.669ns (DCD - SCD + CPR)
    Destination Clock Delay (DCD):    0.669ns
    Source Clock Delay      (SCD):    0.000ns
    Clock Pessimism Removal (CPR):    0.000ns
  Clock Uncertainty:      0.025ns  ((TSJ^2 + TIJ^2)^1/2 + DJ) / 2 + PE
    Total System Jitter     (TSJ):    0.050ns
    Total Input Jitter      (TIJ):    0.000ns
    Discrete Jitter          (DJ):    0.000ns
    Phase Error              (PE):    0.000ns

    Location             Delay type                Incr(ns)  Path(ns)    Netlist Resource(s)
  -------------------------------------------------------------------    -------------------
                                                      0.000     0.000 f  net_rst_n (IN)
                         net (fo=252, unset)          0.704     0.704    u_regs/net_rst_n
    SLICE_X48Y42         LUT1 (Prop_lut1_I0_O)        0.097     0.801 r  u_regs/time_sec[47]_i_1/O
                         net (fo=456, routed)         2.974     3.775    u_cap_in/u_fifo/SR[0]
    SLICE_X31Y30         FDRE                                         r  u_cap_in/u_fifo/rd_ptr_reg[2]/R
  -------------------------------------------------------------------    -------------------

                         (clock net_clk rise edge)    0.000     0.000 r  
                                                      0.000     0.000 r  net_clk (IN)
                         net (fo=1291, unset)         0.669     0.669    u_cap_in/u_fifo/net_clk
    SLICE_X31Y30         FDRE                                         r  u_cap_in/u_fifo/rd_ptr_reg[2]/C

Slack:                    inf
  Source:                 net_rst_n
                            (input port)
  Destination:            u_cap_out/u_fifo/rd_ptr_reg[0]/R
                            (rising edge-triggered cell FDRE clocked by net_clk  {rise@0.000ns fall@3.200ns period=6.400ns})
  Path Group:             (none)
  Path Type:              Setup (Max at Slow Process Corner)
  Data Path Delay:        3.775ns  (logic 0.097ns (2.570%)  route 3.678ns (97.430%))
  Logic Levels:           1  (LUT1=1)
  Clock Path Skew:        0.669ns (DCD - SCD + CPR)
    Destination Clock Delay (DCD):    0.669ns
    Source Clock Delay      (SCD):    0.000ns
    Clock Pessimism Removal (CPR):    0.000ns
  Clock Uncertainty:      0.025ns  ((TSJ^2 + TIJ^2)^1/2 + DJ) / 2 + PE
    Total System Jitter     (TSJ):    0.050ns
    Total Input Jitter      (TIJ):    0.000ns
    Discrete Jitter          (DJ):    0.000ns
    Phase Error              (PE):    0.000ns

    Location             Delay type                Incr(ns)  Path(ns)    Netlist Resource(s)
  -------------------------------------------------------------------    -------------------
                                                      0.000     0.000 f  net_rst_n (IN)
                         net (fo=252, unset)          0.704     0.704    u_regs/net_rst_n
    SLICE_X48Y42         LUT1 (Prop_lut1_I0_O)        0.097     0.801 r  u_regs/time_sec[47]_i_1/O
                         net (fo=456, routed)         2.974     3.775    u_cap_out/u_fifo/SR[0]
    SLICE_X31Y30         FDRE                                         r  u_cap_out/u_fifo/rd_ptr_reg[0]/R
  -------------------------------------------------------------------    -------------------

                         (clock net_clk rise edge)    0.000     0.000 r  
                                                      0.000     0.000 r  net_clk (IN)
                         net (fo=1291, unset)         0.669     0.669    u_cap_out/u_fifo/net_clk
    SLICE_X31Y30         FDRE                                         r  u_cap_out/u_fifo/rd_ptr_reg[0]/C

Slack:                    inf
  Source:                 net_rst_n
                            (input port)
  Destination:            u_clk/time_ns_reg[20]/R
                            (rising edge-triggered cell FDRE clocked by net_clk  {rise@0.000ns fall@3.200ns period=6.400ns})
  Path Group:             (none)
  Path Type:              Setup (Max at Slow Process Corner)
  Data Path Delay:        3.632ns  (logic 0.097ns (2.671%)  route 3.535ns (97.329%))
  Logic Levels:           1  (LUT1=1)
  Clock Path Skew:        0.669ns (DCD - SCD + CPR)
    Destination Clock Delay (DCD):    0.669ns
    Source Clock Delay      (SCD):    0.000ns
    Clock Pessimism Removal (CPR):    0.000ns
  Clock Uncertainty:      0.025ns  ((TSJ^2 + TIJ^2)^1/2 + DJ) / 2 + PE
    Total System Jitter     (TSJ):    0.050ns
    Total Input Jitter      (TIJ):    0.000ns
    Discrete Jitter          (DJ):    0.000ns
    Phase Error              (PE):    0.000ns

    Location             Delay type                Incr(ns)  Path(ns)    Netlist Resource(s)
  -------------------------------------------------------------------    -------------------
                                                      0.000     0.000 f  net_rst_n (IN)
                         net (fo=252, unset)          0.704     0.704    u_regs/net_rst_n
    SLICE_X48Y42         LUT1 (Prop_lut1_I0_O)        0.097     0.801 r  u_regs/time_sec[47]_i_1/O
                         net (fo=456, routed)         2.831     3.632    u_clk/SR[0]
    SLICE_X55Y37         FDRE                                         r  u_clk/time_ns_reg[20]/R
  -------------------------------------------------------------------    -------------------

                         (clock net_clk rise edge)    0.000     0.000 r  
                                                      0.000     0.000 r  net_clk (IN)
                         net (fo=1291, unset)         0.669     0.669    u_clk/net_clk
    SLICE_X55Y37         FDRE                                         r  u_clk/time_ns_reg[20]/C





Min Delay Paths
--------------------------------------------------------------------------------------
Slack:                    inf
  Source:                 event_in
                            (input port)
  Destination:            u_cap_in/event_d_reg/D
                            (rising edge-triggered cell FDRE clocked by net_clk  {rise@0.000ns fall@3.200ns period=6.400ns})
  Path Group:             (none)
  Path Type:              Hold (Min at Fast Process Corner)
  Data Path Delay:        0.411ns  (logic 0.000ns (0.000%)  route 0.411ns (100.000%))
  Logic Levels:           0  
  Clock Path Skew:        0.432ns (DCD - SCD - CPR)
    Destination Clock Delay (DCD):    0.432ns
    Source Clock Delay      (SCD):    0.000ns
    Clock Pessimism Removal (CPR):    -0.000ns

    Location             Delay type                Incr(ns)  Path(ns)    Netlist Resource(s)
  -------------------------------------------------------------------    -------------------
                                                      0.000     0.000 r  event_in (IN)
                         net (fo=3, unset)            0.411     0.411    u_cap_in/event_in
    SLICE_X32Y29         FDRE                                         r  u_cap_in/event_d_reg/D
  -------------------------------------------------------------------    -------------------

                         (clock net_clk rise edge)    0.000     0.000 r  
                                                      0.000     0.000 r  net_clk (IN)
                         net (fo=1291, unset)         0.432     0.432    u_cap_in/net_clk
    SLICE_X32Y29         FDRE                                         r  u_cap_in/event_d_reg/C

Slack:                    inf
  Source:                 event_out
                            (input port)
  Destination:            u_cap_out/event_d_reg/D
                            (rising edge-triggered cell FDRE clocked by net_clk  {rise@0.000ns fall@3.200ns period=6.400ns})
  Path Group:             (none)
  Path Type:              Hold (Min at Fast Process Corner)
  Data Path Delay:        0.411ns  (logic 0.000ns (0.000%)  route 0.411ns (100.000%))
  Logic Levels:           0  
  Clock Path Skew:        0.432ns (DCD - SCD - CPR)
    Destination Clock Delay (DCD):    0.432ns
    Source Clock Delay      (SCD):    0.000ns
    Clock Pessimism Removal (CPR):    -0.000ns

    Location             Delay type                Incr(ns)  Path(ns)    Netlist Resource(s)
  -------------------------------------------------------------------    -------------------
                                                      0.000     0.000 r  event_out (IN)
                         net (fo=3, unset)            0.411     0.411    u_cap_out/event_out
    SLICE_X30Y28         FDRE                                         r  u_cap_out/event_d_reg/D
  -------------------------------------------------------------------    -------------------

                         (clock net_clk rise edge)    0.000     0.000 r  
                                                      0.000     0.000 r  net_clk (IN)
                         net (fo=1291, unset)         0.432     0.432    u_cap_out/net_clk
    SLICE_X30Y28         FDRE                                         r  u_cap_out/event_d_reg/C

Slack:                    inf
  Source:                 net_rst_n
                            (input port)
  Destination:            u_hist/last_addr_reg[0]/CE
                            (rising edge-triggered cell FDRE clocked by net_clk  {rise@0.000ns fall@3.200ns period=6.400ns})
  Path Group:             (none)
  Path Type:              Hold (Min at Fast Process Corner)
  Data Path Delay:        0.411ns  (logic 0.000ns (0.000%)  route 0.411ns (100.000%))
  Logic Levels:           0  
  Clock Path Skew:        0.432ns (DCD - SCD - CPR)
    Destination Clock Delay (DCD):    0.432ns
    Source Clock Delay      (SCD):    0.000ns
    Clock Pessimism Removal (CPR):    -0.000ns

    Location             Delay type                Incr(ns)  Path(ns)    Netlist Resource(s)
  -------------------------------------------------------------------    -------------------
                                                      0.000     0.000 r  net_rst_n (IN)
                         net (fo=252, unset)          0.411     0.411    u_hist/net_rst_n
    SLICE_X24Y27         FDRE                                         r  u_hist/last_addr_reg[0]/CE
  -------------------------------------------------------------------    -------------------

                         (clock net_clk rise edge)    0.000     0.000 r  
                                                      0.000     0.000 r  net_clk (IN)
                         net (fo=1291, unset)         0.432     0.432    u_hist/net_clk
    SLICE_X24Y27         FDRE                                         r  u_hist/last_addr_reg[0]/C

Slack:                    inf
  Source:                 net_rst_n
                            (input port)
  Destination:            u_hist/last_addr_reg[1]/CE
                            (rising edge-triggered cell FDRE clocked by net_clk  {rise@0.000ns fall@3.200ns period=6.400ns})
  Path Group:             (none)
  Path Type:              Hold (Min at Fast Process Corner)
  Data Path Delay:        0.411ns  (logic 0.000ns (0.000%)  route 0.411ns (100.000%))
  Logic Levels:           0  
  Clock Path Skew:        0.432ns (DCD - SCD - CPR)
    Destination Clock Delay (DCD):    0.432ns
    Source Clock Delay      (SCD):    0.000ns
    Clock Pessimism Removal (CPR):    -0.000ns

    Location             Delay type                Incr(ns)  Path(ns)    Netlist Resource(s)
  -------------------------------------------------------------------    -------------------
                                                      0.000     0.000 r  net_rst_n (IN)
                         net (fo=252, unset)          0.411     0.411    u_hist/net_rst_n
    SLICE_X25Y27         FDRE                                         r  u_hist/last_addr_reg[1]/CE
  -------------------------------------------------------------------    -------------------

                         (clock net_clk rise edge)    0.000     0.000 r  
                                                      0.000     0.000 r  net_clk (IN)
                         net (fo=1291, unset)         0.432     0.432    u_hist/net_clk
    SLICE_X25Y27         FDRE                                         r  u_hist/last_addr_reg[1]/C

Slack:                    inf
  Source:                 net_rst_n
                            (input port)
  Destination:            u_hist/last_addr_reg[2]/CE
                            (rising edge-triggered cell FDRE clocked by net_clk  {rise@0.000ns fall@3.200ns period=6.400ns})
  Path Group:             (none)
  Path Type:              Hold (Min at Fast Process Corner)
  Data Path Delay:        0.411ns  (logic 0.000ns (0.000%)  route 0.411ns (100.000%))
  Logic Levels:           0  
  Clock Path Skew:        0.432ns (DCD - SCD - CPR)
    Destination Clock Delay (DCD):    0.432ns
    Source Clock Delay      (SCD):    0.000ns
    Clock Pessimism Removal (CPR):    -0.000ns

    Location             Delay type                Incr(ns)  Path(ns)    Netlist Resource(s)
  -------------------------------------------------------------------    -------------------
                                                      0.000     0.000 r  net_rst_n (IN)
                         net (fo=252, unset)          0.411     0.411    u_hist/net_rst_n
    SLICE_X25Y27         FDRE                                         r  u_hist/last_addr_reg[2]/CE
  -------------------------------------------------------------------    -------------------

                         (clock net_clk rise edge)    0.000     0.000 r  
                                                      0.000     0.000 r  net_clk (IN)
                         net (fo=1291, unset)         0.432     0.432    u_hist/net_clk
    SLICE_X25Y27         FDRE                                         r  u_hist/last_addr_reg[2]/C

Slack:                    inf
  Source:                 net_rst_n
                            (input port)
  Destination:            u_hist/last_addr_reg[3]/CE
                            (rising edge-triggered cell FDRE clocked by net_clk  {rise@0.000ns fall@3.200ns period=6.400ns})
  Path Group:             (none)
  Path Type:              Hold (Min at Fast Process Corner)
  Data Path Delay:        0.411ns  (logic 0.000ns (0.000%)  route 0.411ns (100.000%))
  Logic Levels:           0  
  Clock Path Skew:        0.432ns (DCD - SCD - CPR)
    Destination Clock Delay (DCD):    0.432ns
    Source Clock Delay      (SCD):    0.000ns
    Clock Pessimism Removal (CPR):    -0.000ns

    Location             Delay type                Incr(ns)  Path(ns)    Netlist Resource(s)
  -------------------------------------------------------------------    -------------------
                                                      0.000     0.000 r  net_rst_n (IN)
                         net (fo=252, unset)          0.411     0.411    u_hist/net_rst_n
    SLICE_X25Y25         FDRE                                         r  u_hist/last_addr_reg[3]/CE
  -------------------------------------------------------------------    -------------------

                         (clock net_clk rise edge)    0.000     0.000 r  
                                                      0.000     0.000 r  net_clk (IN)
                         net (fo=1291, unset)         0.432     0.432    u_hist/net_clk
    SLICE_X25Y25         FDRE                                         r  u_hist/last_addr_reg[3]/C

Slack:                    inf
  Source:                 net_rst_n
                            (input port)
  Destination:            u_hist/last_addr_reg[4]/CE
                            (rising edge-triggered cell FDRE clocked by net_clk  {rise@0.000ns fall@3.200ns period=6.400ns})
  Path Group:             (none)
  Path Type:              Hold (Min at Fast Process Corner)
  Data Path Delay:        0.411ns  (logic 0.000ns (0.000%)  route 0.411ns (100.000%))
  Logic Levels:           0  
  Clock Path Skew:        0.432ns (DCD - SCD - CPR)
    Destination Clock Delay (DCD):    0.432ns
    Source Clock Delay      (SCD):    0.000ns
    Clock Pessimism Removal (CPR):    -0.000ns

    Location             Delay type                Incr(ns)  Path(ns)    Netlist Resource(s)
  -------------------------------------------------------------------    -------------------
                                                      0.000     0.000 r  net_rst_n (IN)
                         net (fo=252, unset)          0.411     0.411    u_hist/net_rst_n
    SLICE_X24Y25         FDRE                                         r  u_hist/last_addr_reg[4]/CE
  -------------------------------------------------------------------    -------------------

                         (clock net_clk rise edge)    0.000     0.000 r  
                                                      0.000     0.000 r  net_clk (IN)
                         net (fo=1291, unset)         0.432     0.432    u_hist/net_clk
    SLICE_X24Y25         FDRE                                         r  u_hist/last_addr_reg[4]/C

Slack:                    inf
  Source:                 net_rst_n
                            (input port)
  Destination:            u_hist/last_addr_reg[5]/CE
                            (rising edge-triggered cell FDRE clocked by net_clk  {rise@0.000ns fall@3.200ns period=6.400ns})
  Path Group:             (none)
  Path Type:              Hold (Min at Fast Process Corner)
  Data Path Delay:        0.411ns  (logic 0.000ns (0.000%)  route 0.411ns (100.000%))
  Logic Levels:           0  
  Clock Path Skew:        0.432ns (DCD - SCD - CPR)
    Destination Clock Delay (DCD):    0.432ns
    Source Clock Delay      (SCD):    0.000ns
    Clock Pessimism Removal (CPR):    -0.000ns

    Location             Delay type                Incr(ns)  Path(ns)    Netlist Resource(s)
  -------------------------------------------------------------------    -------------------
                                                      0.000     0.000 r  net_rst_n (IN)
                         net (fo=252, unset)          0.411     0.411    u_hist/net_rst_n
    SLICE_X24Y25         FDRE                                         r  u_hist/last_addr_reg[5]/CE
  -------------------------------------------------------------------    -------------------

                         (clock net_clk rise edge)    0.000     0.000 r  
                                                      0.000     0.000 r  net_clk (IN)
                         net (fo=1291, unset)         0.432     0.432    u_hist/net_clk
    SLICE_X24Y25         FDRE                                         r  u_hist/last_addr_reg[5]/C

Slack:                    inf
  Source:                 net_rst_n
                            (input port)
  Destination:            u_hist/last_addr_reg[6]/CE
                            (rising edge-triggered cell FDRE clocked by net_clk  {rise@0.000ns fall@3.200ns period=6.400ns})
  Path Group:             (none)
  Path Type:              Hold (Min at Fast Process Corner)
  Data Path Delay:        0.411ns  (logic 0.000ns (0.000%)  route 0.411ns (100.000%))
  Logic Levels:           0  
  Clock Path Skew:        0.432ns (DCD - SCD - CPR)
    Destination Clock Delay (DCD):    0.432ns
    Source Clock Delay      (SCD):    0.000ns
    Clock Pessimism Removal (CPR):    -0.000ns

    Location             Delay type                Incr(ns)  Path(ns)    Netlist Resource(s)
  -------------------------------------------------------------------    -------------------
                                                      0.000     0.000 r  net_rst_n (IN)
                         net (fo=252, unset)          0.411     0.411    u_hist/net_rst_n
    SLICE_X25Y27         FDRE                                         r  u_hist/last_addr_reg[6]/CE
  -------------------------------------------------------------------    -------------------

                         (clock net_clk rise edge)    0.000     0.000 r  
                                                      0.000     0.000 r  net_clk (IN)
                         net (fo=1291, unset)         0.432     0.432    u_hist/net_clk
    SLICE_X25Y27         FDRE                                         r  u_hist/last_addr_reg[6]/C

Slack:                    inf
  Source:                 net_rst_n
                            (input port)
  Destination:            u_hist/last_data_reg[0]/CE
                            (rising edge-triggered cell FDRE clocked by net_clk  {rise@0.000ns fall@3.200ns period=6.400ns})
  Path Group:             (none)
  Path Type:              Hold (Min at Fast Process Corner)
  Data Path Delay:        0.411ns  (logic 0.000ns (0.000%)  route 0.411ns (100.000%))
  Logic Levels:           0  
  Clock Path Skew:        0.432ns (DCD - SCD - CPR)
    Destination Clock Delay (DCD):    0.432ns
    Source Clock Delay      (SCD):    0.000ns
    Clock Pessimism Removal (CPR):    -0.000ns

    Location             Delay type                Incr(ns)  Path(ns)    Netlist Resource(s)
  -------------------------------------------------------------------    -------------------
                                                      0.000     0.000 r  net_rst_n (IN)
                         net (fo=252, unset)          0.411     0.411    u_hist/net_rst_n
    SLICE_X23Y21         FDRE                                         r  u_hist/last_data_reg[0]/CE
  -------------------------------------------------------------------    -------------------

                         (clock net_clk rise edge)    0.000     0.000 r  
                                                      0.000     0.000 r  net_clk (IN)
                         net (fo=1291, unset)         0.432     0.432    u_hist/net_clk
    SLICE_X23Y21         FDRE                                         r  u_hist/last_data_reg[0]/C

Slack:                    inf
  Source:                 net_rst_n
                            (input port)
  Destination:            u_hist/last_data_reg[10]/CE
                            (rising edge-triggered cell FDRE clocked by net_clk  {rise@0.000ns fall@3.200ns period=6.400ns})
  Path Group:             (none)
  Path Type:              Hold (Min at Fast Process Corner)
  Data Path Delay:        0.411ns  (logic 0.000ns (0.000%)  route 0.411ns (100.000%))
  Logic Levels:           0  
  Clock Path Skew:        0.432ns (DCD - SCD - CPR)
    Destination Clock Delay (DCD):    0.432ns
    Source Clock Delay      (SCD):    0.000ns
    Clock Pessimism Removal (CPR):    -0.000ns

    Location             Delay type                Incr(ns)  Path(ns)    Netlist Resource(s)
  -------------------------------------------------------------------    -------------------
                                                      0.000     0.000 r  net_rst_n (IN)
                         net (fo=252, unset)          0.411     0.411    u_hist/net_rst_n
    SLICE_X23Y23         FDRE                                         r  u_hist/last_data_reg[10]/CE
  -------------------------------------------------------------------    -------------------

                         (clock net_clk rise edge)    0.000     0.000 r  
                                                      0.000     0.000 r  net_clk (IN)
                         net (fo=1291, unset)         0.432     0.432    u_hist/net_clk
    SLICE_X23Y23         FDRE                                         r  u_hist/last_data_reg[10]/C

Slack:                    inf
  Source:                 net_rst_n
                            (input port)
  Destination:            u_hist/last_data_reg[11]/CE
                            (rising edge-triggered cell FDRE clocked by net_clk  {rise@0.000ns fall@3.200ns period=6.400ns})
  Path Group:             (none)
  Path Type:              Hold (Min at Fast Process Corner)
  Data Path Delay:        0.411ns  (logic 0.000ns (0.000%)  route 0.411ns (100.000%))
  Logic Levels:           0  
  Clock Path Skew:        0.432ns (DCD - SCD - CPR)
    Destination Clock Delay (DCD):    0.432ns
    Source Clock Delay      (SCD):    0.000ns
    Clock Pessimism Removal (CPR):    -0.000ns

    Location             Delay type                Incr(ns)  Path(ns)    Netlist Resource(s)
  -------------------------------------------------------------------    -------------------
                                                      0.000     0.000 r  net_rst_n (IN)
                         net (fo=252, unset)          0.411     0.411    u_hist/net_rst_n
    SLICE_X23Y23         FDRE                                         r  u_hist/last_data_reg[11]/CE
  -------------------------------------------------------------------    -------------------

                         (clock net_clk rise edge)    0.000     0.000 r  
                                                      0.000     0.000 r  net_clk (IN)
                         net (fo=1291, unset)         0.432     0.432    u_hist/net_clk
    SLICE_X23Y23         FDRE                                         r  u_hist/last_data_reg[11]/C

Slack:                    inf
  Source:                 net_rst_n
                            (input port)
  Destination:            u_hist/last_data_reg[12]/CE
                            (rising edge-triggered cell FDRE clocked by net_clk  {rise@0.000ns fall@3.200ns period=6.400ns})
  Path Group:             (none)
  Path Type:              Hold (Min at Fast Process Corner)
  Data Path Delay:        0.411ns  (logic 0.000ns (0.000%)  route 0.411ns (100.000%))
  Logic Levels:           0  
  Clock Path Skew:        0.432ns (DCD - SCD - CPR)
    Destination Clock Delay (DCD):    0.432ns
    Source Clock Delay      (SCD):    0.000ns
    Clock Pessimism Removal (CPR):    -0.000ns

    Location             Delay type                Incr(ns)  Path(ns)    Netlist Resource(s)
  -------------------------------------------------------------------    -------------------
                                                      0.000     0.000 r  net_rst_n (IN)
                         net (fo=252, unset)          0.411     0.411    u_hist/net_rst_n
    SLICE_X23Y24         FDRE                                         r  u_hist/last_data_reg[12]/CE
  -------------------------------------------------------------------    -------------------

                         (clock net_clk rise edge)    0.000     0.000 r  
                                                      0.000     0.000 r  net_clk (IN)
                         net (fo=1291, unset)         0.432     0.432    u_hist/net_clk
    SLICE_X23Y24         FDRE                                         r  u_hist/last_data_reg[12]/C

Slack:                    inf
  Source:                 net_rst_n
                            (input port)
  Destination:            u_hist/last_data_reg[13]/CE
                            (rising edge-triggered cell FDRE clocked by net_clk  {rise@0.000ns fall@3.200ns period=6.400ns})
  Path Group:             (none)
  Path Type:              Hold (Min at Fast Process Corner)
  Data Path Delay:        0.411ns  (logic 0.000ns (0.000%)  route 0.411ns (100.000%))
  Logic Levels:           0  
  Clock Path Skew:        0.432ns (DCD - SCD - CPR)
    Destination Clock Delay (DCD):    0.432ns
    Source Clock Delay      (SCD):    0.000ns
    Clock Pessimism Removal (CPR):    -0.000ns

    Location             Delay type                Incr(ns)  Path(ns)    Netlist Resource(s)
  -------------------------------------------------------------------    -------------------
                                                      0.000     0.000 r  net_rst_n (IN)
                         net (fo=252, unset)          0.411     0.411    u_hist/net_rst_n
    SLICE_X23Y24         FDRE                                         r  u_hist/last_data_reg[13]/CE
  -------------------------------------------------------------------    -------------------

                         (clock net_clk rise edge)    0.000     0.000 r  
                                                      0.000     0.000 r  net_clk (IN)
                         net (fo=1291, unset)         0.432     0.432    u_hist/net_clk
    SLICE_X23Y24         FDRE                                         r  u_hist/last_data_reg[13]/C

Slack:                    inf
  Source:                 net_rst_n
                            (input port)
  Destination:            u_hist/last_data_reg[14]/CE
                            (rising edge-triggered cell FDRE clocked by net_clk  {rise@0.000ns fall@3.200ns period=6.400ns})
  Path Group:             (none)
  Path Type:              Hold (Min at Fast Process Corner)
  Data Path Delay:        0.411ns  (logic 0.000ns (0.000%)  route 0.411ns (100.000%))
  Logic Levels:           0  
  Clock Path Skew:        0.432ns (DCD - SCD - CPR)
    Destination Clock Delay (DCD):    0.432ns
    Source Clock Delay      (SCD):    0.000ns
    Clock Pessimism Removal (CPR):    -0.000ns

    Location             Delay type                Incr(ns)  Path(ns)    Netlist Resource(s)
  -------------------------------------------------------------------    -------------------
                                                      0.000     0.000 r  net_rst_n (IN)
                         net (fo=252, unset)          0.411     0.411    u_hist/net_rst_n
    SLICE_X23Y24         FDRE                                         r  u_hist/last_data_reg[14]/CE
  -------------------------------------------------------------------    -------------------

                         (clock net_clk rise edge)    0.000     0.000 r  
                                                      0.000     0.000 r  net_clk (IN)
                         net (fo=1291, unset)         0.432     0.432    u_hist/net_clk
    SLICE_X23Y24         FDRE                                         r  u_hist/last_data_reg[14]/C

Slack:                    inf
  Source:                 net_rst_n
                            (input port)
  Destination:            u_hist/last_data_reg[15]/CE
                            (rising edge-triggered cell FDRE clocked by net_clk  {rise@0.000ns fall@3.200ns period=6.400ns})
  Path Group:             (none)
  Path Type:              Hold (Min at Fast Process Corner)
  Data Path Delay:        0.411ns  (logic 0.000ns (0.000%)  route 0.411ns (100.000%))
  Logic Levels:           0  
  Clock Path Skew:        0.432ns (DCD - SCD - CPR)
    Destination Clock Delay (DCD):    0.432ns
    Source Clock Delay      (SCD):    0.000ns
    Clock Pessimism Removal (CPR):    -0.000ns

    Location             Delay type                Incr(ns)  Path(ns)    Netlist Resource(s)
  -------------------------------------------------------------------    -------------------
                                                      0.000     0.000 r  net_rst_n (IN)
                         net (fo=252, unset)          0.411     0.411    u_hist/net_rst_n
    SLICE_X23Y24         FDRE                                         r  u_hist/last_data_reg[15]/CE
  -------------------------------------------------------------------    -------------------

                         (clock net_clk rise edge)    0.000     0.000 r  
                                                      0.000     0.000 r  net_clk (IN)
                         net (fo=1291, unset)         0.432     0.432    u_hist/net_clk
    SLICE_X23Y24         FDRE                                         r  u_hist/last_data_reg[15]/C

Slack:                    inf
  Source:                 net_rst_n
                            (input port)
  Destination:            u_hist/last_data_reg[16]/CE
                            (rising edge-triggered cell FDRE clocked by net_clk  {rise@0.000ns fall@3.200ns period=6.400ns})
  Path Group:             (none)
  Path Type:              Hold (Min at Fast Process Corner)
  Data Path Delay:        0.411ns  (logic 0.000ns (0.000%)  route 0.411ns (100.000%))
  Logic Levels:           0  
  Clock Path Skew:        0.432ns (DCD - SCD - CPR)
    Destination Clock Delay (DCD):    0.432ns
    Source Clock Delay      (SCD):    0.000ns
    Clock Pessimism Removal (CPR):    -0.000ns

    Location             Delay type                Incr(ns)  Path(ns)    Netlist Resource(s)
  -------------------------------------------------------------------    -------------------
                                                      0.000     0.000 r  net_rst_n (IN)
                         net (fo=252, unset)          0.411     0.411    u_hist/net_rst_n
    SLICE_X23Y25         FDRE                                         r  u_hist/last_data_reg[16]/CE
  -------------------------------------------------------------------    -------------------

                         (clock net_clk rise edge)    0.000     0.000 r  
                                                      0.000     0.000 r  net_clk (IN)
                         net (fo=1291, unset)         0.432     0.432    u_hist/net_clk
    SLICE_X23Y25         FDRE                                         r  u_hist/last_data_reg[16]/C

Slack:                    inf
  Source:                 net_rst_n
                            (input port)
  Destination:            u_hist/last_data_reg[17]/CE
                            (rising edge-triggered cell FDRE clocked by net_clk  {rise@0.000ns fall@3.200ns period=6.400ns})
  Path Group:             (none)
  Path Type:              Hold (Min at Fast Process Corner)
  Data Path Delay:        0.411ns  (logic 0.000ns (0.000%)  route 0.411ns (100.000%))
  Logic Levels:           0  
  Clock Path Skew:        0.432ns (DCD - SCD - CPR)
    Destination Clock Delay (DCD):    0.432ns
    Source Clock Delay      (SCD):    0.000ns
    Clock Pessimism Removal (CPR):    -0.000ns

    Location             Delay type                Incr(ns)  Path(ns)    Netlist Resource(s)
  -------------------------------------------------------------------    -------------------
                                                      0.000     0.000 r  net_rst_n (IN)
                         net (fo=252, unset)          0.411     0.411    u_hist/net_rst_n
    SLICE_X23Y25         FDRE                                         r  u_hist/last_data_reg[17]/CE
  -------------------------------------------------------------------    -------------------

                         (clock net_clk rise edge)    0.000     0.000 r  
                                                      0.000     0.000 r  net_clk (IN)
                         net (fo=1291, unset)         0.432     0.432    u_hist/net_clk
    SLICE_X23Y25         FDRE                                         r  u_hist/last_data_reg[17]/C

Slack:                    inf
  Source:                 net_rst_n
                            (input port)
  Destination:            u_hist/last_data_reg[18]/CE
                            (rising edge-triggered cell FDRE clocked by net_clk  {rise@0.000ns fall@3.200ns period=6.400ns})
  Path Group:             (none)
  Path Type:              Hold (Min at Fast Process Corner)
  Data Path Delay:        0.411ns  (logic 0.000ns (0.000%)  route 0.411ns (100.000%))
  Logic Levels:           0  
  Clock Path Skew:        0.432ns (DCD - SCD - CPR)
    Destination Clock Delay (DCD):    0.432ns
    Source Clock Delay      (SCD):    0.000ns
    Clock Pessimism Removal (CPR):    -0.000ns

    Location             Delay type                Incr(ns)  Path(ns)    Netlist Resource(s)
  -------------------------------------------------------------------    -------------------
                                                      0.000     0.000 r  net_rst_n (IN)
                         net (fo=252, unset)          0.411     0.411    u_hist/net_rst_n
    SLICE_X23Y25         FDRE                                         r  u_hist/last_data_reg[18]/CE
  -------------------------------------------------------------------    -------------------

                         (clock net_clk rise edge)    0.000     0.000 r  
                                                      0.000     0.000 r  net_clk (IN)
                         net (fo=1291, unset)         0.432     0.432    u_hist/net_clk
    SLICE_X23Y25         FDRE                                         r  u_hist/last_data_reg[18]/C

Slack:                    inf
  Source:                 net_rst_n
                            (input port)
  Destination:            u_hist/last_data_reg[19]/CE
                            (rising edge-triggered cell FDRE clocked by net_clk  {rise@0.000ns fall@3.200ns period=6.400ns})
  Path Group:             (none)
  Path Type:              Hold (Min at Fast Process Corner)
  Data Path Delay:        0.411ns  (logic 0.000ns (0.000%)  route 0.411ns (100.000%))
  Logic Levels:           0  
  Clock Path Skew:        0.432ns (DCD - SCD - CPR)
    Destination Clock Delay (DCD):    0.432ns
    Source Clock Delay      (SCD):    0.000ns
    Clock Pessimism Removal (CPR):    -0.000ns

    Location             Delay type                Incr(ns)  Path(ns)    Netlist Resource(s)
  -------------------------------------------------------------------    -------------------
                                                      0.000     0.000 r  net_rst_n (IN)
                         net (fo=252, unset)          0.411     0.411    u_hist/net_rst_n
    SLICE_X23Y25         FDRE                                         r  u_hist/last_data_reg[19]/CE
  -------------------------------------------------------------------    -------------------

                         (clock net_clk rise edge)    0.000     0.000 r  
                                                      0.000     0.000 r  net_clk (IN)
                         net (fo=1291, unset)         0.432     0.432    u_hist/net_clk
    SLICE_X23Y25         FDRE                                         r  u_hist/last_data_reg[19]/C





