Copyright 1986-2022 Xilinx, Inc. All Rights Reserved. Copyright 2022-2024 Advanced Micro Devices, Inc. All Rights Reserved.
----------------------------------------------------------------------------------------------------------------------------------------------------------------------------
| Tool Version : Vivado v.2024.1 (win64) Build 5076996 Wed May 22 18:37:14 MDT 2024
| Date         : Tue Sep 15 23:08:11 2026
| Host         : SRIKARVELA8715 running 64-bit major release  (build 9200)
| Command      : report_timing_summary -max_paths 20 -report_unconstrained -file C:/work/ptp-timestamping-unit/synth/reports/xc7k160tffg676-2/post_route_timing_summary.rpt
| Design       : ptp_tsu_top
| Device       : 7k160t-ffg676
| Speed File   : -2  PRODUCTION 1.12 2017-02-17
| Design State : Routed
----------------------------------------------------------------------------------------------------------------------------------------------------------------------------

Timing Summary Report

------------------------------------------------------------------------------------------------
| Timer Settings
| --------------
------------------------------------------------------------------------------------------------

  Enable Multi Corner Analysis               :  Yes
  Enable Pessimism Removal                   :  Yes
  Pessimism Removal Resolution               :  Nearest Common Node
  Enable Input Delay Default Clock           :  No
  Enable Preset / Clear Arcs                 :  No
  Disable Flight Delays                      :  No
  Ignore I/O Paths                           :  No
  Timing Early Launch at Borrowing Latches   :  No
  Borrow Time for Max Delay Exceptions       :  Yes
  Merge Timing Exceptions                    :  Yes
  Inter-SLR Compensation                     :  Conservative

  Corner  Analyze    Analyze    
  Name    Max Paths  Min Paths  
  ------  ---------  ---------  
  Slow    Yes        Yes        
  Fast    Yes        Yes        


------------------------------------------------------------------------------------------------
| Report Methodology
| ------------------
------------------------------------------------------------------------------------------------

Rule       Severity  Description                    Violations  
---------  --------  -----------------------------  ----------  
TIMING-18  Warning   Missing input or output delay  183         

Note: This report is based on the most recent report_methodology run and may not be up-to-date. Run report_methodology on the current design for the latest report.



check_timing report

Table of Contents
-----------------
1. checking no_clock (0)
2. checking constant_clock (0)
3. checking pulse_width_clock (0)
4. checking unconstrained_internal_endpoints (0)
5. checking no_input_delay (65)
6. checking no_output_delay (118)
7. checking multiple_clock (0)
8. checking generated_clocks (0)
9. checking loops (0)
10. checking partial_input_delay (0)
11. checking partial_output_delay (0)
12. checking latch_loops (0)

1. checking no_clock (0)
------------------------
 There are 0 register/latch pins with no clock.


2. checking constant_clock (0)
------------------------------
 There are 0 register/latch pins with constant_clock.


3. checking pulse_width_clock (0)
---------------------------------
 There are 0 register/latch pins which need pulse_width check


4. checking unconstrained_internal_endpoints (0)
------------------------------------------------
 There are 0 pins that are not constrained for maximum delay.

 There are 0 pins that are not constrained for maximum delay due to constant clock.


5. checking no_input_delay (65)
-------------------------------
 There are 65 input ports with no input delay specified. (HIGH)

 There are 0 input ports with no input delay but user has a false path constraint.


6. checking no_output_delay (118)
---------------------------------
 There are 118 ports with no output delay specified. (HIGH)

 There are 0 ports with no output delay but user has a false path constraint

 There are 0 ports with no output delay but with a timing clock defined on it or propagating through it


7. checking multiple_clock (0)
------------------------------
 There are 0 register/latch pins with multiple clocks.


8. checking generated_clocks (0)
--------------------------------
 There are 0 generated clocks that are not connected to a clock source.


9. checking loops (0)
---------------------
 There are 0 combinational loops in the design.


10. checking partial_input_delay (0)
------------------------------------
 There are 0 input ports with partial input delay specified.


11. checking partial_output_delay (0)
-------------------------------------
 There are 0 ports with partial output delay specified.


12. checking latch_loops (0)
----------------------------
 There are 0 combinational latch loops in the design through latch input



------------------------------------------------------------------------------------------------
| Design Timing Summary
| ---------------------
------------------------------------------------------------------------------------------------

    WNS(ns)      TNS(ns)  TNS Failing Endpoints  TNS Total Endpoints      WHS(ns)      THS(ns)  THS Failing Endpoints  THS Total Endpoints     WPWS(ns)     TPWS(ns)  TPWS Failing Endpoints  TPWS Total Endpoints  
    -------      -------  ---------------------  -------------------      -------      -------  ---------------------  -------------------     --------     --------  ----------------------  --------------------  
      0.877        0.000                      0                 4043        0.094        0.000                      0                 3886        2.432        0.000                       0                  1669  


All user specified timing constraints are met.


------------------------------------------------------------------------------------------------
| Clock Summary
| -------------
------------------------------------------------------------------------------------------------

Clock    Waveform(ns)         Period(ns)      Frequency(MHz)
-----    ------------         ----------      --------------
aclk     {0.000 5.000}        10.000          100.000         
net_clk  {0.000 3.200}        6.400           156.250         


------------------------------------------------------------------------------------------------
| Intra Clock Table
| -----------------
------------------------------------------------------------------------------------------------

Clock             WNS(ns)      TNS(ns)  TNS Failing Endpoints  TNS Total Endpoints      WHS(ns)      THS(ns)  THS Failing Endpoints  THS Total Endpoints     WPWS(ns)     TPWS(ns)  TPWS Failing Endpoints  TPWS Total Endpoints  
-----             -------      -------  ---------------------  -------------------      -------      -------  ---------------------  -------------------     --------     --------  ----------------------  --------------------  
aclk                6.272        0.000                      0                  577        0.094        0.000                      0                  577        4.600        0.000                       0                   377  
net_clk             0.877        0.000                      0                 3309        0.095        0.000                      0                 3309        2.432        0.000                       0                  1292  


------------------------------------------------------------------------------------------------
| Inter Clock Table
| -----------------
------------------------------------------------------------------------------------------------

From Clock    To Clock          WNS(ns)      TNS(ns)  TNS Failing Endpoints  TNS Total Endpoints      WHS(ns)      THS(ns)  THS Failing Endpoints  THS Total Endpoints  
----------    --------          -------      -------  ---------------------  -------------------      -------      -------  ---------------------  -------------------  
net_clk       aclk                5.331        0.000                      0                  112                                                                        
aclk          net_clk             5.395        0.000                      0                   45                                                                        


------------------------------------------------------------------------------------------------
| Other Path Groups Table
| -----------------------
------------------------------------------------------------------------------------------------

Path Group    From Clock    To Clock          WNS(ns)      TNS(ns)  TNS Failing Endpoints  TNS Total Endpoints      WHS(ns)      THS(ns)  THS Failing Endpoints  THS Total Endpoints  
----------    ----------    --------          -------      -------  ---------------------  -------------------      -------      -------  ---------------------  -------------------  


------------------------------------------------------------------------------------------------
| User Ignored Path Table
| -----------------------
------------------------------------------------------------------------------------------------

Path Group    From Clock    To Clock    
----------    ----------    --------    
(none)        net_clk       aclk          
(none)        aclk          net_clk       


------------------------------------------------------------------------------------------------
| Unconstrained Path Table
| ------------------------
------------------------------------------------------------------------------------------------

Path Group    From Clock    To Clock    
----------    ----------    --------    
(none)        aclk                        
(none)        net_clk                     
(none)                      aclk          
(none)                      net_clk       


------------------------------------------------------------------------------------------------
| Timing Details
| --------------
------------------------------------------------------------------------------------------------


---------------------------------------------------------------------------------------------------
From Clock:  aclk
  To Clock:  aclk

Setup :            0  Failing Endpoints,  Worst Slack        6.272ns,  Total Violation        0.000ns
Hold  :            0  Failing Endpoints,  Worst Slack        0.094ns,  Total Violation        0.000ns
PW    :            0  Failing Endpoints,  Worst Slack        4.600ns,  Total Violation        0.000ns
---------------------------------------------------------------------------------------------------


Max Delay Paths
--------------------------------------------------------------------------------------
Slack (MET) :             6.272ns  (required time - arrival time)
  Source:                 u_axi/addr_q_reg[9]/C
                            (rising edge-triggered cell FDRE clocked by aclk  {rise@0.000ns fall@5.000ns period=10.000ns})
  Destination:            u_axi/s_axi_rdata_reg[19]/CE
                            (rising edge-triggered cell FDRE clocked by aclk  {rise@0.000ns fall@5.000ns period=10.000ns})
  Path Group:             aclk
  Path Type:              Setup (Max at Slow Process Corner)
  Requirement:            10.000ns  (aclk rise@10.000ns - aclk rise@0.000ns)
  Data Path Delay:        3.370ns  (logic 0.317ns (9.408%)  route 3.053ns (90.592%))
  Logic Levels:           2  (LUT4=1 LUT5=1)
  Clock Path Skew:        -0.027ns (DCD - SCD + CPR)
    Destination Clock Delay (DCD):    0.510ns = ( 10.510 - 10.000 ) 
    Source Clock Delay      (SCD):    0.537ns
    Clock Pessimism Removal (CPR):    0.000ns
  Clock Uncertainty:      0.035ns  ((TSJ^2 + TIJ^2)^1/2 + DJ) / 2 + PE
    Total System Jitter     (TSJ):    0.071ns
    Total Input Jitter      (TIJ):    0.000ns
    Discrete Jitter          (DJ):    0.000ns
    Phase Error              (PE):    0.000ns

    Location             Delay type                Incr(ns)  Path(ns)    Netlist Resource(s)
  -------------------------------------------------------------------    -------------------
                         (clock aclk rise edge)       0.000     0.000 r  
                                                      0.000     0.000 r  aclk (IN)
                         net (fo=376, unset)          0.537     0.537    u_axi/aclk
    SLICE_X15Y74         FDRE                                         r  u_axi/addr_q_reg[9]/C
  -------------------------------------------------------------------    -------------------
    SLICE_X15Y74         FDRE (Prop_fdre_C_Q)         0.223     0.760 f  u_axi/addr_q_reg[9]/Q
                         net (fo=4, routed)           0.582     1.342    u_axi/addr_q_reg_n_0_[9]
    SLICE_X16Y74         LUT4 (Prop_lut4_I3_O)        0.043     1.385 f  u_axi/s_axi_rdata[31]_i_3/O
                         net (fo=10, routed)          0.392     1.777    u_axi/is_net__2
    SLICE_X20Y75         LUT5 (Prop_lut5_I3_O)        0.051     1.828 r  u_axi/s_axi_rdata[31]_i_1/O
                         net (fo=32, routed)          2.079     3.907    u_axi/s_axi_rdata[31]_i_1_n_0
    SLICE_X5Y94          FDRE                                         r  u_axi/s_axi_rdata_reg[19]/CE
  -------------------------------------------------------------------    -------------------

                         (clock aclk rise edge)      10.000    10.000 r  
                                                      0.000    10.000 r  aclk (IN)
                         net (fo=376, unset)          0.510    10.510    u_axi/aclk
    SLICE_X5Y94          FDRE                                         r  u_axi/s_axi_rdata_reg[19]/C
                         clock pessimism              0.000    10.510    
                         clock uncertainty           -0.035    10.475    
    SLICE_X5Y94          FDRE (Setup_fdre_C_CE)      -0.296    10.179    u_axi/s_axi_rdata_reg[19]
  -------------------------------------------------------------------
                         required time                         10.179    
                         arrival time                          -3.907    
  -------------------------------------------------------------------
                         slack                                  6.272    

Slack (MET) :             6.272ns  (required time - arrival time)
  Source:                 u_axi/addr_q_reg[9]/C
                            (rising edge-triggered cell FDRE clocked by aclk  {rise@0.000ns fall@5.000ns period=10.000ns})
  Destination:            u_axi/s_axi_rdata_reg[25]/CE
                            (rising edge-triggered cell FDRE clocked by aclk  {rise@0.000ns fall@5.000ns period=10.000ns})
  Path Group:             aclk
  Path Type:              Setup (Max at Slow Process Corner)
  Requirement:            10.000ns  (aclk rise@10.000ns - aclk rise@0.000ns)
  Data Path Delay:        3.370ns  (logic 0.317ns (9.408%)  route 3.053ns (90.592%))
  Logic Levels:           2  (LUT4=1 LUT5=1)
  Clock Path Skew:        -0.027ns (DCD - SCD + CPR)
    Destination Clock Delay (DCD):    0.510ns = ( 10.510 - 10.000 ) 
    Source Clock Delay      (SCD):    0.537ns
    Clock Pessimism Removal (CPR):    0.000ns
  Clock Uncertainty:      0.035ns  ((TSJ^2 + TIJ^2)^1/2 + DJ) / 2 + PE
    Total System Jitter     (TSJ):    0.071ns
    Total Input Jitter      (TIJ):    0.000ns
    Discrete Jitter          (DJ):    0.000ns
    Phase Error              (PE):    0.000ns

    Location             Delay type                Incr(ns)  Path(ns)    Netlist Resource(s)
  -------------------------------------------------------------------    -------------------
                         (clock aclk rise edge)       0.000     0.000 r  
                                                      0.000     0.000 r  aclk (IN)
                         net (fo=376, unset)          0.537     0.537    u_axi/aclk
    SLICE_X15Y74         FDRE                                         r  u_axi/addr_q_reg[9]/C
  -------------------------------------------------------------------    -------------------
    SLICE_X15Y74         FDRE (Prop_fdre_C_Q)         0.223     0.760 f  u_axi/addr_q_reg[9]/Q
                         net (fo=4, routed)           0.582     1.342    u_axi/addr_q_reg_n_0_[9]
    SLICE_X16Y74         LUT4 (Prop_lut4_I3_O)        0.043     1.385 f  u_axi/s_axi_rdata[31]_i_3/O
                         net (fo=10, routed)          0.392     1.777    u_axi/is_net__2
    SLICE_X20Y75         LUT5 (Prop_lut5_I3_O)        0.051     1.828 r  u_axi/s_axi_rdata[31]_i_1/O
                         net (fo=32, routed)          2.079     3.907    u_axi/s_axi_rdata[31]_i_1_n_0
    SLICE_X5Y94          FDRE                                         r  u_axi/s_axi_rdata_reg[25]/CE
  -------------------------------------------------------------------    -------------------

                         (clock aclk rise edge)      10.000    10.000 r  
                                                      0.000    10.000 r  aclk (IN)
                         net (fo=376, unset)          0.510    10.510    u_axi/aclk
    SLICE_X5Y94          FDRE                                         r  u_axi/s_axi_rdata_reg[25]/C
                         clock pessimism              0.000    10.510    
                         clock uncertainty           -0.035    10.475    
    SLICE_X5Y94          FDRE (Setup_fdre_C_CE)      -0.296    10.179    u_axi/s_axi_rdata_reg[25]
  -------------------------------------------------------------------
                         required time                         10.179    
                         arrival time                          -3.907    
  -------------------------------------------------------------------
                         slack                                  6.272    

Slack (MET) :             6.272ns  (required time - arrival time)
  Source:                 u_axi/addr_q_reg[9]/C
                            (rising edge-triggered cell FDRE clocked by aclk  {rise@0.000ns fall@5.000ns period=10.000ns})
  Destination:            u_axi/s_axi_rdata_reg[26]/CE
                            (rising edge-triggered cell FDRE clocked by aclk  {rise@0.000ns fall@5.000ns period=10.000ns})
  Path Group:             aclk
  Path Type:              Setup (Max at Slow Process Corner)
  Requirement:            10.000ns  (aclk rise@10.000ns - aclk rise@0.000ns)
  Data Path Delay:        3.370ns  (logic 0.317ns (9.408%)  route 3.053ns (90.592%))
  Logic Levels:           2  (LUT4=1 LUT5=1)
  Clock Path Skew:        -0.027ns (DCD - SCD + CPR)
    Destination Clock Delay (DCD):    0.510ns = ( 10.510 - 10.000 ) 
    Source Clock Delay      (SCD):    0.537ns
    Clock Pessimism Removal (CPR):    0.000ns
  Clock Uncertainty:      0.035ns  ((TSJ^2 + TIJ^2)^1/2 + DJ) / 2 + PE
    Total System Jitter     (TSJ):    0.071ns
    Total Input Jitter      (TIJ):    0.000ns
    Discrete Jitter          (DJ):    0.000ns
    Phase Error              (PE):    0.000ns

    Location             Delay type                Incr(ns)  Path(ns)    Netlist Resource(s)
  -------------------------------------------------------------------    -------------------
                         (clock aclk rise edge)       0.000     0.000 r  
                                                      0.000     0.000 r  aclk (IN)
                         net (fo=376, unset)          0.537     0.537    u_axi/aclk
    SLICE_X15Y74         FDRE                                         r  u_axi/addr_q_reg[9]/C
  -------------------------------------------------------------------    -------------------
    SLICE_X15Y74         FDRE (Prop_fdre_C_Q)         0.223     0.760 f  u_axi/addr_q_reg[9]/Q
                         net (fo=4, routed)           0.582     1.342    u_axi/addr_q_reg_n_0_[9]
    SLICE_X16Y74         LUT4 (Prop_lut4_I3_O)        0.043     1.385 f  u_axi/s_axi_rdata[31]_i_3/O
                         net (fo=10, routed)          0.392     1.777    u_axi/is_net__2
    SLICE_X20Y75         LUT5 (Prop_lut5_I3_O)        0.051     1.828 r  u_axi/s_axi_rdata[31]_i_1/O
                         net (fo=32, routed)          2.079     3.907    u_axi/s_axi_rdata[31]_i_1_n_0
    SLICE_X5Y94          FDRE                                         r  u_axi/s_axi_rdata_reg[26]/CE
  -------------------------------------------------------------------    -------------------

                         (clock aclk rise edge)      10.000    10.000 r  
                                                      0.000    10.000 r  aclk (IN)
                         net (fo=376, unset)          0.510    10.510    u_axi/aclk
    SLICE_X5Y94          FDRE                                         r  u_axi/s_axi_rdata_reg[26]/C
                         clock pessimism              0.000    10.510    
                         clock uncertainty           -0.035    10.475    
    SLICE_X5Y94          FDRE (Setup_fdre_C_CE)      -0.296    10.179    u_axi/s_axi_rdata_reg[26]
  -------------------------------------------------------------------
                         required time                         10.179    
                         arrival time                          -3.907    
  -------------------------------------------------------------------
                         slack                                  6.272    

Slack (MET) :             6.272ns  (required time - arrival time)
  Source:                 u_axi/addr_q_reg[9]/C
                            (rising edge-triggered cell FDRE clocked by aclk  {rise@0.000ns fall@5.000ns period=10.000ns})
  Destination:            u_axi/s_axi_rdata_reg[31]/CE
                            (rising edge-triggered cell FDRE clocked by aclk  {rise@0.000ns fall@5.000ns period=10.000ns})
  Path Group:             aclk
  Path Type:              Setup (Max at Slow Process Corner)
  Requirement:            10.000ns  (aclk rise@10.000ns - aclk rise@0.000ns)
  Data Path Delay:        3.370ns  (logic 0.317ns (9.408%)  route 3.053ns (90.592%))
  Logic Levels:           2  (LUT4=1 LUT5=1)
  Clock Path Skew:        -0.027ns (DCD - SCD + CPR)
    Destination Clock Delay (DCD):    0.510ns = ( 10.510 - 10.000 ) 
    Source Clock Delay      (SCD):    0.537ns
    Clock Pessimism Removal (CPR):    0.000ns
  Clock Uncertainty:      0.035ns  ((TSJ^2 + TIJ^2)^1/2 + DJ) / 2 + PE
    Total System Jitter     (TSJ):    0.071ns
    Total Input Jitter      (TIJ):    0.000ns
    Discrete Jitter          (DJ):    0.000ns
    Phase Error              (PE):    0.000ns

    Location             Delay type                Incr(ns)  Path(ns)    Netlist Resource(s)
  -------------------------------------------------------------------    -------------------
                         (clock aclk rise edge)       0.000     0.000 r  
                                                      0.000     0.000 r  aclk (IN)
                         net (fo=376, unset)          0.537     0.537    u_axi/aclk
    SLICE_X15Y74         FDRE                                         r  u_axi/addr_q_reg[9]/C
  -------------------------------------------------------------------    -------------------
    SLICE_X15Y74         FDRE (Prop_fdre_C_Q)         0.223     0.760 f  u_axi/addr_q_reg[9]/Q
                         net (fo=4, routed)           0.582     1.342    u_axi/addr_q_reg_n_0_[9]
    SLICE_X16Y74         LUT4 (Prop_lut4_I3_O)        0.043     1.385 f  u_axi/s_axi_rdata[31]_i_3/O
                         net (fo=10, routed)          0.392     1.777    u_axi/is_net__2
    SLICE_X20Y75         LUT5 (Prop_lut5_I3_O)        0.051     1.828 r  u_axi/s_axi_rdata[31]_i_1/O
                         net (fo=32, routed)          2.079     3.907    u_axi/s_axi_rdata[31]_i_1_n_0
    SLICE_X5Y94          FDRE                                         r  u_axi/s_axi_rdata_reg[31]/CE
  -------------------------------------------------------------------    -------------------

                         (clock aclk rise edge)      10.000    10.000 r  
                                                      0.000    10.000 r  aclk (IN)
                         net (fo=376, unset)          0.510    10.510    u_axi/aclk
    SLICE_X5Y94          FDRE                                         r  u_axi/s_axi_rdata_reg[31]/C
                         clock pessimism              0.000    10.510    
                         clock uncertainty           -0.035    10.475    
    SLICE_X5Y94          FDRE (Setup_fdre_C_CE)      -0.296    10.179    u_axi/s_axi_rdata_reg[31]
  -------------------------------------------------------------------
                         required time                         10.179    
                         arrival time                          -3.907    
  -------------------------------------------------------------------
                         slack                                  6.272    

Slack (MET) :             6.342ns  (required time - arrival time)
  Source:                 u_axi/addr_q_reg[2]/C
                            (rising edge-triggered cell FDRE clocked by aclk  {rise@0.000ns fall@5.000ns period=10.000ns})
  Destination:            u_axi/s_axi_rdata_reg[13]/D
                            (rising edge-triggered cell FDRE clocked by aclk  {rise@0.000ns fall@5.000ns period=10.000ns})
  Path Group:             aclk
  Path Type:              Setup (Max at Slow Process Corner)
  Requirement:            10.000ns  (aclk rise@10.000ns - aclk rise@0.000ns)
  Data Path Delay:        3.630ns  (logic 0.352ns (9.697%)  route 3.278ns (90.303%))
  Logic Levels:           3  (LUT4=1 LUT5=1 LUT6=1)
  Clock Path Skew:        -0.027ns (DCD - SCD + CPR)
    Destination Clock Delay (DCD):    0.510ns = ( 10.510 - 10.000 ) 
    Source Clock Delay      (SCD):    0.537ns
    Clock Pessimism Removal (CPR):    0.000ns
  Clock Uncertainty:      0.035ns  ((TSJ^2 + TIJ^2)^1/2 + DJ) / 2 + PE
    Total System Jitter     (TSJ):    0.071ns
    Total Input Jitter      (TIJ):    0.000ns
    Discrete Jitter          (DJ):    0.000ns
    Phase Error              (PE):    0.000ns

    Location             Delay type                Incr(ns)  Path(ns)    Netlist Resource(s)
  -------------------------------------------------------------------    -------------------
                         (clock aclk rise edge)       0.000     0.000 r  
                                                      0.000     0.000 r  aclk (IN)
                         net (fo=376, unset)          0.537     0.537    u_axi/aclk
    SLICE_X23Y75         FDRE                                         r  u_axi/addr_q_reg[2]/C
  -------------------------------------------------------------------    -------------------
    SLICE_X23Y75         FDRE (Prop_fdre_C_Q)         0.223     0.760 f  u_axi/addr_q_reg[2]/Q
                         net (fo=16, routed)          1.447     2.207    u_axi/addr_q_reg_n_0_[2]
    SLICE_X26Y82         LUT5 (Prop_lut5_I3_O)        0.043     2.250 r  u_axi/s_axi_rdata[15]_i_3/O
                         net (fo=15, routed)          0.979     3.229    u_axi/s_axi_rdata[15]_i_3_n_0
    SLICE_X25Y88         LUT6 (Prop_lut6_I2_O)        0.043     3.272 r  u_axi/s_axi_rdata[13]_i_2/O
                         net (fo=1, routed)           0.852     4.124    u_axi/s_axi_rdata[13]_i_2_n_0
    SLICE_X21Y76         LUT4 (Prop_lut4_I2_O)        0.043     4.167 r  u_axi/s_axi_rdata[13]_i_1/O
                         net (fo=1, routed)           0.000     4.167    u_axi/s_axi_rdata[13]_i_1_n_0
    SLICE_X21Y76         FDRE                                         r  u_axi/s_axi_rdata_reg[13]/D
  -------------------------------------------------------------------    -------------------

                         (clock aclk rise edge)      10.000    10.000 r  
                                                      0.000    10.000 r  aclk (IN)
                         net (fo=376, unset)          0.510    10.510    u_axi/aclk
    SLICE_X21Y76         FDRE                                         r  u_axi/s_axi_rdata_reg[13]/C
                         clock pessimism              0.000    10.510    
                         clock uncertainty           -0.035    10.475    
    SLICE_X21Y76         FDRE (Setup_fdre_C_D)        0.034    10.509    u_axi/s_axi_rdata_reg[13]
  -------------------------------------------------------------------
                         required time                         10.509    
                         arrival time                          -4.167    
  -------------------------------------------------------------------
                         slack                                  6.342    

Slack (MET) :             6.411ns  (required time - arrival time)
  Source:                 u_axi/FSM_sequential_state_reg[0]/C
                            (rising edge-triggered cell FDRE clocked by aclk  {rise@0.000ns fall@5.000ns period=10.000ns})
  Destination:            u_axi/br_wdata_reg[27]/CE
                            (rising edge-triggered cell FDRE clocked by aclk  {rise@0.000ns fall@5.000ns period=10.000ns})
  Path Group:             aclk
  Path Type:              Setup (Max at Slow Process Corner)
  Requirement:            10.000ns  (aclk rise@10.000ns - aclk rise@0.000ns)
  Data Path Delay:        3.326ns  (logic 0.309ns (9.290%)  route 3.017ns (90.710%))
  Logic Levels:           2  (LUT2=1 LUT6=1)
  Clock Path Skew:        -0.027ns (DCD - SCD + CPR)
    Destination Clock Delay (DCD):    0.510ns = ( 10.510 - 10.000 ) 
    Source Clock Delay      (SCD):    0.537ns
    Clock Pessimism Removal (CPR):    0.000ns
  Clock Uncertainty:      0.035ns  ((TSJ^2 + TIJ^2)^1/2 + DJ) / 2 + PE
    Total System Jitter     (TSJ):    0.071ns
    Total Input Jitter      (TIJ):    0.000ns
    Discrete Jitter          (DJ):    0.000ns
    Phase Error              (PE):    0.000ns

    Location             Delay type                Incr(ns)  Path(ns)    Netlist Resource(s)
  -------------------------------------------------------------------    -------------------
                         (clock aclk rise edge)       0.000     0.000 r  
                                                      0.000     0.000 r  aclk (IN)
                         net (fo=376, unset)          0.537     0.537    u_axi/aclk
    SLICE_X21Y74         FDRE                                         r  u_axi/FSM_sequential_state_reg[0]/C
  -------------------------------------------------------------------    -------------------
    SLICE_X21Y74         FDRE (Prop_fdre_C_Q)         0.223     0.760 r  u_axi/FSM_sequential_state_reg[0]/Q
                         net (fo=38, routed)          0.988     1.748    u_axi/state[0]
    SLICE_X20Y74         LUT2 (Prop_lut2_I0_O)        0.043     1.791 r  u_axi/s_axi_rdata[30]_i_2/O
                         net (fo=15, routed)          0.791     2.582    u_axi/s_axi_rdata[30]_i_2_n_0
    SLICE_X16Y74         LUT6 (Prop_lut6_I1_O)        0.043     2.625 r  u_axi/br_wdata[31]_i_1/O
                         net (fo=32, routed)          1.238     3.863    u_axi/br_wdata[31]_i_1_n_0
    SLICE_X26Y92         FDRE                                         r  u_axi/br_wdata_reg[27]/CE
  -------------------------------------------------------------------    -------------------

                         (clock aclk rise edge)      10.000    10.000 r  
                                                      0.000    10.000 r  aclk (IN)
                         net (fo=376, unset)          0.510    10.510    u_axi/aclk
    SLICE_X26Y92         FDRE                                         r  u_axi/br_wdata_reg[27]/C
                         clock pessimism              0.000    10.510    
                         clock uncertainty           -0.035    10.475    
    SLICE_X26Y92         FDRE (Setup_fdre_C_CE)      -0.201    10.274    u_axi/br_wdata_reg[27]
  -------------------------------------------------------------------
                         required time                         10.274    
                         arrival time                          -3.863    
  -------------------------------------------------------------------
                         slack                                  6.411    

Slack (MET) :             6.415ns  (required time - arrival time)
  Source:                 u_axi/addr_q_reg[2]/C
                            (rising edge-triggered cell FDRE clocked by aclk  {rise@0.000ns fall@5.000ns period=10.000ns})
  Destination:            u_axi/s_axi_rdata_reg[11]/D
                            (rising edge-triggered cell FDRE clocked by aclk  {rise@0.000ns fall@5.000ns period=10.000ns})
  Path Group:             aclk
  Path Type:              Setup (Max at Slow Process Corner)
  Requirement:            10.000ns  (aclk rise@10.000ns - aclk rise@0.000ns)
  Data Path Delay:        3.557ns  (logic 0.352ns (9.896%)  route 3.205ns (90.104%))
  Logic Levels:           3  (LUT4=1 LUT5=1 LUT6=1)
  Clock Path Skew:        -0.027ns (DCD - SCD + CPR)
    Destination Clock Delay (DCD):    0.510ns = ( 10.510 - 10.000 ) 
    Source Clock Delay      (SCD):    0.537ns
    Clock Pessimism Removal (CPR):    0.000ns
  Clock Uncertainty:      0.035ns  ((TSJ^2 + TIJ^2)^1/2 + DJ) / 2 + PE
    Total System Jitter     (TSJ):    0.071ns
    Total Input Jitter      (TIJ):    0.000ns
    Discrete Jitter          (DJ):    0.000ns
    Phase Error              (PE):    0.000ns

    Location             Delay type                Incr(ns)  Path(ns)    Netlist Resource(s)
  -------------------------------------------------------------------    -------------------
                         (clock aclk rise edge)       0.000     0.000 r  
                                                      0.000     0.000 r  aclk (IN)
                         net (fo=376, unset)          0.537     0.537    u_axi/aclk
    SLICE_X23Y75         FDRE                                         r  u_axi/addr_q_reg[2]/C
  -------------------------------------------------------------------    -------------------
    SLICE_X23Y75         FDRE (Prop_fdre_C_Q)         0.223     0.760 f  u_axi/addr_q_reg[2]/Q
                         net (fo=16, routed)          1.447     2.207    u_axi/addr_q_reg_n_0_[2]
    SLICE_X26Y82         LUT5 (Prop_lut5_I3_O)        0.043     2.250 r  u_axi/s_axi_rdata[15]_i_3/O
                         net (fo=15, routed)          0.991     3.240    u_axi/s_axi_rdata[15]_i_3_n_0
    SLICE_X27Y86         LUT6 (Prop_lut6_I2_O)        0.043     3.283 r  u_axi/s_axi_rdata[11]_i_2/O
                         net (fo=1, routed)           0.767     4.051    u_axi/s_axi_rdata[11]_i_2_n_0
    SLICE_X23Y78         LUT4 (Prop_lut4_I2_O)        0.043     4.094 r  u_axi/s_axi_rdata[11]_i_1/O
                         net (fo=1, routed)           0.000     4.094    u_axi/s_axi_rdata[11]_i_1_n_0
    SLICE_X23Y78         FDRE                                         r  u_axi/s_axi_rdata_reg[11]/D
  -------------------------------------------------------------------    -------------------

                         (clock aclk rise edge)      10.000    10.000 r  
                                                      0.000    10.000 r  aclk (IN)
                         net (fo=376, unset)          0.510    10.510    u_axi/aclk
    SLICE_X23Y78         FDRE                                         r  u_axi/s_axi_rdata_reg[11]/C
                         clock pessimism              0.000    10.510    
                         clock uncertainty           -0.035    10.475    
    SLICE_X23Y78         FDRE (Setup_fdre_C_D)        0.034    10.509    u_axi/s_axi_rdata_reg[11]
  -------------------------------------------------------------------
                         required time                         10.509    
                         arrival time                          -4.094    
  -------------------------------------------------------------------
                         slack                                  6.415    

Slack (MET) :             6.417ns  (required time - arrival time)
  Source:                 u_axi/FSM_sequential_state_reg[0]/C
                            (rising edge-triggered cell FDRE clocked by aclk  {rise@0.000ns fall@5.000ns period=10.000ns})
  Destination:            u_axi/br_wdata_reg[23]/CE
                            (rising edge-triggered cell FDRE clocked by aclk  {rise@0.000ns fall@5.000ns period=10.000ns})
  Path Group:             aclk
  Path Type:              Setup (Max at Slow Process Corner)
  Requirement:            10.000ns  (aclk rise@10.000ns - aclk rise@0.000ns)
  Data Path Delay:        3.319ns  (logic 0.309ns (9.309%)  route 3.010ns (90.691%))
  Logic Levels:           2  (LUT2=1 LUT6=1)
  Clock Path Skew:        -0.027ns (DCD - SCD + CPR)
    Destination Clock Delay (DCD):    0.510ns = ( 10.510 - 10.000 ) 
    Source Clock Delay      (SCD):    0.537ns
    Clock Pessimism Removal (CPR):    0.000ns
  Clock Uncertainty:      0.035ns  ((TSJ^2 + TIJ^2)^1/2 + DJ) / 2 + PE
    Total System Jitter     (TSJ):    0.071ns
    Total Input Jitter      (TIJ):    0.000ns
    Discrete Jitter          (DJ):    0.000ns
    Phase Error              (PE):    0.000ns

    Location             Delay type                Incr(ns)  Path(ns)    Netlist Resource(s)
  -------------------------------------------------------------------    -------------------
                         (clock aclk rise edge)       0.000     0.000 r  
                                                      0.000     0.000 r  aclk (IN)
                         net (fo=376, unset)          0.537     0.537    u_axi/aclk
    SLICE_X21Y74         FDRE                                         r  u_axi/FSM_sequential_state_reg[0]/C
  -------------------------------------------------------------------    -------------------
    SLICE_X21Y74         FDRE (Prop_fdre_C_Q)         0.223     0.760 r  u_axi/FSM_sequential_state_reg[0]/Q
                         net (fo=38, routed)          0.988     1.748    u_axi/state[0]
    SLICE_X20Y74         LUT2 (Prop_lut2_I0_O)        0.043     1.791 r  u_axi/s_axi_rdata[30]_i_2/O
                         net (fo=15, routed)          0.791     2.582    u_axi/s_axi_rdata[30]_i_2_n_0
    SLICE_X16Y74         LUT6 (Prop_lut6_I1_O)        0.043     2.625 r  u_axi/br_wdata[31]_i_1/O
                         net (fo=32, routed)          1.231     3.856    u_axi/br_wdata[31]_i_1_n_0
    SLICE_X24Y92         FDRE                                         r  u_axi/br_wdata_reg[23]/CE
  -------------------------------------------------------------------    -------------------

                         (clock aclk rise edge)      10.000    10.000 r  
                                                      0.000    10.000 r  aclk (IN)
                         net (fo=376, unset)          0.510    10.510    u_axi/aclk
    SLICE_X24Y92         FDRE                                         r  u_axi/br_wdata_reg[23]/C
                         clock pessimism              0.000    10.510    
                         clock uncertainty           -0.035    10.475    
    SLICE_X24Y92         FDRE (Setup_fdre_C_CE)      -0.201    10.274    u_axi/br_wdata_reg[23]
  -------------------------------------------------------------------
                         required time                         10.274    
                         arrival time                          -3.856    
  -------------------------------------------------------------------
                         slack                                  6.417    

Slack (MET) :             6.417ns  (required time - arrival time)
  Source:                 u_axi/FSM_sequential_state_reg[0]/C
                            (rising edge-triggered cell FDRE clocked by aclk  {rise@0.000ns fall@5.000ns period=10.000ns})
  Destination:            u_axi/br_wdata_reg[24]/CE
                            (rising edge-triggered cell FDRE clocked by aclk  {rise@0.000ns fall@5.000ns period=10.000ns})
  Path Group:             aclk
  Path Type:              Setup (Max at Slow Process Corner)
  Requirement:            10.000ns  (aclk rise@10.000ns - aclk rise@0.000ns)
  Data Path Delay:        3.319ns  (logic 0.309ns (9.309%)  route 3.010ns (90.691%))
  Logic Levels:           2  (LUT2=1 LUT6=1)
  Clock Path Skew:        -0.027ns (DCD - SCD + CPR)
    Destination Clock Delay (DCD):    0.510ns = ( 10.510 - 10.000 ) 
    Source Clock Delay      (SCD):    0.537ns
    Clock Pessimism Removal (CPR):    0.000ns
  Clock Uncertainty:      0.035ns  ((TSJ^2 + TIJ^2)^1/2 + DJ) / 2 + PE
    Total System Jitter     (TSJ):    0.071ns
    Total Input Jitter      (TIJ):    0.000ns
    Discrete Jitter          (DJ):    0.000ns
    Phase Error              (PE):    0.000ns

    Location             Delay type                Incr(ns)  Path(ns)    Netlist Resource(s)
  -------------------------------------------------------------------    -------------------
                         (clock aclk rise edge)       0.000     0.000 r  
                                                      0.000     0.000 r  aclk (IN)
                         net (fo=376, unset)          0.537     0.537    u_axi/aclk
    SLICE_X21Y74         FDRE                                         r  u_axi/FSM_sequential_state_reg[0]/C
  -------------------------------------------------------------------    -------------------
    SLICE_X21Y74         FDRE (Prop_fdre_C_Q)         0.223     0.760 r  u_axi/FSM_sequential_state_reg[0]/Q
                         net (fo=38, routed)          0.988     1.748    u_axi/state[0]
    SLICE_X20Y74         LUT2 (Prop_lut2_I0_O)        0.043     1.791 r  u_axi/s_axi_rdata[30]_i_2/O
                         net (fo=15, routed)          0.791     2.582    u_axi/s_axi_rdata[30]_i_2_n_0
    SLICE_X16Y74         LUT6 (Prop_lut6_I1_O)        0.043     2.625 r  u_axi/br_wdata[31]_i_1/O
                         net (fo=32, routed)          1.231     3.856    u_axi/br_wdata[31]_i_1_n_0
    SLICE_X24Y92         FDRE                                         r  u_axi/br_wdata_reg[24]/CE
  -------------------------------------------------------------------    -------------------

                         (clock aclk rise edge)      10.000    10.000 r  
                                                      0.000    10.000 r  aclk (IN)
                         net (fo=376, unset)          0.510    10.510    u_axi/aclk
    SLICE_X24Y92         FDRE                                         r  u_axi/br_wdata_reg[24]/C
                         clock pessimism              0.000    10.510    
                         clock uncertainty           -0.035    10.475    
    SLICE_X24Y92         FDRE (Setup_fdre_C_CE)      -0.201    10.274    u_axi/br_wdata_reg[24]
  -------------------------------------------------------------------
                         required time                         10.274    
                         arrival time                          -3.856    
  -------------------------------------------------------------------
                         slack                                  6.417    

Slack (MET) :             6.417ns  (required time - arrival time)
  Source:                 u_axi/FSM_sequential_state_reg[0]/C
                            (rising edge-triggered cell FDRE clocked by aclk  {rise@0.000ns fall@5.000ns period=10.000ns})
  Destination:            u_axi/br_wdata_reg[25]/CE
                            (rising edge-triggered cell FDRE clocked by aclk  {rise@0.000ns fall@5.000ns period=10.000ns})
  Path Group:             aclk
  Path Type:              Setup (Max at Slow Process Corner)
  Requirement:            10.000ns  (aclk rise@10.000ns - aclk rise@0.000ns)
  Data Path Delay:        3.319ns  (logic 0.309ns (9.309%)  route 3.010ns (90.691%))
  Logic Levels:           2  (LUT2=1 LUT6=1)
  Clock Path Skew:        -0.027ns (DCD - SCD + CPR)
    Destination Clock Delay (DCD):    0.510ns = ( 10.510 - 10.000 ) 
    Source Clock Delay      (SCD):    0.537ns
    Clock Pessimism Removal (CPR):    0.000ns
  Clock Uncertainty:      0.035ns  ((TSJ^2 + TIJ^2)^1/2 + DJ) / 2 + PE
    Total System Jitter     (TSJ):    0.071ns
    Total Input Jitter      (TIJ):    0.000ns
    Discrete Jitter          (DJ):    0.000ns
    Phase Error              (PE):    0.000ns

    Location             Delay type                Incr(ns)  Path(ns)    Netlist Resource(s)
  -------------------------------------------------------------------    -------------------
                         (clock aclk rise edge)       0.000     0.000 r  
                                                      0.000     0.000 r  aclk (IN)
                         net (fo=376, unset)          0.537     0.537    u_axi/aclk
    SLICE_X21Y74         FDRE                                         r  u_axi/FSM_sequential_state_reg[0]/C
  -------------------------------------------------------------------    -------------------
    SLICE_X21Y74         FDRE (Prop_fdre_C_Q)         0.223     0.760 r  u_axi/FSM_sequential_state_reg[0]/Q
                         net (fo=38, routed)          0.988     1.748    u_axi/state[0]
    SLICE_X20Y74         LUT2 (Prop_lut2_I0_O)        0.043     1.791 r  u_axi/s_axi_rdata[30]_i_2/O
                         net (fo=15, routed)          0.791     2.582    u_axi/s_axi_rdata[30]_i_2_n_0
    SLICE_X16Y74         LUT6 (Prop_lut6_I1_O)        0.043     2.625 r  u_axi/br_wdata[31]_i_1/O
                         net (fo=32, routed)          1.231     3.856    u_axi/br_wdata[31]_i_1_n_0
    SLICE_X24Y92         FDRE                                         r  u_axi/br_wdata_reg[25]/CE
  -------------------------------------------------------------------    -------------------

                         (clock aclk rise edge)      10.000    10.000 r  
                                                      0.000    10.000 r  aclk (IN)
                         net (fo=376, unset)          0.510    10.510    u_axi/aclk
    SLICE_X24Y92         FDRE                                         r  u_axi/br_wdata_reg[25]/C
                         clock pessimism              0.000    10.510    
                         clock uncertainty           -0.035    10.475    
    SLICE_X24Y92         FDRE (Setup_fdre_C_CE)      -0.201    10.274    u_axi/br_wdata_reg[25]
  -------------------------------------------------------------------
                         required time                         10.274    
                         arrival time                          -3.856    
  -------------------------------------------------------------------
                         slack                                  6.417    

Slack (MET) :             6.417ns  (required time - arrival time)
  Source:                 u_axi/FSM_sequential_state_reg[0]/C
                            (rising edge-triggered cell FDRE clocked by aclk  {rise@0.000ns fall@5.000ns period=10.000ns})
  Destination:            u_axi/br_wdata_reg[26]/CE
                            (rising edge-triggered cell FDRE clocked by aclk  {rise@0.000ns fall@5.000ns period=10.000ns})
  Path Group:             aclk
  Path Type:              Setup (Max at Slow Process Corner)
  Requirement:            10.000ns  (aclk rise@10.000ns - aclk rise@0.000ns)
  Data Path Delay:        3.319ns  (logic 0.309ns (9.309%)  route 3.010ns (90.691%))
  Logic Levels:           2  (LUT2=1 LUT6=1)
  Clock Path Skew:        -0.027ns (DCD - SCD + CPR)
    Destination Clock Delay (DCD):    0.510ns = ( 10.510 - 10.000 ) 
    Source Clock Delay      (SCD):    0.537ns
    Clock Pessimism Removal (CPR):    0.000ns
  Clock Uncertainty:      0.035ns  ((TSJ^2 + TIJ^2)^1/2 + DJ) / 2 + PE
    Total System Jitter     (TSJ):    0.071ns
    Total Input Jitter      (TIJ):    0.000ns
    Discrete Jitter          (DJ):    0.000ns
    Phase Error              (PE):    0.000ns

    Location             Delay type                Incr(ns)  Path(ns)    Netlist Resource(s)
  -------------------------------------------------------------------    -------------------
                         (clock aclk rise edge)       0.000     0.000 r  
                                                      0.000     0.000 r  aclk (IN)
                         net (fo=376, unset)          0.537     0.537    u_axi/aclk
    SLICE_X21Y74         FDRE                                         r  u_axi/FSM_sequential_state_reg[0]/C
  -------------------------------------------------------------------    -------------------
    SLICE_X21Y74         FDRE (Prop_fdre_C_Q)         0.223     0.760 r  u_axi/FSM_sequential_state_reg[0]/Q
                         net (fo=38, routed)          0.988     1.748    u_axi/state[0]
    SLICE_X20Y74         LUT2 (Prop_lut2_I0_O)        0.043     1.791 r  u_axi/s_axi_rdata[30]_i_2/O
                         net (fo=15, routed)          0.791     2.582    u_axi/s_axi_rdata[30]_i_2_n_0
    SLICE_X16Y74         LUT6 (Prop_lut6_I1_O)        0.043     2.625 r  u_axi/br_wdata[31]_i_1/O
                         net (fo=32, routed)          1.231     3.856    u_axi/br_wdata[31]_i_1_n_0
    SLICE_X24Y92         FDRE                                         r  u_axi/br_wdata_reg[26]/CE
  -------------------------------------------------------------------    -------------------

                         (clock aclk rise edge)      10.000    10.000 r  
                                                      0.000    10.000 r  aclk (IN)
                         net (fo=376, unset)          0.510    10.510    u_axi/aclk
    SLICE_X24Y92         FDRE                                         r  u_axi/br_wdata_reg[26]/C
                         clock pessimism              0.000    10.510    
                         clock uncertainty           -0.035    10.475    
    SLICE_X24Y92         FDRE (Setup_fdre_C_CE)      -0.201    10.274    u_axi/br_wdata_reg[26]
  -------------------------------------------------------------------
                         required time                         10.274    
                         arrival time                          -3.856    
  -------------------------------------------------------------------
                         slack                                  6.417    

Slack (MET) :             6.417ns  (required time - arrival time)
  Source:                 u_axi/FSM_sequential_state_reg[0]/C
                            (rising edge-triggered cell FDRE clocked by aclk  {rise@0.000ns fall@5.000ns period=10.000ns})
  Destination:            u_axi/br_wdata_reg[28]/CE
                            (rising edge-triggered cell FDRE clocked by aclk  {rise@0.000ns fall@5.000ns period=10.000ns})
  Path Group:             aclk
  Path Type:              Setup (Max at Slow Process Corner)
  Requirement:            10.000ns  (aclk rise@10.000ns - aclk rise@0.000ns)
  Data Path Delay:        3.319ns  (logic 0.309ns (9.309%)  route 3.010ns (90.691%))
  Logic Levels:           2  (LUT2=1 LUT6=1)
  Clock Path Skew:        -0.027ns (DCD - SCD + CPR)
    Destination Clock Delay (DCD):    0.510ns = ( 10.510 - 10.000 ) 
    Source Clock Delay      (SCD):    0.537ns
    Clock Pessimism Removal (CPR):    0.000ns
  Clock Uncertainty:      0.035ns  ((TSJ^2 + TIJ^2)^1/2 + DJ) / 2 + PE
    Total System Jitter     (TSJ):    0.071ns
    Total Input Jitter      (TIJ):    0.000ns
    Discrete Jitter          (DJ):    0.000ns
    Phase Error              (PE):    0.000ns

    Location             Delay type                Incr(ns)  Path(ns)    Netlist Resource(s)
  -------------------------------------------------------------------    -------------------
                         (clock aclk rise edge)       0.000     0.000 r  
                                                      0.000     0.000 r  aclk (IN)
                         net (fo=376, unset)          0.537     0.537    u_axi/aclk
    SLICE_X21Y74         FDRE                                         r  u_axi/FSM_sequential_state_reg[0]/C
  -------------------------------------------------------------------    -------------------
    SLICE_X21Y74         FDRE (Prop_fdre_C_Q)         0.223     0.760 r  u_axi/FSM_sequential_state_reg[0]/Q
                         net (fo=38, routed)          0.988     1.748    u_axi/state[0]
    SLICE_X20Y74         LUT2 (Prop_lut2_I0_O)        0.043     1.791 r  u_axi/s_axi_rdata[30]_i_2/O
                         net (fo=15, routed)          0.791     2.582    u_axi/s_axi_rdata[30]_i_2_n_0
    SLICE_X16Y74         LUT6 (Prop_lut6_I1_O)        0.043     2.625 r  u_axi/br_wdata[31]_i_1/O
                         net (fo=32, routed)          1.231     3.856    u_axi/br_wdata[31]_i_1_n_0
    SLICE_X24Y92         FDRE                                         r  u_axi/br_wdata_reg[28]/CE
  -------------------------------------------------------------------    -------------------

                         (clock aclk rise edge)      10.000    10.000 r  
                                                      0.000    10.000 r  aclk (IN)
                         net (fo=376, unset)          0.510    10.510    u_axi/aclk
    SLICE_X24Y92         FDRE                                         r  u_axi/br_wdata_reg[28]/C
                         clock pessimism              0.000    10.510    
                         clock uncertainty           -0.035    10.475    
    SLICE_X24Y92         FDRE (Setup_fdre_C_CE)      -0.201    10.274    u_axi/br_wdata_reg[28]
  -------------------------------------------------------------------
                         required time                         10.274    
                         arrival time                          -3.856    
  -------------------------------------------------------------------
                         slack                                  6.417    

Slack (MET) :             6.417ns  (required time - arrival time)
  Source:                 u_axi/FSM_sequential_state_reg[0]/C
                            (rising edge-triggered cell FDRE clocked by aclk  {rise@0.000ns fall@5.000ns period=10.000ns})
  Destination:            u_axi/br_wdata_reg[29]/CE
                            (rising edge-triggered cell FDRE clocked by aclk  {rise@0.000ns fall@5.000ns period=10.000ns})
  Path Group:             aclk
  Path Type:              Setup (Max at Slow Process Corner)
  Requirement:            10.000ns  (aclk rise@10.000ns - aclk rise@0.000ns)
  Data Path Delay:        3.319ns  (logic 0.309ns (9.309%)  route 3.010ns (90.691%))
  Logic Levels:           2  (LUT2=1 LUT6=1)
  Clock Path Skew:        -0.027ns (DCD - SCD + CPR)
    Destination Clock Delay (DCD):    0.510ns = ( 10.510 - 10.000 ) 
    Source Clock Delay      (SCD):    0.537ns
    Clock Pessimism Removal (CPR):    0.000ns
  Clock Uncertainty:      0.035ns  ((TSJ^2 + TIJ^2)^1/2 + DJ) / 2 + PE
    Total System Jitter     (TSJ):    0.071ns
    Total Input Jitter      (TIJ):    0.000ns
    Discrete Jitter          (DJ):    0.000ns
    Phase Error              (PE):    0.000ns

    Location             Delay type                Incr(ns)  Path(ns)    Netlist Resource(s)
  -------------------------------------------------------------------    -------------------
                         (clock aclk rise edge)       0.000     0.000 r  
                                                      0.000     0.000 r  aclk (IN)
                         net (fo=376, unset)          0.537     0.537    u_axi/aclk
    SLICE_X21Y74         FDRE                                         r  u_axi/FSM_sequential_state_reg[0]/C
  -------------------------------------------------------------------    -------------------
    SLICE_X21Y74         FDRE (Prop_fdre_C_Q)         0.223     0.760 r  u_axi/FSM_sequential_state_reg[0]/Q
                         net (fo=38, routed)          0.988     1.748    u_axi/state[0]
    SLICE_X20Y74         LUT2 (Prop_lut2_I0_O)        0.043     1.791 r  u_axi/s_axi_rdata[30]_i_2/O
                         net (fo=15, routed)          0.791     2.582    u_axi/s_axi_rdata[30]_i_2_n_0
    SLICE_X16Y74         LUT6 (Prop_lut6_I1_O)        0.043     2.625 r  u_axi/br_wdata[31]_i_1/O
                         net (fo=32, routed)          1.231     3.856    u_axi/br_wdata[31]_i_1_n_0
    SLICE_X24Y92         FDRE                                         r  u_axi/br_wdata_reg[29]/CE
  -------------------------------------------------------------------    -------------------

                         (clock aclk rise edge)      10.000    10.000 r  
                                                      0.000    10.000 r  aclk (IN)
                         net (fo=376, unset)          0.510    10.510    u_axi/aclk
    SLICE_X24Y92         FDRE                                         r  u_axi/br_wdata_reg[29]/C
                         clock pessimism              0.000    10.510    
                         clock uncertainty           -0.035    10.475    
    SLICE_X24Y92         FDRE (Setup_fdre_C_CE)      -0.201    10.274    u_axi/br_wdata_reg[29]
  -------------------------------------------------------------------
                         required time                         10.274    
                         arrival time                          -3.856    
  -------------------------------------------------------------------
                         slack                                  6.417    

Slack (MET) :             6.417ns  (required time - arrival time)
  Source:                 u_axi/FSM_sequential_state_reg[0]/C
                            (rising edge-triggered cell FDRE clocked by aclk  {rise@0.000ns fall@5.000ns period=10.000ns})
  Destination:            u_axi/br_wdata_reg[30]/CE
                            (rising edge-triggered cell FDRE clocked by aclk  {rise@0.000ns fall@5.000ns period=10.000ns})
  Path Group:             aclk
  Path Type:              Setup (Max at Slow Process Corner)
  Requirement:            10.000ns  (aclk rise@10.000ns - aclk rise@0.000ns)
  Data Path Delay:        3.319ns  (logic 0.309ns (9.309%)  route 3.010ns (90.691%))
  Logic Levels:           2  (LUT2=1 LUT6=1)
  Clock Path Skew:        -0.027ns (DCD - SCD + CPR)
    Destination Clock Delay (DCD):    0.510ns = ( 10.510 - 10.000 ) 
    Source Clock Delay      (SCD):    0.537ns
    Clock Pessimism Removal (CPR):    0.000ns
  Clock Uncertainty:      0.035ns  ((TSJ^2 + TIJ^2)^1/2 + DJ) / 2 + PE
    Total System Jitter     (TSJ):    0.071ns
    Total Input Jitter      (TIJ):    0.000ns
    Discrete Jitter          (DJ):    0.000ns
    Phase Error              (PE):    0.000ns

    Location             Delay type                Incr(ns)  Path(ns)    Netlist Resource(s)
  -------------------------------------------------------------------    -------------------
                         (clock aclk rise edge)       0.000     0.000 r  
                                                      0.000     0.000 r  aclk (IN)
                         net (fo=376, unset)          0.537     0.537    u_axi/aclk
    SLICE_X21Y74         FDRE                                         r  u_axi/FSM_sequential_state_reg[0]/C
  -------------------------------------------------------------------    -------------------
    SLICE_X21Y74         FDRE (Prop_fdre_C_Q)         0.223     0.760 r  u_axi/FSM_sequential_state_reg[0]/Q
                         net (fo=38, routed)          0.988     1.748    u_axi/state[0]
    SLICE_X20Y74         LUT2 (Prop_lut2_I0_O)        0.043     1.791 r  u_axi/s_axi_rdata[30]_i_2/O
                         net (fo=15, routed)          0.791     2.582    u_axi/s_axi_rdata[30]_i_2_n_0
    SLICE_X16Y74         LUT6 (Prop_lut6_I1_O)        0.043     2.625 r  u_axi/br_wdata[31]_i_1/O
                         net (fo=32, routed)          1.231     3.856    u_axi/br_wdata[31]_i_1_n_0
    SLICE_X24Y92         FDRE                                         r  u_axi/br_wdata_reg[30]/CE
  -------------------------------------------------------------------    -------------------

                         (clock aclk rise edge)      10.000    10.000 r  
                                                      0.000    10.000 r  aclk (IN)
                         net (fo=376, unset)          0.510    10.510    u_axi/aclk
    SLICE_X24Y92         FDRE                                         r  u_axi/br_wdata_reg[30]/C
                         clock pessimism              0.000    10.510    
                         clock uncertainty           -0.035    10.475    
    SLICE_X24Y92         FDRE (Setup_fdre_C_CE)      -0.201    10.274    u_axi/br_wdata_reg[30]
  -------------------------------------------------------------------
                         required time                         10.274    
                         arrival time                          -3.856    
  -------------------------------------------------------------------
                         slack                                  6.417    

Slack (MET) :             6.454ns  (required time - arrival time)
  Source:                 u_axi/addr_q_reg[2]/C
                            (rising edge-triggered cell FDRE clocked by aclk  {rise@0.000ns fall@5.000ns period=10.000ns})
  Destination:            u_axi/s_axi_rdata_reg[15]/D
                            (rising edge-triggered cell FDRE clocked by aclk  {rise@0.000ns fall@5.000ns period=10.000ns})
  Path Group:             aclk
  Path Type:              Setup (Max at Slow Process Corner)
  Requirement:            10.000ns  (aclk rise@10.000ns - aclk rise@0.000ns)
  Data Path Delay:        3.517ns  (logic 0.352ns (10.009%)  route 3.165ns (89.991%))
  Logic Levels:           3  (LUT4=1 LUT5=1 LUT6=1)
  Clock Path Skew:        -0.027ns (DCD - SCD + CPR)
    Destination Clock Delay (DCD):    0.510ns = ( 10.510 - 10.000 ) 
    Source Clock Delay      (SCD):    0.537ns
    Clock Pessimism Removal (CPR):    0.000ns
  Clock Uncertainty:      0.035ns  ((TSJ^2 + TIJ^2)^1/2 + DJ) / 2 + PE
    Total System Jitter     (TSJ):    0.071ns
    Total Input Jitter      (TIJ):    0.000ns
    Discrete Jitter          (DJ):    0.000ns
    Phase Error              (PE):    0.000ns

    Location             Delay type                Incr(ns)  Path(ns)    Netlist Resource(s)
  -------------------------------------------------------------------    -------------------
                         (clock aclk rise edge)       0.000     0.000 r  
                                                      0.000     0.000 r  aclk (IN)
                         net (fo=376, unset)          0.537     0.537    u_axi/aclk
    SLICE_X23Y75         FDRE                                         r  u_axi/addr_q_reg[2]/C
  -------------------------------------------------------------------    -------------------
    SLICE_X23Y75         FDRE (Prop_fdre_C_Q)         0.223     0.760 f  u_axi/addr_q_reg[2]/Q
                         net (fo=16, routed)          1.447     2.207    u_axi/addr_q_reg_n_0_[2]
    SLICE_X26Y82         LUT5 (Prop_lut5_I3_O)        0.043     2.250 r  u_axi/s_axi_rdata[15]_i_3/O
                         net (fo=15, routed)          1.197     3.446    u_axi/s_axi_rdata[15]_i_3_n_0
    SLICE_X27Y86         LUT6 (Prop_lut6_I2_O)        0.043     3.489 r  u_axi/s_axi_rdata[15]_i_2/O
                         net (fo=1, routed)           0.521     4.011    u_axi/s_axi_rdata[15]_i_2_n_0
    SLICE_X21Y76         LUT4 (Prop_lut4_I2_O)        0.043     4.054 r  u_axi/s_axi_rdata[15]_i_1/O
                         net (fo=1, routed)           0.000     4.054    u_axi/s_axi_rdata[15]_i_1_n_0
    SLICE_X21Y76         FDRE                                         r  u_axi/s_axi_rdata_reg[15]/D
  -------------------------------------------------------------------    -------------------

                         (clock aclk rise edge)      10.000    10.000 r  
                                                      0.000    10.000 r  aclk (IN)
                         net (fo=376, unset)          0.510    10.510    u_axi/aclk
    SLICE_X21Y76         FDRE                                         r  u_axi/s_axi_rdata_reg[15]/C
                         clock pessimism              0.000    10.510    
                         clock uncertainty           -0.035    10.475    
    SLICE_X21Y76         FDRE (Setup_fdre_C_D)        0.033    10.508    u_axi/s_axi_rdata_reg[15]
  -------------------------------------------------------------------
                         required time                         10.508    
                         arrival time                          -4.054    
  -------------------------------------------------------------------
                         slack                                  6.454    

Slack (MET) :             6.483ns  (required time - arrival time)
  Source:                 u_axi/addr_q_reg[9]/C
                            (rising edge-triggered cell FDRE clocked by aclk  {rise@0.000ns fall@5.000ns period=10.000ns})
  Destination:            u_axi/s_axi_rdata_reg[17]/CE
                            (rising edge-triggered cell FDRE clocked by aclk  {rise@0.000ns fall@5.000ns period=10.000ns})
  Path Group:             aclk
  Path Type:              Setup (Max at Slow Process Corner)
  Requirement:            10.000ns  (aclk rise@10.000ns - aclk rise@0.000ns)
  Data Path Delay:        3.159ns  (logic 0.317ns (10.035%)  route 2.842ns (89.965%))
  Logic Levels:           2  (LUT4=1 LUT5=1)
  Clock Path Skew:        -0.027ns (DCD - SCD + CPR)
    Destination Clock Delay (DCD):    0.510ns = ( 10.510 - 10.000 ) 
    Source Clock Delay      (SCD):    0.537ns
    Clock Pessimism Removal (CPR):    0.000ns
  Clock Uncertainty:      0.035ns  ((TSJ^2 + TIJ^2)^1/2 + DJ) / 2 + PE
    Total System Jitter     (TSJ):    0.071ns
    Total Input Jitter      (TIJ):    0.000ns
    Discrete Jitter          (DJ):    0.000ns
    Phase Error              (PE):    0.000ns

    Location             Delay type                Incr(ns)  Path(ns)    Netlist Resource(s)
  -------------------------------------------------------------------    -------------------
                         (clock aclk rise edge)       0.000     0.000 r  
                                                      0.000     0.000 r  aclk (IN)
                         net (fo=376, unset)          0.537     0.537    u_axi/aclk
    SLICE_X15Y74         FDRE                                         r  u_axi/addr_q_reg[9]/C
  -------------------------------------------------------------------    -------------------
    SLICE_X15Y74         FDRE (Prop_fdre_C_Q)         0.223     0.760 f  u_axi/addr_q_reg[9]/Q
                         net (fo=4, routed)           0.582     1.342    u_axi/addr_q_reg_n_0_[9]
    SLICE_X16Y74         LUT4 (Prop_lut4_I3_O)        0.043     1.385 f  u_axi/s_axi_rdata[31]_i_3/O
                         net (fo=10, routed)          0.392     1.777    u_axi/is_net__2
    SLICE_X20Y75         LUT5 (Prop_lut5_I3_O)        0.051     1.828 r  u_axi/s_axi_rdata[31]_i_1/O
                         net (fo=32, routed)          1.868     3.696    u_axi/s_axi_rdata[31]_i_1_n_0
    SLICE_X3Y93          FDRE                                         r  u_axi/s_axi_rdata_reg[17]/CE
  -------------------------------------------------------------------    -------------------

                         (clock aclk rise edge)      10.000    10.000 r  
                                                      0.000    10.000 r  aclk (IN)
                         net (fo=376, unset)          0.510    10.510    u_axi/aclk
    SLICE_X3Y93          FDRE                                         r  u_axi/s_axi_rdata_reg[17]/C
                         clock pessimism              0.000    10.510    
                         clock uncertainty           -0.035    10.475    
    SLICE_X3Y93          FDRE (Setup_fdre_C_CE)      -0.296    10.179    u_axi/s_axi_rdata_reg[17]
  -------------------------------------------------------------------
                         required time                         10.179    
                         arrival time                          -3.696    
  -------------------------------------------------------------------
                         slack                                  6.483    

Slack (MET) :             6.483ns  (required time - arrival time)
  Source:                 u_axi/addr_q_reg[9]/C
                            (rising edge-triggered cell FDRE clocked by aclk  {rise@0.000ns fall@5.000ns period=10.000ns})
  Destination:            u_axi/s_axi_rdata_reg[21]/CE
                            (rising edge-triggered cell FDRE clocked by aclk  {rise@0.000ns fall@5.000ns period=10.000ns})
  Path Group:             aclk
  Path Type:              Setup (Max at Slow Process Corner)
  Requirement:            10.000ns  (aclk rise@10.000ns - aclk rise@0.000ns)
  Data Path Delay:        3.159ns  (logic 0.317ns (10.035%)  route 2.842ns (89.965%))
  Logic Levels:           2  (LUT4=1 LUT5=1)
  Clock Path Skew:        -0.027ns (DCD - SCD + CPR)
    Destination Clock Delay (DCD):    0.510ns = ( 10.510 - 10.000 ) 
    Source Clock Delay      (SCD):    0.537ns
    Clock Pessimism Removal (CPR):    0.000ns
  Clock Uncertainty:      0.035ns  ((TSJ^2 + TIJ^2)^1/2 + DJ) / 2 + PE
    Total System Jitter     (TSJ):    0.071ns
    Total Input Jitter      (TIJ):    0.000ns
    Discrete Jitter          (DJ):    0.000ns
    Phase Error              (PE):    0.000ns

    Location             Delay type                Incr(ns)  Path(ns)    Netlist Resource(s)
  -------------------------------------------------------------------    -------------------
                         (clock aclk rise edge)       0.000     0.000 r  
                                                      0.000     0.000 r  aclk (IN)
                         net (fo=376, unset)          0.537     0.537    u_axi/aclk
    SLICE_X15Y74         FDRE                                         r  u_axi/addr_q_reg[9]/C
  -------------------------------------------------------------------    -------------------
    SLICE_X15Y74         FDRE (Prop_fdre_C_Q)         0.223     0.760 f  u_axi/addr_q_reg[9]/Q
                         net (fo=4, routed)           0.582     1.342    u_axi/addr_q_reg_n_0_[9]
    SLICE_X16Y74         LUT4 (Prop_lut4_I3_O)        0.043     1.385 f  u_axi/s_axi_rdata[31]_i_3/O
                         net (fo=10, routed)          0.392     1.777    u_axi/is_net__2
    SLICE_X20Y75         LUT5 (Prop_lut5_I3_O)        0.051     1.828 r  u_axi/s_axi_rdata[31]_i_1/O
                         net (fo=32, routed)          1.868     3.696    u_axi/s_axi_rdata[31]_i_1_n_0
    SLICE_X3Y93          FDRE                                         r  u_axi/s_axi_rdata_reg[21]/CE
  -------------------------------------------------------------------    -------------------

                         (clock aclk rise edge)      10.000    10.000 r  
                                                      0.000    10.000 r  aclk (IN)
                         net (fo=376, unset)          0.510    10.510    u_axi/aclk
    SLICE_X3Y93          FDRE                                         r  u_axi/s_axi_rdata_reg[21]/C
                         clock pessimism              0.000    10.510    
                         clock uncertainty           -0.035    10.475    
    SLICE_X3Y93          FDRE (Setup_fdre_C_CE)      -0.296    10.179    u_axi/s_axi_rdata_reg[21]
  -------------------------------------------------------------------
                         required time                         10.179    
                         arrival time                          -3.696    
  -------------------------------------------------------------------
                         slack                                  6.483    

Slack (MET) :             6.540ns  (required time - arrival time)
  Source:                 u_axi/addr_q_reg[2]/C
                            (rising edge-triggered cell FDRE clocked by aclk  {rise@0.000ns fall@5.000ns period=10.000ns})
  Destination:            u_axi/s_axi_rdata_reg[14]/D
                            (rising edge-triggered cell FDRE clocked by aclk  {rise@0.000ns fall@5.000ns period=10.000ns})
  Path Group:             aclk
  Path Type:              Setup (Max at Slow Process Corner)
  Requirement:            10.000ns  (aclk rise@10.000ns - aclk rise@0.000ns)
  Data Path Delay:        3.432ns  (logic 0.352ns (10.257%)  route 3.080ns (89.743%))
  Logic Levels:           3  (LUT5=2 LUT6=1)
  Clock Path Skew:        -0.027ns (DCD - SCD + CPR)
    Destination Clock Delay (DCD):    0.510ns = ( 10.510 - 10.000 ) 
    Source Clock Delay      (SCD):    0.537ns
    Clock Pessimism Removal (CPR):    0.000ns
  Clock Uncertainty:      0.035ns  ((TSJ^2 + TIJ^2)^1/2 + DJ) / 2 + PE
    Total System Jitter     (TSJ):    0.071ns
    Total Input Jitter      (TIJ):    0.000ns
    Discrete Jitter          (DJ):    0.000ns
    Phase Error              (PE):    0.000ns

    Location             Delay type                Incr(ns)  Path(ns)    Netlist Resource(s)
  -------------------------------------------------------------------    -------------------
                         (clock aclk rise edge)       0.000     0.000 r  
                                                      0.000     0.000 r  aclk (IN)
                         net (fo=376, unset)          0.537     0.537    u_axi/aclk
    SLICE_X23Y75         FDRE                                         r  u_axi/addr_q_reg[2]/C
  -------------------------------------------------------------------    -------------------
    SLICE_X23Y75         FDRE (Prop_fdre_C_Q)         0.223     0.760 f  u_axi/addr_q_reg[2]/Q
                         net (fo=16, routed)          1.447     2.207    u_axi/addr_q_reg_n_0_[2]
    SLICE_X26Y82         LUT5 (Prop_lut5_I3_O)        0.043     2.250 r  u_axi/s_axi_rdata[15]_i_3/O
                         net (fo=15, routed)          1.202     3.451    u_axi/s_axi_rdata[15]_i_3_n_0
    SLICE_X27Y86         LUT5 (Prop_lut5_I4_O)        0.043     3.494 r  u_axi/s_axi_rdata[14]_i_2/O
                         net (fo=1, routed)           0.431     3.926    u_axi/s_axi_rdata[14]_i_2_n_0
    SLICE_X26Y86         LUT6 (Prop_lut6_I2_O)        0.043     3.969 r  u_axi/s_axi_rdata[14]_i_1/O
                         net (fo=1, routed)           0.000     3.969    u_axi/s_axi_rdata[14]_i_1_n_0
    SLICE_X26Y86         FDRE                                         r  u_axi/s_axi_rdata_reg[14]/D
  -------------------------------------------------------------------    -------------------

                         (clock aclk rise edge)      10.000    10.000 r  
                                                      0.000    10.000 r  aclk (IN)
                         net (fo=376, unset)          0.510    10.510    u_axi/aclk
    SLICE_X26Y86         FDRE                                         r  u_axi/s_axi_rdata_reg[14]/C
                         clock pessimism              0.000    10.510    
                         clock uncertainty           -0.035    10.475    
    SLICE_X26Y86         FDRE (Setup_fdre_C_D)        0.034    10.509    u_axi/s_axi_rdata_reg[14]
  -------------------------------------------------------------------
                         required time                         10.509    
                         arrival time                          -3.969    
  -------------------------------------------------------------------
                         slack                                  6.540    

Slack (MET) :             6.541ns  (required time - arrival time)
  Source:                 u_axi/FSM_sequential_state_reg[0]/C
                            (rising edge-triggered cell FDRE clocked by aclk  {rise@0.000ns fall@5.000ns period=10.000ns})
  Destination:            u_axi/br_wdata_reg[31]/CE
                            (rising edge-triggered cell FDRE clocked by aclk  {rise@0.000ns fall@5.000ns period=10.000ns})
  Path Group:             aclk
  Path Type:              Setup (Max at Slow Process Corner)
  Requirement:            10.000ns  (aclk rise@10.000ns - aclk rise@0.000ns)
  Data Path Delay:        3.196ns  (logic 0.309ns (9.668%)  route 2.887ns (90.332%))
  Logic Levels:           2  (LUT2=1 LUT6=1)
  Clock Path Skew:        -0.027ns (DCD - SCD + CPR)
    Destination Clock Delay (DCD):    0.510ns = ( 10.510 - 10.000 ) 
    Source Clock Delay      (SCD):    0.537ns
    Clock Pessimism Removal (CPR):    0.000ns
  Clock Uncertainty:      0.035ns  ((TSJ^2 + TIJ^2)^1/2 + DJ) / 2 + PE
    Total System Jitter     (TSJ):    0.071ns
    Total Input Jitter      (TIJ):    0.000ns
    Discrete Jitter          (DJ):    0.000ns
    Phase Error              (PE):    0.000ns

    Location             Delay type                Incr(ns)  Path(ns)    Netlist Resource(s)
  -------------------------------------------------------------------    -------------------
                         (clock aclk rise edge)       0.000     0.000 r  
                                                      0.000     0.000 r  aclk (IN)
                         net (fo=376, unset)          0.537     0.537    u_axi/aclk
    SLICE_X21Y74         FDRE                                         r  u_axi/FSM_sequential_state_reg[0]/C
  -------------------------------------------------------------------    -------------------
    SLICE_X21Y74         FDRE (Prop_fdre_C_Q)         0.223     0.760 r  u_axi/FSM_sequential_state_reg[0]/Q
                         net (fo=38, routed)          0.988     1.748    u_axi/state[0]
    SLICE_X20Y74         LUT2 (Prop_lut2_I0_O)        0.043     1.791 r  u_axi/s_axi_rdata[30]_i_2/O
                         net (fo=15, routed)          0.791     2.582    u_axi/s_axi_rdata[30]_i_2_n_0
    SLICE_X16Y74         LUT6 (Prop_lut6_I1_O)        0.043     2.625 r  u_axi/br_wdata[31]_i_1/O
                         net (fo=32, routed)          1.108     3.733    u_axi/br_wdata[31]_i_1_n_0
    SLICE_X23Y92         FDRE                                         r  u_axi/br_wdata_reg[31]/CE
  -------------------------------------------------------------------    -------------------

                         (clock aclk rise edge)      10.000    10.000 r  
                                                      0.000    10.000 r  aclk (IN)
                         net (fo=376, unset)          0.510    10.510    u_axi/aclk
    SLICE_X23Y92         FDRE                                         r  u_axi/br_wdata_reg[31]/C
                         clock pessimism              0.000    10.510    
                         clock uncertainty           -0.035    10.475    
    SLICE_X23Y92         FDRE (Setup_fdre_C_CE)      -0.201    10.274    u_axi/br_wdata_reg[31]
  -------------------------------------------------------------------
                         required time                         10.274    
                         arrival time                          -3.733    
  -------------------------------------------------------------------
                         slack                                  6.541    

Slack (MET) :             6.716ns  (required time - arrival time)
  Source:                 u_axi/addr_q_reg[2]/C
                            (rising edge-triggered cell FDRE clocked by aclk  {rise@0.000ns fall@5.000ns period=10.000ns})
  Destination:            u_axi/s_axi_rdata_reg[12]/D
                            (rising edge-triggered cell FDRE clocked by aclk  {rise@0.000ns fall@5.000ns period=10.000ns})
  Path Group:             aclk
  Path Type:              Setup (Max at Slow Process Corner)
  Requirement:            10.000ns  (aclk rise@10.000ns - aclk rise@0.000ns)
  Data Path Delay:        3.256ns  (logic 0.352ns (10.811%)  route 2.904ns (89.189%))
  Logic Levels:           3  (LUT5=2 LUT6=1)
  Clock Path Skew:        -0.027ns (DCD - SCD + CPR)
    Destination Clock Delay (DCD):    0.510ns = ( 10.510 - 10.000 ) 
    Source Clock Delay      (SCD):    0.537ns
    Clock Pessimism Removal (CPR):    0.000ns
  Clock Uncertainty:      0.035ns  ((TSJ^2 + TIJ^2)^1/2 + DJ) / 2 + PE
    Total System Jitter     (TSJ):    0.071ns
    Total Input Jitter      (TIJ):    0.000ns
    Discrete Jitter          (DJ):    0.000ns
    Phase Error              (PE):    0.000ns

    Location             Delay type                Incr(ns)  Path(ns)    Netlist Resource(s)
  -------------------------------------------------------------------    -------------------
                         (clock aclk rise edge)       0.000     0.000 r  
                                                      0.000     0.000 r  aclk (IN)
                         net (fo=376, unset)          0.537     0.537    u_axi/aclk
    SLICE_X23Y75         FDRE                                         r  u_axi/addr_q_reg[2]/C
  -------------------------------------------------------------------    -------------------
    SLICE_X23Y75         FDRE (Prop_fdre_C_Q)         0.223     0.760 f  u_axi/addr_q_reg[2]/Q
                         net (fo=16, routed)          1.447     2.207    u_axi/addr_q_reg_n_0_[2]
    SLICE_X26Y82         LUT5 (Prop_lut5_I3_O)        0.043     2.250 r  u_axi/s_axi_rdata[15]_i_3/O
                         net (fo=15, routed)          1.004     3.254    u_axi/s_axi_rdata[15]_i_3_n_0
    SLICE_X26Y88         LUT5 (Prop_lut5_I4_O)        0.043     3.297 r  u_axi/s_axi_rdata[12]_i_2/O
                         net (fo=1, routed)           0.453     3.750    u_axi/s_axi_rdata[12]_i_2_n_0
    SLICE_X26Y86         LUT6 (Prop_lut6_I2_O)        0.043     3.793 r  u_axi/s_axi_rdata[12]_i_1/O
                         net (fo=1, routed)           0.000     3.793    u_axi/s_axi_rdata[12]_i_1_n_0
    SLICE_X26Y86         FDRE                                         r  u_axi/s_axi_rdata_reg[12]/D
  -------------------------------------------------------------------    -------------------

                         (clock aclk rise edge)      10.000    10.000 r  
                                                      0.000    10.000 r  aclk (IN)
                         net (fo=376, unset)          0.510    10.510    u_axi/aclk
    SLICE_X26Y86         FDRE                                         r  u_axi/s_axi_rdata_reg[12]/C
                         clock pessimism              0.000    10.510    
                         clock uncertainty           -0.035    10.475    
    SLICE_X26Y86         FDRE (Setup_fdre_C_D)        0.034    10.509    u_axi/s_axi_rdata_reg[12]
  -------------------------------------------------------------------
                         required time                         10.509    
                         arrival time                          -3.793    
  -------------------------------------------------------------------
                         slack                                  6.716    





Min Delay Paths
--------------------------------------------------------------------------------------
Slack (MET) :             0.094ns  (arrival time - required time)
  Source:                 u_snap/ack_sync_reg[0]/C
                            (rising edge-triggered cell FDRE clocked by aclk  {rise@0.000ns fall@5.000ns period=10.000ns})
  Destination:            u_snap/ack_sync_reg[1]/D
                            (rising edge-triggered cell FDRE clocked by aclk  {rise@0.000ns fall@5.000ns period=10.000ns})
  Path Group:             aclk
  Path Type:              Hold (Min at Fast Process Corner)
  Requirement:            0.000ns  (aclk rise@0.000ns - aclk rise@0.000ns)
  Data Path Delay:        0.155ns  (logic 0.100ns (64.566%)  route 0.055ns (35.434%))
  Logic Levels:           0  
  Clock Path Skew:        0.014ns (DCD - SCD - CPR)
    Destination Clock Delay (DCD):    0.280ns
    Source Clock Delay      (SCD):    0.266ns
    Clock Pessimism Removal (CPR):    -0.000ns

    Location             Delay type                Incr(ns)  Path(ns)    Netlist Resource(s)
  -------------------------------------------------------------------    -------------------
                         (clock aclk rise edge)       0.000     0.000 r  
                                                      0.000     0.000 r  aclk (IN)
                         net (fo=376, unset)          0.266     0.266    u_snap/aclk
    SLICE_X25Y75         FDRE                                         r  u_snap/ack_sync_reg[0]/C
  -------------------------------------------------------------------    -------------------
    SLICE_X25Y75         FDRE (Prop_fdre_C_Q)         0.100     0.366 r  u_snap/ack_sync_reg[0]/Q
                         net (fo=1, routed)           0.055     0.421    u_snap/ack_sync[0]
    SLICE_X25Y75         FDRE                                         r  u_snap/ack_sync_reg[1]/D
  -------------------------------------------------------------------    -------------------

                         (clock aclk rise edge)       0.000     0.000 r  
                                                      0.000     0.000 r  aclk (IN)
                         net (fo=376, unset)          0.280     0.280    u_snap/aclk
    SLICE_X25Y75         FDRE                                         r  u_snap/ack_sync_reg[1]/C
                         clock pessimism              0.000     0.280    
    SLICE_X25Y75         FDRE (Hold_fdre_C_D)         0.047     0.327    u_snap/ack_sync_reg[1]
  -------------------------------------------------------------------
                         required time                         -0.327    
                         arrival time                           0.421    
  -------------------------------------------------------------------
                         slack                                  0.094    

Slack (MET) :             0.134ns  (arrival time - required time)
  Source:                 u_axi/wdata_q_reg[7]/C
                            (rising edge-triggered cell FDRE clocked by aclk  {rise@0.000ns fall@5.000ns period=10.000ns})
  Destination:            u_axi/br_wdata_reg[7]/D
                            (rising edge-triggered cell FDRE clocked by aclk  {rise@0.000ns fall@5.000ns period=10.000ns})
  Path Group:             aclk
  Path Type:              Hold (Min at Fast Process Corner)
  Requirement:            0.000ns  (aclk rise@0.000ns - aclk rise@0.000ns)
  Data Path Delay:        0.195ns  (logic 0.100ns (51.301%)  route 0.095ns (48.699%))
  Logic Levels:           0  
  Clock Path Skew:        0.014ns (DCD - SCD - CPR)
    Destination Clock Delay (DCD):    0.280ns
    Source Clock Delay      (SCD):    0.266ns
    Clock Pessimism Removal (CPR):    -0.000ns

    Location             Delay type                Incr(ns)  Path(ns)    Netlist Resource(s)
  -------------------------------------------------------------------    -------------------
                         (clock aclk rise edge)       0.000     0.000 r  
                                                      0.000     0.000 r  aclk (IN)
                         net (fo=376, unset)          0.266     0.266    u_axi/aclk
    SLICE_X27Y78         FDRE                                         r  u_axi/wdata_q_reg[7]/C
  -------------------------------------------------------------------    -------------------
    SLICE_X27Y78         FDRE (Prop_fdre_C_Q)         0.100     0.366 r  u_axi/wdata_q_reg[7]/Q
                         net (fo=1, routed)           0.095     0.461    u_axi/wdata_q__0[7]
    SLICE_X24Y78         FDRE                                         r  u_axi/br_wdata_reg[7]/D
  -------------------------------------------------------------------    -------------------

                         (clock aclk rise edge)       0.000     0.000 r  
                                                      0.000     0.000 r  aclk (IN)
                         net (fo=376, unset)          0.280     0.280    u_axi/aclk
    SLICE_X24Y78         FDRE                                         r  u_axi/br_wdata_reg[7]/C
                         clock pessimism              0.000     0.280    
    SLICE_X24Y78         FDRE (Hold_fdre_C_D)         0.047     0.327    u_axi/br_wdata_reg[7]
  -------------------------------------------------------------------
                         required time                         -0.327    
                         arrival time                           0.461    
  -------------------------------------------------------------------
                         slack                                  0.134    

Slack (MET) :             0.136ns  (arrival time - required time)
  Source:                 u_axi/wdata_q_reg[22]/C
                            (rising edge-triggered cell FDRE clocked by aclk  {rise@0.000ns fall@5.000ns period=10.000ns})
  Destination:            u_axi/br_wdata_reg[22]/D
                            (rising edge-triggered cell FDRE clocked by aclk  {rise@0.000ns fall@5.000ns period=10.000ns})
  Path Group:             aclk
  Path Type:              Hold (Min at Fast Process Corner)
  Requirement:            0.000ns  (aclk rise@0.000ns - aclk rise@0.000ns)
  Data Path Delay:        0.197ns  (logic 0.100ns (50.731%)  route 0.097ns (49.269%))
  Logic Levels:           0  
  Clock Path Skew:        0.014ns (DCD - SCD - CPR)
    Destination Clock Delay (DCD):    0.280ns
    Source Clock Delay      (SCD):    0.266ns
    Clock Pessimism Removal (CPR):    -0.000ns

    Location             Delay type                Incr(ns)  Path(ns)    Netlist Resource(s)
  -------------------------------------------------------------------    -------------------
                         (clock aclk rise edge)       0.000     0.000 r  
                                                      0.000     0.000 r  aclk (IN)
                         net (fo=376, unset)          0.266     0.266    u_axi/aclk
    SLICE_X26Y88         FDRE                                         r  u_axi/wdata_q_reg[22]/C
  -------------------------------------------------------------------    -------------------
    SLICE_X26Y88         FDRE (Prop_fdre_C_Q)         0.100     0.366 r  u_axi/wdata_q_reg[22]/Q
                         net (fo=1, routed)           0.097     0.463    u_axi/wdata_q__0[22]
    SLICE_X26Y87         FDRE                                         r  u_axi/br_wdata_reg[22]/D
  -------------------------------------------------------------------    -------------------

                         (clock aclk rise edge)       0.000     0.000 r  
                                                      0.000     0.000 r  aclk (IN)
                         net (fo=376, unset)          0.280     0.280    u_axi/aclk
    SLICE_X26Y87         FDRE                                         r  u_axi/br_wdata_reg[22]/C
                         clock pessimism              0.000     0.280    
    SLICE_X26Y87         FDRE (Hold_fdre_C_D)         0.047     0.327    u_axi/br_wdata_reg[22]
  -------------------------------------------------------------------
                         required time                         -0.327    
                         arrival time                           0.463    
  -------------------------------------------------------------------
                         slack                                  0.136    

Slack (MET) :             0.137ns  (arrival time - required time)
  Source:                 u_axi/wdata_q_reg[11]/C
                            (rising edge-triggered cell FDRE clocked by aclk  {rise@0.000ns fall@5.000ns period=10.000ns})
  Destination:            u_axi/br_wdata_reg[11]/D
                            (rising edge-triggered cell FDRE clocked by aclk  {rise@0.000ns fall@5.000ns period=10.000ns})
  Path Group:             aclk
  Path Type:              Hold (Min at Fast Process Corner)
  Requirement:            0.000ns  (aclk rise@0.000ns - aclk rise@0.000ns)
  Data Path Delay:        0.187ns  (logic 0.100ns (53.390%)  route 0.087ns (46.610%))
  Logic Levels:           0  
  Clock Path Skew:        0.014ns (DCD - SCD - CPR)
    Destination Clock Delay (DCD):    0.280ns
    Source Clock Delay      (SCD):    0.266ns
    Clock Pessimism Removal (CPR):    -0.000ns

    Location             Delay type                Incr(ns)  Path(ns)    Netlist Resource(s)
  -------------------------------------------------------------------    -------------------
                         (clock aclk rise edge)       0.000     0.000 r  
                                                      0.000     0.000 r  aclk (IN)
                         net (fo=376, unset)          0.266     0.266    u_axi/aclk
    SLICE_X25Y81         FDRE                                         r  u_axi/wdata_q_reg[11]/C
  -------------------------------------------------------------------    -------------------
    SLICE_X25Y81         FDRE (Prop_fdre_C_Q)         0.100     0.366 r  u_axi/wdata_q_reg[11]/Q
                         net (fo=1, routed)           0.087     0.454    u_axi/wdata_q__0[11]
    SLICE_X24Y81         FDRE                                         r  u_axi/br_wdata_reg[11]/D
  -------------------------------------------------------------------    -------------------

                         (clock aclk rise edge)       0.000     0.000 r  
                                                      0.000     0.000 r  aclk (IN)
                         net (fo=376, unset)          0.280     0.280    u_axi/aclk
    SLICE_X24Y81         FDRE                                         r  u_axi/br_wdata_reg[11]/C
                         clock pessimism              0.000     0.280    
    SLICE_X24Y81         FDRE (Hold_fdre_C_D)         0.036     0.316    u_axi/br_wdata_reg[11]
  -------------------------------------------------------------------
                         required time                         -0.316    
                         arrival time                           0.454    
  -------------------------------------------------------------------
                         slack                                  0.137    

Slack (MET) :             0.138ns  (arrival time - required time)
  Source:                 u_snap/dst_sec_reg[24]/C
                            (rising edge-triggered cell FDRE clocked by aclk  {rise@0.000ns fall@5.000ns period=10.000ns})
  Destination:            u_axi/snap_sec_q_reg[24]/D
                            (rising edge-triggered cell FDRE clocked by aclk  {rise@0.000ns fall@5.000ns period=10.000ns})
  Path Group:             aclk
  Path Type:              Hold (Min at Fast Process Corner)
  Requirement:            0.000ns  (aclk rise@0.000ns - aclk rise@0.000ns)
  Data Path Delay:        0.196ns  (logic 0.100ns (51.054%)  route 0.096ns (48.946%))
  Logic Levels:           0  
  Clock Path Skew:        0.014ns (DCD - SCD - CPR)
    Destination Clock Delay (DCD):    0.280ns
    Source Clock Delay      (SCD):    0.266ns
    Clock Pessimism Removal (CPR):    -0.000ns

    Location             Delay type                Incr(ns)  Path(ns)    Netlist Resource(s)
  -------------------------------------------------------------------    -------------------
                         (clock aclk rise edge)       0.000     0.000 r  
                                                      0.000     0.000 r  aclk (IN)
                         net (fo=376, unset)          0.266     0.266    u_snap/aclk
    SLICE_X9Y91          FDRE                                         r  u_snap/dst_sec_reg[24]/C
  -------------------------------------------------------------------    -------------------
    SLICE_X9Y91          FDRE (Prop_fdre_C_Q)         0.100     0.366 r  u_snap/dst_sec_reg[24]/Q
                         net (fo=1, routed)           0.096     0.462    u_axi/snap_sec_q_reg[47]_0[24]
    SLICE_X9Y92          FDRE                                         r  u_axi/snap_sec_q_reg[24]/D
  -------------------------------------------------------------------    -------------------

                         (clock aclk rise edge)       0.000     0.000 r  
                                                      0.000     0.000 r  aclk (IN)
                         net (fo=376, unset)          0.280     0.280    u_axi/aclk
    SLICE_X9Y92          FDRE                                         r  u_axi/snap_sec_q_reg[24]/C
                         clock pessimism              0.000     0.280    
    SLICE_X9Y92          FDRE (Hold_fdre_C_D)         0.044     0.324    u_axi/snap_sec_q_reg[24]
  -------------------------------------------------------------------
                         required time                         -0.324    
                         arrival time                           0.462    
  -------------------------------------------------------------------
                         slack                                  0.138    

Slack (MET) :             0.139ns  (arrival time - required time)
  Source:                 u_axi/br_req_reg/C
                            (rising edge-triggered cell FDRE clocked by aclk  {rise@0.000ns fall@5.000ns period=10.000ns})
  Destination:            u_bridge/req_tgl_reg/D
                            (rising edge-triggered cell FDRE clocked by aclk  {rise@0.000ns fall@5.000ns period=10.000ns})
  Path Group:             aclk
  Path Type:              Hold (Min at Fast Process Corner)
  Requirement:            0.000ns  (aclk rise@0.000ns - aclk rise@0.000ns)
  Data Path Delay:        0.240ns  (logic 0.171ns (71.353%)  route 0.069ns (28.647%))
  Logic Levels:           1  (LUT3=1)
  Clock Path Skew:        0.014ns (DCD - SCD - CPR)
    Destination Clock Delay (DCD):    0.280ns
    Source Clock Delay      (SCD):    0.266ns
    Clock Pessimism Removal (CPR):    -0.000ns

    Location             Delay type                Incr(ns)  Path(ns)    Netlist Resource(s)
  -------------------------------------------------------------------    -------------------
                         (clock aclk rise edge)       0.000     0.000 r  
                                                      0.000     0.000 r  aclk (IN)
                         net (fo=376, unset)          0.266     0.266    u_axi/aclk
    SLICE_X20Y76         FDRE                                         r  u_axi/br_req_reg/C
  -------------------------------------------------------------------    -------------------
    SLICE_X20Y76         FDRE (Prop_fdre_C_Q)         0.107     0.373 r  u_axi/br_req_reg/Q
                         net (fo=3, routed)           0.069     0.442    u_bridge/br_req
    SLICE_X20Y76         LUT3 (Prop_lut3_I1_O)        0.064     0.506 r  u_bridge/req_tgl_i_1/O
                         net (fo=1, routed)           0.000     0.506    u_bridge/req_tgl_i_1_n_0
    SLICE_X20Y76         FDRE                                         r  u_bridge/req_tgl_reg/D
  -------------------------------------------------------------------    -------------------

                         (clock aclk rise edge)       0.000     0.000 r  
                                                      0.000     0.000 r  aclk (IN)
                         net (fo=376, unset)          0.280     0.280    u_bridge/aclk
    SLICE_X20Y76         FDRE                                         r  u_bridge/req_tgl_reg/C
                         clock pessimism              0.000     0.280    
    SLICE_X20Y76         FDRE (Hold_fdre_C_D)         0.087     0.367    u_bridge/req_tgl_reg
  -------------------------------------------------------------------
                         required time                         -0.367    
                         arrival time                           0.506    
  -------------------------------------------------------------------
                         slack                                  0.139    

Slack (MET) :             0.141ns  (arrival time - required time)
  Source:                 u_snap/ack_sync_reg[1]/C
                            (rising edge-triggered cell FDRE clocked by aclk  {rise@0.000ns fall@5.000ns period=10.000ns})
  Destination:            u_snap/dst_busy_reg/D
                            (rising edge-triggered cell FDRE clocked by aclk  {rise@0.000ns fall@5.000ns period=10.000ns})
  Path Group:             aclk
  Path Type:              Hold (Min at Fast Process Corner)
  Requirement:            0.000ns  (aclk rise@0.000ns - aclk rise@0.000ns)
  Data Path Delay:        0.215ns  (logic 0.157ns (73.163%)  route 0.058ns (26.837%))
  Logic Levels:           1  (LUT4=1)
  Clock Path Skew:        0.014ns (DCD - SCD - CPR)
    Destination Clock Delay (DCD):    0.280ns
    Source Clock Delay      (SCD):    0.266ns
    Clock Pessimism Removal (CPR):    -0.000ns

    Location             Delay type                Incr(ns)  Path(ns)    Netlist Resource(s)
  -------------------------------------------------------------------    -------------------
                         (clock aclk rise edge)       0.000     0.000 r  
                                                      0.000     0.000 r  aclk (IN)
                         net (fo=376, unset)          0.266     0.266    u_snap/aclk
    SLICE_X25Y75         FDRE                                         r  u_snap/ack_sync_reg[1]/C
  -------------------------------------------------------------------    -------------------
    SLICE_X25Y75         FDRE (Prop_fdre_C_Q)         0.091     0.357 r  u_snap/ack_sync_reg[1]/Q
                         net (fo=3, routed)           0.058     0.415    u_snap/ack_sync[1]
    SLICE_X25Y75         LUT4 (Prop_lut4_I1_O)        0.066     0.481 r  u_snap/dst_busy_i_1/O
                         net (fo=1, routed)           0.000     0.481    u_snap/dst_busy_i_1_n_0
    SLICE_X25Y75         FDRE                                         r  u_snap/dst_busy_reg/D
  -------------------------------------------------------------------    -------------------

                         (clock aclk rise edge)       0.000     0.000 r  
                                                      0.000     0.000 r  aclk (IN)
                         net (fo=376, unset)          0.280     0.280    u_snap/aclk
    SLICE_X25Y75         FDRE                                         r  u_snap/dst_busy_reg/C
                         clock pessimism              0.000     0.280    
    SLICE_X25Y75         FDRE (Hold_fdre_C_D)         0.060     0.340    u_snap/dst_busy_reg
  -------------------------------------------------------------------
                         required time                         -0.340    
                         arrival time                           0.481    
  -------------------------------------------------------------------
                         slack                                  0.141    

Slack (MET) :             0.143ns  (arrival time - required time)
  Source:                 u_snap/dst_sec_reg[43]/C
                            (rising edge-triggered cell FDRE clocked by aclk  {rise@0.000ns fall@5.000ns period=10.000ns})
  Destination:            u_axi/snap_sec_q_reg[43]/D
                            (rising edge-triggered cell FDRE clocked by aclk  {rise@0.000ns fall@5.000ns period=10.000ns})
  Path Group:             aclk
  Path Type:              Hold (Min at Fast Process Corner)
  Requirement:            0.000ns  (aclk rise@0.000ns - aclk rise@0.000ns)
  Data Path Delay:        0.197ns  (logic 0.100ns (50.740%)  route 0.097ns (49.260%))
  Logic Levels:           0  
  Clock Path Skew:        0.014ns (DCD - SCD - CPR)
    Destination Clock Delay (DCD):    0.280ns
    Source Clock Delay      (SCD):    0.266ns
    Clock Pessimism Removal (CPR):    -0.000ns

    Location             Delay type                Incr(ns)  Path(ns)    Netlist Resource(s)
  -------------------------------------------------------------------    -------------------
                         (clock aclk rise edge)       0.000     0.000 r  
                                                      0.000     0.000 r  aclk (IN)
                         net (fo=376, unset)          0.266     0.266    u_snap/aclk
    SLICE_X26Y90         FDRE                                         r  u_snap/dst_sec_reg[43]/C
  -------------------------------------------------------------------    -------------------
    SLICE_X26Y90         FDRE (Prop_fdre_C_Q)         0.100     0.366 r  u_snap/dst_sec_reg[43]/Q
                         net (fo=1, routed)           0.097     0.463    u_axi/snap_sec_q_reg[47]_0[43]
    SLICE_X27Y89         FDRE                                         r  u_axi/snap_sec_q_reg[43]/D
  -------------------------------------------------------------------    -------------------

                         (clock aclk rise edge)       0.000     0.000 r  
                                                      0.000     0.000 r  aclk (IN)
                         net (fo=376, unset)          0.280     0.280    u_axi/aclk
    SLICE_X27Y89         FDRE                                         r  u_axi/snap_sec_q_reg[43]/C
                         clock pessimism              0.000     0.280    
    SLICE_X27Y89         FDRE (Hold_fdre_C_D)         0.040     0.320    u_axi/snap_sec_q_reg[43]
  -------------------------------------------------------------------
                         required time                         -0.320    
                         arrival time                           0.463    
  -------------------------------------------------------------------
                         slack                                  0.143    

Slack (MET) :             0.144ns  (arrival time - required time)
  Source:                 u_axi/br_wdata_reg[27]/C
                            (rising edge-triggered cell FDRE clocked by aclk  {rise@0.000ns fall@5.000ns period=10.000ns})
  Destination:            u_bridge/wdata_hold_reg[27]/D
                            (rising edge-triggered cell FDRE clocked by aclk  {rise@0.000ns fall@5.000ns period=10.000ns})
  Path Group:             aclk
  Path Type:              Hold (Min at Fast Process Corner)
  Requirement:            0.000ns  (aclk rise@0.000ns - aclk rise@0.000ns)
  Data Path Delay:        0.198ns  (logic 0.100ns (50.577%)  route 0.098ns (49.423%))
  Logic Levels:           0  
  Clock Path Skew:        0.014ns (DCD - SCD - CPR)
    Destination Clock Delay (DCD):    0.280ns
    Source Clock Delay      (SCD):    0.266ns
    Clock Pessimism Removal (CPR):    -0.000ns

    Location             Delay type                Incr(ns)  Path(ns)    Netlist Resource(s)
  -------------------------------------------------------------------    -------------------
                         (clock aclk rise edge)       0.000     0.000 r  
                                                      0.000     0.000 r  aclk (IN)
                         net (fo=376, unset)          0.266     0.266    u_axi/aclk
    SLICE_X26Y92         FDRE                                         r  u_axi/br_wdata_reg[27]/C
  -------------------------------------------------------------------    -------------------
    SLICE_X26Y92         FDRE (Prop_fdre_C_Q)         0.100     0.366 r  u_axi/br_wdata_reg[27]/Q
                         net (fo=1, routed)           0.098     0.464    u_bridge/wdata_hold_reg[31]_0[27]
    SLICE_X25Y91         FDRE                                         r  u_bridge/wdata_hold_reg[27]/D
  -------------------------------------------------------------------    -------------------

                         (clock aclk rise edge)       0.000     0.000 r  
                                                      0.000     0.000 r  aclk (IN)
                         net (fo=376, unset)          0.280     0.280    u_bridge/aclk
    SLICE_X25Y91         FDRE                                         r  u_bridge/wdata_hold_reg[27]/C
                         clock pessimism              0.000     0.280    
    SLICE_X25Y91         FDRE (Hold_fdre_C_D)         0.040     0.320    u_bridge/wdata_hold_reg[27]
  -------------------------------------------------------------------
                         required time                         -0.320    
                         arrival time                           0.464    
  -------------------------------------------------------------------
                         slack                                  0.144    

Slack (MET) :             0.144ns  (arrival time - required time)
  Source:                 u_snap/dst_ns_reg[14]/C
                            (rising edge-triggered cell FDRE clocked by aclk  {rise@0.000ns fall@5.000ns period=10.000ns})
  Destination:            u_axi/snap_ns_q_reg[14]/D
                            (rising edge-triggered cell FDRE clocked by aclk  {rise@0.000ns fall@5.000ns period=10.000ns})
  Path Group:             aclk
  Path Type:              Hold (Min at Fast Process Corner)
  Requirement:            0.000ns  (aclk rise@0.000ns - aclk rise@0.000ns)
  Data Path Delay:        0.198ns  (logic 0.100ns (50.483%)  route 0.098ns (49.517%))
  Logic Levels:           0  
  Clock Path Skew:        0.014ns (DCD - SCD - CPR)
    Destination Clock Delay (DCD):    0.280ns
    Source Clock Delay      (SCD):    0.266ns
    Clock Pessimism Removal (CPR):    -0.000ns

    Location             Delay type                Incr(ns)  Path(ns)    Netlist Resource(s)
  -------------------------------------------------------------------    -------------------
                         (clock aclk rise edge)       0.000     0.000 r  
                                                      0.000     0.000 r  aclk (IN)
                         net (fo=376, unset)          0.266     0.266    u_snap/aclk
    SLICE_X28Y85         FDRE                                         r  u_snap/dst_ns_reg[14]/C
  -------------------------------------------------------------------    -------------------
    SLICE_X28Y85         FDRE (Prop_fdre_C_Q)         0.100     0.366 r  u_snap/dst_ns_reg[14]/Q
                         net (fo=1, routed)           0.098     0.464    u_axi/snap_ns_q_reg[31]_0[14]
    SLICE_X29Y86         FDRE                                         r  u_axi/snap_ns_q_reg[14]/D
  -------------------------------------------------------------------    -------------------

                         (clock aclk rise edge)       0.000     0.000 r  
                                                      0.000     0.000 r  aclk (IN)
                         net (fo=376, unset)          0.280     0.280    u_axi/aclk
    SLICE_X29Y86         FDRE                                         r  u_axi/snap_ns_q_reg[14]/C
                         clock pessimism              0.000     0.280    
    SLICE_X29Y86         FDRE (Hold_fdre_C_D)         0.040     0.320    u_axi/snap_ns_q_reg[14]
  -------------------------------------------------------------------
                         required time                         -0.320    
                         arrival time                           0.464    
  -------------------------------------------------------------------
                         slack                                  0.144    

Slack (MET) :             0.144ns  (arrival time - required time)
  Source:                 u_snap/dst_sec_reg[44]/C
                            (rising edge-triggered cell FDRE clocked by aclk  {rise@0.000ns fall@5.000ns period=10.000ns})
  Destination:            u_axi/snap_sec_q_reg[44]/D
                            (rising edge-triggered cell FDRE clocked by aclk  {rise@0.000ns fall@5.000ns period=10.000ns})
  Path Group:             aclk
  Path Type:              Hold (Min at Fast Process Corner)
  Requirement:            0.000ns  (aclk rise@0.000ns - aclk rise@0.000ns)
  Data Path Delay:        0.196ns  (logic 0.100ns (50.990%)  route 0.096ns (49.010%))
  Logic Levels:           0  
  Clock Path Skew:        0.014ns (DCD - SCD - CPR)
    Destination Clock Delay (DCD):    0.280ns
    Source Clock Delay      (SCD):    0.266ns
    Clock Pessimism Removal (CPR):    -0.000ns

    Location             Delay type                Incr(ns)  Path(ns)    Netlist Resource(s)
  -------------------------------------------------------------------    -------------------
                         (clock aclk rise edge)       0.000     0.000 r  
                                                      0.000     0.000 r  aclk (IN)
                         net (fo=376, unset)          0.266     0.266    u_snap/aclk
    SLICE_X26Y90         FDRE                                         r  u_snap/dst_sec_reg[44]/C
  -------------------------------------------------------------------    -------------------
    SLICE_X26Y90         FDRE (Prop_fdre_C_Q)         0.100     0.366 r  u_snap/dst_sec_reg[44]/Q
                         net (fo=1, routed)           0.096     0.462    u_axi/snap_sec_q_reg[47]_0[44]
    SLICE_X27Y89         FDRE                                         r  u_axi/snap_sec_q_reg[44]/D
  -------------------------------------------------------------------    -------------------

                         (clock aclk rise edge)       0.000     0.000 r  
                                                      0.000     0.000 r  aclk (IN)
                         net (fo=376, unset)          0.280     0.280    u_axi/aclk
    SLICE_X27Y89         FDRE                                         r  u_axi/snap_sec_q_reg[44]/C
                         clock pessimism              0.000     0.280    
    SLICE_X27Y89         FDRE (Hold_fdre_C_D)         0.038     0.318    u_axi/snap_sec_q_reg[44]
  -------------------------------------------------------------------
                         required time                         -0.318    
                         arrival time                           0.462    
  -------------------------------------------------------------------
                         slack                                  0.144    

Slack (MET) :             0.144ns  (arrival time - required time)
  Source:                 u_snap/dst_ns_reg[6]/C
                            (rising edge-triggered cell FDRE clocked by aclk  {rise@0.000ns fall@5.000ns period=10.000ns})
  Destination:            u_axi/snap_ns_q_reg[6]/D
                            (rising edge-triggered cell FDRE clocked by aclk  {rise@0.000ns fall@5.000ns period=10.000ns})
  Path Group:             aclk
  Path Type:              Hold (Min at Fast Process Corner)
  Requirement:            0.000ns  (aclk rise@0.000ns - aclk rise@0.000ns)
  Data Path Delay:        0.198ns  (logic 0.100ns (50.453%)  route 0.098ns (49.547%))
  Logic Levels:           0  
  Clock Path Skew:        0.014ns (DCD - SCD - CPR)
    Destination Clock Delay (DCD):    0.280ns
    Source Clock Delay      (SCD):    0.266ns
    Clock Pessimism Removal (CPR):    -0.000ns

    Location             Delay type                Incr(ns)  Path(ns)    Netlist Resource(s)
  -------------------------------------------------------------------    -------------------
                         (clock aclk rise edge)       0.000     0.000 r  
                                                      0.000     0.000 r  aclk (IN)
                         net (fo=376, unset)          0.266     0.266    u_snap/aclk
    SLICE_X26Y79         FDRE                                         r  u_snap/dst_ns_reg[6]/C
  -------------------------------------------------------------------    -------------------
    SLICE_X26Y79         FDRE (Prop_fdre_C_Q)         0.100     0.366 r  u_snap/dst_ns_reg[6]/Q
                         net (fo=1, routed)           0.098     0.465    u_axi/snap_ns_q_reg[31]_0[6]
    SLICE_X27Y79         FDRE                                         r  u_axi/snap_ns_q_reg[6]/D
  -------------------------------------------------------------------    -------------------

                         (clock aclk rise edge)       0.000     0.000 r  
                                                      0.000     0.000 r  aclk (IN)
                         net (fo=376, unset)          0.280     0.280    u_axi/aclk
    SLICE_X27Y79         FDRE                                         r  u_axi/snap_ns_q_reg[6]/C
                         clock pessimism              0.000     0.280    
    SLICE_X27Y79         FDRE (Hold_fdre_C_D)         0.040     0.320    u_axi/snap_ns_q_reg[6]
  -------------------------------------------------------------------
                         required time                         -0.320    
                         arrival time                           0.465    
  -------------------------------------------------------------------
                         slack                                  0.144    

Slack (MET) :             0.145ns  (arrival time - required time)
  Source:                 u_axi/br_wdata_reg[12]/C
                            (rising edge-triggered cell FDRE clocked by aclk  {rise@0.000ns fall@5.000ns period=10.000ns})
  Destination:            u_bridge/wdata_hold_reg[12]/D
                            (rising edge-triggered cell FDRE clocked by aclk  {rise@0.000ns fall@5.000ns period=10.000ns})
  Path Group:             aclk
  Path Type:              Hold (Min at Fast Process Corner)
  Requirement:            0.000ns  (aclk rise@0.000ns - aclk rise@0.000ns)
  Data Path Delay:        0.199ns  (logic 0.100ns (50.186%)  route 0.099ns (49.814%))
  Logic Levels:           0  
  Clock Path Skew:        0.014ns (DCD - SCD - CPR)
    Destination Clock Delay (DCD):    0.280ns
    Source Clock Delay      (SCD):    0.266ns
    Clock Pessimism Removal (CPR):    -0.000ns

    Location             Delay type                Incr(ns)  Path(ns)    Netlist Resource(s)
  -------------------------------------------------------------------    -------------------
                         (clock aclk rise edge)       0.000     0.000 r  
                                                      0.000     0.000 r  aclk (IN)
                         net (fo=376, unset)          0.266     0.266    u_axi/aclk
    SLICE_X24Y81         FDRE                                         r  u_axi/br_wdata_reg[12]/C
  -------------------------------------------------------------------    -------------------
    SLICE_X24Y81         FDRE (Prop_fdre_C_Q)         0.100     0.366 r  u_axi/br_wdata_reg[12]/Q
                         net (fo=1, routed)           0.099     0.466    u_bridge/wdata_hold_reg[31]_0[12]
    SLICE_X26Y81         FDRE                                         r  u_bridge/wdata_hold_reg[12]/D
  -------------------------------------------------------------------    -------------------

                         (clock aclk rise edge)       0.000     0.000 r  
                                                      0.000     0.000 r  aclk (IN)
                         net (fo=376, unset)          0.280     0.280    u_bridge/aclk
    SLICE_X26Y81         FDRE                                         r  u_bridge/wdata_hold_reg[12]/C
                         clock pessimism              0.000     0.280    
    SLICE_X26Y81         FDRE (Hold_fdre_C_D)         0.040     0.320    u_bridge/wdata_hold_reg[12]
  -------------------------------------------------------------------
                         required time                         -0.320    
                         arrival time                           0.466    
  -------------------------------------------------------------------
                         slack                                  0.145    

Slack (MET) :             0.146ns  (arrival time - required time)
  Source:                 u_snap/dst_ns_reg[20]/C
                            (rising edge-triggered cell FDRE clocked by aclk  {rise@0.000ns fall@5.000ns period=10.000ns})
  Destination:            u_axi/snap_ns_q_reg[20]/D
                            (rising edge-triggered cell FDRE clocked by aclk  {rise@0.000ns fall@5.000ns period=10.000ns})
  Path Group:             aclk
  Path Type:              Hold (Min at Fast Process Corner)
  Requirement:            0.000ns  (aclk rise@0.000ns - aclk rise@0.000ns)
  Data Path Delay:        0.200ns  (logic 0.100ns (49.935%)  route 0.100ns (50.065%))
  Logic Levels:           0  
  Clock Path Skew:        0.014ns (DCD - SCD - CPR)
    Destination Clock Delay (DCD):    0.280ns
    Source Clock Delay      (SCD):    0.266ns
    Clock Pessimism Removal (CPR):    -0.000ns

    Location             Delay type                Incr(ns)  Path(ns)    Netlist Resource(s)
  -------------------------------------------------------------------    -------------------
                         (clock aclk rise edge)       0.000     0.000 r  
                                                      0.000     0.000 r  aclk (IN)
                         net (fo=376, unset)          0.266     0.266    u_snap/aclk
    SLICE_X28Y85         FDRE                                         r  u_snap/dst_ns_reg[20]/C
  -------------------------------------------------------------------    -------------------
    SLICE_X28Y85         FDRE (Prop_fdre_C_Q)         0.100     0.366 r  u_snap/dst_ns_reg[20]/Q
                         net (fo=1, routed)           0.100     0.467    u_axi/snap_ns_q_reg[31]_0[20]
    SLICE_X28Y86         FDRE                                         r  u_axi/snap_ns_q_reg[20]/D
  -------------------------------------------------------------------    -------------------

                         (clock aclk rise edge)       0.000     0.000 r  
                                                      0.000     0.000 r  aclk (IN)
                         net (fo=376, unset)          0.280     0.280    u_axi/aclk
    SLICE_X28Y86         FDRE                                         r  u_axi/snap_ns_q_reg[20]/C
                         clock pessimism              0.000     0.280    
    SLICE_X28Y86         FDRE (Hold_fdre_C_D)         0.040     0.320    u_axi/snap_ns_q_reg[20]
  -------------------------------------------------------------------
                         required time                         -0.320    
                         arrival time                           0.467    
  -------------------------------------------------------------------
                         slack                                  0.146    

Slack (MET) :             0.148ns  (arrival time - required time)
  Source:                 u_axi/snap_ns_q_reg[31]/C
                            (rising edge-triggered cell FDRE clocked by aclk  {rise@0.000ns fall@5.000ns period=10.000ns})
  Destination:            u_axi/s_axi_rdata_reg[31]/D
                            (rising edge-triggered cell FDRE clocked by aclk  {rise@0.000ns fall@5.000ns period=10.000ns})
  Path Group:             aclk
  Path Type:              Hold (Min at Fast Process Corner)
  Requirement:            0.000ns  (aclk rise@0.000ns - aclk rise@0.000ns)
  Data Path Delay:        0.223ns  (logic 0.128ns (57.417%)  route 0.095ns (42.583%))
  Logic Levels:           1  (LUT6=1)
  Clock Path Skew:        0.014ns (DCD - SCD - CPR)
    Destination Clock Delay (DCD):    0.280ns
    Source Clock Delay      (SCD):    0.266ns
    Clock Pessimism Removal (CPR):    -0.000ns

    Location             Delay type                Incr(ns)  Path(ns)    Netlist Resource(s)
  -------------------------------------------------------------------    -------------------
                         (clock aclk rise edge)       0.000     0.000 r  
                                                      0.000     0.000 r  aclk (IN)
                         net (fo=376, unset)          0.266     0.266    u_axi/aclk
    SLICE_X4Y93          FDRE                                         r  u_axi/snap_ns_q_reg[31]/C
  -------------------------------------------------------------------    -------------------
    SLICE_X4Y93          FDRE (Prop_fdre_C_Q)         0.100     0.366 r  u_axi/snap_ns_q_reg[31]/Q
                         net (fo=1, routed)           0.095     0.461    u_axi/snap_ns_q[31]
    SLICE_X5Y94          LUT6 (Prop_lut6_I3_O)        0.028     0.489 r  u_axi/s_axi_rdata[31]_i_2/O
                         net (fo=1, routed)           0.000     0.489    u_axi/s_axi_rdata[31]_i_2_n_0
    SLICE_X5Y94          FDRE                                         r  u_axi/s_axi_rdata_reg[31]/D
  -------------------------------------------------------------------    -------------------

                         (clock aclk rise edge)       0.000     0.000 r  
                                                      0.000     0.000 r  aclk (IN)
                         net (fo=376, unset)          0.280     0.280    u_axi/aclk
    SLICE_X5Y94          FDRE                                         r  u_axi/s_axi_rdata_reg[31]/C
                         clock pessimism              0.000     0.280    
    SLICE_X5Y94          FDRE (Hold_fdre_C_D)         0.061     0.341    u_axi/s_axi_rdata_reg[31]
  -------------------------------------------------------------------
                         required time                         -0.341    
                         arrival time                           0.489    
  -------------------------------------------------------------------
                         slack                                  0.148    

Slack (MET) :             0.148ns  (arrival time - required time)
  Source:                 u_axi/wdata_q_reg[8]/C
                            (rising edge-triggered cell FDRE clocked by aclk  {rise@0.000ns fall@5.000ns period=10.000ns})
  Destination:            u_axi/br_wdata_reg[8]/D
                            (rising edge-triggered cell FDRE clocked by aclk  {rise@0.000ns fall@5.000ns period=10.000ns})
  Path Group:             aclk
  Path Type:              Hold (Min at Fast Process Corner)
  Requirement:            0.000ns  (aclk rise@0.000ns - aclk rise@0.000ns)
  Data Path Delay:        0.200ns  (logic 0.100ns (49.893%)  route 0.100ns (50.107%))
  Logic Levels:           0  
  Clock Path Skew:        0.014ns (DCD - SCD - CPR)
    Destination Clock Delay (DCD):    0.280ns
    Source Clock Delay      (SCD):    0.266ns
    Clock Pessimism Removal (CPR):    -0.000ns

    Location             Delay type                Incr(ns)  Path(ns)    Netlist Resource(s)
  -------------------------------------------------------------------    -------------------
                         (clock aclk rise edge)       0.000     0.000 r  
                                                      0.000     0.000 r  aclk (IN)
                         net (fo=376, unset)          0.266     0.266    u_axi/aclk
    SLICE_X27Y78         FDRE                                         r  u_axi/wdata_q_reg[8]/C
  -------------------------------------------------------------------    -------------------
    SLICE_X27Y78         FDRE (Prop_fdre_C_Q)         0.100     0.366 r  u_axi/wdata_q_reg[8]/Q
                         net (fo=1, routed)           0.100     0.467    u_axi/wdata_q__0[8]
    SLICE_X28Y78         FDRE                                         r  u_axi/br_wdata_reg[8]/D
  -------------------------------------------------------------------    -------------------

                         (clock aclk rise edge)       0.000     0.000 r  
                                                      0.000     0.000 r  aclk (IN)
                         net (fo=376, unset)          0.280     0.280    u_axi/aclk
    SLICE_X28Y78         FDRE                                         r  u_axi/br_wdata_reg[8]/C
                         clock pessimism              0.000     0.280    
    SLICE_X28Y78         FDRE (Hold_fdre_C_D)         0.038     0.318    u_axi/br_wdata_reg[8]
  -------------------------------------------------------------------
                         required time                         -0.318    
                         arrival time                           0.467    
  -------------------------------------------------------------------
                         slack                                  0.148    

Slack (MET) :             0.149ns  (arrival time - required time)
  Source:                 u_axi/snap_ns_q_reg[2]/C
                            (rising edge-triggered cell FDRE clocked by aclk  {rise@0.000ns fall@5.000ns period=10.000ns})
  Destination:            u_axi/s_axi_rdata_reg[2]/D
                            (rising edge-triggered cell FDRE clocked by aclk  {rise@0.000ns fall@5.000ns period=10.000ns})
  Path Group:             aclk
  Path Type:              Hold (Min at Fast Process Corner)
  Requirement:            0.000ns  (aclk rise@0.000ns - aclk rise@0.000ns)
  Data Path Delay:        0.250ns  (logic 0.128ns (51.296%)  route 0.122ns (48.704%))
  Logic Levels:           1  (LUT6=1)
  Clock Path Skew:        0.014ns (DCD - SCD - CPR)
    Destination Clock Delay (DCD):    0.280ns
    Source Clock Delay      (SCD):    0.266ns
    Clock Pessimism Removal (CPR):    -0.000ns

    Location             Delay type                Incr(ns)  Path(ns)    Netlist Resource(s)
  -------------------------------------------------------------------    -------------------
                         (clock aclk rise edge)       0.000     0.000 r  
                                                      0.000     0.000 r  aclk (IN)
                         net (fo=376, unset)          0.266     0.266    u_axi/aclk
    SLICE_X23Y77         FDRE                                         r  u_axi/snap_ns_q_reg[2]/C
  -------------------------------------------------------------------    -------------------
    SLICE_X23Y77         FDRE (Prop_fdre_C_Q)         0.100     0.366 r  u_axi/snap_ns_q_reg[2]/Q
                         net (fo=1, routed)           0.122     0.488    u_axi/snap_ns_q[2]
    SLICE_X22Y77         LUT6 (Prop_lut6_I3_O)        0.028     0.516 r  u_axi/s_axi_rdata[2]_i_1/O
                         net (fo=1, routed)           0.000     0.516    u_axi/s_axi_rdata[2]_i_1_n_0
    SLICE_X22Y77         FDRE                                         r  u_axi/s_axi_rdata_reg[2]/D
  -------------------------------------------------------------------    -------------------

                         (clock aclk rise edge)       0.000     0.000 r  
                                                      0.000     0.000 r  aclk (IN)
                         net (fo=376, unset)          0.280     0.280    u_axi/aclk
    SLICE_X22Y77         FDRE                                         r  u_axi/s_axi_rdata_reg[2]/C
                         clock pessimism              0.000     0.280    
    SLICE_X22Y77         FDRE (Hold_fdre_C_D)         0.087     0.367    u_axi/s_axi_rdata_reg[2]
  -------------------------------------------------------------------
                         required time                         -0.367    
                         arrival time                           0.516    
  -------------------------------------------------------------------
                         slack                                  0.149    

Slack (MET) :             0.150ns  (arrival time - required time)
  Source:                 u_axi/snap_ns_q_reg[4]/C
                            (rising edge-triggered cell FDRE clocked by aclk  {rise@0.000ns fall@5.000ns period=10.000ns})
  Destination:            u_axi/s_axi_rdata_reg[4]/D
                            (rising edge-triggered cell FDRE clocked by aclk  {rise@0.000ns fall@5.000ns period=10.000ns})
  Path Group:             aclk
  Path Type:              Hold (Min at Fast Process Corner)
  Requirement:            0.000ns  (aclk rise@0.000ns - aclk rise@0.000ns)
  Data Path Delay:        0.251ns  (logic 0.128ns (51.092%)  route 0.123ns (48.908%))
  Logic Levels:           1  (LUT6=1)
  Clock Path Skew:        0.014ns (DCD - SCD - CPR)
    Destination Clock Delay (DCD):    0.280ns
    Source Clock Delay      (SCD):    0.266ns
    Clock Pessimism Removal (CPR):    -0.000ns

    Location             Delay type                Incr(ns)  Path(ns)    Netlist Resource(s)
  -------------------------------------------------------------------    -------------------
                         (clock aclk rise edge)       0.000     0.000 r  
                                                      0.000     0.000 r  aclk (IN)
                         net (fo=376, unset)          0.266     0.266    u_axi/aclk
    SLICE_X23Y77         FDRE                                         r  u_axi/snap_ns_q_reg[4]/C
  -------------------------------------------------------------------    -------------------
    SLICE_X23Y77         FDRE (Prop_fdre_C_Q)         0.100     0.366 r  u_axi/snap_ns_q_reg[4]/Q
                         net (fo=1, routed)           0.123     0.489    u_axi/snap_ns_q[4]
    SLICE_X22Y77         LUT6 (Prop_lut6_I3_O)        0.028     0.517 r  u_axi/s_axi_rdata[4]_i_1/O
                         net (fo=1, routed)           0.000     0.517    u_axi/s_axi_rdata[4]_i_1_n_0
    SLICE_X22Y77         FDRE                                         r  u_axi/s_axi_rdata_reg[4]/D
  -------------------------------------------------------------------    -------------------

                         (clock aclk rise edge)       0.000     0.000 r  
                                                      0.000     0.000 r  aclk (IN)
                         net (fo=376, unset)          0.280     0.280    u_axi/aclk
    SLICE_X22Y77         FDRE                                         r  u_axi/s_axi_rdata_reg[4]/C
                         clock pessimism              0.000     0.280    
    SLICE_X22Y77         FDRE (Hold_fdre_C_D)         0.087     0.367    u_axi/s_axi_rdata_reg[4]
  -------------------------------------------------------------------
                         required time                         -0.367    
                         arrival time                           0.517    
  -------------------------------------------------------------------
                         slack                                  0.150    

Slack (MET) :             0.150ns  (arrival time - required time)
  Source:                 u_snap/dst_ns_reg[13]/C
                            (rising edge-triggered cell FDRE clocked by aclk  {rise@0.000ns fall@5.000ns period=10.000ns})
  Destination:            u_axi/snap_ns_q_reg[13]/D
                            (rising edge-triggered cell FDRE clocked by aclk  {rise@0.000ns fall@5.000ns period=10.000ns})
  Path Group:             aclk
  Path Type:              Hold (Min at Fast Process Corner)
  Requirement:            0.000ns  (aclk rise@0.000ns - aclk rise@0.000ns)
  Data Path Delay:        0.202ns  (logic 0.100ns (49.566%)  route 0.102ns (50.434%))
  Logic Levels:           0  
  Clock Path Skew:        0.014ns (DCD - SCD - CPR)
    Destination Clock Delay (DCD):    0.280ns
    Source Clock Delay      (SCD):    0.266ns
    Clock Pessimism Removal (CPR):    -0.000ns

    Location             Delay type                Incr(ns)  Path(ns)    Netlist Resource(s)
  -------------------------------------------------------------------    -------------------
                         (clock aclk rise edge)       0.000     0.000 r  
                                                      0.000     0.000 r  aclk (IN)
                         net (fo=376, unset)          0.266     0.266    u_snap/aclk
    SLICE_X24Y86         FDRE                                         r  u_snap/dst_ns_reg[13]/C
  -------------------------------------------------------------------    -------------------
    SLICE_X24Y86         FDRE (Prop_fdre_C_Q)         0.100     0.366 r  u_snap/dst_ns_reg[13]/Q
                         net (fo=1, routed)           0.102     0.468    u_axi/snap_ns_q_reg[31]_0[13]
    SLICE_X26Y85         FDRE                                         r  u_axi/snap_ns_q_reg[13]/D
  -------------------------------------------------------------------    -------------------

                         (clock aclk rise edge)       0.000     0.000 r  
                                                      0.000     0.000 r  aclk (IN)
                         net (fo=376, unset)          0.280     0.280    u_axi/aclk
    SLICE_X26Y85         FDRE                                         r  u_axi/snap_ns_q_reg[13]/C
                         clock pessimism              0.000     0.280    
    SLICE_X26Y85         FDRE (Hold_fdre_C_D)         0.038     0.318    u_axi/snap_ns_q_reg[13]
  -------------------------------------------------------------------
                         required time                         -0.318    
                         arrival time                           0.468    
  -------------------------------------------------------------------
                         slack                                  0.150    

Slack (MET) :             0.150ns  (arrival time - required time)
  Source:                 u_snap/dst_sec_reg[16]/C
                            (rising edge-triggered cell FDRE clocked by aclk  {rise@0.000ns fall@5.000ns period=10.000ns})
  Destination:            u_axi/snap_sec_q_reg[16]/D
                            (rising edge-triggered cell FDRE clocked by aclk  {rise@0.000ns fall@5.000ns period=10.000ns})
  Path Group:             aclk
  Path Type:              Hold (Min at Fast Process Corner)
  Requirement:            0.000ns  (aclk rise@0.000ns - aclk rise@0.000ns)
  Data Path Delay:        0.202ns  (logic 0.100ns (49.391%)  route 0.102ns (50.609%))
  Logic Levels:           0  
  Clock Path Skew:        0.014ns (DCD - SCD - CPR)
    Destination Clock Delay (DCD):    0.280ns
    Source Clock Delay      (SCD):    0.266ns
    Clock Pessimism Removal (CPR):    -0.000ns

    Location             Delay type                Incr(ns)  Path(ns)    Netlist Resource(s)
  -------------------------------------------------------------------    -------------------
                         (clock aclk rise edge)       0.000     0.000 r  
                                                      0.000     0.000 r  aclk (IN)
                         net (fo=376, unset)          0.266     0.266    u_snap/aclk
    SLICE_X21Y79         FDRE                                         r  u_snap/dst_sec_reg[16]/C
  -------------------------------------------------------------------    -------------------
    SLICE_X21Y79         FDRE (Prop_fdre_C_Q)         0.100     0.366 r  u_snap/dst_sec_reg[16]/Q
                         net (fo=1, routed)           0.102     0.469    u_axi/snap_sec_q_reg[47]_0[16]
    SLICE_X23Y79         FDRE                                         r  u_axi/snap_sec_q_reg[16]/D
  -------------------------------------------------------------------    -------------------

                         (clock aclk rise edge)       0.000     0.000 r  
                                                      0.000     0.000 r  aclk (IN)
                         net (fo=376, unset)          0.280     0.280    u_axi/aclk
    SLICE_X23Y79         FDRE                                         r  u_axi/snap_sec_q_reg[16]/C
                         clock pessimism              0.000     0.280    
    SLICE_X23Y79         FDRE (Hold_fdre_C_D)         0.038     0.318    u_axi/snap_sec_q_reg[16]
  -------------------------------------------------------------------
                         required time                         -0.318    
                         arrival time                           0.469    
  -------------------------------------------------------------------
                         slack                                  0.150    





Pulse Width Checks
--------------------------------------------------------------------------------------
Clock Name:         aclk
Waveform(ns):       { 0.000 5.000 }
Period(ns):         10.000
Sources:            { aclk }

Check Type        Corner  Lib Pin  Reference Pin  Required(ns)  Actual(ns)  Slack(ns)  Location      Pin
Min Period        n/a     FDRE/C   n/a            0.750         10.000      9.250      SLICE_X18Y78  u_axi/br_addr_reg[4]/C
Min Period        n/a     FDRE/C   n/a            0.750         10.000      9.250      SLICE_X18Y78  u_axi/br_addr_reg[5]/C
Min Period        n/a     FDRE/C   n/a            0.750         10.000      9.250      SLICE_X18Y78  u_axi/br_addr_reg[6]/C
Min Period        n/a     FDRE/C   n/a            0.750         10.000      9.250      SLICE_X20Y76  u_axi/br_req_reg/C
Min Period        n/a     FDRE/C   n/a            0.750         10.000      9.250      SLICE_X26Y87  u_axi/br_wdata_reg[20]/C
Min Period        n/a     FDRE/C   n/a            0.750         10.000      9.250      SLICE_X26Y87  u_axi/br_wdata_reg[21]/C
Min Period        n/a     FDRE/C   n/a            0.750         10.000      9.250      SLICE_X26Y87  u_axi/br_wdata_reg[22]/C
Min Period        n/a     FDRE/C   n/a            0.750         10.000      9.250      SLICE_X24Y92  u_axi/br_wdata_reg[28]/C
Min Period        n/a     FDRE/C   n/a            0.750         10.000      9.250      SLICE_X24Y92  u_axi/br_wdata_reg[29]/C
Min Period        n/a     FDRE/C   n/a            0.750         10.000      9.250      SLICE_X24Y92  u_axi/br_wdata_reg[30]/C
Min Period        n/a     FDRE/C   n/a            0.750         10.000      9.250      SLICE_X24Y78  u_axi/br_wdata_reg[7]/C
Min Period        n/a     FDRE/C   n/a            0.750         10.000      9.250      SLICE_X24Y78  u_axi/br_wdata_reg[9]/C
Min Period        n/a     FDRE/C   n/a            0.750         10.000      9.250      SLICE_X16Y74  u_axi/br_we_reg/C
Min Period        n/a     FDRE/C   n/a            0.750         10.000      9.250      SLICE_X21Y74  u_axi/s_axi_awready_reg/C
Min Period        n/a     FDRE/C   n/a            0.750         10.000      9.250      SLICE_X9Y92   u_axi/snap_ns_q_reg[29]/C
Min Period        n/a     FDRE/C   n/a            0.750         10.000      9.250      SLICE_X25Y79  u_axi/snap_sec_q_reg[0]/C
Min Period        n/a     FDRE/C   n/a            0.750         10.000      9.250      SLICE_X9Y92   u_axi/snap_sec_q_reg[24]/C
Min Period        n/a     FDRE/C   n/a            0.750         10.000      9.250      SLICE_X9Y92   u_axi/snap_sec_q_reg[27]/C
Min Period        n/a     FDRE/C   n/a            0.750         10.000      9.250      SLICE_X9Y92   u_axi/snap_sec_q_reg[29]/C
Min Period        n/a     FDRE/C   n/a            0.750         10.000      9.250      SLICE_X26Y85  u_axi/snap_sec_q_reg[30]/C
Low Pulse Width   Slow    FDRE/C   n/a            0.400         5.000       4.600      SLICE_X18Y78  u_axi/br_addr_reg[4]/C
Low Pulse Width   Fast    FDRE/C   n/a            0.400         5.000       4.600      SLICE_X18Y78  u_axi/br_addr_reg[4]/C
Low Pulse Width   Slow    FDRE/C   n/a            0.400         5.000       4.600      SLICE_X18Y78  u_axi/br_addr_reg[5]/C
Low Pulse Width   Fast    FDRE/C   n/a            0.400         5.000       4.600      SLICE_X18Y78  u_axi/br_addr_reg[5]/C
Low Pulse Width   Slow    FDRE/C   n/a            0.400         5.000       4.600      SLICE_X18Y78  u_axi/br_addr_reg[6]/C
Low Pulse Width   Fast    FDRE/C   n/a            0.400         5.000       4.600      SLICE_X18Y78  u_axi/br_addr_reg[6]/C
Low Pulse Width   Slow    FDRE/C   n/a            0.400         5.000       4.600      SLICE_X20Y76  u_axi/br_req_reg/C
Low Pulse Width   Fast    FDRE/C   n/a            0.400         5.000       4.600      SLICE_X20Y76  u_axi/br_req_reg/C
Low Pulse Width   Slow    FDRE/C   n/a            0.400         5.000       4.600      SLICE_X26Y87  u_axi/br_wdata_reg[20]/C
Low Pulse Width   Fast    FDRE/C   n/a            0.400         5.000       4.600      SLICE_X26Y87  u_axi/br_wdata_reg[20]/C
Low Pulse Width   Slow    FDRE/C   n/a            0.400         5.000       4.600      SLICE_X26Y87  u_axi/br_wdata_reg[21]/C
Low Pulse Width   Fast    FDRE/C   n/a            0.400         5.000       4.600      SLICE_X26Y87  u_axi/br_wdata_reg[21]/C
Low Pulse Width   Slow    FDRE/C   n/a            0.400         5.000       4.600      SLICE_X26Y87  u_axi/br_wdata_reg[22]/C
Low Pulse Width   Fast    FDRE/C   n/a            0.400         5.000       4.600      SLICE_X26Y87  u_axi/br_wdata_reg[22]/C
Low Pulse Width   Slow    FDRE/C   n/a            0.400         5.000       4.600      SLICE_X24Y92  u_axi/br_wdata_reg[28]/C
Low Pulse Width   Fast    FDRE/C   n/a            0.400         5.000       4.600      SLICE_X24Y92  u_axi/br_wdata_reg[28]/C
Low Pulse Width   Slow    FDRE/C   n/a            0.400         5.000       4.600      SLICE_X24Y92  u_axi/br_wdata_reg[29]/C
Low Pulse Width   Fast    FDRE/C   n/a            0.400         5.000       4.600      SLICE_X24Y92  u_axi/br_wdata_reg[29]/C
Low Pulse Width   Slow    FDRE/C   n/a            0.400         5.000       4.600      SLICE_X24Y92  u_axi/br_wdata_reg[30]/C
Low Pulse Width   Fast    FDRE/C   n/a            0.400         5.000       4.600      SLICE_X24Y92  u_axi/br_wdata_reg[30]/C
High Pulse Width  Slow    FDRE/C   n/a            0.350         5.000       4.650      SLICE_X21Y74  u_axi/FSM_sequential_state_reg[0]/C
High Pulse Width  Fast    FDRE/C   n/a            0.350         5.000       4.650      SLICE_X21Y74  u_axi/FSM_sequential_state_reg[0]/C
High Pulse Width  Slow    FDRE/C   n/a            0.350         5.000       4.650      SLICE_X21Y74  u_axi/FSM_sequential_state_reg[1]/C
High Pulse Width  Fast    FDRE/C   n/a            0.350         5.000       4.650      SLICE_X21Y74  u_axi/FSM_sequential_state_reg[1]/C
High Pulse Width  Slow    FDRE/C   n/a            0.350         5.000       4.650      SLICE_X22Y74  u_axi/FSM_sequential_state_reg[2]/C
High Pulse Width  Fast    FDRE/C   n/a            0.350         5.000       4.650      SLICE_X22Y74  u_axi/FSM_sequential_state_reg[2]/C
High Pulse Width  Slow    FDRE/C   n/a            0.350         5.000       4.650      SLICE_X23Y75  u_axi/addr_q_reg[0]/C
High Pulse Width  Fast    FDRE/C   n/a            0.350         5.000       4.650      SLICE_X23Y75  u_axi/addr_q_reg[0]/C
High Pulse Width  Slow    FDRE/C   n/a            0.350         5.000       4.650      SLICE_X15Y74  u_axi/addr_q_reg[10]/C
High Pulse Width  Fast    FDRE/C   n/a            0.350         5.000       4.650      SLICE_X15Y74  u_axi/addr_q_reg[10]/C
High Pulse Width  Slow    FDRE/C   n/a            0.350         5.000       4.650      SLICE_X15Y74  u_axi/addr_q_reg[11]/C
High Pulse Width  Fast    FDRE/C   n/a            0.350         5.000       4.650      SLICE_X15Y74  u_axi/addr_q_reg[11]/C
High Pulse Width  Slow    FDRE/C   n/a            0.350         5.000       4.650      SLICE_X23Y75  u_axi/addr_q_reg[1]/C
High Pulse Width  Fast    FDRE/C   n/a            0.350         5.000       4.650      SLICE_X23Y75  u_axi/addr_q_reg[1]/C
High Pulse Width  Slow    FDRE/C   n/a            0.350         5.000       4.650      SLICE_X23Y75  u_axi/addr_q_reg[2]/C
High Pulse Width  Fast    FDRE/C   n/a            0.350         5.000       4.650      SLICE_X23Y75  u_axi/addr_q_reg[2]/C
High Pulse Width  Slow    FDRE/C   n/a            0.350         5.000       4.650      SLICE_X23Y75  u_axi/addr_q_reg[3]/C
High Pulse Width  Fast    FDRE/C   n/a            0.350         5.000       4.650      SLICE_X23Y75  u_axi/addr_q_reg[3]/C
High Pulse Width  Slow    FDRE/C   n/a            0.350         5.000       4.650      SLICE_X22Y75  u_axi/addr_q_reg[4]/C
High Pulse Width  Fast    FDRE/C   n/a            0.350         5.000       4.650      SLICE_X22Y75  u_axi/addr_q_reg[4]/C



---------------------------------------------------------------------------------------------------
From Clock:  net_clk
  To Clock:  net_clk

Setup :            0  Failing Endpoints,  Worst Slack        0.877ns,  Total Violation        0.000ns
Hold  :            0  Failing Endpoints,  Worst Slack        0.095ns,  Total Violation        0.000ns
PW    :            0  Failing Endpoints,  Worst Slack        2.432ns,  Total Violation        0.000ns
---------------------------------------------------------------------------------------------------


Max Delay Paths
--------------------------------------------------------------------------------------
Slack (MET) :             0.877ns  (required time - arrival time)
  Source:                 u_hist/bin_mem_reg/CLKARDCLK
                            (rising edge-triggered cell RAMB18E1 clocked by net_clk  {rise@0.000ns fall@3.200ns period=6.400ns})
  Destination:            u_hist/bin_mem_reg/DIBDI[13]
                            (rising edge-triggered cell RAMB18E1 clocked by net_clk  {rise@0.000ns fall@3.200ns period=6.400ns})
  Path Group:             net_clk
  Path Type:              Setup (Max at Slow Process Corner)
  Requirement:            6.400ns  (net_clk rise@6.400ns - net_clk rise@0.000ns)
  Data Path Delay:        5.186ns  (logic 2.909ns (56.092%)  route 2.277ns (43.908%))
  Logic Levels:           12  (CARRY4=8 LUT2=1 LUT3=1 LUT5=1 LUT6=1)
  Clock Path Skew:        -0.027ns (DCD - SCD + CPR)
    Destination Clock Delay (DCD):    0.510ns = ( 6.910 - 6.400 ) 
    Source Clock Delay      (SCD):    0.537ns
    Clock Pessimism Removal (CPR):    0.000ns
  Clock Uncertainty:      0.035ns  ((TSJ^2 + TIJ^2)^1/2 + DJ) / 2 + PE
    Total System Jitter     (TSJ):    0.071ns
    Total Input Jitter      (TIJ):    0.000ns
    Discrete Jitter          (DJ):    0.000ns
    Phase Error              (PE):    0.000ns

    Location             Delay type                Incr(ns)  Path(ns)    Netlist Resource(s)
  -------------------------------------------------------------------    -------------------
                         (clock net_clk rise edge)    0.000     0.000 r  
                                                      0.000     0.000 r  net_clk (IN)
                         net (fo=1291, unset)         0.537     0.537    u_hist/net_clk
    RAMB18_X0Y30         RAMB18E1                                     r  u_hist/bin_mem_reg/CLKARDCLK
  -------------------------------------------------------------------    -------------------
    RAMB18_X0Y30         RAMB18E1 (Prop_ramb18e1_CLKARDCLK_DOADO[0])
                                                      1.800     2.337 f  u_hist/bin_mem_reg/DOADO[0]
                         net (fo=3, routed)           0.609     2.946    u_hist/ra_data[0]
    SLICE_X5Y72          LUT3 (Prop_lut3_I0_O)        0.049     2.995 r  u_hist/last_data[3]_i_7/O
                         net (fo=2, routed)           0.440     3.434    u_hist/last_data[3]_i_7_n_0
    SLICE_X5Y73          LUT5 (Prop_lut5_I1_O)        0.136     3.570 r  u_hist/last_data[3]_i_8/O
                         net (fo=1, routed)           0.450     4.020    u_hist/last_data[3]_i_8_n_0
    SLICE_X4Y71          LUT6 (Prop_lut6_I1_O)        0.043     4.063 r  u_hist/last_data[3]_i_6/O
                         net (fo=1, routed)           0.000     4.063    u_hist/last_data[3]_i_6_n_0
    SLICE_X4Y71          CARRY4 (Prop_carry4_S[0]_CO[3])
                                                      0.259     4.322 r  u_hist/last_data_reg[3]_i_1/CO[3]
                         net (fo=1, routed)           0.000     4.322    u_hist/last_data_reg[3]_i_1_n_0
    SLICE_X4Y72          CARRY4 (Prop_carry4_CI_CO[3])
                                                      0.053     4.375 r  u_hist/last_data_reg[7]_i_1/CO[3]
                         net (fo=1, routed)           0.000     4.375    u_hist/last_data_reg[7]_i_1_n_0
    SLICE_X4Y73          CARRY4 (Prop_carry4_CI_CO[3])
                                                      0.053     4.428 r  u_hist/last_data_reg[11]_i_1/CO[3]
                         net (fo=1, routed)           0.000     4.428    u_hist/last_data_reg[11]_i_1_n_0
    SLICE_X4Y74          CARRY4 (Prop_carry4_CI_CO[3])
                                                      0.053     4.481 r  u_hist/last_data_reg[15]_i_1/CO[3]
                         net (fo=1, routed)           0.007     4.488    u_hist/last_data_reg[15]_i_1_n_0
    SLICE_X4Y75          CARRY4 (Prop_carry4_CI_CO[3])
                                                      0.053     4.541 r  u_hist/last_data_reg[19]_i_1/CO[3]
                         net (fo=1, routed)           0.000     4.541    u_hist/last_data_reg[19]_i_1_n_0
    SLICE_X4Y76          CARRY4 (Prop_carry4_CI_CO[3])
                                                      0.053     4.594 r  u_hist/last_data_reg[23]_i_1/CO[3]
                         net (fo=1, routed)           0.000     4.594    u_hist/last_data_reg[23]_i_1_n_0
    SLICE_X4Y77          CARRY4 (Prop_carry4_CI_CO[3])
                                                      0.053     4.647 r  u_hist/last_data_reg[27]_i_1/CO[3]
                         net (fo=1, routed)           0.000     4.647    u_hist/last_data_reg[27]_i_1_n_0
    SLICE_X4Y78          CARRY4 (Prop_carry4_CI_O[1])
                                                      0.173     4.820 r  u_hist/last_data_reg[31]_i_2/O[1]
                         net (fo=2, routed)           0.443     5.263    u_hist/new_val[29]
    SLICE_X7Y76          LUT2 (Prop_lut2_I0_O)        0.131     5.394 r  u_hist/bin_mem_reg_i_33/O
                         net (fo=1, routed)           0.329     5.723    u_hist/wdata[29]
    RAMB18_X0Y30         RAMB18E1                                     r  u_hist/bin_mem_reg/DIBDI[13]
  -------------------------------------------------------------------    -------------------

                         (clock net_clk rise edge)    6.400     6.400 r  
                                                      0.000     6.400 r  net_clk (IN)
                         net (fo=1291, unset)         0.510     6.910    u_hist/net_clk
    RAMB18_X0Y30         RAMB18E1                                     r  u_hist/bin_mem_reg/CLKBWRCLK
                         clock pessimism              0.000     6.910    
                         clock uncertainty           -0.035     6.875    
    RAMB18_X0Y30         RAMB18E1 (Setup_ramb18e1_CLKBWRCLK_DIBDI[13])
                                                     -0.275     6.600    u_hist/bin_mem_reg
  -------------------------------------------------------------------
                         required time                          6.600    
                         arrival time                          -5.723    
  -------------------------------------------------------------------
                         slack                                  0.877    

Slack (MET) :             0.971ns  (required time - arrival time)
  Source:                 u_hist/bin_mem_reg/CLKARDCLK
                            (rising edge-triggered cell RAMB18E1 clocked by net_clk  {rise@0.000ns fall@3.200ns period=6.400ns})
  Destination:            u_hist/bin_mem_reg/DIBDI[12]
                            (rising edge-triggered cell RAMB18E1 clocked by net_clk  {rise@0.000ns fall@3.200ns period=6.400ns})
  Path Group:             net_clk
  Path Type:              Setup (Max at Slow Process Corner)
  Requirement:            6.400ns  (net_clk rise@6.400ns - net_clk rise@0.000ns)
  Data Path Delay:        5.094ns  (logic 2.850ns (55.947%)  route 2.244ns (44.053%))
  Logic Levels:           12  (CARRY4=8 LUT2=1 LUT3=1 LUT5=1 LUT6=1)
  Clock Path Skew:        -0.027ns (DCD - SCD + CPR)
    Destination Clock Delay (DCD):    0.510ns = ( 6.910 - 6.400 ) 
    Source Clock Delay      (SCD):    0.537ns
    Clock Pessimism Removal (CPR):    0.000ns
  Clock Uncertainty:      0.035ns  ((TSJ^2 + TIJ^2)^1/2 + DJ) / 2 + PE
    Total System Jitter     (TSJ):    0.071ns
    Total Input Jitter      (TIJ):    0.000ns
    Discrete Jitter          (DJ):    0.000ns
    Phase Error              (PE):    0.000ns

    Location             Delay type                Incr(ns)  Path(ns)    Netlist Resource(s)
  -------------------------------------------------------------------    -------------------
                         (clock net_clk rise edge)    0.000     0.000 r  
                                                      0.000     0.000 r  net_clk (IN)
                         net (fo=1291, unset)         0.537     0.537    u_hist/net_clk
    RAMB18_X0Y30         RAMB18E1                                     r  u_hist/bin_mem_reg/CLKARDCLK
  -------------------------------------------------------------------    -------------------
    RAMB18_X0Y30         RAMB18E1 (Prop_ramb18e1_CLKARDCLK_DOADO[0])
                                                      1.800     2.337 f  u_hist/bin_mem_reg/DOADO[0]
                         net (fo=3, routed)           0.609     2.946    u_hist/ra_data[0]
    SLICE_X5Y72          LUT3 (Prop_lut3_I0_O)        0.049     2.995 r  u_hist/last_data[3]_i_7/O
                         net (fo=2, routed)           0.440     3.434    u_hist/last_data[3]_i_7_n_0
    SLICE_X5Y73          LUT5 (Prop_lut5_I1_O)        0.136     3.570 r  u_hist/last_data[3]_i_8/O
                         net (fo=1, routed)           0.450     4.020    u_hist/last_data[3]_i_8_n_0
    SLICE_X4Y71          LUT6 (Prop_lut6_I1_O)        0.043     4.063 r  u_hist/last_data[3]_i_6/O
                         net (fo=1, routed)           0.000     4.063    u_hist/last_data[3]_i_6_n_0
    SLICE_X4Y71          CARRY4 (Prop_carry4_S[0]_CO[3])
                                                      0.259     4.322 r  u_hist/last_data_reg[3]_i_1/CO[3]
                         net (fo=1, routed)           0.000     4.322    u_hist/last_data_reg[3]_i_1_n_0
    SLICE_X4Y72          CARRY4 (Prop_carry4_CI_CO[3])
                                                      0.053     4.375 r  u_hist/last_data_reg[7]_i_1/CO[3]
                         net (fo=1, routed)           0.000     4.375    u_hist/last_data_reg[7]_i_1_n_0
    SLICE_X4Y73          CARRY4 (Prop_carry4_CI_CO[3])
                                                      0.053     4.428 r  u_hist/last_data_reg[11]_i_1/CO[3]
                         net (fo=1, routed)           0.000     4.428    u_hist/last_data_reg[11]_i_1_n_0
    SLICE_X4Y74          CARRY4 (Prop_carry4_CI_CO[3])
                                                      0.053     4.481 r  u_hist/last_data_reg[15]_i_1/CO[3]
                         net (fo=1, routed)           0.007     4.488    u_hist/last_data_reg[15]_i_1_n_0
    SLICE_X4Y75          CARRY4 (Prop_carry4_CI_CO[3])
                                                      0.053     4.541 r  u_hist/last_data_reg[19]_i_1/CO[3]
                         net (fo=1, routed)           0.000     4.541    u_hist/last_data_reg[19]_i_1_n_0
    SLICE_X4Y76          CARRY4 (Prop_carry4_CI_CO[3])
                                                      0.053     4.594 r  u_hist/last_data_reg[23]_i_1/CO[3]
                         net (fo=1, routed)           0.000     4.594    u_hist/last_data_reg[23]_i_1_n_0
    SLICE_X4Y77          CARRY4 (Prop_carry4_CI_CO[3])
                                                      0.053     4.647 r  u_hist/last_data_reg[27]_i_1/CO[3]
                         net (fo=1, routed)           0.000     4.647    u_hist/last_data_reg[27]_i_1_n_0
    SLICE_X4Y78          CARRY4 (Prop_carry4_CI_O[0])
                                                      0.117     4.764 r  u_hist/last_data_reg[31]_i_2/O[0]
                         net (fo=2, routed)           0.557     5.321    u_hist/new_val[28]
    SLICE_X8Y76          LUT2 (Prop_lut2_I0_O)        0.128     5.449 r  u_hist/bin_mem_reg_i_34/O
                         net (fo=1, routed)           0.182     5.631    u_hist/wdata[28]
    RAMB18_X0Y30         RAMB18E1                                     r  u_hist/bin_mem_reg/DIBDI[12]
  -------------------------------------------------------------------    -------------------

                         (clock net_clk rise edge)    6.400     6.400 r  
                                                      0.000     6.400 r  net_clk (IN)
                         net (fo=1291, unset)         0.510     6.910    u_hist/net_clk
    RAMB18_X0Y30         RAMB18E1                                     r  u_hist/bin_mem_reg/CLKBWRCLK
                         clock pessimism              0.000     6.910    
                         clock uncertainty           -0.035     6.875    
    RAMB18_X0Y30         RAMB18E1 (Setup_ramb18e1_CLKBWRCLK_DIBDI[12])
                                                     -0.273     6.602    u_hist/bin_mem_reg
  -------------------------------------------------------------------
                         required time                          6.602    
                         arrival time                          -5.631    
  -------------------------------------------------------------------
                         slack                                  0.971    

Slack (MET) :             0.992ns  (required time - arrival time)
  Source:                 u_hist/bin_mem_reg/CLKARDCLK
                            (rising edge-triggered cell RAMB18E1 clocked by net_clk  {rise@0.000ns fall@3.200ns period=6.400ns})
  Destination:            u_hist/bin_mem_reg/DIBDI[15]
                            (rising edge-triggered cell RAMB18E1 clocked by net_clk  {rise@0.000ns fall@3.200ns period=6.400ns})
  Path Group:             net_clk
  Path Type:              Setup (Max at Slow Process Corner)
  Requirement:            6.400ns  (net_clk rise@6.400ns - net_clk rise@0.000ns)
  Data Path Delay:        5.070ns  (logic 2.892ns (57.045%)  route 2.178ns (42.955%))
  Logic Levels:           12  (CARRY4=8 LUT2=1 LUT3=1 LUT5=1 LUT6=1)
  Clock Path Skew:        -0.027ns (DCD - SCD + CPR)
    Destination Clock Delay (DCD):    0.510ns = ( 6.910 - 6.400 ) 
    Source Clock Delay      (SCD):    0.537ns
    Clock Pessimism Removal (CPR):    0.000ns
  Clock Uncertainty:      0.035ns  ((TSJ^2 + TIJ^2)^1/2 + DJ) / 2 + PE
    Total System Jitter     (TSJ):    0.071ns
    Total Input Jitter      (TIJ):    0.000ns
    Discrete Jitter          (DJ):    0.000ns
    Phase Error              (PE):    0.000ns

    Location             Delay type                Incr(ns)  Path(ns)    Netlist Resource(s)
  -------------------------------------------------------------------    -------------------
                         (clock net_clk rise edge)    0.000     0.000 r  
                                                      0.000     0.000 r  net_clk (IN)
                         net (fo=1291, unset)         0.537     0.537    u_hist/net_clk
    RAMB18_X0Y30         RAMB18E1                                     r  u_hist/bin_mem_reg/CLKARDCLK
  -------------------------------------------------------------------    -------------------
    RAMB18_X0Y30         RAMB18E1 (Prop_ramb18e1_CLKARDCLK_DOADO[0])
                                                      1.800     2.337 f  u_hist/bin_mem_reg/DOADO[0]
                         net (fo=3, routed)           0.609     2.946    u_hist/ra_data[0]
    SLICE_X5Y72          LUT3 (Prop_lut3_I0_O)        0.049     2.995 r  u_hist/last_data[3]_i_7/O
                         net (fo=2, routed)           0.440     3.434    u_hist/last_data[3]_i_7_n_0
    SLICE_X5Y73          LUT5 (Prop_lut5_I1_O)        0.136     3.570 r  u_hist/last_data[3]_i_8/O
                         net (fo=1, routed)           0.450     4.020    u_hist/last_data[3]_i_8_n_0
    SLICE_X4Y71          LUT6 (Prop_lut6_I1_O)        0.043     4.063 r  u_hist/last_data[3]_i_6/O
                         net (fo=1, routed)           0.000     4.063    u_hist/last_data[3]_i_6_n_0
    SLICE_X4Y71          CARRY4 (Prop_carry4_S[0]_CO[3])
                                                      0.259     4.322 r  u_hist/last_data_reg[3]_i_1/CO[3]
                         net (fo=1, routed)           0.000     4.322    u_hist/last_data_reg[3]_i_1_n_0
    SLICE_X4Y72          CARRY4 (Prop_carry4_CI_CO[3])
                                                      0.053     4.375 r  u_hist/last_data_reg[7]_i_1/CO[3]
                         net (fo=1, routed)           0.000     4.375    u_hist/last_data_reg[7]_i_1_n_0
    SLICE_X4Y73          CARRY4 (Prop_carry4_CI_CO[3])
                                                      0.053     4.428 r  u_hist/last_data_reg[11]_i_1/CO[3]
                         net (fo=1, routed)           0.000     4.428    u_hist/last_data_reg[11]_i_1_n_0
    SLICE_X4Y74          CARRY4 (Prop_carry4_CI_CO[3])
                                                      0.053     4.481 r  u_hist/last_data_reg[15]_i_1/CO[3]
                         net (fo=1, routed)           0.007     4.488    u_hist/last_data_reg[15]_i_1_n_0
    SLICE_X4Y75          CARRY4 (Prop_carry4_CI_CO[3])
                                                      0.053     4.541 r  u_hist/last_data_reg[19]_i_1/CO[3]
                         net (fo=1, routed)           0.000     4.541    u_hist/last_data_reg[19]_i_1_n_0
    SLICE_X4Y76          CARRY4 (Prop_carry4_CI_CO[3])
                                                      0.053     4.594 r  u_hist/last_data_reg[23]_i_1/CO[3]
                         net (fo=1, routed)           0.000     4.594    u_hist/last_data_reg[23]_i_1_n_0
    SLICE_X4Y77          CARRY4 (Prop_carry4_CI_CO[3])
                                                      0.053     4.647 r  u_hist/last_data_reg[27]_i_1/CO[3]
                         net (fo=1, routed)           0.000     4.647    u_hist/last_data_reg[27]_i_1_n_0
    SLICE_X4Y78          CARRY4 (Prop_carry4_CI_O[3])
                                                      0.155     4.802 r  u_hist/last_data_reg[31]_i_2/O[3]
                         net (fo=2, routed)           0.324     5.126    u_hist/new_val[31]
    SLICE_X7Y77          LUT2 (Prop_lut2_I0_O)        0.132     5.258 r  u_hist/bin_mem_reg_i_31/O
                         net (fo=1, routed)           0.348     5.607    u_hist/wdata[31]
    RAMB18_X0Y30         RAMB18E1                                     r  u_hist/bin_mem_reg/DIBDI[15]
  -------------------------------------------------------------------    -------------------

                         (clock net_clk rise edge)    6.400     6.400 r  
                                                      0.000     6.400 r  net_clk (IN)
                         net (fo=1291, unset)         0.510     6.910    u_hist/net_clk
    RAMB18_X0Y30         RAMB18E1                                     r  u_hist/bin_mem_reg/CLKBWRCLK
                         clock pessimism              0.000     6.910    
                         clock uncertainty           -0.035     6.875    
    RAMB18_X0Y30         RAMB18E1 (Setup_ramb18e1_CLKBWRCLK_DIBDI[15])
                                                     -0.276     6.599    u_hist/bin_mem_reg
  -------------------------------------------------------------------
                         required time                          6.599    
                         arrival time                          -5.607    
  -------------------------------------------------------------------
                         slack                                  0.992    

Slack (MET) :             1.108ns  (required time - arrival time)
  Source:                 u_hist/bin_mem_reg/CLKARDCLK
                            (rising edge-triggered cell RAMB18E1 clocked by net_clk  {rise@0.000ns fall@3.200ns period=6.400ns})
  Destination:            u_hist/bin_mem_reg/DIADI[13]
                            (rising edge-triggered cell RAMB18E1 clocked by net_clk  {rise@0.000ns fall@3.200ns period=6.400ns})
  Path Group:             net_clk
  Path Type:              Setup (Max at Slow Process Corner)
  Requirement:            6.400ns  (net_clk rise@6.400ns - net_clk rise@0.000ns)
  Data Path Delay:        4.957ns  (logic 2.692ns (54.308%)  route 2.265ns (45.692%))
  Logic Levels:           8  (CARRY4=4 LUT2=1 LUT3=1 LUT5=1 LUT6=1)
  Clock Path Skew:        -0.027ns (DCD - SCD + CPR)
    Destination Clock Delay (DCD):    0.510ns = ( 6.910 - 6.400 ) 
    Source Clock Delay      (SCD):    0.537ns
    Clock Pessimism Removal (CPR):    0.000ns
  Clock Uncertainty:      0.035ns  ((TSJ^2 + TIJ^2)^1/2 + DJ) / 2 + PE
    Total System Jitter     (TSJ):    0.071ns
    Total Input Jitter      (TIJ):    0.000ns
    Discrete Jitter          (DJ):    0.000ns
    Phase Error              (PE):    0.000ns

    Location             Delay type                Incr(ns)  Path(ns)    Netlist Resource(s)
  -------------------------------------------------------------------    -------------------
                         (clock net_clk rise edge)    0.000     0.000 r  
                                                      0.000     0.000 r  net_clk (IN)
                         net (fo=1291, unset)         0.537     0.537    u_hist/net_clk
    RAMB18_X0Y30         RAMB18E1                                     r  u_hist/bin_mem_reg/CLKARDCLK
  -------------------------------------------------------------------    -------------------
    RAMB18_X0Y30         RAMB18E1 (Prop_ramb18e1_CLKARDCLK_DOADO[0])
                                                      1.800     2.337 f  u_hist/bin_mem_reg/DOADO[0]
                         net (fo=3, routed)           0.609     2.946    u_hist/ra_data[0]
    SLICE_X5Y72          LUT3 (Prop_lut3_I0_O)        0.049     2.995 r  u_hist/last_data[3]_i_7/O
                         net (fo=2, routed)           0.440     3.434    u_hist/last_data[3]_i_7_n_0
    SLICE_X5Y73          LUT5 (Prop_lut5_I1_O)        0.136     3.570 r  u_hist/last_data[3]_i_8/O
                         net (fo=1, routed)           0.450     4.020    u_hist/last_data[3]_i_8_n_0
    SLICE_X4Y71          LUT6 (Prop_lut6_I1_O)        0.043     4.063 r  u_hist/last_data[3]_i_6/O
                         net (fo=1, routed)           0.000     4.063    u_hist/last_data[3]_i_6_n_0
    SLICE_X4Y71          CARRY4 (Prop_carry4_S[0]_CO[3])
                                                      0.259     4.322 r  u_hist/last_data_reg[3]_i_1/CO[3]
                         net (fo=1, routed)           0.000     4.322    u_hist/last_data_reg[3]_i_1_n_0
    SLICE_X4Y72          CARRY4 (Prop_carry4_CI_CO[3])
                                                      0.053     4.375 r  u_hist/last_data_reg[7]_i_1/CO[3]
                         net (fo=1, routed)           0.000     4.375    u_hist/last_data_reg[7]_i_1_n_0
    SLICE_X4Y73          CARRY4 (Prop_carry4_CI_CO[3])
                                                      0.053     4.428 r  u_hist/last_data_reg[11]_i_1/CO[3]
                         net (fo=1, routed)           0.000     4.428    u_hist/last_data_reg[11]_i_1_n_0
    SLICE_X4Y74          CARRY4 (Prop_carry4_CI_O[1])
                                                      0.173     4.601 r  u_hist/last_data_reg[15]_i_1/O[1]
                         net (fo=2, routed)           0.405     5.006    u_hist/new_val[13]
    SLICE_X8Y75          LUT2 (Prop_lut2_I0_O)        0.126     5.132 r  u_hist/bin_mem_reg_i_17/O
                         net (fo=1, routed)           0.362     5.494    u_hist/wdata[13]
    RAMB18_X0Y30         RAMB18E1                                     r  u_hist/bin_mem_reg/DIADI[13]
  -------------------------------------------------------------------    -------------------

                         (clock net_clk rise edge)    6.400     6.400 r  
                                                      0.000     6.400 r  net_clk (IN)
                         net (fo=1291, unset)         0.510     6.910    u_hist/net_clk
    RAMB18_X0Y30         RAMB18E1                                     r  u_hist/bin_mem_reg/CLKBWRCLK
                         clock pessimism              0.000     6.910    
                         clock uncertainty           -0.035     6.875    
    RAMB18_X0Y30         RAMB18E1 (Setup_ramb18e1_CLKBWRCLK_DIADI[13])
                                                     -0.273     6.602    u_hist/bin_mem_reg
  -------------------------------------------------------------------
                         required time                          6.602    
                         arrival time                          -5.494    
  -------------------------------------------------------------------
                         slack                                  1.108    

Slack (MET) :             1.135ns  (required time - arrival time)
  Source:                 u_hist/bin_mem_reg/CLKARDCLK
                            (rising edge-triggered cell RAMB18E1 clocked by net_clk  {rise@0.000ns fall@3.200ns period=6.400ns})
  Destination:            u_hist/bin_mem_reg/DIBDI[1]
                            (rising edge-triggered cell RAMB18E1 clocked by net_clk  {rise@0.000ns fall@3.200ns period=6.400ns})
  Path Group:             net_clk
  Path Type:              Setup (Max at Slow Process Corner)
  Requirement:            6.400ns  (net_clk rise@6.400ns - net_clk rise@0.000ns)
  Data Path Delay:        4.928ns  (logic 2.751ns (55.829%)  route 2.177ns (44.171%))
  Logic Levels:           9  (CARRY4=5 LUT2=1 LUT3=1 LUT5=1 LUT6=1)
  Clock Path Skew:        -0.027ns (DCD - SCD + CPR)
    Destination Clock Delay (DCD):    0.510ns = ( 6.910 - 6.400 ) 
    Source Clock Delay      (SCD):    0.537ns
    Clock Pessimism Removal (CPR):    0.000ns
  Clock Uncertainty:      0.035ns  ((TSJ^2 + TIJ^2)^1/2 + DJ) / 2 + PE
    Total System Jitter     (TSJ):    0.071ns
    Total Input Jitter      (TIJ):    0.000ns
    Discrete Jitter          (DJ):    0.000ns
    Phase Error              (PE):    0.000ns

    Location             Delay type                Incr(ns)  Path(ns)    Netlist Resource(s)
  -------------------------------------------------------------------    -------------------
                         (clock net_clk rise edge)    0.000     0.000 r  
                                                      0.000     0.000 r  net_clk (IN)
                         net (fo=1291, unset)         0.537     0.537    u_hist/net_clk
    RAMB18_X0Y30         RAMB18E1                                     r  u_hist/bin_mem_reg/CLKARDCLK
  -------------------------------------------------------------------    -------------------
    RAMB18_X0Y30         RAMB18E1 (Prop_ramb18e1_CLKARDCLK_DOADO[0])
                                                      1.800     2.337 f  u_hist/bin_mem_reg/DOADO[0]
                         net (fo=3, routed)           0.609     2.946    u_hist/ra_data[0]
    SLICE_X5Y72          LUT3 (Prop_lut3_I0_O)        0.049     2.995 r  u_hist/last_data[3]_i_7/O
                         net (fo=2, routed)           0.440     3.434    u_hist/last_data[3]_i_7_n_0
    SLICE_X5Y73          LUT5 (Prop_lut5_I1_O)        0.136     3.570 r  u_hist/last_data[3]_i_8/O
                         net (fo=1, routed)           0.450     4.020    u_hist/last_data[3]_i_8_n_0
    SLICE_X4Y71          LUT6 (Prop_lut6_I1_O)        0.043     4.063 r  u_hist/last_data[3]_i_6/O
                         net (fo=1, routed)           0.000     4.063    u_hist/last_data[3]_i_6_n_0
    SLICE_X4Y71          CARRY4 (Prop_carry4_S[0]_CO[3])
                                                      0.259     4.322 r  u_hist/last_data_reg[3]_i_1/CO[3]
                         net (fo=1, routed)           0.000     4.322    u_hist/last_data_reg[3]_i_1_n_0
    SLICE_X4Y72          CARRY4 (Prop_carry4_CI_CO[3])
                                                      0.053     4.375 r  u_hist/last_data_reg[7]_i_1/CO[3]
                         net (fo=1, routed)           0.000     4.375    u_hist/last_data_reg[7]_i_1_n_0
    SLICE_X4Y73          CARRY4 (Prop_carry4_CI_CO[3])
                                                      0.053     4.428 r  u_hist/last_data_reg[11]_i_1/CO[3]
                         net (fo=1, routed)           0.000     4.428    u_hist/last_data_reg[11]_i_1_n_0
    SLICE_X4Y74          CARRY4 (Prop_carry4_CI_CO[3])
                                                      0.053     4.481 r  u_hist/last_data_reg[15]_i_1/CO[3]
                         net (fo=1, routed)           0.007     4.488    u_hist/last_data_reg[15]_i_1_n_0
    SLICE_X4Y75          CARRY4 (Prop_carry4_CI_O[1])
                                                      0.173     4.661 r  u_hist/last_data_reg[19]_i_1/O[1]
                         net (fo=2, routed)           0.317     4.978    u_hist/new_val[17]
    SLICE_X5Y75          LUT2 (Prop_lut2_I0_O)        0.132     5.110 r  u_hist/bin_mem_reg_i_45/O
                         net (fo=1, routed)           0.354     5.465    u_hist/wdata[17]
    RAMB18_X0Y30         RAMB18E1                                     r  u_hist/bin_mem_reg/DIBDI[1]
  -------------------------------------------------------------------    -------------------

                         (clock net_clk rise edge)    6.400     6.400 r  
                                                      0.000     6.400 r  net_clk (IN)
                         net (fo=1291, unset)         0.510     6.910    u_hist/net_clk
    RAMB18_X0Y30         RAMB18E1                                     r  u_hist/bin_mem_reg/CLKBWRCLK
                         clock pessimism              0.000     6.910    
                         clock uncertainty           -0.035     6.875    
    RAMB18_X0Y30         RAMB18E1 (Setup_ramb18e1_CLKBWRCLK_DIBDI[1])
                                                     -0.275     6.600    u_hist/bin_mem_reg
  -------------------------------------------------------------------
                         required time                          6.600    
                         arrival time                          -5.465    
  -------------------------------------------------------------------
                         slack                                  1.135    

Slack (MET) :             1.136ns  (required time - arrival time)
  Source:                 u_hist/bin_mem_reg/CLKARDCLK
                            (rising edge-triggered cell RAMB18E1 clocked by net_clk  {rise@0.000ns fall@3.200ns period=6.400ns})
  Destination:            u_hist/bin_mem_reg/DIADI[8]
                            (rising edge-triggered cell RAMB18E1 clocked by net_clk  {rise@0.000ns fall@3.200ns period=6.400ns})
  Path Group:             net_clk
  Path Type:              Setup (Max at Slow Process Corner)
  Requirement:            6.400ns  (net_clk rise@6.400ns - net_clk rise@0.000ns)
  Data Path Delay:        4.925ns  (logic 2.591ns (52.613%)  route 2.334ns (47.387%))
  Logic Levels:           7  (CARRY4=3 LUT2=1 LUT3=1 LUT5=1 LUT6=1)
  Clock Path Skew:        -0.027ns (DCD - SCD + CPR)
    Destination Clock Delay (DCD):    0.510ns = ( 6.910 - 6.400 ) 
    Source Clock Delay      (SCD):    0.537ns
    Clock Pessimism Removal (CPR):    0.000ns
  Clock Uncertainty:      0.035ns  ((TSJ^2 + TIJ^2)^1/2 + DJ) / 2 + PE
    Total System Jitter     (TSJ):    0.071ns
    Total Input Jitter      (TIJ):    0.000ns
    Discrete Jitter          (DJ):    0.000ns
    Phase Error              (PE):    0.000ns

    Location             Delay type                Incr(ns)  Path(ns)    Netlist Resource(s)
  -------------------------------------------------------------------    -------------------
                         (clock net_clk rise edge)    0.000     0.000 r  
                                                      0.000     0.000 r  net_clk (IN)
                         net (fo=1291, unset)         0.537     0.537    u_hist/net_clk
    RAMB18_X0Y30         RAMB18E1                                     r  u_hist/bin_mem_reg/CLKARDCLK
  -------------------------------------------------------------------    -------------------
    RAMB18_X0Y30         RAMB18E1 (Prop_ramb18e1_CLKARDCLK_DOADO[0])
                                                      1.800     2.337 f  u_hist/bin_mem_reg/DOADO[0]
                         net (fo=3, routed)           0.609     2.946    u_hist/ra_data[0]
    SLICE_X5Y72          LUT3 (Prop_lut3_I0_O)        0.049     2.995 r  u_hist/last_data[3]_i_7/O
                         net (fo=2, routed)           0.440     3.434    u_hist/last_data[3]_i_7_n_0
    SLICE_X5Y73          LUT5 (Prop_lut5_I1_O)        0.136     3.570 r  u_hist/last_data[3]_i_8/O
                         net (fo=1, routed)           0.450     4.020    u_hist/last_data[3]_i_8_n_0
    SLICE_X4Y71          LUT6 (Prop_lut6_I1_O)        0.043     4.063 r  u_hist/last_data[3]_i_6/O
                         net (fo=1, routed)           0.000     4.063    u_hist/last_data[3]_i_6_n_0
    SLICE_X4Y71          CARRY4 (Prop_carry4_S[0]_CO[3])
                                                      0.259     4.322 r  u_hist/last_data_reg[3]_i_1/CO[3]
                         net (fo=1, routed)           0.000     4.322    u_hist/last_data_reg[3]_i_1_n_0
    SLICE_X4Y72          CARRY4 (Prop_carry4_CI_CO[3])
                                                      0.053     4.375 r  u_hist/last_data_reg[7]_i_1/CO[3]
                         net (fo=1, routed)           0.000     4.375    u_hist/last_data_reg[7]_i_1_n_0
    SLICE_X4Y73          CARRY4 (Prop_carry4_CI_O[0])
                                                      0.117     4.492 r  u_hist/last_data_reg[11]_i_1/O[0]
                         net (fo=2, routed)           0.563     5.055    u_hist/new_val[8]
    SLICE_X8Y75          LUT2 (Prop_lut2_I0_O)        0.134     5.189 r  u_hist/bin_mem_reg_i_22/O
                         net (fo=1, routed)           0.273     5.462    u_hist/wdata[8]
    RAMB18_X0Y30         RAMB18E1                                     r  u_hist/bin_mem_reg/DIADI[8]
  -------------------------------------------------------------------    -------------------

                         (clock net_clk rise edge)    6.400     6.400 r  
                                                      0.000     6.400 r  net_clk (IN)
                         net (fo=1291, unset)         0.510     6.910    u_hist/net_clk
    RAMB18_X0Y30         RAMB18E1                                     r  u_hist/bin_mem_reg/CLKBWRCLK
                         clock pessimism              0.000     6.910    
                         clock uncertainty           -0.035     6.875    
    RAMB18_X0Y30         RAMB18E1 (Setup_ramb18e1_CLKBWRCLK_DIADI[8])
                                                     -0.277     6.598    u_hist/bin_mem_reg
  -------------------------------------------------------------------
                         required time                          6.598    
                         arrival time                          -5.462    
  -------------------------------------------------------------------
                         slack                                  1.136    

Slack (MET) :             1.148ns  (required time - arrival time)
  Source:                 u_hist/bin_mem_reg/CLKARDCLK
                            (rising edge-triggered cell RAMB18E1 clocked by net_clk  {rise@0.000ns fall@3.200ns period=6.400ns})
  Destination:            u_hist/bin_mem_reg/DIBDI[11]
                            (rising edge-triggered cell RAMB18E1 clocked by net_clk  {rise@0.000ns fall@3.200ns period=6.400ns})
  Path Group:             net_clk
  Path Type:              Setup (Max at Slow Process Corner)
  Requirement:            6.400ns  (net_clk rise@6.400ns - net_clk rise@0.000ns)
  Data Path Delay:        4.914ns  (logic 2.839ns (57.772%)  route 2.075ns (42.228%))
  Logic Levels:           11  (CARRY4=7 LUT2=1 LUT3=1 LUT5=1 LUT6=1)
  Clock Path Skew:        -0.027ns (DCD - SCD + CPR)
    Destination Clock Delay (DCD):    0.510ns = ( 6.910 - 6.400 ) 
    Source Clock Delay      (SCD):    0.537ns
    Clock Pessimism Removal (CPR):    0.000ns
  Clock Uncertainty:      0.035ns  ((TSJ^2 + TIJ^2)^1/2 + DJ) / 2 + PE
    Total System Jitter     (TSJ):    0.071ns
    Total Input Jitter      (TIJ):    0.000ns
    Discrete Jitter          (DJ):    0.000ns
    Phase Error              (PE):    0.000ns

    Location             Delay type                Incr(ns)  Path(ns)    Netlist Resource(s)
  -------------------------------------------------------------------    -------------------
                         (clock net_clk rise edge)    0.000     0.000 r  
                                                      0.000     0.000 r  net_clk (IN)
                         net (fo=1291, unset)         0.537     0.537    u_hist/net_clk
    RAMB18_X0Y30         RAMB18E1                                     r  u_hist/bin_mem_reg/CLKARDCLK
  -------------------------------------------------------------------    -------------------
    RAMB18_X0Y30         RAMB18E1 (Prop_ramb18e1_CLKARDCLK_DOADO[0])
                                                      1.800     2.337 f  u_hist/bin_mem_reg/DOADO[0]
                         net (fo=3, routed)           0.609     2.946    u_hist/ra_data[0]
    SLICE_X5Y72          LUT3 (Prop_lut3_I0_O)        0.049     2.995 r  u_hist/last_data[3]_i_7/O
                         net (fo=2, routed)           0.440     3.434    u_hist/last_data[3]_i_7_n_0
    SLICE_X5Y73          LUT5 (Prop_lut5_I1_O)        0.136     3.570 r  u_hist/last_data[3]_i_8/O
                         net (fo=1, routed)           0.450     4.020    u_hist/last_data[3]_i_8_n_0
    SLICE_X4Y71          LUT6 (Prop_lut6_I1_O)        0.043     4.063 r  u_hist/last_data[3]_i_6/O
                         net (fo=1, routed)           0.000     4.063    u_hist/last_data[3]_i_6_n_0
    SLICE_X4Y71          CARRY4 (Prop_carry4_S[0]_CO[3])
                                                      0.259     4.322 r  u_hist/last_data_reg[3]_i_1/CO[3]
                         net (fo=1, routed)           0.000     4.322    u_hist/last_data_reg[3]_i_1_n_0
    SLICE_X4Y72          CARRY4 (Prop_carry4_CI_CO[3])
                                                      0.053     4.375 r  u_hist/last_data_reg[7]_i_1/CO[3]
                         net (fo=1, routed)           0.000     4.375    u_hist/last_data_reg[7]_i_1_n_0
    SLICE_X4Y73          CARRY4 (Prop_carry4_CI_CO[3])
                                                      0.053     4.428 r  u_hist/last_data_reg[11]_i_1/CO[3]
                         net (fo=1, routed)           0.000     4.428    u_hist/last_data_reg[11]_i_1_n_0
    SLICE_X4Y74          CARRY4 (Prop_carry4_CI_CO[3])
                                                      0.053     4.481 r  u_hist/last_data_reg[15]_i_1/CO[3]
                         net (fo=1, routed)           0.007     4.488    u_hist/last_data_reg[15]_i_1_n_0
    SLICE_X4Y75          CARRY4 (Prop_carry4_CI_CO[3])
                                                      0.053     4.541 r  u_hist/last_data_reg[19]_i_1/CO[3]
                         net (fo=1, routed)           0.000     4.541    u_hist/last_data_reg[19]_i_1_n_0
    SLICE_X4Y76          CARRY4 (Prop_carry4_CI_CO[3])
                                                      0.053     4.594 r  u_hist/last_data_reg[23]_i_1/CO[3]
                         net (fo=1, routed)           0.000     4.594    u_hist/last_data_reg[23]_i_1_n_0
    SLICE_X4Y77          CARRY4 (Prop_carry4_CI_O[3])
                                                      0.155     4.749 r  u_hist/last_data_reg[27]_i_1/O[3]
                         net (fo=2, routed)           0.326     5.075    u_hist/new_val[27]
    SLICE_X5Y75          LUT2 (Prop_lut2_I0_O)        0.132     5.207 r  u_hist/bin_mem_reg_i_35/O
                         net (fo=1, routed)           0.244     5.451    u_hist/wdata[27]
    RAMB18_X0Y30         RAMB18E1                                     r  u_hist/bin_mem_reg/DIBDI[11]
  -------------------------------------------------------------------    -------------------

                         (clock net_clk rise edge)    6.400     6.400 r  
                                                      0.000     6.400 r  net_clk (IN)
                         net (fo=1291, unset)         0.510     6.910    u_hist/net_clk
    RAMB18_X0Y30         RAMB18E1                                     r  u_hist/bin_mem_reg/CLKBWRCLK
                         clock pessimism              0.000     6.910    
                         clock uncertainty           -0.035     6.875    
    RAMB18_X0Y30         RAMB18E1 (Setup_ramb18e1_CLKBWRCLK_DIBDI[11])
                                                     -0.276     6.599    u_hist/bin_mem_reg
  -------------------------------------------------------------------
                         required time                          6.599    
                         arrival time                          -5.451    
  -------------------------------------------------------------------
                         slack                                  1.148    

Slack (MET) :             1.158ns  (required time - arrival time)
  Source:                 u_hist/bin_mem_reg/CLKARDCLK
                            (rising edge-triggered cell RAMB18E1 clocked by net_clk  {rise@0.000ns fall@3.200ns period=6.400ns})
  Destination:            u_hist/bin_mem_reg/DIADI[14]
                            (rising edge-triggered cell RAMB18E1 clocked by net_clk  {rise@0.000ns fall@3.200ns period=6.400ns})
  Path Group:             net_clk
  Path Type:              Setup (Max at Slow Process Corner)
  Requirement:            6.400ns  (net_clk rise@6.400ns - net_clk rise@0.000ns)
  Data Path Delay:        4.903ns  (logic 2.642ns (53.883%)  route 2.261ns (46.117%))
  Logic Levels:           8  (CARRY4=4 LUT2=1 LUT3=1 LUT5=1 LUT6=1)
  Clock Path Skew:        -0.027ns (DCD - SCD + CPR)
    Destination Clock Delay (DCD):    0.510ns = ( 6.910 - 6.400 ) 
    Source Clock Delay      (SCD):    0.537ns
    Clock Pessimism Removal (CPR):    0.000ns
  Clock Uncertainty:      0.035ns  ((TSJ^2 + TIJ^2)^1/2 + DJ) / 2 + PE
    Total System Jitter     (TSJ):    0.071ns
    Total Input Jitter      (TIJ):    0.000ns
    Discrete Jitter          (DJ):    0.000ns
    Phase Error              (PE):    0.000ns

    Location             Delay type                Incr(ns)  Path(ns)    Netlist Resource(s)
  -------------------------------------------------------------------    -------------------
                         (clock net_clk rise edge)    0.000     0.000 r  
                                                      0.000     0.000 r  net_clk (IN)
                         net (fo=1291, unset)         0.537     0.537    u_hist/net_clk
    RAMB18_X0Y30         RAMB18E1                                     r  u_hist/bin_mem_reg/CLKARDCLK
  -------------------------------------------------------------------    -------------------
    RAMB18_X0Y30         RAMB18E1 (Prop_ramb18e1_CLKARDCLK_DOADO[0])
                                                      1.800     2.337 f  u_hist/bin_mem_reg/DOADO[0]
                         net (fo=3, routed)           0.609     2.946    u_hist/ra_data[0]
    SLICE_X5Y72          LUT3 (Prop_lut3_I0_O)        0.049     2.995 r  u_hist/last_data[3]_i_7/O
                         net (fo=2, routed)           0.440     3.434    u_hist/last_data[3]_i_7_n_0
    SLICE_X5Y73          LUT5 (Prop_lut5_I1_O)        0.136     3.570 r  u_hist/last_data[3]_i_8/O
                         net (fo=1, routed)           0.450     4.020    u_hist/last_data[3]_i_8_n_0
    SLICE_X4Y71          LUT6 (Prop_lut6_I1_O)        0.043     4.063 r  u_hist/last_data[3]_i_6/O
                         net (fo=1, routed)           0.000     4.063    u_hist/last_data[3]_i_6_n_0
    SLICE_X4Y71          CARRY4 (Prop_carry4_S[0]_CO[3])
                                                      0.259     4.322 r  u_hist/last_data_reg[3]_i_1/CO[3]
                         net (fo=1, routed)           0.000     4.322    u_hist/last_data_reg[3]_i_1_n_0
    SLICE_X4Y72          CARRY4 (Prop_carry4_CI_CO[3])
                                                      0.053     4.375 r  u_hist/last_data_reg[7]_i_1/CO[3]
                         net (fo=1, routed)           0.000     4.375    u_hist/last_data_reg[7]_i_1_n_0
    SLICE_X4Y73          CARRY4 (Prop_carry4_CI_CO[3])
                                                      0.053     4.428 r  u_hist/last_data_reg[11]_i_1/CO[3]
                         net (fo=1, routed)           0.000     4.428    u_hist/last_data_reg[11]_i_1_n_0
    SLICE_X4Y74          CARRY4 (Prop_carry4_CI_O[2])
                                                      0.119     4.547 r  u_hist/last_data_reg[15]_i_1/O[2]
                         net (fo=2, routed)           0.473     5.020    u_hist/new_val[14]
    SLICE_X8Y74          LUT2 (Prop_lut2_I0_O)        0.130     5.150 r  u_hist/bin_mem_reg_i_16/O
                         net (fo=1, routed)           0.290     5.440    u_hist/wdata[14]
    RAMB18_X0Y30         RAMB18E1                                     r  u_hist/bin_mem_reg/DIADI[14]
  -------------------------------------------------------------------    -------------------

                         (clock net_clk rise edge)    6.400     6.400 r  
                                                      0.000     6.400 r  net_clk (IN)
                         net (fo=1291, unset)         0.510     6.910    u_hist/net_clk
    RAMB18_X0Y30         RAMB18E1                                     r  u_hist/bin_mem_reg/CLKBWRCLK
                         clock pessimism              0.000     6.910    
                         clock uncertainty           -0.035     6.875    
    RAMB18_X0Y30         RAMB18E1 (Setup_ramb18e1_CLKBWRCLK_DIADI[14])
                                                     -0.277     6.598    u_hist/bin_mem_reg
  -------------------------------------------------------------------
                         required time                          6.598    
                         arrival time                          -5.440    
  -------------------------------------------------------------------
                         slack                                  1.158    

Slack (MET) :             1.172ns  (required time - arrival time)
  Source:                 u_hist/bin_mem_reg/CLKARDCLK
                            (rising edge-triggered cell RAMB18E1 clocked by net_clk  {rise@0.000ns fall@3.200ns period=6.400ns})
  Destination:            u_hist/bin_mem_reg/DIBDI[5]
                            (rising edge-triggered cell RAMB18E1 clocked by net_clk  {rise@0.000ns fall@3.200ns period=6.400ns})
  Path Group:             net_clk
  Path Type:              Setup (Max at Slow Process Corner)
  Requirement:            6.400ns  (net_clk rise@6.400ns - net_clk rise@0.000ns)
  Data Path Delay:        4.890ns  (logic 2.806ns (57.386%)  route 2.084ns (42.614%))
  Logic Levels:           10  (CARRY4=6 LUT2=1 LUT3=1 LUT5=1 LUT6=1)
  Clock Path Skew:        -0.027ns (DCD - SCD + CPR)
    Destination Clock Delay (DCD):    0.510ns = ( 6.910 - 6.400 ) 
    Source Clock Delay      (SCD):    0.537ns
    Clock Pessimism Removal (CPR):    0.000ns
  Clock Uncertainty:      0.035ns  ((TSJ^2 + TIJ^2)^1/2 + DJ) / 2 + PE
    Total System Jitter     (TSJ):    0.071ns
    Total Input Jitter      (TIJ):    0.000ns
    Discrete Jitter          (DJ):    0.000ns
    Phase Error              (PE):    0.000ns

    Location             Delay type                Incr(ns)  Path(ns)    Netlist Resource(s)
  -------------------------------------------------------------------    -------------------
                         (clock net_clk rise edge)    0.000     0.000 r  
                                                      0.000     0.000 r  net_clk (IN)
                         net (fo=1291, unset)         0.537     0.537    u_hist/net_clk
    RAMB18_X0Y30         RAMB18E1                                     r  u_hist/bin_mem_reg/CLKARDCLK
  -------------------------------------------------------------------    -------------------
    RAMB18_X0Y30         RAMB18E1 (Prop_ramb18e1_CLKARDCLK_DOADO[0])
                                                      1.800     2.337 f  u_hist/bin_mem_reg/DOADO[0]
                         net (fo=3, routed)           0.609     2.946    u_hist/ra_data[0]
    SLICE_X5Y72          LUT3 (Prop_lut3_I0_O)        0.049     2.995 r  u_hist/last_data[3]_i_7/O
                         net (fo=2, routed)           0.440     3.434    u_hist/last_data[3]_i_7_n_0
    SLICE_X5Y73          LUT5 (Prop_lut5_I1_O)        0.136     3.570 r  u_hist/last_data[3]_i_8/O
                         net (fo=1, routed)           0.450     4.020    u_hist/last_data[3]_i_8_n_0
    SLICE_X4Y71          LUT6 (Prop_lut6_I1_O)        0.043     4.063 r  u_hist/last_data[3]_i_6/O
                         net (fo=1, routed)           0.000     4.063    u_hist/last_data[3]_i_6_n_0
    SLICE_X4Y71          CARRY4 (Prop_carry4_S[0]_CO[3])
                                                      0.259     4.322 r  u_hist/last_data_reg[3]_i_1/CO[3]
                         net (fo=1, routed)           0.000     4.322    u_hist/last_data_reg[3]_i_1_n_0
    SLICE_X4Y72          CARRY4 (Prop_carry4_CI_CO[3])
                                                      0.053     4.375 r  u_hist/last_data_reg[7]_i_1/CO[3]
                         net (fo=1, routed)           0.000     4.375    u_hist/last_data_reg[7]_i_1_n_0
    SLICE_X4Y73          CARRY4 (Prop_carry4_CI_CO[3])
                                                      0.053     4.428 r  u_hist/last_data_reg[11]_i_1/CO[3]
                         net (fo=1, routed)           0.000     4.428    u_hist/last_data_reg[11]_i_1_n_0
    SLICE_X4Y74          CARRY4 (Prop_carry4_CI_CO[3])
                                                      0.053     4.481 r  u_hist/last_data_reg[15]_i_1/CO[3]
                         net (fo=1, routed)           0.007     4.488    u_hist/last_data_reg[15]_i_1_n_0
    SLICE_X4Y75          CARRY4 (Prop_carry4_CI_CO[3])
                                                      0.053     4.541 r  u_hist/last_data_reg[19]_i_1/CO[3]
                         net (fo=1, routed)           0.000     4.541    u_hist/last_data_reg[19]_i_1_n_0
    SLICE_X4Y76          CARRY4 (Prop_carry4_CI_O[1])
                                                      0.173     4.714 r  u_hist/last_data_reg[23]_i_1/O[1]
                         net (fo=2, routed)           0.341     5.055    u_hist/new_val[21]
    SLICE_X7Y76          LUT2 (Prop_lut2_I0_O)        0.134     5.189 r  u_hist/bin_mem_reg_i_41/O
                         net (fo=1, routed)           0.238     5.427    u_hist/wdata[21]
    RAMB18_X0Y30         RAMB18E1                                     r  u_hist/bin_mem_reg/DIBDI[5]
  -------------------------------------------------------------------    -------------------

                         (clock net_clk rise edge)    6.400     6.400 r  
                                                      0.000     6.400 r  net_clk (IN)
                         net (fo=1291, unset)         0.510     6.910    u_hist/net_clk
    RAMB18_X0Y30         RAMB18E1                                     r  u_hist/bin_mem_reg/CLKBWRCLK
                         clock pessimism              0.000     6.910    
                         clock uncertainty           -0.035     6.875    
    RAMB18_X0Y30         RAMB18E1 (Setup_ramb18e1_CLKBWRCLK_DIBDI[5])
                                                     -0.276     6.599    u_hist/bin_mem_reg
  -------------------------------------------------------------------
                         required time                          6.599    
                         arrival time                          -5.427    
  -------------------------------------------------------------------
                         slack                                  1.172    

Slack (MET) :             1.178ns  (required time - arrival time)
  Source:                 u_hist/bin_mem_reg/CLKARDCLK
                            (rising edge-triggered cell RAMB18E1 clocked by net_clk  {rise@0.000ns fall@3.200ns period=6.400ns})
  Destination:            u_hist/bin_mem_reg/DIBDI[6]
                            (rising edge-triggered cell RAMB18E1 clocked by net_clk  {rise@0.000ns fall@3.200ns period=6.400ns})
  Path Group:             net_clk
  Path Type:              Setup (Max at Slow Process Corner)
  Requirement:            6.400ns  (net_clk rise@6.400ns - net_clk rise@0.000ns)
  Data Path Delay:        4.977ns  (logic 2.740ns (55.049%)  route 2.237ns (44.951%))
  Logic Levels:           10  (CARRY4=6 LUT2=1 LUT3=1 LUT5=1 LUT6=1)
  Clock Path Skew:        -0.027ns (DCD - SCD + CPR)
    Destination Clock Delay (DCD):    0.510ns = ( 6.910 - 6.400 ) 
    Source Clock Delay      (SCD):    0.537ns
    Clock Pessimism Removal (CPR):    0.000ns
  Clock Uncertainty:      0.035ns  ((TSJ^2 + TIJ^2)^1/2 + DJ) / 2 + PE
    Total System Jitter     (TSJ):    0.071ns
    Total Input Jitter      (TIJ):    0.000ns
    Discrete Jitter          (DJ):    0.000ns
    Phase Error              (PE):    0.000ns

    Location             Delay type                Incr(ns)  Path(ns)    Netlist Resource(s)
  -------------------------------------------------------------------    -------------------
                         (clock net_clk rise edge)    0.000     0.000 r  
                                                      0.000     0.000 r  net_clk (IN)
                         net (fo=1291, unset)         0.537     0.537    u_hist/net_clk
    RAMB18_X0Y30         RAMB18E1                                     r  u_hist/bin_mem_reg/CLKARDCLK
  -------------------------------------------------------------------    -------------------
    RAMB18_X0Y30         RAMB18E1 (Prop_ramb18e1_CLKARDCLK_DOADO[0])
                                                      1.800     2.337 f  u_hist/bin_mem_reg/DOADO[0]
                         net (fo=3, routed)           0.609     2.946    u_hist/ra_data[0]
    SLICE_X5Y72          LUT3 (Prop_lut3_I0_O)        0.049     2.995 r  u_hist/last_data[3]_i_7/O
                         net (fo=2, routed)           0.440     3.434    u_hist/last_data[3]_i_7_n_0
    SLICE_X5Y73          LUT5 (Prop_lut5_I1_O)        0.136     3.570 r  u_hist/last_data[3]_i_8/O
                         net (fo=1, routed)           0.450     4.020    u_hist/last_data[3]_i_8_n_0
    SLICE_X4Y71          LUT6 (Prop_lut6_I1_O)        0.043     4.063 r  u_hist/last_data[3]_i_6/O
                         net (fo=1, routed)           0.000     4.063    u_hist/last_data[3]_i_6_n_0
    SLICE_X4Y71          CARRY4 (Prop_carry4_S[0]_CO[3])
                                                      0.259     4.322 r  u_hist/last_data_reg[3]_i_1/CO[3]
                         net (fo=1, routed)           0.000     4.322    u_hist/last_data_reg[3]_i_1_n_0
    SLICE_X4Y72          CARRY4 (Prop_carry4_CI_CO[3])
                                                      0.053     4.375 r  u_hist/last_data_reg[7]_i_1/CO[3]
                         net (fo=1, routed)           0.000     4.375    u_hist/last_data_reg[7]_i_1_n_0
    SLICE_X4Y73          CARRY4 (Prop_carry4_CI_CO[3])
                                                      0.053     4.428 r  u_hist/last_data_reg[11]_i_1/CO[3]
                         net (fo=1, routed)           0.000     4.428    u_hist/last_data_reg[11]_i_1_n_0
    SLICE_X4Y74          CARRY4 (Prop_carry4_CI_CO[3])
                                                      0.053     4.481 r  u_hist/last_data_reg[15]_i_1/CO[3]
                         net (fo=1, routed)           0.007     4.488    u_hist/last_data_reg[15]_i_1_n_0
    SLICE_X4Y75          CARRY4 (Prop_carry4_CI_CO[3])
                                                      0.053     4.541 r  u_hist/last_data_reg[19]_i_1/CO[3]
                         net (fo=1, routed)           0.000     4.541    u_hist/last_data_reg[19]_i_1_n_0
    SLICE_X4Y76          CARRY4 (Prop_carry4_CI_O[2])
                                                      0.119     4.660 r  u_hist/last_data_reg[23]_i_1/O[2]
                         net (fo=2, routed)           0.465     5.125    u_hist/new_val[22]
    SLICE_X8Y76          LUT2 (Prop_lut2_I0_O)        0.122     5.247 r  u_hist/bin_mem_reg_i_40/O
                         net (fo=1, routed)           0.267     5.514    u_hist/wdata[22]
    RAMB18_X0Y30         RAMB18E1                                     r  u_hist/bin_mem_reg/DIBDI[6]
  -------------------------------------------------------------------    -------------------

                         (clock net_clk rise edge)    6.400     6.400 r  
                                                      0.000     6.400 r  net_clk (IN)
                         net (fo=1291, unset)         0.510     6.910    u_hist/net_clk
    RAMB18_X0Y30         RAMB18E1                                     r  u_hist/bin_mem_reg/CLKBWRCLK
                         clock pessimism              0.000     6.910    
                         clock uncertainty           -0.035     6.875    
    RAMB18_X0Y30         RAMB18E1 (Setup_ramb18e1_CLKBWRCLK_DIBDI[6])
                                                     -0.182     6.693    u_hist/bin_mem_reg
  -------------------------------------------------------------------
                         required time                          6.693    
                         arrival time                          -5.514    
  -------------------------------------------------------------------
                         slack                                  1.178    

Slack (MET) :             1.179ns  (required time - arrival time)
  Source:                 u_hist/bin_mem_reg/CLKARDCLK
                            (rising edge-triggered cell RAMB18E1 clocked by net_clk  {rise@0.000ns fall@3.200ns period=6.400ns})
  Destination:            u_hist/bin_mem_reg/DIADI[11]
                            (rising edge-triggered cell RAMB18E1 clocked by net_clk  {rise@0.000ns fall@3.200ns period=6.400ns})
  Path Group:             net_clk
  Path Type:              Setup (Max at Slow Process Corner)
  Requirement:            6.400ns  (net_clk rise@6.400ns - net_clk rise@0.000ns)
  Data Path Delay:        4.976ns  (logic 2.615ns (52.548%)  route 2.361ns (47.452%))
  Logic Levels:           7  (CARRY4=3 LUT2=1 LUT3=1 LUT5=1 LUT6=1)
  Clock Path Skew:        -0.027ns (DCD - SCD + CPR)
    Destination Clock Delay (DCD):    0.510ns = ( 6.910 - 6.400 ) 
    Source Clock Delay      (SCD):    0.537ns
    Clock Pessimism Removal (CPR):    0.000ns
  Clock Uncertainty:      0.035ns  ((TSJ^2 + TIJ^2)^1/2 + DJ) / 2 + PE
    Total System Jitter     (TSJ):    0.071ns
    Total Input Jitter      (TIJ):    0.000ns
    Discrete Jitter          (DJ):    0.000ns
    Phase Error              (PE):    0.000ns

    Location             Delay type                Incr(ns)  Path(ns)    Netlist Resource(s)
  -------------------------------------------------------------------    -------------------
                         (clock net_clk rise edge)    0.000     0.000 r  
                                                      0.000     0.000 r  net_clk (IN)
                         net (fo=1291, unset)         0.537     0.537    u_hist/net_clk
    RAMB18_X0Y30         RAMB18E1                                     r  u_hist/bin_mem_reg/CLKARDCLK
  -------------------------------------------------------------------    -------------------
    RAMB18_X0Y30         RAMB18E1 (Prop_ramb18e1_CLKARDCLK_DOADO[0])
                                                      1.800     2.337 f  u_hist/bin_mem_reg/DOADO[0]
                         net (fo=3, routed)           0.609     2.946    u_hist/ra_data[0]
    SLICE_X5Y72          LUT3 (Prop_lut3_I0_O)        0.049     2.995 r  u_hist/last_data[3]_i_7/O
                         net (fo=2, routed)           0.440     3.434    u_hist/last_data[3]_i_7_n_0
    SLICE_X5Y73          LUT5 (Prop_lut5_I1_O)        0.136     3.570 r  u_hist/last_data[3]_i_8/O
                         net (fo=1, routed)           0.450     4.020    u_hist/last_data[3]_i_8_n_0
    SLICE_X4Y71          LUT6 (Prop_lut6_I1_O)        0.043     4.063 r  u_hist/last_data[3]_i_6/O
                         net (fo=1, routed)           0.000     4.063    u_hist/last_data[3]_i_6_n_0
    SLICE_X4Y71          CARRY4 (Prop_carry4_S[0]_CO[3])
                                                      0.259     4.322 r  u_hist/last_data_reg[3]_i_1/CO[3]
                         net (fo=1, routed)           0.000     4.322    u_hist/last_data_reg[3]_i_1_n_0
    SLICE_X4Y72          CARRY4 (Prop_carry4_CI_CO[3])
                                                      0.053     4.375 r  u_hist/last_data_reg[7]_i_1/CO[3]
                         net (fo=1, routed)           0.000     4.375    u_hist/last_data_reg[7]_i_1_n_0
    SLICE_X4Y73          CARRY4 (Prop_carry4_CI_O[3])
                                                      0.155     4.530 r  u_hist/last_data_reg[11]_i_1/O[3]
                         net (fo=2, routed)           0.583     5.113    u_hist/new_val[11]
    SLICE_X8Y75          LUT2 (Prop_lut2_I0_O)        0.120     5.233 r  u_hist/bin_mem_reg_i_19/O
                         net (fo=1, routed)           0.280     5.513    u_hist/wdata[11]
    RAMB18_X0Y30         RAMB18E1                                     r  u_hist/bin_mem_reg/DIADI[11]
  -------------------------------------------------------------------    -------------------

                         (clock net_clk rise edge)    6.400     6.400 r  
                                                      0.000     6.400 r  net_clk (IN)
                         net (fo=1291, unset)         0.510     6.910    u_hist/net_clk
    RAMB18_X0Y30         RAMB18E1                                     r  u_hist/bin_mem_reg/CLKBWRCLK
                         clock pessimism              0.000     6.910    
                         clock uncertainty           -0.035     6.875    
    RAMB18_X0Y30         RAMB18E1 (Setup_ramb18e1_CLKBWRCLK_DIADI[11])
                                                     -0.182     6.693    u_hist/bin_mem_reg
  -------------------------------------------------------------------
                         required time                          6.693    
                         arrival time                          -5.513    
  -------------------------------------------------------------------
                         slack                                  1.179    

Slack (MET) :             1.186ns  (required time - arrival time)
  Source:                 u_hist/bin_mem_reg/CLKARDCLK
                            (rising edge-triggered cell RAMB18E1 clocked by net_clk  {rise@0.000ns fall@3.200ns period=6.400ns})
  Destination:            u_hist/bin_mem_reg/DIADI[3]
                            (rising edge-triggered cell RAMB18E1 clocked by net_clk  {rise@0.000ns fall@3.200ns period=6.400ns})
  Path Group:             net_clk
  Path Type:              Setup (Max at Slow Process Corner)
  Requirement:            6.400ns  (net_clk rise@6.400ns - net_clk rise@0.000ns)
  Data Path Delay:        4.881ns  (logic 2.450ns (50.195%)  route 2.431ns (49.805%))
  Logic Levels:           5  (CARRY4=1 LUT2=1 LUT3=1 LUT5=1 LUT6=1)
  Clock Path Skew:        -0.027ns (DCD - SCD + CPR)
    Destination Clock Delay (DCD):    0.510ns = ( 6.910 - 6.400 ) 
    Source Clock Delay      (SCD):    0.537ns
    Clock Pessimism Removal (CPR):    0.000ns
  Clock Uncertainty:      0.035ns  ((TSJ^2 + TIJ^2)^1/2 + DJ) / 2 + PE
    Total System Jitter     (TSJ):    0.071ns
    Total Input Jitter      (TIJ):    0.000ns
    Discrete Jitter          (DJ):    0.000ns
    Phase Error              (PE):    0.000ns

    Location             Delay type                Incr(ns)  Path(ns)    Netlist Resource(s)
  -------------------------------------------------------------------    -------------------
                         (clock net_clk rise edge)    0.000     0.000 r  
                                                      0.000     0.000 r  net_clk (IN)
                         net (fo=1291, unset)         0.537     0.537    u_hist/net_clk
    RAMB18_X0Y30         RAMB18E1                                     r  u_hist/bin_mem_reg/CLKARDCLK
  -------------------------------------------------------------------    -------------------
    RAMB18_X0Y30         RAMB18E1 (Prop_ramb18e1_CLKARDCLK_DOADO[0])
                                                      1.800     2.337 f  u_hist/bin_mem_reg/DOADO[0]
                         net (fo=3, routed)           0.609     2.946    u_hist/ra_data[0]
    SLICE_X5Y72          LUT3 (Prop_lut3_I0_O)        0.049     2.995 r  u_hist/last_data[3]_i_7/O
                         net (fo=2, routed)           0.440     3.434    u_hist/last_data[3]_i_7_n_0
    SLICE_X5Y73          LUT5 (Prop_lut5_I1_O)        0.136     3.570 r  u_hist/last_data[3]_i_8/O
                         net (fo=1, routed)           0.450     4.020    u_hist/last_data[3]_i_8_n_0
    SLICE_X4Y71          LUT6 (Prop_lut6_I1_O)        0.043     4.063 r  u_hist/last_data[3]_i_6/O
                         net (fo=1, routed)           0.000     4.063    u_hist/last_data[3]_i_6_n_0
    SLICE_X4Y71          CARRY4 (Prop_carry4_S[0]_O[3])
                                                      0.296     4.359 r  u_hist/last_data_reg[3]_i_1/O[3]
                         net (fo=2, routed)           0.562     4.921    u_hist/new_val[3]
    SLICE_X8Y73          LUT2 (Prop_lut2_I0_O)        0.126     5.047 r  u_hist/bin_mem_reg_i_27/O
                         net (fo=1, routed)           0.371     5.418    u_hist/wdata[3]
    RAMB18_X0Y30         RAMB18E1                                     r  u_hist/bin_mem_reg/DIADI[3]
  -------------------------------------------------------------------    -------------------

                         (clock net_clk rise edge)    6.400     6.400 r  
                                                      0.000     6.400 r  net_clk (IN)
                         net (fo=1291, unset)         0.510     6.910    u_hist/net_clk
    RAMB18_X0Y30         RAMB18E1                                     r  u_hist/bin_mem_reg/CLKBWRCLK
                         clock pessimism              0.000     6.910    
                         clock uncertainty           -0.035     6.875    
    RAMB18_X0Y30         RAMB18E1 (Setup_ramb18e1_CLKBWRCLK_DIADI[3])
                                                     -0.271     6.604    u_hist/bin_mem_reg
  -------------------------------------------------------------------
                         required time                          6.604    
                         arrival time                          -5.418    
  -------------------------------------------------------------------
                         slack                                  1.186    

Slack (MET) :             1.191ns  (required time - arrival time)
  Source:                 u_hist/bin_mem_reg/CLKARDCLK
                            (rising edge-triggered cell RAMB18E1 clocked by net_clk  {rise@0.000ns fall@3.200ns period=6.400ns})
  Destination:            u_hist/bin_mem_reg/DIADI[10]
                            (rising edge-triggered cell RAMB18E1 clocked by net_clk  {rise@0.000ns fall@3.200ns period=6.400ns})
  Path Group:             net_clk
  Path Type:              Setup (Max at Slow Process Corner)
  Requirement:            6.400ns  (net_clk rise@6.400ns - net_clk rise@0.000ns)
  Data Path Delay:        4.876ns  (logic 2.583ns (52.971%)  route 2.293ns (47.029%))
  Logic Levels:           7  (CARRY4=3 LUT2=1 LUT3=1 LUT5=1 LUT6=1)
  Clock Path Skew:        -0.027ns (DCD - SCD + CPR)
    Destination Clock Delay (DCD):    0.510ns = ( 6.910 - 6.400 ) 
    Source Clock Delay      (SCD):    0.537ns
    Clock Pessimism Removal (CPR):    0.000ns
  Clock Uncertainty:      0.035ns  ((TSJ^2 + TIJ^2)^1/2 + DJ) / 2 + PE
    Total System Jitter     (TSJ):    0.071ns
    Total Input Jitter      (TIJ):    0.000ns
    Discrete Jitter          (DJ):    0.000ns
    Phase Error              (PE):    0.000ns

    Location             Delay type                Incr(ns)  Path(ns)    Netlist Resource(s)
  -------------------------------------------------------------------    -------------------
                         (clock net_clk rise edge)    0.000     0.000 r  
                                                      0.000     0.000 r  net_clk (IN)
                         net (fo=1291, unset)         0.537     0.537    u_hist/net_clk
    RAMB18_X0Y30         RAMB18E1                                     r  u_hist/bin_mem_reg/CLKARDCLK
  -------------------------------------------------------------------    -------------------
    RAMB18_X0Y30         RAMB18E1 (Prop_ramb18e1_CLKARDCLK_DOADO[0])
                                                      1.800     2.337 f  u_hist/bin_mem_reg/DOADO[0]
                         net (fo=3, routed)           0.609     2.946    u_hist/ra_data[0]
    SLICE_X5Y72          LUT3 (Prop_lut3_I0_O)        0.049     2.995 r  u_hist/last_data[3]_i_7/O
                         net (fo=2, routed)           0.440     3.434    u_hist/last_data[3]_i_7_n_0
    SLICE_X5Y73          LUT5 (Prop_lut5_I1_O)        0.136     3.570 r  u_hist/last_data[3]_i_8/O
                         net (fo=1, routed)           0.450     4.020    u_hist/last_data[3]_i_8_n_0
    SLICE_X4Y71          LUT6 (Prop_lut6_I1_O)        0.043     4.063 r  u_hist/last_data[3]_i_6/O
                         net (fo=1, routed)           0.000     4.063    u_hist/last_data[3]_i_6_n_0
    SLICE_X4Y71          CARRY4 (Prop_carry4_S[0]_CO[3])
                                                      0.259     4.322 r  u_hist/last_data_reg[3]_i_1/CO[3]
                         net (fo=1, routed)           0.000     4.322    u_hist/last_data_reg[3]_i_1_n_0
    SLICE_X4Y72          CARRY4 (Prop_carry4_CI_CO[3])
                                                      0.053     4.375 r  u_hist/last_data_reg[7]_i_1/CO[3]
                         net (fo=1, routed)           0.000     4.375    u_hist/last_data_reg[7]_i_1_n_0
    SLICE_X4Y73          CARRY4 (Prop_carry4_CI_O[2])
                                                      0.119     4.494 r  u_hist/last_data_reg[11]_i_1/O[2]
                         net (fo=2, routed)           0.505     4.999    u_hist/new_val[10]
    SLICE_X8Y75          LUT2 (Prop_lut2_I0_O)        0.124     5.123 r  u_hist/bin_mem_reg_i_20/O
                         net (fo=1, routed)           0.290     5.413    u_hist/wdata[10]
    RAMB18_X0Y30         RAMB18E1                                     r  u_hist/bin_mem_reg/DIADI[10]
  -------------------------------------------------------------------    -------------------

                         (clock net_clk rise edge)    6.400     6.400 r  
                                                      0.000     6.400 r  net_clk (IN)
                         net (fo=1291, unset)         0.510     6.910    u_hist/net_clk
    RAMB18_X0Y30         RAMB18E1                                     r  u_hist/bin_mem_reg/CLKBWRCLK
                         clock pessimism              0.000     6.910    
                         clock uncertainty           -0.035     6.875    
    RAMB18_X0Y30         RAMB18E1 (Setup_ramb18e1_CLKBWRCLK_DIADI[10])
                                                     -0.271     6.604    u_hist/bin_mem_reg
  -------------------------------------------------------------------
                         required time                          6.604    
                         arrival time                          -5.413    
  -------------------------------------------------------------------
                         slack                                  1.191    

Slack (MET) :             1.198ns  (required time - arrival time)
  Source:                 u_hist/bin_mem_reg/CLKARDCLK
                            (rising edge-triggered cell RAMB18E1 clocked by net_clk  {rise@0.000ns fall@3.200ns period=6.400ns})
  Destination:            u_hist/bin_mem_reg/DIBDI[8]
                            (rising edge-triggered cell RAMB18E1 clocked by net_clk  {rise@0.000ns fall@3.200ns period=6.400ns})
  Path Group:             net_clk
  Path Type:              Setup (Max at Slow Process Corner)
  Requirement:            6.400ns  (net_clk rise@6.400ns - net_clk rise@0.000ns)
  Data Path Delay:        4.958ns  (logic 2.793ns (56.333%)  route 2.165ns (43.667%))
  Logic Levels:           11  (CARRY4=7 LUT2=1 LUT3=1 LUT5=1 LUT6=1)
  Clock Path Skew:        -0.027ns (DCD - SCD + CPR)
    Destination Clock Delay (DCD):    0.510ns = ( 6.910 - 6.400 ) 
    Source Clock Delay      (SCD):    0.537ns
    Clock Pessimism Removal (CPR):    0.000ns
  Clock Uncertainty:      0.035ns  ((TSJ^2 + TIJ^2)^1/2 + DJ) / 2 + PE
    Total System Jitter     (TSJ):    0.071ns
    Total Input Jitter      (TIJ):    0.000ns
    Discrete Jitter          (DJ):    0.000ns
    Phase Error              (PE):    0.000ns

    Location             Delay type                Incr(ns)  Path(ns)    Netlist Resource(s)
  -------------------------------------------------------------------    -------------------
                         (clock net_clk rise edge)    0.000     0.000 r  
                                                      0.000     0.000 r  net_clk (IN)
                         net (fo=1291, unset)         0.537     0.537    u_hist/net_clk
    RAMB18_X0Y30         RAMB18E1                                     r  u_hist/bin_mem_reg/CLKARDCLK
  -------------------------------------------------------------------    -------------------
    RAMB18_X0Y30         RAMB18E1 (Prop_ramb18e1_CLKARDCLK_DOADO[0])
                                                      1.800     2.337 f  u_hist/bin_mem_reg/DOADO[0]
                         net (fo=3, routed)           0.609     2.946    u_hist/ra_data[0]
    SLICE_X5Y72          LUT3 (Prop_lut3_I0_O)        0.049     2.995 r  u_hist/last_data[3]_i_7/O
                         net (fo=2, routed)           0.440     3.434    u_hist/last_data[3]_i_7_n_0
    SLICE_X5Y73          LUT5 (Prop_lut5_I1_O)        0.136     3.570 r  u_hist/last_data[3]_i_8/O
                         net (fo=1, routed)           0.450     4.020    u_hist/last_data[3]_i_8_n_0
    SLICE_X4Y71          LUT6 (Prop_lut6_I1_O)        0.043     4.063 r  u_hist/last_data[3]_i_6/O
                         net (fo=1, routed)           0.000     4.063    u_hist/last_data[3]_i_6_n_0
    SLICE_X4Y71          CARRY4 (Prop_carry4_S[0]_CO[3])
                                                      0.259     4.322 r  u_hist/last_data_reg[3]_i_1/CO[3]
                         net (fo=1, routed)           0.000     4.322    u_hist/last_data_reg[3]_i_1_n_0
    SLICE_X4Y72          CARRY4 (Prop_carry4_CI_CO[3])
                                                      0.053     4.375 r  u_hist/last_data_reg[7]_i_1/CO[3]
                         net (fo=1, routed)           0.000     4.375    u_hist/last_data_reg[7]_i_1_n_0
    SLICE_X4Y73          CARRY4 (Prop_carry4_CI_CO[3])
                                                      0.053     4.428 r  u_hist/last_data_reg[11]_i_1/CO[3]
                         net (fo=1, routed)           0.000     4.428    u_hist/last_data_reg[11]_i_1_n_0
    SLICE_X4Y74          CARRY4 (Prop_carry4_CI_CO[3])
                                                      0.053     4.481 r  u_hist/last_data_reg[15]_i_1/CO[3]
                         net (fo=1, routed)           0.007     4.488    u_hist/last_data_reg[15]_i_1_n_0
    SLICE_X4Y75          CARRY4 (Prop_carry4_CI_CO[3])
                                                      0.053     4.541 r  u_hist/last_data_reg[19]_i_1/CO[3]
                         net (fo=1, routed)           0.000     4.541    u_hist/last_data_reg[19]_i_1_n_0
    SLICE_X4Y76          CARRY4 (Prop_carry4_CI_CO[3])
                                                      0.053     4.594 r  u_hist/last_data_reg[23]_i_1/CO[3]
                         net (fo=1, routed)           0.000     4.594    u_hist/last_data_reg[23]_i_1_n_0
    SLICE_X4Y77          CARRY4 (Prop_carry4_CI_O[0])
                                                      0.117     4.711 r  u_hist/last_data_reg[27]_i_1/O[0]
                         net (fo=2, routed)           0.324     5.035    u_hist/new_val[24]
    SLICE_X7Y76          LUT2 (Prop_lut2_I0_O)        0.124     5.159 r  u_hist/bin_mem_reg_i_38/O
                         net (fo=1, routed)           0.336     5.495    u_hist/wdata[24]
    RAMB18_X0Y30         RAMB18E1                                     r  u_hist/bin_mem_reg/DIBDI[8]
  -------------------------------------------------------------------    -------------------

                         (clock net_clk rise edge)    6.400     6.400 r  
                                                      0.000     6.400 r  net_clk (IN)
                         net (fo=1291, unset)         0.510     6.910    u_hist/net_clk
    RAMB18_X0Y30         RAMB18E1                                     r  u_hist/bin_mem_reg/CLKBWRCLK
                         clock pessimism              0.000     6.910    
                         clock uncertainty           -0.035     6.875    
    RAMB18_X0Y30         RAMB18E1 (Setup_ramb18e1_CLKBWRCLK_DIBDI[8])
                                                     -0.182     6.693    u_hist/bin_mem_reg
  -------------------------------------------------------------------
                         required time                          6.693    
                         arrival time                          -5.495    
  -------------------------------------------------------------------
                         slack                                  1.198    

Slack (MET) :             1.202ns  (required time - arrival time)
  Source:                 u_hist/bin_mem_reg/CLKARDCLK
                            (rising edge-triggered cell RAMB18E1 clocked by net_clk  {rise@0.000ns fall@3.200ns period=6.400ns})
  Destination:            u_hist/bin_mem_reg/DIBDI[0]
                            (rising edge-triggered cell RAMB18E1 clocked by net_clk  {rise@0.000ns fall@3.200ns period=6.400ns})
  Path Group:             net_clk
  Path Type:              Setup (Max at Slow Process Corner)
  Requirement:            6.400ns  (net_clk rise@6.400ns - net_clk rise@0.000ns)
  Data Path Delay:        4.862ns  (logic 2.697ns (55.470%)  route 2.165ns (44.531%))
  Logic Levels:           9  (CARRY4=5 LUT2=1 LUT3=1 LUT5=1 LUT6=1)
  Clock Path Skew:        -0.027ns (DCD - SCD + CPR)
    Destination Clock Delay (DCD):    0.510ns = ( 6.910 - 6.400 ) 
    Source Clock Delay      (SCD):    0.537ns
    Clock Pessimism Removal (CPR):    0.000ns
  Clock Uncertainty:      0.035ns  ((TSJ^2 + TIJ^2)^1/2 + DJ) / 2 + PE
    Total System Jitter     (TSJ):    0.071ns
    Total Input Jitter      (TIJ):    0.000ns
    Discrete Jitter          (DJ):    0.000ns
    Phase Error              (PE):    0.000ns

    Location             Delay type                Incr(ns)  Path(ns)    Netlist Resource(s)
  -------------------------------------------------------------------    -------------------
                         (clock net_clk rise edge)    0.000     0.000 r  
                                                      0.000     0.000 r  net_clk (IN)
                         net (fo=1291, unset)         0.537     0.537    u_hist/net_clk
    RAMB18_X0Y30         RAMB18E1                                     r  u_hist/bin_mem_reg/CLKARDCLK
  -------------------------------------------------------------------    -------------------
    RAMB18_X0Y30         RAMB18E1 (Prop_ramb18e1_CLKARDCLK_DOADO[0])
                                                      1.800     2.337 f  u_hist/bin_mem_reg/DOADO[0]
                         net (fo=3, routed)           0.609     2.946    u_hist/ra_data[0]
    SLICE_X5Y72          LUT3 (Prop_lut3_I0_O)        0.049     2.995 r  u_hist/last_data[3]_i_7/O
                         net (fo=2, routed)           0.440     3.434    u_hist/last_data[3]_i_7_n_0
    SLICE_X5Y73          LUT5 (Prop_lut5_I1_O)        0.136     3.570 r  u_hist/last_data[3]_i_8/O
                         net (fo=1, routed)           0.450     4.020    u_hist/last_data[3]_i_8_n_0
    SLICE_X4Y71          LUT6 (Prop_lut6_I1_O)        0.043     4.063 r  u_hist/last_data[3]_i_6/O
                         net (fo=1, routed)           0.000     4.063    u_hist/last_data[3]_i_6_n_0
    SLICE_X4Y71          CARRY4 (Prop_carry4_S[0]_CO[3])
                                                      0.259     4.322 r  u_hist/last_data_reg[3]_i_1/CO[3]
                         net (fo=1, routed)           0.000     4.322    u_hist/last_data_reg[3]_i_1_n_0
    SLICE_X4Y72          CARRY4 (Prop_carry4_CI_CO[3])
                                                      0.053     4.375 r  u_hist/last_data_reg[7]_i_1/CO[3]
                         net (fo=1, routed)           0.000     4.375    u_hist/last_data_reg[7]_i_1_n_0
    SLICE_X4Y73          CARRY4 (Prop_carry4_CI_CO[3])
                                                      0.053     4.428 r  u_hist/last_data_reg[11]_i_1/CO[3]
                         net (fo=1, routed)           0.000     4.428    u_hist/last_data_reg[11]_i_1_n_0
    SLICE_X4Y74          CARRY4 (Prop_carry4_CI_CO[3])
                                                      0.053     4.481 r  u_hist/last_data_reg[15]_i_1/CO[3]
                         net (fo=1, routed)           0.007     4.488    u_hist/last_data_reg[15]_i_1_n_0
    SLICE_X4Y75          CARRY4 (Prop_carry4_CI_O[0])
                                                      0.117     4.605 r  u_hist/last_data_reg[19]_i_1/O[0]
                         net (fo=2, routed)           0.465     5.070    u_hist/new_val[16]
    SLICE_X9Y76          LUT2 (Prop_lut2_I0_O)        0.134     5.204 r  u_hist/bin_mem_reg_i_46/O
                         net (fo=1, routed)           0.195     5.399    u_hist/wdata[16]
    RAMB18_X0Y30         RAMB18E1                                     r  u_hist/bin_mem_reg/DIBDI[0]
  -------------------------------------------------------------------    -------------------

                         (clock net_clk rise edge)    6.400     6.400 r  
                                                      0.000     6.400 r  net_clk (IN)
                         net (fo=1291, unset)         0.510     6.910    u_hist/net_clk
    RAMB18_X0Y30         RAMB18E1                                     r  u_hist/bin_mem_reg/CLKBWRCLK
                         clock pessimism              0.000     6.910    
                         clock uncertainty           -0.035     6.875    
    RAMB18_X0Y30         RAMB18E1 (Setup_ramb18e1_CLKBWRCLK_DIBDI[0])
                                                     -0.274     6.601    u_hist/bin_mem_reg
  -------------------------------------------------------------------
                         required time                          6.601    
                         arrival time                          -5.399    
  -------------------------------------------------------------------
                         slack                                  1.202    

Slack (MET) :             1.218ns  (required time - arrival time)
  Source:                 u_hist/bin_mem_reg/CLKARDCLK
                            (rising edge-triggered cell RAMB18E1 clocked by net_clk  {rise@0.000ns fall@3.200ns period=6.400ns})
  Destination:            u_hist/bin_mem_reg/DIBDI[9]
                            (rising edge-triggered cell RAMB18E1 clocked by net_clk  {rise@0.000ns fall@3.200ns period=6.400ns})
  Path Group:             net_clk
  Path Type:              Setup (Max at Slow Process Corner)
  Requirement:            6.400ns  (net_clk rise@6.400ns - net_clk rise@0.000ns)
  Data Path Delay:        4.845ns  (logic 2.855ns (58.922%)  route 1.990ns (41.078%))
  Logic Levels:           11  (CARRY4=7 LUT2=1 LUT3=1 LUT5=1 LUT6=1)
  Clock Path Skew:        -0.027ns (DCD - SCD + CPR)
    Destination Clock Delay (DCD):    0.510ns = ( 6.910 - 6.400 ) 
    Source Clock Delay      (SCD):    0.537ns
    Clock Pessimism Removal (CPR):    0.000ns
  Clock Uncertainty:      0.035ns  ((TSJ^2 + TIJ^2)^1/2 + DJ) / 2 + PE
    Total System Jitter     (TSJ):    0.071ns
    Total Input Jitter      (TIJ):    0.000ns
    Discrete Jitter          (DJ):    0.000ns
    Phase Error              (PE):    0.000ns

    Location             Delay type                Incr(ns)  Path(ns)    Netlist Resource(s)
  -------------------------------------------------------------------    -------------------
                         (clock net_clk rise edge)    0.000     0.000 r  
                                                      0.000     0.000 r  net_clk (IN)
                         net (fo=1291, unset)         0.537     0.537    u_hist/net_clk
    RAMB18_X0Y30         RAMB18E1                                     r  u_hist/bin_mem_reg/CLKARDCLK
  -------------------------------------------------------------------    -------------------
    RAMB18_X0Y30         RAMB18E1 (Prop_ramb18e1_CLKARDCLK_DOADO[0])
                                                      1.800     2.337 f  u_hist/bin_mem_reg/DOADO[0]
                         net (fo=3, routed)           0.609     2.946    u_hist/ra_data[0]
    SLICE_X5Y72          LUT3 (Prop_lut3_I0_O)        0.049     2.995 r  u_hist/last_data[3]_i_7/O
                         net (fo=2, routed)           0.440     3.434    u_hist/last_data[3]_i_7_n_0
    SLICE_X5Y73          LUT5 (Prop_lut5_I1_O)        0.136     3.570 r  u_hist/last_data[3]_i_8/O
                         net (fo=1, routed)           0.450     4.020    u_hist/last_data[3]_i_8_n_0
    SLICE_X4Y71          LUT6 (Prop_lut6_I1_O)        0.043     4.063 r  u_hist/last_data[3]_i_6/O
                         net (fo=1, routed)           0.000     4.063    u_hist/last_data[3]_i_6_n_0
    SLICE_X4Y71          CARRY4 (Prop_carry4_S[0]_CO[3])
                                                      0.259     4.322 r  u_hist/last_data_reg[3]_i_1/CO[3]
                         net (fo=1, routed)           0.000     4.322    u_hist/last_data_reg[3]_i_1_n_0
    SLICE_X4Y72          CARRY4 (Prop_carry4_CI_CO[3])
                                                      0.053     4.375 r  u_hist/last_data_reg[7]_i_1/CO[3]
                         net (fo=1, routed)           0.000     4.375    u_hist/last_data_reg[7]_i_1_n_0
    SLICE_X4Y73          CARRY4 (Prop_carry4_CI_CO[3])
                                                      0.053     4.428 r  u_hist/last_data_reg[11]_i_1/CO[3]
                         net (fo=1, routed)           0.000     4.428    u_hist/last_data_reg[11]_i_1_n_0
    SLICE_X4Y74          CARRY4 (Prop_carry4_CI_CO[3])
                                                      0.053     4.481 r  u_hist/last_data_reg[15]_i_1/CO[3]
                         net (fo=1, routed)           0.007     4.488    u_hist/last_data_reg[15]_i_1_n_0
    SLICE_X4Y75          CARRY4 (Prop_carry4_CI_CO[3])
                                                      0.053     4.541 r  u_hist/last_data_reg[19]_i_1/CO[3]
                         net (fo=1, routed)           0.000     4.541    u_hist/last_data_reg[19]_i_1_n_0
    SLICE_X4Y76          CARRY4 (Prop_carry4_CI_CO[3])
                                                      0.053     4.594 r  u_hist/last_data_reg[23]_i_1/CO[3]
                         net (fo=1, routed)           0.000     4.594    u_hist/last_data_reg[23]_i_1_n_0
    SLICE_X4Y77          CARRY4 (Prop_carry4_CI_O[1])
                                                      0.173     4.767 r  u_hist/last_data_reg[27]_i_1/O[1]
                         net (fo=2, routed)           0.237     5.004    u_hist/new_val[25]
    SLICE_X7Y76          LUT2 (Prop_lut2_I0_O)        0.130     5.134 r  u_hist/bin_mem_reg_i_37/O
                         net (fo=1, routed)           0.248     5.382    u_hist/wdata[25]
    RAMB18_X0Y30         RAMB18E1                                     r  u_hist/bin_mem_reg/DIBDI[9]
  -------------------------------------------------------------------    -------------------

                         (clock net_clk rise edge)    6.400     6.400 r  
                                                      0.000     6.400 r  net_clk (IN)
                         net (fo=1291, unset)         0.510     6.910    u_hist/net_clk
    RAMB18_X0Y30         RAMB18E1                                     r  u_hist/bin_mem_reg/CLKBWRCLK
                         clock pessimism              0.000     6.910    
                         clock uncertainty           -0.035     6.875    
    RAMB18_X0Y30         RAMB18E1 (Setup_ramb18e1_CLKBWRCLK_DIBDI[9])
                                                     -0.274     6.601    u_hist/bin_mem_reg
  -------------------------------------------------------------------
                         required time                          6.601    
                         arrival time                          -5.382    
  -------------------------------------------------------------------
                         slack                                  1.218    

Slack (MET) :             1.220ns  (required time - arrival time)
  Source:                 u_hist/bin_mem_reg/CLKARDCLK
                            (rising edge-triggered cell RAMB18E1 clocked by net_clk  {rise@0.000ns fall@3.200ns period=6.400ns})
  Destination:            u_hist/bin_mem_reg/DIADI[15]
                            (rising edge-triggered cell RAMB18E1 clocked by net_clk  {rise@0.000ns fall@3.200ns period=6.400ns})
  Path Group:             net_clk
  Path Type:              Setup (Max at Slow Process Corner)
  Requirement:            6.400ns  (net_clk rise@6.400ns - net_clk rise@0.000ns)
  Data Path Delay:        4.843ns  (logic 2.677ns (55.281%)  route 2.166ns (44.719%))
  Logic Levels:           8  (CARRY4=4 LUT2=1 LUT3=1 LUT5=1 LUT6=1)
  Clock Path Skew:        -0.027ns (DCD - SCD + CPR)
    Destination Clock Delay (DCD):    0.510ns = ( 6.910 - 6.400 ) 
    Source Clock Delay      (SCD):    0.537ns
    Clock Pessimism Removal (CPR):    0.000ns
  Clock Uncertainty:      0.035ns  ((TSJ^2 + TIJ^2)^1/2 + DJ) / 2 + PE
    Total System Jitter     (TSJ):    0.071ns
    Total Input Jitter      (TIJ):    0.000ns
    Discrete Jitter          (DJ):    0.000ns
    Phase Error              (PE):    0.000ns

    Location             Delay type                Incr(ns)  Path(ns)    Netlist Resource(s)
  -------------------------------------------------------------------    -------------------
                         (clock net_clk rise edge)    0.000     0.000 r  
                                                      0.000     0.000 r  net_clk (IN)
                         net (fo=1291, unset)         0.537     0.537    u_hist/net_clk
    RAMB18_X0Y30         RAMB18E1                                     r  u_hist/bin_mem_reg/CLKARDCLK
  -------------------------------------------------------------------    -------------------
    RAMB18_X0Y30         RAMB18E1 (Prop_ramb18e1_CLKARDCLK_DOADO[0])
                                                      1.800     2.337 f  u_hist/bin_mem_reg/DOADO[0]
                         net (fo=3, routed)           0.609     2.946    u_hist/ra_data[0]
    SLICE_X5Y72          LUT3 (Prop_lut3_I0_O)        0.049     2.995 r  u_hist/last_data[3]_i_7/O
                         net (fo=2, routed)           0.440     3.434    u_hist/last_data[3]_i_7_n_0
    SLICE_X5Y73          LUT5 (Prop_lut5_I1_O)        0.136     3.570 r  u_hist/last_data[3]_i_8/O
                         net (fo=1, routed)           0.450     4.020    u_hist/last_data[3]_i_8_n_0
    SLICE_X4Y71          LUT6 (Prop_lut6_I1_O)        0.043     4.063 r  u_hist/last_data[3]_i_6/O
                         net (fo=1, routed)           0.000     4.063    u_hist/last_data[3]_i_6_n_0
    SLICE_X4Y71          CARRY4 (Prop_carry4_S[0]_CO[3])
                                                      0.259     4.322 r  u_hist/last_data_reg[3]_i_1/CO[3]
                         net (fo=1, routed)           0.000     4.322    u_hist/last_data_reg[3]_i_1_n_0
    SLICE_X4Y72          CARRY4 (Prop_carry4_CI_CO[3])
                                                      0.053     4.375 r  u_hist/last_data_reg[7]_i_1/CO[3]
                         net (fo=1, routed)           0.000     4.375    u_hist/last_data_reg[7]_i_1_n_0
    SLICE_X4Y73          CARRY4 (Prop_carry4_CI_CO[3])
                                                      0.053     4.428 r  u_hist/last_data_reg[11]_i_1/CO[3]
                         net (fo=1, routed)           0.000     4.428    u_hist/last_data_reg[11]_i_1_n_0
    SLICE_X4Y74          CARRY4 (Prop_carry4_CI_O[3])
                                                      0.155     4.583 r  u_hist/last_data_reg[15]_i_1/O[3]
                         net (fo=2, routed)           0.429     5.012    u_hist/new_val[15]
    SLICE_X7Y77          LUT2 (Prop_lut2_I0_O)        0.129     5.141 r  u_hist/bin_mem_reg_i_15/O
                         net (fo=1, routed)           0.239     5.380    u_hist/wdata[15]
    RAMB18_X0Y30         RAMB18E1                                     r  u_hist/bin_mem_reg/DIADI[15]
  -------------------------------------------------------------------    -------------------

                         (clock net_clk rise edge)    6.400     6.400 r  
                                                      0.000     6.400 r  net_clk (IN)
                         net (fo=1291, unset)         0.510     6.910    u_hist/net_clk
    RAMB18_X0Y30         RAMB18E1                                     r  u_hist/bin_mem_reg/CLKBWRCLK
                         clock pessimism              0.000     6.910    
                         clock uncertainty           -0.035     6.875    
    RAMB18_X0Y30         RAMB18E1 (Setup_ramb18e1_CLKBWRCLK_DIADI[15])
                                                     -0.275     6.600    u_hist/bin_mem_reg
  -------------------------------------------------------------------
                         required time                          6.600    
                         arrival time                          -5.380    
  -------------------------------------------------------------------
                         slack                                  1.220    

Slack (MET) :             1.237ns  (required time - arrival time)
  Source:                 u_hist/bin_mem_reg/CLKARDCLK
                            (rising edge-triggered cell RAMB18E1 clocked by net_clk  {rise@0.000ns fall@3.200ns period=6.400ns})
  Destination:            u_hist/bin_mem_reg/DIBDI[14]
                            (rising edge-triggered cell RAMB18E1 clocked by net_clk  {rise@0.000ns fall@3.200ns period=6.400ns})
  Path Group:             net_clk
  Path Type:              Setup (Max at Slow Process Corner)
  Requirement:            6.400ns  (net_clk rise@6.400ns - net_clk rise@0.000ns)
  Data Path Delay:        4.919ns  (logic 2.846ns (57.862%)  route 2.073ns (42.138%))
  Logic Levels:           12  (CARRY4=8 LUT2=1 LUT3=1 LUT5=1 LUT6=1)
  Clock Path Skew:        -0.027ns (DCD - SCD + CPR)
    Destination Clock Delay (DCD):    0.510ns = ( 6.910 - 6.400 ) 
    Source Clock Delay      (SCD):    0.537ns
    Clock Pessimism Removal (CPR):    0.000ns
  Clock Uncertainty:      0.035ns  ((TSJ^2 + TIJ^2)^1/2 + DJ) / 2 + PE
    Total System Jitter     (TSJ):    0.071ns
    Total Input Jitter      (TIJ):    0.000ns
    Discrete Jitter          (DJ):    0.000ns
    Phase Error              (PE):    0.000ns

    Location             Delay type                Incr(ns)  Path(ns)    Netlist Resource(s)
  -------------------------------------------------------------------    -------------------
                         (clock net_clk rise edge)    0.000     0.000 r  
                                                      0.000     0.000 r  net_clk (IN)
                         net (fo=1291, unset)         0.537     0.537    u_hist/net_clk
    RAMB18_X0Y30         RAMB18E1                                     r  u_hist/bin_mem_reg/CLKARDCLK
  -------------------------------------------------------------------    -------------------
    RAMB18_X0Y30         RAMB18E1 (Prop_ramb18e1_CLKARDCLK_DOADO[0])
                                                      1.800     2.337 f  u_hist/bin_mem_reg/DOADO[0]
                         net (fo=3, routed)           0.609     2.946    u_hist/ra_data[0]
    SLICE_X5Y72          LUT3 (Prop_lut3_I0_O)        0.049     2.995 r  u_hist/last_data[3]_i_7/O
                         net (fo=2, routed)           0.440     3.434    u_hist/last_data[3]_i_7_n_0
    SLICE_X5Y73          LUT5 (Prop_lut5_I1_O)        0.136     3.570 r  u_hist/last_data[3]_i_8/O
                         net (fo=1, routed)           0.450     4.020    u_hist/last_data[3]_i_8_n_0
    SLICE_X4Y71          LUT6 (Prop_lut6_I1_O)        0.043     4.063 r  u_hist/last_data[3]_i_6/O
                         net (fo=1, routed)           0.000     4.063    u_hist/last_data[3]_i_6_n_0
    SLICE_X4Y71          CARRY4 (Prop_carry4_S[0]_CO[3])
                                                      0.259     4.322 r  u_hist/last_data_reg[3]_i_1/CO[3]
                         net (fo=1, routed)           0.000     4.322    u_hist/last_data_reg[3]_i_1_n_0
    SLICE_X4Y72          CARRY4 (Prop_carry4_CI_CO[3])
                                                      0.053     4.375 r  u_hist/last_data_reg[7]_i_1/CO[3]
                         net (fo=1, routed)           0.000     4.375    u_hist/last_data_reg[7]_i_1_n_0
    SLICE_X4Y73          CARRY4 (Prop_carry4_CI_CO[3])
                                                      0.053     4.428 r  u_hist/last_data_reg[11]_i_1/CO[3]
                         net (fo=1, routed)           0.000     4.428    u_hist/last_data_reg[11]_i_1_n_0
    SLICE_X4Y74          CARRY4 (Prop_carry4_CI_CO[3])
                                                      0.053     4.481 r  u_hist/last_data_reg[15]_i_1/CO[3]
                         net (fo=1, routed)           0.007     4.488    u_hist/last_data_reg[15]_i_1_n_0
    SLICE_X4Y75          CARRY4 (Prop_carry4_CI_CO[3])
                                                      0.053     4.541 r  u_hist/last_data_reg[19]_i_1/CO[3]
                         net (fo=1, routed)           0.000     4.541    u_hist/last_data_reg[19]_i_1_n_0
    SLICE_X4Y76          CARRY4 (Prop_carry4_CI_CO[3])
                                                      0.053     4.594 r  u_hist/last_data_reg[23]_i_1/CO[3]
                         net (fo=1, routed)           0.000     4.594    u_hist/last_data_reg[23]_i_1_n_0
    SLICE_X4Y77          CARRY4 (Prop_carry4_CI_CO[3])
                                                      0.053     4.647 r  u_hist/last_data_reg[27]_i_1/CO[3]
                         net (fo=1, routed)           0.000     4.647    u_hist/last_data_reg[27]_i_1_n_0
    SLICE_X4Y78          CARRY4 (Prop_carry4_CI_O[2])
                                                      0.119     4.766 r  u_hist/last_data_reg[31]_i_2/O[2]
                         net (fo=2, routed)           0.239     5.005    u_hist/new_val[30]
    SLICE_X7Y77          LUT2 (Prop_lut2_I0_O)        0.122     5.127 r  u_hist/bin_mem_reg_i_32/O
                         net (fo=1, routed)           0.328     5.456    u_hist/wdata[30]
    RAMB18_X0Y30         RAMB18E1                                     r  u_hist/bin_mem_reg/DIBDI[14]
  -------------------------------------------------------------------    -------------------

                         (clock net_clk rise edge)    6.400     6.400 r  
                                                      0.000     6.400 r  net_clk (IN)
                         net (fo=1291, unset)         0.510     6.910    u_hist/net_clk
    RAMB18_X0Y30         RAMB18E1                                     r  u_hist/bin_mem_reg/CLKBWRCLK
                         clock pessimism              0.000     6.910    
                         clock uncertainty           -0.035     6.875    
    RAMB18_X0Y30         RAMB18E1 (Setup_ramb18e1_CLKBWRCLK_DIBDI[14])
                                                     -0.182     6.693    u_hist/bin_mem_reg
  -------------------------------------------------------------------
                         required time                          6.693    
                         arrival time                          -5.456    
  -------------------------------------------------------------------
                         slack                                  1.237    

Slack (MET) :             1.239ns  (required time - arrival time)
  Source:                 u_hist/bin_mem_reg/CLKARDCLK
                            (rising edge-triggered cell RAMB18E1 clocked by net_clk  {rise@0.000ns fall@3.200ns period=6.400ns})
  Destination:            u_hist/bin_mem_reg/DIBDI[7]
                            (rising edge-triggered cell RAMB18E1 clocked by net_clk  {rise@0.000ns fall@3.200ns period=6.400ns})
  Path Group:             net_clk
  Path Type:              Setup (Max at Slow Process Corner)
  Requirement:            6.400ns  (net_clk rise@6.400ns - net_clk rise@0.000ns)
  Data Path Delay:        4.917ns  (logic 2.774ns (56.415%)  route 2.143ns (43.585%))
  Logic Levels:           10  (CARRY4=6 LUT2=1 LUT3=1 LUT5=1 LUT6=1)
  Clock Path Skew:        -0.027ns (DCD - SCD + CPR)
    Destination Clock Delay (DCD):    0.510ns = ( 6.910 - 6.400 ) 
    Source Clock Delay      (SCD):    0.537ns
    Clock Pessimism Removal (CPR):    0.000ns
  Clock Uncertainty:      0.035ns  ((TSJ^2 + TIJ^2)^1/2 + DJ) / 2 + PE
    Total System Jitter     (TSJ):    0.071ns
    Total Input Jitter      (TIJ):    0.000ns
    Discrete Jitter          (DJ):    0.000ns
    Phase Error              (PE):    0.000ns

    Location             Delay type                Incr(ns)  Path(ns)    Netlist Resource(s)
  -------------------------------------------------------------------    -------------------
                         (clock net_clk rise edge)    0.000     0.000 r  
                                                      0.000     0.000 r  net_clk (IN)
                         net (fo=1291, unset)         0.537     0.537    u_hist/net_clk
    RAMB18_X0Y30         RAMB18E1                                     r  u_hist/bin_mem_reg/CLKARDCLK
  -------------------------------------------------------------------    -------------------
    RAMB18_X0Y30         RAMB18E1 (Prop_ramb18e1_CLKARDCLK_DOADO[0])
                                                      1.800     2.337 f  u_hist/bin_mem_reg/DOADO[0]
                         net (fo=3, routed)           0.609     2.946    u_hist/ra_data[0]
    SLICE_X5Y72          LUT3 (Prop_lut3_I0_O)        0.049     2.995 r  u_hist/last_data[3]_i_7/O
                         net (fo=2, routed)           0.440     3.434    u_hist/last_data[3]_i_7_n_0
    SLICE_X5Y73          LUT5 (Prop_lut5_I1_O)        0.136     3.570 r  u_hist/last_data[3]_i_8/O
                         net (fo=1, routed)           0.450     4.020    u_hist/last_data[3]_i_8_n_0
    SLICE_X4Y71          LUT6 (Prop_lut6_I1_O)        0.043     4.063 r  u_hist/last_data[3]_i_6/O
                         net (fo=1, routed)           0.000     4.063    u_hist/last_data[3]_i_6_n_0
    SLICE_X4Y71          CARRY4 (Prop_carry4_S[0]_CO[3])
                                                      0.259     4.322 r  u_hist/last_data_reg[3]_i_1/CO[3]
                         net (fo=1, routed)           0.000     4.322    u_hist/last_data_reg[3]_i_1_n_0
    SLICE_X4Y72          CARRY4 (Prop_carry4_CI_CO[3])
                                                      0.053     4.375 r  u_hist/last_data_reg[7]_i_1/CO[3]
                         net (fo=1, routed)           0.000     4.375    u_hist/last_data_reg[7]_i_1_n_0
    SLICE_X4Y73          CARRY4 (Prop_carry4_CI_CO[3])
                                                      0.053     4.428 r  u_hist/last_data_reg[11]_i_1/CO[3]
                         net (fo=1, routed)           0.000     4.428    u_hist/last_data_reg[11]_i_1_n_0
    SLICE_X4Y74          CARRY4 (Prop_carry4_CI_CO[3])
                                                      0.053     4.481 r  u_hist/last_data_reg[15]_i_1/CO[3]
                         net (fo=1, routed)           0.007     4.488    u_hist/last_data_reg[15]_i_1_n_0
    SLICE_X4Y75          CARRY4 (Prop_carry4_CI_CO[3])
                                                      0.053     4.541 r  u_hist/last_data_reg[19]_i_1/CO[3]
                         net (fo=1, routed)           0.000     4.541    u_hist/last_data_reg[19]_i_1_n_0
    SLICE_X4Y76          CARRY4 (Prop_carry4_CI_O[3])
                                                      0.155     4.696 r  u_hist/last_data_reg[23]_i_1/O[3]
                         net (fo=2, routed)           0.319     5.015    u_hist/new_val[23]
    SLICE_X7Y76          LUT2 (Prop_lut2_I0_O)        0.120     5.135 r  u_hist/bin_mem_reg_i_39/O
                         net (fo=1, routed)           0.319     5.454    u_hist/wdata[23]
    RAMB18_X0Y30         RAMB18E1                                     r  u_hist/bin_mem_reg/DIBDI[7]
  -------------------------------------------------------------------    -------------------

                         (clock net_clk rise edge)    6.400     6.400 r  
                                                      0.000     6.400 r  net_clk (IN)
                         net (fo=1291, unset)         0.510     6.910    u_hist/net_clk
    RAMB18_X0Y30         RAMB18E1                                     r  u_hist/bin_mem_reg/CLKBWRCLK
                         clock pessimism              0.000     6.910    
                         clock uncertainty           -0.035     6.875    
    RAMB18_X0Y30         RAMB18E1 (Setup_ramb18e1_CLKBWRCLK_DIBDI[7])
                                                     -0.182     6.693    u_hist/bin_mem_reg
  -------------------------------------------------------------------
                         required time                          6.693    
                         arrival time                          -5.454    
  -------------------------------------------------------------------
                         slack                                  1.239    

Slack (MET) :             1.244ns  (required time - arrival time)
  Source:                 u_hist/bin_mem_reg/CLKARDCLK
                            (rising edge-triggered cell RAMB18E1 clocked by net_clk  {rise@0.000ns fall@3.200ns period=6.400ns})
  Destination:            u_hist/bin_mem_reg/DIADI[12]
                            (rising edge-triggered cell RAMB18E1 clocked by net_clk  {rise@0.000ns fall@3.200ns period=6.400ns})
  Path Group:             net_clk
  Path Type:              Setup (Max at Slow Process Corner)
  Requirement:            6.400ns  (net_clk rise@6.400ns - net_clk rise@0.000ns)
  Data Path Delay:        4.823ns  (logic 2.636ns (54.659%)  route 2.187ns (45.341%))
  Logic Levels:           8  (CARRY4=4 LUT2=1 LUT3=1 LUT5=1 LUT6=1)
  Clock Path Skew:        -0.027ns (DCD - SCD + CPR)
    Destination Clock Delay (DCD):    0.510ns = ( 6.910 - 6.400 ) 
    Source Clock Delay      (SCD):    0.537ns
    Clock Pessimism Removal (CPR):    0.000ns
  Clock Uncertainty:      0.035ns  ((TSJ^2 + TIJ^2)^1/2 + DJ) / 2 + PE
    Total System Jitter     (TSJ):    0.071ns
    Total Input Jitter      (TIJ):    0.000ns
    Discrete Jitter          (DJ):    0.000ns
    Phase Error              (PE):    0.000ns

    Location             Delay type                Incr(ns)  Path(ns)    Netlist Resource(s)
  -------------------------------------------------------------------    -------------------
                         (clock net_clk rise edge)    0.000     0.000 r  
                                                      0.000     0.000 r  net_clk (IN)
                         net (fo=1291, unset)         0.537     0.537    u_hist/net_clk
    RAMB18_X0Y30         RAMB18E1                                     r  u_hist/bin_mem_reg/CLKARDCLK
  -------------------------------------------------------------------    -------------------
    RAMB18_X0Y30         RAMB18E1 (Prop_ramb18e1_CLKARDCLK_DOADO[0])
                                                      1.800     2.337 f  u_hist/bin_mem_reg/DOADO[0]
                         net (fo=3, routed)           0.609     2.946    u_hist/ra_data[0]
    SLICE_X5Y72          LUT3 (Prop_lut3_I0_O)        0.049     2.995 r  u_hist/last_data[3]_i_7/O
                         net (fo=2, routed)           0.440     3.434    u_hist/last_data[3]_i_7_n_0
    SLICE_X5Y73          LUT5 (Prop_lut5_I1_O)        0.136     3.570 r  u_hist/last_data[3]_i_8/O
                         net (fo=1, routed)           0.450     4.020    u_hist/last_data[3]_i_8_n_0
    SLICE_X4Y71          LUT6 (Prop_lut6_I1_O)        0.043     4.063 r  u_hist/last_data[3]_i_6/O
                         net (fo=1, routed)           0.000     4.063    u_hist/last_data[3]_i_6_n_0
    SLICE_X4Y71          CARRY4 (Prop_carry4_S[0]_CO[3])
                                                      0.259     4.322 r  u_hist/last_data_reg[3]_i_1/CO[3]
                         net (fo=1, routed)           0.000     4.322    u_hist/last_data_reg[3]_i_1_n_0
    SLICE_X4Y72          CARRY4 (Prop_carry4_CI_CO[3])
                                                      0.053     4.375 r  u_hist/last_data_reg[7]_i_1/CO[3]
                         net (fo=1, routed)           0.000     4.375    u_hist/last_data_reg[7]_i_1_n_0
    SLICE_X4Y73          CARRY4 (Prop_carry4_CI_CO[3])
                                                      0.053     4.428 r  u_hist/last_data_reg[11]_i_1/CO[3]
                         net (fo=1, routed)           0.000     4.428    u_hist/last_data_reg[11]_i_1_n_0
    SLICE_X4Y74          CARRY4 (Prop_carry4_CI_O[0])
                                                      0.117     4.545 r  u_hist/last_data_reg[15]_i_1/O[0]
                         net (fo=2, routed)           0.395     4.939    u_hist/new_val[12]
    SLICE_X8Y74          LUT2 (Prop_lut2_I0_O)        0.126     5.065 r  u_hist/bin_mem_reg_i_18/O
                         net (fo=1, routed)           0.294     5.360    u_hist/wdata[12]
    RAMB18_X0Y30         RAMB18E1                                     r  u_hist/bin_mem_reg/DIADI[12]
  -------------------------------------------------------------------    -------------------

                         (clock net_clk rise edge)    6.400     6.400 r  
                                                      0.000     6.400 r  net_clk (IN)
                         net (fo=1291, unset)         0.510     6.910    u_hist/net_clk
    RAMB18_X0Y30         RAMB18E1                                     r  u_hist/bin_mem_reg/CLKBWRCLK
                         clock pessimism              0.000     6.910    
                         clock uncertainty           -0.035     6.875    
    RAMB18_X0Y30         RAMB18E1 (Setup_ramb18e1_CLKBWRCLK_DIADI[12])
                                                     -0.271     6.604    u_hist/bin_mem_reg
  -------------------------------------------------------------------
                         required time                          6.604    
                         arrival time                          -5.360    
  -------------------------------------------------------------------
                         slack                                  1.244    





Min Delay Paths
--------------------------------------------------------------------------------------
Slack (MET) :             0.095ns  (arrival time - required time)
  Source:                 u_hist/s1_delta_reg[31]/C
                            (rising edge-triggered cell FDRE clocked by net_clk  {rise@0.000ns fall@3.200ns period=6.400ns})
  Destination:            u_hist/s2_delta_reg[31]/D
                            (rising edge-triggered cell FDRE clocked by net_clk  {rise@0.000ns fall@3.200ns period=6.400ns})
  Path Group:             net_clk
  Path Type:              Hold (Min at Fast Process Corner)
  Requirement:            0.000ns  (net_clk rise@0.000ns - net_clk rise@0.000ns)
  Data Path Delay:        0.158ns  (logic 0.100ns (63.290%)  route 0.058ns (36.710%))
  Logic Levels:           0  
  Clock Path Skew:        0.014ns (DCD - SCD - CPR)
    Destination Clock Delay (DCD):    0.280ns
    Source Clock Delay      (SCD):    0.266ns
    Clock Pessimism Removal (CPR):    -0.000ns

    Location             Delay type                Incr(ns)  Path(ns)    Netlist Resource(s)
  -------------------------------------------------------------------    -------------------
                         (clock net_clk rise edge)    0.000     0.000 r  
                                                      0.000     0.000 r  net_clk (IN)
                         net (fo=1291, unset)         0.266     0.266    u_hist/net_clk
    SLICE_X0Y86          FDRE                                         r  u_hist/s1_delta_reg[31]/C
  -------------------------------------------------------------------    -------------------
    SLICE_X0Y86          FDRE (Prop_fdre_C_Q)         0.100     0.366 r  u_hist/s1_delta_reg[31]/Q
                         net (fo=1, routed)           0.058     0.424    u_hist/s1_delta[31]
    SLICE_X0Y86          FDRE                                         r  u_hist/s2_delta_reg[31]/D
  -------------------------------------------------------------------    -------------------

                         (clock net_clk rise edge)    0.000     0.000 r  
                                                      0.000     0.000 r  net_clk (IN)
                         net (fo=1291, unset)         0.280     0.280    u_hist/net_clk
    SLICE_X0Y86          FDRE                                         r  u_hist/s2_delta_reg[31]/C
                         clock pessimism              0.000     0.280    
    SLICE_X0Y86          FDRE (Hold_fdre_C_D)         0.049     0.329    u_hist/s2_delta_reg[31]
  -------------------------------------------------------------------
                         required time                         -0.329    
                         arrival time                           0.424    
  -------------------------------------------------------------------
                         slack                                  0.095    

Slack (MET) :             0.096ns  (arrival time - required time)
  Source:                 u_hist/s1_delta_reg[28]/C
                            (rising edge-triggered cell FDRE clocked by net_clk  {rise@0.000ns fall@3.200ns period=6.400ns})
  Destination:            u_hist/s2_delta_reg[28]/D
                            (rising edge-triggered cell FDRE clocked by net_clk  {rise@0.000ns fall@3.200ns period=6.400ns})
  Path Group:             net_clk
  Path Type:              Hold (Min at Fast Process Corner)
  Requirement:            0.000ns  (net_clk rise@0.000ns - net_clk rise@0.000ns)
  Data Path Delay:        0.157ns  (logic 0.100ns (63.608%)  route 0.057ns (36.392%))
  Logic Levels:           0  
  Clock Path Skew:        0.014ns (DCD - SCD - CPR)
    Destination Clock Delay (DCD):    0.280ns
    Source Clock Delay      (SCD):    0.266ns
    Clock Pessimism Removal (CPR):    -0.000ns

    Location             Delay type                Incr(ns)  Path(ns)    Netlist Resource(s)
  -------------------------------------------------------------------    -------------------
                         (clock net_clk rise edge)    0.000     0.000 r  
                                                      0.000     0.000 r  net_clk (IN)
                         net (fo=1291, unset)         0.266     0.266    u_hist/net_clk
    SLICE_X0Y86          FDRE                                         r  u_hist/s1_delta_reg[28]/C
  -------------------------------------------------------------------    -------------------
    SLICE_X0Y86          FDRE (Prop_fdre_C_Q)         0.100     0.366 r  u_hist/s1_delta_reg[28]/Q
                         net (fo=1, routed)           0.057     0.424    u_hist/s1_delta[28]
    SLICE_X0Y86          FDRE                                         r  u_hist/s2_delta_reg[28]/D
  -------------------------------------------------------------------    -------------------

                         (clock net_clk rise edge)    0.000     0.000 r  
                                                      0.000     0.000 r  net_clk (IN)
                         net (fo=1291, unset)         0.280     0.280    u_hist/net_clk
    SLICE_X0Y86          FDRE                                         r  u_hist/s2_delta_reg[28]/C
                         clock pessimism              0.000     0.280    
    SLICE_X0Y86          FDRE (Hold_fdre_C_D)         0.047     0.327    u_hist/s2_delta_reg[28]
  -------------------------------------------------------------------
                         required time                         -0.327    
                         arrival time                           0.424    
  -------------------------------------------------------------------
                         slack                                  0.096    

Slack (MET) :             0.098ns  (arrival time - required time)
  Source:                 u_hist/s1_delta_reg[27]/C
                            (rising edge-triggered cell FDRE clocked by net_clk  {rise@0.000ns fall@3.200ns period=6.400ns})
  Destination:            u_hist/s2_delta_reg[27]/D
                            (rising edge-triggered cell FDRE clocked by net_clk  {rise@0.000ns fall@3.200ns period=6.400ns})
  Path Group:             net_clk
  Path Type:              Hold (Min at Fast Process Corner)
  Requirement:            0.000ns  (net_clk rise@0.000ns - net_clk rise@0.000ns)
  Data Path Delay:        0.156ns  (logic 0.100ns (64.050%)  route 0.056ns (35.950%))
  Logic Levels:           0  
  Clock Path Skew:        0.014ns (DCD - SCD - CPR)
    Destination Clock Delay (DCD):    0.280ns
    Source Clock Delay      (SCD):    0.266ns
    Clock Pessimism Removal (CPR):    -0.000ns

    Location             Delay type                Incr(ns)  Path(ns)    Netlist Resource(s)
  -------------------------------------------------------------------    -------------------
                         (clock net_clk rise edge)    0.000     0.000 r  
                                                      0.000     0.000 r  net_clk (IN)
                         net (fo=1291, unset)         0.266     0.266    u_hist/net_clk
    SLICE_X0Y86          FDRE                                         r  u_hist/s1_delta_reg[27]/C
  -------------------------------------------------------------------    -------------------
    SLICE_X0Y86          FDRE (Prop_fdre_C_Q)         0.100     0.366 r  u_hist/s1_delta_reg[27]/Q
                         net (fo=1, routed)           0.056     0.422    u_hist/s1_delta[27]
    SLICE_X0Y86          FDRE                                         r  u_hist/s2_delta_reg[27]/D
  -------------------------------------------------------------------    -------------------

                         (clock net_clk rise edge)    0.000     0.000 r  
                                                      0.000     0.000 r  net_clk (IN)
                         net (fo=1291, unset)         0.280     0.280    u_hist/net_clk
    SLICE_X0Y86          FDRE                                         r  u_hist/s2_delta_reg[27]/C
                         clock pessimism              0.000     0.280    
    SLICE_X0Y86          FDRE (Hold_fdre_C_D)         0.044     0.324    u_hist/s2_delta_reg[27]
  -------------------------------------------------------------------
                         required time                         -0.324    
                         arrival time                           0.422    
  -------------------------------------------------------------------
                         slack                                  0.098    

Slack (MET) :             0.099ns  (arrival time - required time)
  Source:                 u_hist/s1_delta_reg[24]/C
                            (rising edge-triggered cell FDRE clocked by net_clk  {rise@0.000ns fall@3.200ns period=6.400ns})
  Destination:            u_hist/s2_delta_reg[24]/D
                            (rising edge-triggered cell FDRE clocked by net_clk  {rise@0.000ns fall@3.200ns period=6.400ns})
  Path Group:             net_clk
  Path Type:              Hold (Min at Fast Process Corner)
  Requirement:            0.000ns  (net_clk rise@0.000ns - net_clk rise@0.000ns)
  Data Path Delay:        0.160ns  (logic 0.100ns (62.442%)  route 0.060ns (37.558%))
  Logic Levels:           0  
  Clock Path Skew:        0.014ns (DCD - SCD - CPR)
    Destination Clock Delay (DCD):    0.280ns
    Source Clock Delay      (SCD):    0.266ns
    Clock Pessimism Removal (CPR):    -0.000ns

    Location             Delay type                Incr(ns)  Path(ns)    Netlist Resource(s)
  -------------------------------------------------------------------    -------------------
                         (clock net_clk rise edge)    0.000     0.000 r  
                                                      0.000     0.000 r  net_clk (IN)
                         net (fo=1291, unset)         0.266     0.266    u_hist/net_clk
    SLICE_X0Y86          FDRE                                         r  u_hist/s1_delta_reg[24]/C
  -------------------------------------------------------------------    -------------------
    SLICE_X0Y86          FDRE (Prop_fdre_C_Q)         0.100     0.366 r  u_hist/s1_delta_reg[24]/Q
                         net (fo=1, routed)           0.060     0.426    u_hist/s1_delta[24]
    SLICE_X0Y86          FDRE                                         r  u_hist/s2_delta_reg[24]/D
  -------------------------------------------------------------------    -------------------

                         (clock net_clk rise edge)    0.000     0.000 r  
                                                      0.000     0.000 r  net_clk (IN)
                         net (fo=1291, unset)         0.280     0.280    u_hist/net_clk
    SLICE_X0Y86          FDRE                                         r  u_hist/s2_delta_reg[24]/C
                         clock pessimism              0.000     0.280    
    SLICE_X0Y86          FDRE (Hold_fdre_C_D)         0.047     0.327    u_hist/s2_delta_reg[24]
  -------------------------------------------------------------------
                         required time                         -0.327    
                         arrival time                           0.426    
  -------------------------------------------------------------------
                         slack                                  0.099    

Slack (MET) :             0.099ns  (arrival time - required time)
  Source:                 u_snap/req_sync_reg[0]/C
                            (rising edge-triggered cell FDRE clocked by net_clk  {rise@0.000ns fall@3.200ns period=6.400ns})
  Destination:            u_snap/req_sync_reg[1]/D
                            (rising edge-triggered cell FDRE clocked by net_clk  {rise@0.000ns fall@3.200ns period=6.400ns})
  Path Group:             net_clk
  Path Type:              Hold (Min at Fast Process Corner)
  Requirement:            0.000ns  (net_clk rise@0.000ns - net_clk rise@0.000ns)
  Data Path Delay:        0.160ns  (logic 0.100ns (62.442%)  route 0.060ns (37.558%))
  Logic Levels:           0  
  Clock Path Skew:        0.014ns (DCD - SCD - CPR)
    Destination Clock Delay (DCD):    0.280ns
    Source Clock Delay      (SCD):    0.266ns
    Clock Pessimism Removal (CPR):    -0.000ns

    Location             Delay type                Incr(ns)  Path(ns)    Netlist Resource(s)
  -------------------------------------------------------------------    -------------------
                         (clock net_clk rise edge)    0.000     0.000 r  
                                                      0.000     0.000 r  net_clk (IN)
                         net (fo=1291, unset)         0.266     0.266    u_snap/net_clk
    SLICE_X26Y77         FDRE                                         r  u_snap/req_sync_reg[0]/C
  -------------------------------------------------------------------    -------------------
    SLICE_X26Y77         FDRE (Prop_fdre_C_Q)         0.100     0.366 r  u_snap/req_sync_reg[0]/Q
                         net (fo=1, routed)           0.060     0.426    u_snap/req_sync[0]
    SLICE_X26Y77         FDRE                                         r  u_snap/req_sync_reg[1]/D
  -------------------------------------------------------------------    -------------------

                         (clock net_clk rise edge)    0.000     0.000 r  
                                                      0.000     0.000 r  net_clk (IN)
                         net (fo=1291, unset)         0.280     0.280    u_snap/net_clk
    SLICE_X26Y77         FDRE                                         r  u_snap/req_sync_reg[1]/C
                         clock pessimism              0.000     0.280    
    SLICE_X26Y77         FDRE (Hold_fdre_C_D)         0.047     0.327    u_snap/req_sync_reg[1]
  -------------------------------------------------------------------
                         required time                         -0.327    
                         arrival time                           0.426    
  -------------------------------------------------------------------
                         slack                                  0.099    

Slack (MET) :             0.110ns  (arrival time - required time)
  Source:                 u_hist/rd_pend_reg/C
                            (rising edge-triggered cell FDRE clocked by net_clk  {rise@0.000ns fall@3.200ns period=6.400ns})
  Destination:            u_hist/rd_ack_reg/D
                            (rising edge-triggered cell FDRE clocked by net_clk  {rise@0.000ns fall@3.200ns period=6.400ns})
  Path Group:             net_clk
  Path Type:              Hold (Min at Fast Process Corner)
  Requirement:            0.000ns  (net_clk rise@0.000ns - net_clk rise@0.000ns)
  Data Path Delay:        0.171ns  (logic 0.100ns (58.601%)  route 0.071ns (41.399%))
  Logic Levels:           0  
  Clock Path Skew:        0.014ns (DCD - SCD - CPR)
    Destination Clock Delay (DCD):    0.280ns
    Source Clock Delay      (SCD):    0.266ns
    Clock Pessimism Removal (CPR):    -0.000ns

    Location             Delay type                Incr(ns)  Path(ns)    Netlist Resource(s)
  -------------------------------------------------------------------    -------------------
                         (clock net_clk rise edge)    0.000     0.000 r  
                                                      0.000     0.000 r  net_clk (IN)
                         net (fo=1291, unset)         0.266     0.266    u_hist/net_clk
    SLICE_X11Y75         FDRE                                         r  u_hist/rd_pend_reg/C
  -------------------------------------------------------------------    -------------------
    SLICE_X11Y75         FDRE (Prop_fdre_C_Q)         0.100     0.366 r  u_hist/rd_pend_reg/Q
                         net (fo=33, routed)          0.071     0.437    u_hist/rd_pend
    SLICE_X11Y75         FDRE                                         r  u_hist/rd_ack_reg/D
  -------------------------------------------------------------------    -------------------

                         (clock net_clk rise edge)    0.000     0.000 r  
                                                      0.000     0.000 r  net_clk (IN)
                         net (fo=1291, unset)         0.280     0.280    u_hist/net_clk
    SLICE_X11Y75         FDRE                                         r  u_hist/rd_ack_reg/C
                         clock pessimism              0.000     0.280    
    SLICE_X11Y75         FDRE (Hold_fdre_C_D)         0.047     0.327    u_hist/rd_ack_reg
  -------------------------------------------------------------------
                         required time                         -0.327    
                         arrival time                           0.437    
  -------------------------------------------------------------------
                         slack                                  0.110    

Slack (MET) :             0.126ns  (arrival time - required time)
  Source:                 u_cap_in/u_fifo/wr_ptr_reg[2]/C
                            (rising edge-triggered cell FDRE clocked by net_clk  {rise@0.000ns fall@3.200ns period=6.400ns})
  Destination:            u_cap_in/u_fifo/mem_reg_0_15_24_29/RAMA/WADR2
                            (rising edge-triggered cell RAMD32 clocked by net_clk  {rise@0.000ns fall@3.200ns period=6.400ns})
  Path Group:             net_clk
  Path Type:              Hold (Min at Fast Process Corner)
  Requirement:            0.000ns  (net_clk rise@0.000ns - net_clk rise@0.000ns)
  Data Path Delay:        0.381ns  (logic 0.100ns (26.256%)  route 0.281ns (73.744%))
  Logic Levels:           0  
  Clock Path Skew:        0.014ns (DCD - SCD - CPR)
    Destination Clock Delay (DCD):    0.280ns
    Source Clock Delay      (SCD):    0.266ns
    Clock Pessimism Removal (CPR):    -0.000ns

    Location             Delay type                Incr(ns)  Path(ns)    Netlist Resource(s)
  -------------------------------------------------------------------    -------------------
                         (clock net_clk rise edge)    0.000     0.000 r  
                                                      0.000     0.000 r  net_clk (IN)
                         net (fo=1291, unset)         0.266     0.266    u_cap_in/u_fifo/net_clk
    SLICE_X11Y77         FDRE                                         r  u_cap_in/u_fifo/wr_ptr_reg[2]/C
  -------------------------------------------------------------------    -------------------
    SLICE_X11Y77         FDRE (Prop_fdre_C_Q)         0.100     0.366 r  u_cap_in/u_fifo/wr_ptr_reg[2]/Q
                         net (fo=116, routed)         0.281     0.647    u_cap_in/u_fifo/mem_reg_0_15_24_29/ADDRD2
    SLICE_X8Y83          RAMD32                                       r  u_cap_in/u_fifo/mem_reg_0_15_24_29/RAMA/WADR2
  -------------------------------------------------------------------    -------------------

                         (clock net_clk rise edge)    0.000     0.000 r  
                                                      0.000     0.000 r  net_clk (IN)
                         net (fo=1291, unset)         0.280     0.280    u_cap_in/u_fifo/mem_reg_0_15_24_29/WCLK
    SLICE_X8Y83          RAMD32                                       r  u_cap_in/u_fifo/mem_reg_0_15_24_29/RAMA/CLK
                         clock pessimism              0.000     0.280    
    SLICE_X8Y83          RAMD32 (Hold_ramd32_CLK_WADR2)
                                                      0.241     0.521    u_cap_in/u_fifo/mem_reg_0_15_24_29/RAMA
  -------------------------------------------------------------------
                         required time                         -0.521    
                         arrival time                           0.647    
  -------------------------------------------------------------------
                         slack                                  0.126    

Slack (MET) :             0.126ns  (arrival time - required time)
  Source:                 u_cap_in/u_fifo/wr_ptr_reg[2]/C
                            (rising edge-triggered cell FDRE clocked by net_clk  {rise@0.000ns fall@3.200ns period=6.400ns})
  Destination:            u_cap_in/u_fifo/mem_reg_0_15_24_29/RAMA_D1/WADR2
                            (rising edge-triggered cell RAMD32 clocked by net_clk  {rise@0.000ns fall@3.200ns period=6.400ns})
  Path Group:             net_clk
  Path Type:              Hold (Min at Fast Process Corner)
  Requirement:            0.000ns  (net_clk rise@0.000ns - net_clk rise@0.000ns)
  Data Path Delay:        0.381ns  (logic 0.100ns (26.256%)  route 0.281ns (73.744%))
  Logic Levels:           0  
  Clock Path Skew:        0.014ns (DCD - SCD - CPR)
    Destination Clock Delay (DCD):    0.280ns
    Source Clock Delay      (SCD):    0.266ns
    Clock Pessimism Removal (CPR):    -0.000ns

    Location             Delay type                Incr(ns)  Path(ns)    Netlist Resource(s)
  -------------------------------------------------------------------    -------------------
                         (clock net_clk rise edge)    0.000     0.000 r  
                                                      0.000     0.000 r  net_clk (IN)
                         net (fo=1291, unset)         0.266     0.266    u_cap_in/u_fifo/net_clk
    SLICE_X11Y77         FDRE                                         r  u_cap_in/u_fifo/wr_ptr_reg[2]/C
  -------------------------------------------------------------------    -------------------
    SLICE_X11Y77         FDRE (Prop_fdre_C_Q)         0.100     0.366 r  u_cap_in/u_fifo/wr_ptr_reg[2]/Q
                         net (fo=116, routed)         0.281     0.647    u_cap_in/u_fifo/mem_reg_0_15_24_29/ADDRD2
    SLICE_X8Y83          RAMD32                                       r  u_cap_in/u_fifo/mem_reg_0_15_24_29/RAMA_D1/WADR2
  -------------------------------------------------------------------    -------------------

                         (clock net_clk rise edge)    0.000     0.000 r  
                                                      0.000     0.000 r  net_clk (IN)
                         net (fo=1291, unset)         0.280     0.280    u_cap_in/u_fifo/mem_reg_0_15_24_29/WCLK
    SLICE_X8Y83          RAMD32                                       r  u_cap_in/u_fifo/mem_reg_0_15_24_29/RAMA_D1/CLK
                         clock pessimism              0.000     0.280    
    SLICE_X8Y83          RAMD32 (Hold_ramd32_CLK_WADR2)
                                                      0.241     0.521    u_cap_in/u_fifo/mem_reg_0_15_24_29/RAMA_D1
  -------------------------------------------------------------------
                         required time                         -0.521    
                         arrival time                           0.647    
  -------------------------------------------------------------------
                         slack                                  0.126    

Slack (MET) :             0.126ns  (arrival time - required time)
  Source:                 u_cap_in/u_fifo/wr_ptr_reg[2]/C
                            (rising edge-triggered cell FDRE clocked by net_clk  {rise@0.000ns fall@3.200ns period=6.400ns})
  Destination:            u_cap_in/u_fifo/mem_reg_0_15_24_29/RAMB/WADR2
                            (rising edge-triggered cell RAMD32 clocked by net_clk  {rise@0.000ns fall@3.200ns period=6.400ns})
  Path Group:             net_clk
  Path Type:              Hold (Min at Fast Process Corner)
  Requirement:            0.000ns  (net_clk rise@0.000ns - net_clk rise@0.000ns)
  Data Path Delay:        0.381ns  (logic 0.100ns (26.256%)  route 0.281ns (73.744%))
  Logic Levels:           0  
  Clock Path Skew:        0.014ns (DCD - SCD - CPR)
    Destination Clock Delay (DCD):    0.280ns
    Source Clock Delay      (SCD):    0.266ns
    Clock Pessimism Removal (CPR):    -0.000ns

    Location             Delay type                Incr(ns)  Path(ns)    Netlist Resource(s)
  -------------------------------------------------------------------    -------------------
                         (clock net_clk rise edge)    0.000     0.000 r  
                                                      0.000     0.000 r  net_clk (IN)
                         net (fo=1291, unset)         0.266     0.266    u_cap_in/u_fifo/net_clk
    SLICE_X11Y77         FDRE                                         r  u_cap_in/u_fifo/wr_ptr_reg[2]/C
  -------------------------------------------------------------------    -------------------
    SLICE_X11Y77         FDRE (Prop_fdre_C_Q)         0.100     0.366 r  u_cap_in/u_fifo/wr_ptr_reg[2]/Q
                         net (fo=116, routed)         0.281     0.647    u_cap_in/u_fifo/mem_reg_0_15_24_29/ADDRD2
    SLICE_X8Y83          RAMD32                                       r  u_cap_in/u_fifo/mem_reg_0_15_24_29/RAMB/WADR2
  -------------------------------------------------------------------    -------------------

                         (clock net_clk rise edge)    0.000     0.000 r  
                                                      0.000     0.000 r  net_clk (IN)
                         net (fo=1291, unset)         0.280     0.280    u_cap_in/u_fifo/mem_reg_0_15_24_29/WCLK
    SLICE_X8Y83          RAMD32                                       r  u_cap_in/u_fifo/mem_reg_0_15_24_29/RAMB/CLK
                         clock pessimism              0.000     0.280    
    SLICE_X8Y83          RAMD32 (Hold_ramd32_CLK_WADR2)
                                                      0.241     0.521    u_cap_in/u_fifo/mem_reg_0_15_24_29/RAMB
  -------------------------------------------------------------------
                         required time                         -0.521    
                         arrival time                           0.647    
  -------------------------------------------------------------------
                         slack                                  0.126    

Slack (MET) :             0.126ns  (arrival time - required time)
  Source:                 u_cap_in/u_fifo/wr_ptr_reg[2]/C
                            (rising edge-triggered cell FDRE clocked by net_clk  {rise@0.000ns fall@3.200ns period=6.400ns})
  Destination:            u_cap_in/u_fifo/mem_reg_0_15_24_29/RAMB_D1/WADR2
                            (rising edge-triggered cell RAMD32 clocked by net_clk  {rise@0.000ns fall@3.200ns period=6.400ns})
  Path Group:             net_clk
  Path Type:              Hold (Min at Fast Process Corner)
  Requirement:            0.000ns  (net_clk rise@0.000ns - net_clk rise@0.000ns)
  Data Path Delay:        0.381ns  (logic 0.100ns (26.256%)  route 0.281ns (73.744%))
  Logic Levels:           0  
  Clock Path Skew:        0.014ns (DCD - SCD - CPR)
    Destination Clock Delay (DCD):    0.280ns
    Source Clock Delay      (SCD):    0.266ns
    Clock Pessimism Removal (CPR):    -0.000ns

    Location             Delay type                Incr(ns)  Path(ns)    Netlist Resource(s)
  -------------------------------------------------------------------    -------------------
                         (clock net_clk rise edge)    0.000     0.000 r  
                                                      0.000     0.000 r  net_clk (IN)
                         net (fo=1291, unset)         0.266     0.266    u_cap_in/u_fifo/net_clk
    SLICE_X11Y77         FDRE                                         r  u_cap_in/u_fifo/wr_ptr_reg[2]/C
  -------------------------------------------------------------------    -------------------
    SLICE_X11Y77         FDRE (Prop_fdre_C_Q)         0.100     0.366 r  u_cap_in/u_fifo/wr_ptr_reg[2]/Q
                         net (fo=116, routed)         0.281     0.647    u_cap_in/u_fifo/mem_reg_0_15_24_29/ADDRD2
    SLICE_X8Y83          RAMD32                                       r  u_cap_in/u_fifo/mem_reg_0_15_24_29/RAMB_D1/WADR2
  -------------------------------------------------------------------    -------------------

                         (clock net_clk rise edge)    0.000     0.000 r  
                                                      0.000     0.000 r  net_clk (IN)
                         net (fo=1291, unset)         0.280     0.280    u_cap_in/u_fifo/mem_reg_0_15_24_29/WCLK
    SLICE_X8Y83          RAMD32                                       r  u_cap_in/u_fifo/mem_reg_0_15_24_29/RAMB_D1/CLK
                         clock pessimism              0.000     0.280    
    SLICE_X8Y83          RAMD32 (Hold_ramd32_CLK_WADR2)
                                                      0.241     0.521    u_cap_in/u_fifo/mem_reg_0_15_24_29/RAMB_D1
  -------------------------------------------------------------------
                         required time                         -0.521    
                         arrival time                           0.647    
  -------------------------------------------------------------------
                         slack                                  0.126    

Slack (MET) :             0.126ns  (arrival time - required time)
  Source:                 u_cap_in/u_fifo/wr_ptr_reg[2]/C
                            (rising edge-triggered cell FDRE clocked by net_clk  {rise@0.000ns fall@3.200ns period=6.400ns})
  Destination:            u_cap_in/u_fifo/mem_reg_0_15_24_29/RAMC/WADR2
                            (rising edge-triggered cell RAMD32 clocked by net_clk  {rise@0.000ns fall@3.200ns period=6.400ns})
  Path Group:             net_clk
  Path Type:              Hold (Min at Fast Process Corner)
  Requirement:            0.000ns  (net_clk rise@0.000ns - net_clk rise@0.000ns)
  Data Path Delay:        0.381ns  (logic 0.100ns (26.256%)  route 0.281ns (73.744%))
  Logic Levels:           0  
  Clock Path Skew:        0.014ns (DCD - SCD - CPR)
    Destination Clock Delay (DCD):    0.280ns
    Source Clock Delay      (SCD):    0.266ns
    Clock Pessimism Removal (CPR):    -0.000ns

    Location             Delay type                Incr(ns)  Path(ns)    Netlist Resource(s)
  -------------------------------------------------------------------    -------------------
                         (clock net_clk rise edge)    0.000     0.000 r  
                                                      0.000     0.000 r  net_clk (IN)
                         net (fo=1291, unset)         0.266     0.266    u_cap_in/u_fifo/net_clk
    SLICE_X11Y77         FDRE                                         r  u_cap_in/u_fifo/wr_ptr_reg[2]/C
  -------------------------------------------------------------------    -------------------
    SLICE_X11Y77         FDRE (Prop_fdre_C_Q)         0.100     0.366 r  u_cap_in/u_fifo/wr_ptr_reg[2]/Q
                         net (fo=116, routed)         0.281     0.647    u_cap_in/u_fifo/mem_reg_0_15_24_29/ADDRD2
    SLICE_X8Y83          RAMD32                                       r  u_cap_in/u_fifo/mem_reg_0_15_24_29/RAMC/WADR2
  -------------------------------------------------------------------    -------------------

                         (clock net_clk rise edge)    0.000     0.000 r  
                                                      0.000     0.000 r  net_clk (IN)
                         net (fo=1291, unset)         0.280     0.280    u_cap_in/u_fifo/mem_reg_0_15_24_29/WCLK
    SLICE_X8Y83          RAMD32                                       r  u_cap_in/u_fifo/mem_reg_0_15_24_29/RAMC/CLK
                         clock pessimism              0.000     0.280    
    SLICE_X8Y83          RAMD32 (Hold_ramd32_CLK_WADR2)
                                                      0.241     0.521    u_cap_in/u_fifo/mem_reg_0_15_24_29/RAMC
  -------------------------------------------------------------------
                         required time                         -0.521    
                         arrival time                           0.647    
  -------------------------------------------------------------------
                         slack                                  0.126    

Slack (MET) :             0.126ns  (arrival time - required time)
  Source:                 u_cap_in/u_fifo/wr_ptr_reg[2]/C
                            (rising edge-triggered cell FDRE clocked by net_clk  {rise@0.000ns fall@3.200ns period=6.400ns})
  Destination:            u_cap_in/u_fifo/mem_reg_0_15_24_29/RAMC_D1/WADR2
                            (rising edge-triggered cell RAMD32 clocked by net_clk  {rise@0.000ns fall@3.200ns period=6.400ns})
  Path Group:             net_clk
  Path Type:              Hold (Min at Fast Process Corner)
  Requirement:            0.000ns  (net_clk rise@0.000ns - net_clk rise@0.000ns)
  Data Path Delay:        0.381ns  (logic 0.100ns (26.256%)  route 0.281ns (73.744%))
  Logic Levels:           0  
  Clock Path Skew:        0.014ns (DCD - SCD - CPR)
    Destination Clock Delay (DCD):    0.280ns
    Source Clock Delay      (SCD):    0.266ns
    Clock Pessimism Removal (CPR):    -0.000ns

    Location             Delay type                Incr(ns)  Path(ns)    Netlist Resource(s)
  -------------------------------------------------------------------    -------------------
                         (clock net_clk rise edge)    0.000     0.000 r  
                                                      0.000     0.000 r  net_clk (IN)
                         net (fo=1291, unset)         0.266     0.266    u_cap_in/u_fifo/net_clk
    SLICE_X11Y77         FDRE                                         r  u_cap_in/u_fifo/wr_ptr_reg[2]/C
  -------------------------------------------------------------------    -------------------
    SLICE_X11Y77         FDRE (Prop_fdre_C_Q)         0.100     0.366 r  u_cap_in/u_fifo/wr_ptr_reg[2]/Q
                         net (fo=116, routed)         0.281     0.647    u_cap_in/u_fifo/mem_reg_0_15_24_29/ADDRD2
    SLICE_X8Y83          RAMD32                                       r  u_cap_in/u_fifo/mem_reg_0_15_24_29/RAMC_D1/WADR2
  -------------------------------------------------------------------    -------------------

                         (clock net_clk rise edge)    0.000     0.000 r  
                                                      0.000     0.000 r  net_clk (IN)
                         net (fo=1291, unset)         0.280     0.280    u_cap_in/u_fifo/mem_reg_0_15_24_29/WCLK
    SLICE_X8Y83          RAMD32                                       r  u_cap_in/u_fifo/mem_reg_0_15_24_29/RAMC_D1/CLK
                         clock pessimism              0.000     0.280    
    SLICE_X8Y83          RAMD32 (Hold_ramd32_CLK_WADR2)
                                                      0.241     0.521    u_cap_in/u_fifo/mem_reg_0_15_24_29/RAMC_D1
  -------------------------------------------------------------------
                         required time                         -0.521    
                         arrival time                           0.647    
  -------------------------------------------------------------------
                         slack                                  0.126    

Slack (MET) :             0.126ns  (arrival time - required time)
  Source:                 u_cap_in/u_fifo/wr_ptr_reg[2]/C
                            (rising edge-triggered cell FDRE clocked by net_clk  {rise@0.000ns fall@3.200ns period=6.400ns})
  Destination:            u_cap_in/u_fifo/mem_reg_0_15_24_29/RAMD/ADR2
                            (rising edge-triggered cell RAMS32 clocked by net_clk  {rise@0.000ns fall@3.200ns period=6.400ns})
  Path Group:             net_clk
  Path Type:              Hold (Min at Fast Process Corner)
  Requirement:            0.000ns  (net_clk rise@0.000ns - net_clk rise@0.000ns)
  Data Path Delay:        0.381ns  (logic 0.100ns (26.256%)  route 0.281ns (73.744%))
  Logic Levels:           0  
  Clock Path Skew:        0.014ns (DCD - SCD - CPR)
    Destination Clock Delay (DCD):    0.280ns
    Source Clock Delay      (SCD):    0.266ns
    Clock Pessimism Removal (CPR):    -0.000ns

    Location             Delay type                Incr(ns)  Path(ns)    Netlist Resource(s)
  -------------------------------------------------------------------    -------------------
                         (clock net_clk rise edge)    0.000     0.000 r  
                                                      0.000     0.000 r  net_clk (IN)
                         net (fo=1291, unset)         0.266     0.266    u_cap_in/u_fifo/net_clk
    SLICE_X11Y77         FDRE                                         r  u_cap_in/u_fifo/wr_ptr_reg[2]/C
  -------------------------------------------------------------------    -------------------
    SLICE_X11Y77         FDRE (Prop_fdre_C_Q)         0.100     0.366 r  u_cap_in/u_fifo/wr_ptr_reg[2]/Q
                         net (fo=116, routed)         0.281     0.647    u_cap_in/u_fifo/mem_reg_0_15_24_29/ADDRD2
    SLICE_X8Y83          RAMS32                                       r  u_cap_in/u_fifo/mem_reg_0_15_24_29/RAMD/ADR2
  -------------------------------------------------------------------    -------------------

                         (clock net_clk rise edge)    0.000     0.000 r  
                                                      0.000     0.000 r  net_clk (IN)
                         net (fo=1291, unset)         0.280     0.280    u_cap_in/u_fifo/mem_reg_0_15_24_29/WCLK
    SLICE_X8Y83          RAMS32                                       r  u_cap_in/u_fifo/mem_reg_0_15_24_29/RAMD/CLK
                         clock pessimism              0.000     0.280    
    SLICE_X8Y83          RAMS32 (Hold_rams32_CLK_ADR2)
                                                      0.241     0.521    u_cap_in/u_fifo/mem_reg_0_15_24_29/RAMD
  -------------------------------------------------------------------
                         required time                         -0.521    
                         arrival time                           0.647    
  -------------------------------------------------------------------
                         slack                                  0.126    

Slack (MET) :             0.126ns  (arrival time - required time)
  Source:                 u_cap_in/u_fifo/wr_ptr_reg[2]/C
                            (rising edge-triggered cell FDRE clocked by net_clk  {rise@0.000ns fall@3.200ns period=6.400ns})
  Destination:            u_cap_in/u_fifo/mem_reg_0_15_24_29/RAMD_D1/ADR2
                            (rising edge-triggered cell RAMS32 clocked by net_clk  {rise@0.000ns fall@3.200ns period=6.400ns})
  Path Group:             net_clk
  Path Type:              Hold (Min at Fast Process Corner)
  Requirement:            0.000ns  (net_clk rise@0.000ns - net_clk rise@0.000ns)
  Data Path Delay:        0.381ns  (logic 0.100ns (26.256%)  route 0.281ns (73.744%))
  Logic Levels:           0  
  Clock Path Skew:        0.014ns (DCD - SCD - CPR)
    Destination Clock Delay (DCD):    0.280ns
    Source Clock Delay      (SCD):    0.266ns
    Clock Pessimism Removal (CPR):    -0.000ns

    Location             Delay type                Incr(ns)  Path(ns)    Netlist Resource(s)
  -------------------------------------------------------------------    -------------------
                         (clock net_clk rise edge)    0.000     0.000 r  
                                                      0.000     0.000 r  net_clk (IN)
                         net (fo=1291, unset)         0.266     0.266    u_cap_in/u_fifo/net_clk
    SLICE_X11Y77         FDRE                                         r  u_cap_in/u_fifo/wr_ptr_reg[2]/C
  -------------------------------------------------------------------    -------------------
    SLICE_X11Y77         FDRE (Prop_fdre_C_Q)         0.100     0.366 r  u_cap_in/u_fifo/wr_ptr_reg[2]/Q
                         net (fo=116, routed)         0.281     0.647    u_cap_in/u_fifo/mem_reg_0_15_24_29/ADDRD2
    SLICE_X8Y83          RAMS32                                       r  u_cap_in/u_fifo/mem_reg_0_15_24_29/RAMD_D1/ADR2
  -------------------------------------------------------------------    -------------------

                         (clock net_clk rise edge)    0.000     0.000 r  
                                                      0.000     0.000 r  net_clk (IN)
                         net (fo=1291, unset)         0.280     0.280    u_cap_in/u_fifo/mem_reg_0_15_24_29/WCLK
    SLICE_X8Y83          RAMS32                                       r  u_cap_in/u_fifo/mem_reg_0_15_24_29/RAMD_D1/CLK
                         clock pessimism              0.000     0.280    
    SLICE_X8Y83          RAMS32 (Hold_rams32_CLK_ADR2)
                                                      0.241     0.521    u_cap_in/u_fifo/mem_reg_0_15_24_29/RAMD_D1
  -------------------------------------------------------------------
                         required time                         -0.521    
                         arrival time                           0.647    
  -------------------------------------------------------------------
                         slack                                  0.126    

Slack (MET) :             0.133ns  (arrival time - required time)
  Source:                 u_hist/rd_data_reg[23]/C
                            (rising edge-triggered cell FDRE clocked by net_clk  {rise@0.000ns fall@3.200ns period=6.400ns})
  Destination:            u_bridge/rdata_hold_reg[23]/D
                            (rising edge-triggered cell FDRE clocked by net_clk  {rise@0.000ns fall@3.200ns period=6.400ns})
  Path Group:             net_clk
  Path Type:              Hold (Min at Fast Process Corner)
  Requirement:            0.000ns  (net_clk rise@0.000ns - net_clk rise@0.000ns)
  Data Path Delay:        0.207ns  (logic 0.128ns (61.913%)  route 0.079ns (38.087%))
  Logic Levels:           1  (LUT6=1)
  Clock Path Skew:        0.014ns (DCD - SCD - CPR)
    Destination Clock Delay (DCD):    0.280ns
    Source Clock Delay      (SCD):    0.266ns
    Clock Pessimism Removal (CPR):    -0.000ns

    Location             Delay type                Incr(ns)  Path(ns)    Netlist Resource(s)
  -------------------------------------------------------------------    -------------------
                         (clock net_clk rise edge)    0.000     0.000 r  
                                                      0.000     0.000 r  net_clk (IN)
                         net (fo=1291, unset)         0.266     0.266    u_hist/net_clk
    SLICE_X4Y89          FDRE                                         r  u_hist/rd_data_reg[23]/C
  -------------------------------------------------------------------    -------------------
    SLICE_X4Y89          FDRE (Prop_fdre_C_Q)         0.100     0.366 r  u_hist/rd_data_reg[23]/Q
                         net (fo=1, routed)           0.079     0.445    u_bridge/Q[23]
    SLICE_X5Y89          LUT6 (Prop_lut6_I4_O)        0.028     0.473 r  u_bridge/rdata_hold[23]_i_1/O
                         net (fo=1, routed)           0.000     0.473    u_bridge/s_rdata[23]
    SLICE_X5Y89          FDRE                                         r  u_bridge/rdata_hold_reg[23]/D
  -------------------------------------------------------------------    -------------------

                         (clock net_clk rise edge)    0.000     0.000 r  
                                                      0.000     0.000 r  net_clk (IN)
                         net (fo=1291, unset)         0.280     0.280    u_bridge/net_clk
    SLICE_X5Y89          FDRE                                         r  u_bridge/rdata_hold_reg[23]/C
                         clock pessimism              0.000     0.280    
    SLICE_X5Y89          FDRE (Hold_fdre_C_D)         0.060     0.340    u_bridge/rdata_hold_reg[23]
  -------------------------------------------------------------------
                         required time                         -0.340    
                         arrival time                           0.473    
  -------------------------------------------------------------------
                         slack                                  0.133    

Slack (MET) :             0.137ns  (arrival time - required time)
  Source:                 u_hist/clr_addr_reg[1]/C
                            (rising edge-triggered cell FDRE clocked by net_clk  {rise@0.000ns fall@3.200ns period=6.400ns})
  Destination:            u_hist/clr_addr_reg[4]/D
                            (rising edge-triggered cell FDRE clocked by net_clk  {rise@0.000ns fall@3.200ns period=6.400ns})
  Path Group:             net_clk
  Path Type:              Hold (Min at Fast Process Corner)
  Requirement:            0.000ns  (net_clk rise@0.000ns - net_clk rise@0.000ns)
  Data Path Delay:        0.247ns  (logic 0.130ns (52.691%)  route 0.117ns (47.309%))
  Logic Levels:           1  (LUT5=1)
  Clock Path Skew:        0.014ns (DCD - SCD - CPR)
    Destination Clock Delay (DCD):    0.280ns
    Source Clock Delay      (SCD):    0.266ns
    Clock Pessimism Removal (CPR):    -0.000ns

    Location             Delay type                Incr(ns)  Path(ns)    Netlist Resource(s)
  -------------------------------------------------------------------    -------------------
                         (clock net_clk rise edge)    0.000     0.000 r  
                                                      0.000     0.000 r  net_clk (IN)
                         net (fo=1291, unset)         0.266     0.266    u_hist/net_clk
    SLICE_X9Y73          FDRE                                         r  u_hist/clr_addr_reg[1]/C
  -------------------------------------------------------------------    -------------------
    SLICE_X9Y73          FDRE (Prop_fdre_C_Q)         0.100     0.366 r  u_hist/clr_addr_reg[1]/Q
                         net (fo=7, routed)           0.117     0.483    u_hist/clr_addr_reg[1]
    SLICE_X8Y73          LUT5 (Prop_lut5_I2_O)        0.030     0.513 r  u_hist/clr_addr[4]_i_1/O
                         net (fo=1, routed)           0.000     0.513    u_hist/p_0_in[4]
    SLICE_X8Y73          FDRE                                         r  u_hist/clr_addr_reg[4]/D
  -------------------------------------------------------------------    -------------------

                         (clock net_clk rise edge)    0.000     0.000 r  
                                                      0.000     0.000 r  net_clk (IN)
                         net (fo=1291, unset)         0.280     0.280    u_hist/net_clk
    SLICE_X8Y73          FDRE                                         r  u_hist/clr_addr_reg[4]/C
                         clock pessimism              0.000     0.280    
    SLICE_X8Y73          FDRE (Hold_fdre_C_D)         0.096     0.376    u_hist/clr_addr_reg[4]
  -------------------------------------------------------------------
                         required time                         -0.376    
                         arrival time                           0.513    
  -------------------------------------------------------------------
                         slack                                  0.137    

Slack (MET) :             0.138ns  (arrival time - required time)
  Source:                 u_hist/s1_delta_reg[17]/C
                            (rising edge-triggered cell FDRE clocked by net_clk  {rise@0.000ns fall@3.200ns period=6.400ns})
  Destination:            u_hist/s2_delta_reg[17]/D
                            (rising edge-triggered cell FDRE clocked by net_clk  {rise@0.000ns fall@3.200ns period=6.400ns})
  Path Group:             net_clk
  Path Type:              Hold (Min at Fast Process Corner)
  Requirement:            0.000ns  (net_clk rise@0.000ns - net_clk rise@0.000ns)
  Data Path Delay:        0.195ns  (logic 0.100ns (51.316%)  route 0.095ns (48.684%))
  Logic Levels:           0  
  Clock Path Skew:        0.014ns (DCD - SCD - CPR)
    Destination Clock Delay (DCD):    0.280ns
    Source Clock Delay      (SCD):    0.266ns
    Clock Pessimism Removal (CPR):    -0.000ns

    Location             Delay type                Incr(ns)  Path(ns)    Netlist Resource(s)
  -------------------------------------------------------------------    -------------------
                         (clock net_clk rise edge)    0.000     0.000 r  
                                                      0.000     0.000 r  net_clk (IN)
                         net (fo=1291, unset)         0.266     0.266    u_hist/net_clk
    SLICE_X3Y83          FDRE                                         r  u_hist/s1_delta_reg[17]/C
  -------------------------------------------------------------------    -------------------
    SLICE_X3Y83          FDRE (Prop_fdre_C_Q)         0.100     0.366 r  u_hist/s1_delta_reg[17]/Q
                         net (fo=1, routed)           0.095     0.461    u_hist/s1_delta[17]
    SLICE_X3Y83          FDRE                                         r  u_hist/s2_delta_reg[17]/D
  -------------------------------------------------------------------    -------------------

                         (clock net_clk rise edge)    0.000     0.000 r  
                                                      0.000     0.000 r  net_clk (IN)
                         net (fo=1291, unset)         0.280     0.280    u_hist/net_clk
    SLICE_X3Y83          FDRE                                         r  u_hist/s2_delta_reg[17]/C
                         clock pessimism              0.000     0.280    
    SLICE_X3Y83          FDRE (Hold_fdre_C_D)         0.043     0.323    u_hist/s2_delta_reg[17]
  -------------------------------------------------------------------
                         required time                         -0.323    
                         arrival time                           0.461    
  -------------------------------------------------------------------
                         slack                                  0.138    

Slack (MET) :             0.138ns  (arrival time - required time)
  Source:                 u_hist/s1_delta_reg[20]/C
                            (rising edge-triggered cell FDRE clocked by net_clk  {rise@0.000ns fall@3.200ns period=6.400ns})
  Destination:            u_hist/s2_delta_reg[20]/D
                            (rising edge-triggered cell FDRE clocked by net_clk  {rise@0.000ns fall@3.200ns period=6.400ns})
  Path Group:             net_clk
  Path Type:              Hold (Min at Fast Process Corner)
  Requirement:            0.000ns  (net_clk rise@0.000ns - net_clk rise@0.000ns)
  Data Path Delay:        0.195ns  (logic 0.100ns (51.316%)  route 0.095ns (48.684%))
  Logic Levels:           0  
  Clock Path Skew:        0.014ns (DCD - SCD - CPR)
    Destination Clock Delay (DCD):    0.280ns
    Source Clock Delay      (SCD):    0.266ns
    Clock Pessimism Removal (CPR):    -0.000ns

    Location             Delay type                Incr(ns)  Path(ns)    Netlist Resource(s)
  -------------------------------------------------------------------    -------------------
                         (clock net_clk rise edge)    0.000     0.000 r  
                                                      0.000     0.000 r  net_clk (IN)
                         net (fo=1291, unset)         0.266     0.266    u_hist/net_clk
    SLICE_X1Y84          FDRE                                         r  u_hist/s1_delta_reg[20]/C
  -------------------------------------------------------------------    -------------------
    SLICE_X1Y84          FDRE (Prop_fdre_C_Q)         0.100     0.366 r  u_hist/s1_delta_reg[20]/Q
                         net (fo=1, routed)           0.095     0.461    u_hist/s1_delta[20]
    SLICE_X1Y84          FDRE                                         r  u_hist/s2_delta_reg[20]/D
  -------------------------------------------------------------------    -------------------

                         (clock net_clk rise edge)    0.000     0.000 r  
                                                      0.000     0.000 r  net_clk (IN)
                         net (fo=1291, unset)         0.280     0.280    u_hist/net_clk
    SLICE_X1Y84          FDRE                                         r  u_hist/s2_delta_reg[20]/C
                         clock pessimism              0.000     0.280    
    SLICE_X1Y84          FDRE (Hold_fdre_C_D)         0.043     0.323    u_hist/s2_delta_reg[20]
  -------------------------------------------------------------------
                         required time                         -0.323    
                         arrival time                           0.461    
  -------------------------------------------------------------------
                         slack                                  0.138    

Slack (MET) :             0.138ns  (arrival time - required time)
  Source:                 u_hist/s1_delta_reg[9]/C
                            (rising edge-triggered cell FDRE clocked by net_clk  {rise@0.000ns fall@3.200ns period=6.400ns})
  Destination:            u_hist/s2_delta_reg[9]/D
                            (rising edge-triggered cell FDRE clocked by net_clk  {rise@0.000ns fall@3.200ns period=6.400ns})
  Path Group:             net_clk
  Path Type:              Hold (Min at Fast Process Corner)
  Requirement:            0.000ns  (net_clk rise@0.000ns - net_clk rise@0.000ns)
  Data Path Delay:        0.195ns  (logic 0.100ns (51.316%)  route 0.095ns (48.684%))
  Logic Levels:           0  
  Clock Path Skew:        0.014ns (DCD - SCD - CPR)
    Destination Clock Delay (DCD):    0.280ns
    Source Clock Delay      (SCD):    0.266ns
    Clock Pessimism Removal (CPR):    -0.000ns

    Location             Delay type                Incr(ns)  Path(ns)    Netlist Resource(s)
  -------------------------------------------------------------------    -------------------
                         (clock net_clk rise edge)    0.000     0.000 r  
                                                      0.000     0.000 r  net_clk (IN)
                         net (fo=1291, unset)         0.266     0.266    u_hist/net_clk
    SLICE_X1Y82          FDRE                                         r  u_hist/s1_delta_reg[9]/C
  -------------------------------------------------------------------    -------------------
    SLICE_X1Y82          FDRE (Prop_fdre_C_Q)         0.100     0.366 r  u_hist/s1_delta_reg[9]/Q
                         net (fo=1, routed)           0.095     0.461    u_hist/s1_delta[9]
    SLICE_X1Y82          FDRE                                         r  u_hist/s2_delta_reg[9]/D
  -------------------------------------------------------------------    -------------------

                         (clock net_clk rise edge)    0.000     0.000 r  
                                                      0.000     0.000 r  net_clk (IN)
                         net (fo=1291, unset)         0.280     0.280    u_hist/net_clk
    SLICE_X1Y82          FDRE                                         r  u_hist/s2_delta_reg[9]/C
                         clock pessimism              0.000     0.280    
    SLICE_X1Y82          FDRE (Hold_fdre_C_D)         0.043     0.323    u_hist/s2_delta_reg[9]
  -------------------------------------------------------------------
                         required time                         -0.323    
                         arrival time                           0.461    
  -------------------------------------------------------------------
                         slack                                  0.138    

Slack (MET) :             0.138ns  (arrival time - required time)
  Source:                 u_bridge/req_sync_reg[1]/C
                            (rising edge-triggered cell FDRE clocked by net_clk  {rise@0.000ns fall@3.200ns period=6.400ns})
  Destination:            u_bridge/req_seen_reg/D
                            (rising edge-triggered cell FDRE clocked by net_clk  {rise@0.000ns fall@3.200ns period=6.400ns})
  Path Group:             net_clk
  Path Type:              Hold (Min at Fast Process Corner)
  Requirement:            0.000ns  (net_clk rise@0.000ns - net_clk rise@0.000ns)
  Data Path Delay:        0.239ns  (logic 0.171ns (71.525%)  route 0.068ns (28.475%))
  Logic Levels:           1  (LUT3=1)
  Clock Path Skew:        0.014ns (DCD - SCD - CPR)
    Destination Clock Delay (DCD):    0.280ns
    Source Clock Delay      (SCD):    0.266ns
    Clock Pessimism Removal (CPR):    -0.000ns

    Location             Delay type                Incr(ns)  Path(ns)    Netlist Resource(s)
  -------------------------------------------------------------------    -------------------
                         (clock net_clk rise edge)    0.000     0.000 r  
                                                      0.000     0.000 r  net_clk (IN)
                         net (fo=1291, unset)         0.266     0.266    u_bridge/net_clk
    SLICE_X16Y75         FDRE                                         r  u_bridge/req_sync_reg[1]/C
  -------------------------------------------------------------------    -------------------
    SLICE_X16Y75         FDRE (Prop_fdre_C_Q)         0.107     0.373 r  u_bridge/req_sync_reg[1]/Q
                         net (fo=3, routed)           0.068     0.441    u_bridge/req_sync[1]
    SLICE_X16Y75         LUT3 (Prop_lut3_I1_O)        0.064     0.505 r  u_bridge/req_seen_i_1__0/O
                         net (fo=1, routed)           0.000     0.505    u_bridge/req_seen_i_1__0_n_0
    SLICE_X16Y75         FDRE                                         r  u_bridge/req_seen_reg/D
  -------------------------------------------------------------------    -------------------

                         (clock net_clk rise edge)    0.000     0.000 r  
                                                      0.000     0.000 r  net_clk (IN)
                         net (fo=1291, unset)         0.280     0.280    u_bridge/net_clk
    SLICE_X16Y75         FDRE                                         r  u_bridge/req_seen_reg/C
                         clock pessimism              0.000     0.280    
    SLICE_X16Y75         FDRE (Hold_fdre_C_D)         0.087     0.367    u_bridge/req_seen_reg
  -------------------------------------------------------------------
                         required time                         -0.367    
                         arrival time                           0.505    
  -------------------------------------------------------------------
                         slack                                  0.138    





Pulse Width Checks
--------------------------------------------------------------------------------------
Clock Name:         net_clk
Waveform(ns):       { 0.000 3.200 }
Period(ns):         6.400
Sources:            { net_clk }

Check Type        Corner  Lib Pin             Reference Pin  Required(ns)  Actual(ns)  Slack(ns)  Location      Pin
Min Period        n/a     RAMB18E1/CLKARDCLK  n/a            2.095         6.400       4.305      RAMB18_X0Y30  u_hist/bin_mem_reg/CLKARDCLK
Min Period        n/a     RAMB18E1/CLKBWRCLK  n/a            2.095         6.400       4.305      RAMB18_X0Y30  u_hist/bin_mem_reg/CLKBWRCLK
Min Period        n/a     FDRE/C              n/a            0.750         6.400       5.650      SLICE_X16Y75  u_bridge/req_sync_reg[1]/C
Min Period        n/a     FDRE/C              n/a            0.750         6.400       5.650      SLICE_X19Y78  u_bridge/s_wdata_reg[1]/C
Min Period        n/a     FDRE/C              n/a            0.750         6.400       5.650      SLICE_X22Y91  u_bridge/s_wdata_reg[28]/C
Min Period        n/a     FDRE/C              n/a            0.750         6.400       5.650      SLICE_X22Y91  u_bridge/s_wdata_reg[29]/C
Min Period        n/a     FDRE/C              n/a            0.750         6.400       5.650      SLICE_X22Y91  u_bridge/s_wdata_reg[30]/C
Min Period        n/a     FDRE/C              n/a            0.750         6.400       5.650      SLICE_X22Y91  u_bridge/s_wdata_reg[31]/C
Min Period        n/a     FDRE/C              n/a            0.750         6.400       5.650      SLICE_X19Y78  u_bridge/s_wdata_reg[3]/C
Min Period        n/a     FDRE/C              n/a            0.750         6.400       5.650      SLICE_X19Y78  u_bridge/s_wdata_reg[4]/C
Min Period        n/a     FDRE/C              n/a            0.750         6.400       5.650      SLICE_X22Y78  u_bridge/s_wdata_reg[8]/C
Min Period        n/a     FDRE/C              n/a            0.750         6.400       5.650      SLICE_X22Y78  u_bridge/s_wdata_reg[9]/C
Min Period        n/a     FDRE/C              n/a            0.750         6.400       5.650      SLICE_X14Y75  u_bridge/s_we_reg/C
Min Period        n/a     FDRE/C              n/a            0.750         6.400       5.650      SLICE_X10Y77  u_cap_in/u_fifo/rd_ptr_reg[2]/C
Min Period        n/a     FDRE/C              n/a            0.750         6.400       5.650      SLICE_X10Y77  u_cap_in/u_fifo/rd_ptr_reg[4]/C
Min Period        n/a     FDRE/C              n/a            0.750         6.400       5.650      SLICE_X7Y80   u_cap_out/u_fifo/rd_ptr_reg[2]/C
Min Period        n/a     FDRE/C              n/a            0.750         6.400       5.650      SLICE_X7Y80   u_cap_out/u_fifo/rd_ptr_reg[4]/C
Min Period        n/a     FDRE/C              n/a            0.750         6.400       5.650      SLICE_X8Y81   u_cap_out/u_fifo/wr_ptr_reg[3]/C
Min Period        n/a     FDRE/C              n/a            0.750         6.400       5.650      SLICE_X9Y73   u_hist/clr_addr_reg[2]/C
Min Period        n/a     FDRE/C              n/a            0.750         6.400       5.650      SLICE_X8Y73   u_hist/clr_addr_reg[4]/C
Low Pulse Width   Slow    RAMD32/CLK          n/a            0.768         3.200       2.432      SLICE_X6Y77   u_cap_in/u_fifo/mem_reg_0_15_0_5/RAMA/CLK
Low Pulse Width   Fast    RAMD32/CLK          n/a            0.768         3.200       2.432      SLICE_X6Y77   u_cap_in/u_fifo/mem_reg_0_15_0_5/RAMA/CLK
Low Pulse Width   Slow    RAMD32/CLK          n/a            0.768         3.200       2.432      SLICE_X6Y77   u_cap_in/u_fifo/mem_reg_0_15_0_5/RAMA_D1/CLK
Low Pulse Width   Fast    RAMD32/CLK          n/a            0.768         3.200       2.432      SLICE_X6Y77   u_cap_in/u_fifo/mem_reg_0_15_0_5/RAMA_D1/CLK
Low Pulse Width   Slow    RAMD32/CLK          n/a            0.768         3.200       2.432      SLICE_X6Y77   u_cap_in/u_fifo/mem_reg_0_15_0_5/RAMB/CLK
Low Pulse Width   Fast    RAMD32/CLK          n/a            0.768         3.200       2.432      SLICE_X6Y77   u_cap_in/u_fifo/mem_reg_0_15_0_5/RAMB/CLK
Low Pulse Width   Slow    RAMD32/CLK          n/a            0.768         3.200       2.432      SLICE_X6Y77   u_cap_in/u_fifo/mem_reg_0_15_0_5/RAMB_D1/CLK
Low Pulse Width   Fast    RAMD32/CLK          n/a            0.768         3.200       2.432      SLICE_X6Y77   u_cap_in/u_fifo/mem_reg_0_15_0_5/RAMB_D1/CLK
Low Pulse Width   Slow    RAMD32/CLK          n/a            0.768         3.200       2.432      SLICE_X6Y77   u_cap_in/u_fifo/mem_reg_0_15_0_5/RAMC/CLK
Low Pulse Width   Fast    RAMD32/CLK          n/a            0.768         3.200       2.432      SLICE_X6Y77   u_cap_in/u_fifo/mem_reg_0_15_0_5/RAMC/CLK
Low Pulse Width   Slow    RAMD32/CLK          n/a            0.768         3.200       2.432      SLICE_X6Y77   u_cap_in/u_fifo/mem_reg_0_15_0_5/RAMC_D1/CLK
Low Pulse Width   Fast    RAMD32/CLK          n/a            0.768         3.200       2.432      SLICE_X6Y77   u_cap_in/u_fifo/mem_reg_0_15_0_5/RAMC_D1/CLK
Low Pulse Width   Slow    RAMS32/CLK          n/a            0.768         3.200       2.432      SLICE_X6Y77   u_cap_in/u_fifo/mem_reg_0_15_0_5/RAMD/CLK
Low Pulse Width   Fast    RAMS32/CLK          n/a            0.768         3.200       2.432      SLICE_X6Y77   u_cap_in/u_fifo/mem_reg_0_15_0_5/RAMD/CLK
Low Pulse Width   Slow    RAMS32/CLK          n/a            0.768         3.200       2.432      SLICE_X6Y77   u_cap_in/u_fifo/mem_reg_0_15_0_5/RAMD_D1/CLK
Low Pulse Width   Fast    RAMS32/CLK          n/a            0.768         3.200       2.432      SLICE_X6Y77   u_cap_in/u_fifo/mem_reg_0_15_0_5/RAMD_D1/CLK
Low Pulse Width   Slow    RAMD32/CLK          n/a            0.768         3.200       2.432      SLICE_X6Y82   u_cap_in/u_fifo/mem_reg_0_15_12_17/RAMA/CLK
Low Pulse Width   Fast    RAMD32/CLK          n/a            0.768         3.200       2.432      SLICE_X6Y82   u_cap_in/u_fifo/mem_reg_0_15_12_17/RAMA/CLK
Low Pulse Width   Slow    RAMD32/CLK          n/a            0.768         3.200       2.432      SLICE_X6Y82   u_cap_in/u_fifo/mem_reg_0_15_12_17/RAMA_D1/CLK
Low Pulse Width   Fast    RAMD32/CLK          n/a            0.768         3.200       2.432      SLICE_X6Y82   u_cap_in/u_fifo/mem_reg_0_15_12_17/RAMA_D1/CLK
High Pulse Width  Slow    RAMD32/CLK          n/a            0.768         3.200       2.432      SLICE_X6Y77   u_cap_in/u_fifo/mem_reg_0_15_0_5/RAMA/CLK
High Pulse Width  Fast    RAMD32/CLK          n/a            0.768         3.200       2.432      SLICE_X6Y77   u_cap_in/u_fifo/mem_reg_0_15_0_5/RAMA/CLK
High Pulse Width  Slow    RAMD32/CLK          n/a            0.768         3.200       2.432      SLICE_X6Y77   u_cap_in/u_fifo/mem_reg_0_15_0_5/RAMA_D1/CLK
High Pulse Width  Fast    RAMD32/CLK          n/a            0.768         3.200       2.432      SLICE_X6Y77   u_cap_in/u_fifo/mem_reg_0_15_0_5/RAMA_D1/CLK
High Pulse Width  Slow    RAMD32/CLK          n/a            0.768         3.200       2.432      SLICE_X6Y77   u_cap_in/u_fifo/mem_reg_0_15_0_5/RAMB/CLK
High Pulse Width  Fast    RAMD32/CLK          n/a            0.768         3.200       2.432      SLICE_X6Y77   u_cap_in/u_fifo/mem_reg_0_15_0_5/RAMB/CLK
High Pulse Width  Slow    RAMD32/CLK          n/a            0.768         3.200       2.432      SLICE_X6Y77   u_cap_in/u_fifo/mem_reg_0_15_0_5/RAMB_D1/CLK
High Pulse Width  Fast    RAMD32/CLK          n/a            0.768         3.200       2.432      SLICE_X6Y77   u_cap_in/u_fifo/mem_reg_0_15_0_5/RAMB_D1/CLK
High Pulse Width  Slow    RAMD32/CLK          n/a            0.768         3.200       2.432      SLICE_X6Y77   u_cap_in/u_fifo/mem_reg_0_15_0_5/RAMC/CLK
High Pulse Width  Fast    RAMD32/CLK          n/a            0.768         3.200       2.432      SLICE_X6Y77   u_cap_in/u_fifo/mem_reg_0_15_0_5/RAMC/CLK
High Pulse Width  Slow    RAMD32/CLK          n/a            0.768         3.200       2.432      SLICE_X6Y77   u_cap_in/u_fifo/mem_reg_0_15_0_5/RAMC_D1/CLK
High Pulse Width  Fast    RAMD32/CLK          n/a            0.768         3.200       2.432      SLICE_X6Y77   u_cap_in/u_fifo/mem_reg_0_15_0_5/RAMC_D1/CLK
High Pulse Width  Slow    RAMS32/CLK          n/a            0.768         3.200       2.432      SLICE_X6Y77   u_cap_in/u_fifo/mem_reg_0_15_0_5/RAMD/CLK
High Pulse Width  Fast    RAMS32/CLK          n/a            0.768         3.200       2.432      SLICE_X6Y77   u_cap_in/u_fifo/mem_reg_0_15_0_5/RAMD/CLK
High Pulse Width  Slow    RAMS32/CLK          n/a            0.768         3.200       2.432      SLICE_X6Y77   u_cap_in/u_fifo/mem_reg_0_15_0_5/RAMD_D1/CLK
High Pulse Width  Fast    RAMS32/CLK          n/a            0.768         3.200       2.432      SLICE_X6Y77   u_cap_in/u_fifo/mem_reg_0_15_0_5/RAMD_D1/CLK
High Pulse Width  Slow    RAMD32/CLK          n/a            0.768         3.200       2.432      SLICE_X6Y82   u_cap_in/u_fifo/mem_reg_0_15_12_17/RAMA/CLK
High Pulse Width  Fast    RAMD32/CLK          n/a            0.768         3.200       2.432      SLICE_X6Y82   u_cap_in/u_fifo/mem_reg_0_15_12_17/RAMA/CLK
High Pulse Width  Slow    RAMD32/CLK          n/a            0.768         3.200       2.432      SLICE_X6Y82   u_cap_in/u_fifo/mem_reg_0_15_12_17/RAMA_D1/CLK
High Pulse Width  Fast    RAMD32/CLK          n/a            0.768         3.200       2.432      SLICE_X6Y82   u_cap_in/u_fifo/mem_reg_0_15_12_17/RAMA_D1/CLK



---------------------------------------------------------------------------------------------------
From Clock:  net_clk
  To Clock:  aclk

Setup :            0  Failing Endpoints,  Worst Slack        5.331ns,  Total Violation        0.000ns
Hold  :           NA  Failing Endpoints,  Worst Slack           NA  ,  Total Violation           NA
---------------------------------------------------------------------------------------------------


Max Delay Paths
--------------------------------------------------------------------------------------
Slack (MET) :             5.331ns  (required time - arrival time)
  Source:                 u_bridge/rdata_hold_reg[14]/C
                            (rising edge-triggered cell FDRE clocked by net_clk  {rise@0.000ns fall@3.200ns period=6.400ns})
  Destination:            u_bridge/m_rdata_reg[14]/D
                            (rising edge-triggered cell FDRE clocked by aclk  {rise@0.000ns fall@5.000ns period=10.000ns})
  Path Group:             aclk
  Path Type:              Setup (Max at Slow Process Corner)
  Requirement:            6.400ns  (MaxDelay Path 6.400ns)
  Data Path Delay:        1.062ns  (logic 0.223ns (20.994%)  route 0.839ns (79.006%))
  Logic Levels:           0  
  Timing Exception:       MaxDelay Path 6.400ns -datapath_only

    Location             Delay type                Incr(ns)  Path(ns)    Netlist Resource(s)
  -------------------------------------------------------------------    -------------------
    SLICE_X11Y81                                      0.000     0.000 r  u_bridge/rdata_hold_reg[14]/C
    SLICE_X11Y81         FDRE (Prop_fdre_C_Q)         0.223     0.223 r  u_bridge/rdata_hold_reg[14]/Q
                         net (fo=1, routed)           0.839     1.062    u_bridge/rdata_hold[14]
    SLICE_X24Y85         FDRE                                         r  u_bridge/m_rdata_reg[14]/D
  -------------------------------------------------------------------    -------------------

                         max delay                    6.400     6.400    
    SLICE_X24Y85         FDRE (Setup_fdre_C_D)       -0.007     6.393    u_bridge/m_rdata_reg[14]
  -------------------------------------------------------------------
                         required time                          6.393    
                         arrival time                          -1.062    
  -------------------------------------------------------------------
                         slack                                  5.331    

Slack (MET) :             5.465ns  (required time - arrival time)
  Source:                 u_bridge/rdata_hold_reg[8]/C
                            (rising edge-triggered cell FDRE clocked by net_clk  {rise@0.000ns fall@3.200ns period=6.400ns})
  Destination:            u_bridge/m_rdata_reg[8]/D
                            (rising edge-triggered cell FDRE clocked by aclk  {rise@0.000ns fall@5.000ns period=10.000ns})
  Path Group:             aclk
  Path Type:              Setup (Max at Slow Process Corner)
  Requirement:            6.400ns  (MaxDelay Path 6.400ns)
  Data Path Delay:        0.959ns  (logic 0.223ns (23.259%)  route 0.736ns (76.741%))
  Logic Levels:           0  
  Timing Exception:       MaxDelay Path 6.400ns -datapath_only

    Location             Delay type                Incr(ns)  Path(ns)    Netlist Resource(s)
  -------------------------------------------------------------------    -------------------
    SLICE_X11Y80                                      0.000     0.000 r  u_bridge/rdata_hold_reg[8]/C
    SLICE_X11Y80         FDRE (Prop_fdre_C_Q)         0.223     0.223 r  u_bridge/rdata_hold_reg[8]/Q
                         net (fo=1, routed)           0.736     0.959    u_bridge/rdata_hold[8]
    SLICE_X22Y80         FDRE                                         r  u_bridge/m_rdata_reg[8]/D
  -------------------------------------------------------------------    -------------------

                         max delay                    6.400     6.400    
    SLICE_X22Y80         FDRE (Setup_fdre_C_D)        0.024     6.424    u_bridge/m_rdata_reg[8]
  -------------------------------------------------------------------
                         required time                          6.424    
                         arrival time                          -0.959    
  -------------------------------------------------------------------
                         slack                                  5.465    

Slack (MET) :             5.483ns  (required time - arrival time)
  Source:                 u_bridge/rdata_hold_reg[19]/C
                            (rising edge-triggered cell FDRE clocked by net_clk  {rise@0.000ns fall@3.200ns period=6.400ns})
  Destination:            u_bridge/m_rdata_reg[19]/D
                            (rising edge-triggered cell FDRE clocked by aclk  {rise@0.000ns fall@5.000ns period=10.000ns})
  Path Group:             aclk
  Path Type:              Setup (Max at Slow Process Corner)
  Requirement:            6.400ns  (MaxDelay Path 6.400ns)
  Data Path Delay:        0.895ns  (logic 0.259ns (28.953%)  route 0.636ns (71.047%))
  Logic Levels:           0  
  Timing Exception:       MaxDelay Path 6.400ns -datapath_only

    Location             Delay type                Incr(ns)  Path(ns)    Netlist Resource(s)
  -------------------------------------------------------------------    -------------------
    SLICE_X10Y78                                      0.000     0.000 r  u_bridge/rdata_hold_reg[19]/C
    SLICE_X10Y78         FDRE (Prop_fdre_C_Q)         0.259     0.259 r  u_bridge/rdata_hold_reg[19]/Q
                         net (fo=1, routed)           0.636     0.895    u_bridge/rdata_hold[19]
    SLICE_X5Y88          FDRE                                         r  u_bridge/m_rdata_reg[19]/D
  -------------------------------------------------------------------    -------------------

                         max delay                    6.400     6.400    
    SLICE_X5Y88          FDRE (Setup_fdre_C_D)       -0.022     6.378    u_bridge/m_rdata_reg[19]
  -------------------------------------------------------------------
                         required time                          6.378    
                         arrival time                          -0.895    
  -------------------------------------------------------------------
                         slack                                  5.483    

Slack (MET) :             5.499ns  (required time - arrival time)
  Source:                 u_bridge/rdata_hold_reg[12]/C
                            (rising edge-triggered cell FDRE clocked by net_clk  {rise@0.000ns fall@3.200ns period=6.400ns})
  Destination:            u_bridge/m_rdata_reg[12]/D
                            (rising edge-triggered cell FDRE clocked by aclk  {rise@0.000ns fall@5.000ns period=10.000ns})
  Path Group:             aclk
  Path Type:              Setup (Max at Slow Process Corner)
  Requirement:            6.400ns  (MaxDelay Path 6.400ns)
  Data Path Delay:        0.929ns  (logic 0.259ns (27.882%)  route 0.670ns (72.118%))
  Logic Levels:           0  
  Timing Exception:       MaxDelay Path 6.400ns -datapath_only

    Location             Delay type                Incr(ns)  Path(ns)    Netlist Resource(s)
  -------------------------------------------------------------------    -------------------
    SLICE_X12Y78                                      0.000     0.000 r  u_bridge/rdata_hold_reg[12]/C
    SLICE_X12Y78         FDRE (Prop_fdre_C_Q)         0.259     0.259 r  u_bridge/rdata_hold_reg[12]/Q
                         net (fo=1, routed)           0.670     0.929    u_bridge/rdata_hold[12]
    SLICE_X22Y80         FDRE                                         r  u_bridge/m_rdata_reg[12]/D
  -------------------------------------------------------------------    -------------------

                         max delay                    6.400     6.400    
    SLICE_X22Y80         FDRE (Setup_fdre_C_D)        0.028     6.428    u_bridge/m_rdata_reg[12]
  -------------------------------------------------------------------
                         required time                          6.428    
                         arrival time                          -0.929    
  -------------------------------------------------------------------
                         slack                                  5.499    

Slack (MET) :             5.532ns  (required time - arrival time)
  Source:                 u_snap/snap_reg[65]/C
                            (rising edge-triggered cell FDRE clocked by net_clk  {rise@0.000ns fall@3.200ns period=6.400ns})
  Destination:            u_snap/dst_sec_reg[33]/D
                            (rising edge-triggered cell FDRE clocked by aclk  {rise@0.000ns fall@5.000ns period=10.000ns})
  Path Group:             aclk
  Path Type:              Setup (Max at Slow Process Corner)
  Requirement:            6.400ns  (MaxDelay Path 6.400ns)
  Data Path Delay:        0.861ns  (logic 0.223ns (25.910%)  route 0.638ns (74.090%))
  Logic Levels:           0  
  Timing Exception:       MaxDelay Path 6.400ns -datapath_only

    Location             Delay type                Incr(ns)  Path(ns)    Netlist Resource(s)
  -------------------------------------------------------------------    -------------------
    SLICE_X15Y89                                      0.000     0.000 r  u_snap/snap_reg[65]/C
    SLICE_X15Y89         FDRE (Prop_fdre_C_Q)         0.223     0.223 r  u_snap/snap_reg[65]/Q
                         net (fo=1, routed)           0.638     0.861    u_snap/p_1_in__0[33]
    SLICE_X15Y85         FDRE                                         r  u_snap/dst_sec_reg[33]/D
  -------------------------------------------------------------------    -------------------

                         max delay                    6.400     6.400    
    SLICE_X15Y85         FDRE (Setup_fdre_C_D)       -0.007     6.393    u_snap/dst_sec_reg[33]
  -------------------------------------------------------------------
                         required time                          6.393    
                         arrival time                          -0.861    
  -------------------------------------------------------------------
                         slack                                  5.532    

Slack (MET) :             5.537ns  (required time - arrival time)
  Source:                 u_bridge/rdata_hold_reg[9]/C
                            (rising edge-triggered cell FDRE clocked by net_clk  {rise@0.000ns fall@3.200ns period=6.400ns})
  Destination:            u_bridge/m_rdata_reg[9]/D
                            (rising edge-triggered cell FDRE clocked by aclk  {rise@0.000ns fall@5.000ns period=10.000ns})
  Path Group:             aclk
  Path Type:              Setup (Max at Slow Process Corner)
  Requirement:            6.400ns  (MaxDelay Path 6.400ns)
  Data Path Delay:        0.832ns  (logic 0.259ns (31.134%)  route 0.573ns (68.866%))
  Logic Levels:           0  
  Timing Exception:       MaxDelay Path 6.400ns -datapath_only

    Location             Delay type                Incr(ns)  Path(ns)    Netlist Resource(s)
  -------------------------------------------------------------------    -------------------
    SLICE_X12Y78                                      0.000     0.000 r  u_bridge/rdata_hold_reg[9]/C
    SLICE_X12Y78         FDRE (Prop_fdre_C_Q)         0.259     0.259 r  u_bridge/rdata_hold_reg[9]/Q
                         net (fo=1, routed)           0.573     0.832    u_bridge/rdata_hold[9]
    SLICE_X25Y78         FDRE                                         r  u_bridge/m_rdata_reg[9]/D
  -------------------------------------------------------------------    -------------------

                         max delay                    6.400     6.400    
    SLICE_X25Y78         FDRE (Setup_fdre_C_D)       -0.031     6.369    u_bridge/m_rdata_reg[9]
  -------------------------------------------------------------------
                         required time                          6.369    
                         arrival time                          -0.832    
  -------------------------------------------------------------------
                         slack                                  5.537    

Slack (MET) :             5.548ns  (required time - arrival time)
  Source:                 u_snap/snap_reg[75]/C
                            (rising edge-triggered cell FDRE clocked by net_clk  {rise@0.000ns fall@3.200ns period=6.400ns})
  Destination:            u_snap/dst_sec_reg[43]/D
                            (rising edge-triggered cell FDRE clocked by aclk  {rise@0.000ns fall@5.000ns period=10.000ns})
  Path Group:             aclk
  Path Type:              Setup (Max at Slow Process Corner)
  Requirement:            6.400ns  (MaxDelay Path 6.400ns)
  Data Path Delay:        0.830ns  (logic 0.223ns (26.871%)  route 0.607ns (73.129%))
  Logic Levels:           0  
  Timing Exception:       MaxDelay Path 6.400ns -datapath_only

    Location             Delay type                Incr(ns)  Path(ns)    Netlist Resource(s)
  -------------------------------------------------------------------    -------------------
    SLICE_X15Y92                                      0.000     0.000 r  u_snap/snap_reg[75]/C
    SLICE_X15Y92         FDRE (Prop_fdre_C_Q)         0.223     0.223 r  u_snap/snap_reg[75]/Q
                         net (fo=1, routed)           0.607     0.830    u_snap/p_1_in__0[43]
    SLICE_X26Y90         FDRE                                         r  u_snap/dst_sec_reg[43]/D
  -------------------------------------------------------------------    -------------------

                         max delay                    6.400     6.400    
    SLICE_X26Y90         FDRE (Setup_fdre_C_D)       -0.022     6.378    u_snap/dst_sec_reg[43]
  -------------------------------------------------------------------
                         required time                          6.378    
                         arrival time                          -0.830    
  -------------------------------------------------------------------
                         slack                                  5.548    

Slack (MET) :             5.557ns  (required time - arrival time)
  Source:                 u_bridge/rdata_hold_reg[11]/C
                            (rising edge-triggered cell FDRE clocked by net_clk  {rise@0.000ns fall@3.200ns period=6.400ns})
  Destination:            u_bridge/m_rdata_reg[11]/D
                            (rising edge-triggered cell FDRE clocked by aclk  {rise@0.000ns fall@5.000ns period=10.000ns})
  Path Group:             aclk
  Path Type:              Setup (Max at Slow Process Corner)
  Requirement:            6.400ns  (MaxDelay Path 6.400ns)
  Data Path Delay:        0.861ns  (logic 0.223ns (25.903%)  route 0.638ns (74.097%))
  Logic Levels:           0  
  Timing Exception:       MaxDelay Path 6.400ns -datapath_only

    Location             Delay type                Incr(ns)  Path(ns)    Netlist Resource(s)
  -------------------------------------------------------------------    -------------------
    SLICE_X13Y77                                      0.000     0.000 r  u_bridge/rdata_hold_reg[11]/C
    SLICE_X13Y77         FDRE (Prop_fdre_C_Q)         0.223     0.223 r  u_bridge/rdata_hold_reg[11]/Q
                         net (fo=1, routed)           0.638     0.861    u_bridge/rdata_hold[11]
    SLICE_X22Y80         FDRE                                         r  u_bridge/m_rdata_reg[11]/D
  -------------------------------------------------------------------    -------------------

                         max delay                    6.400     6.400    
    SLICE_X22Y80         FDRE (Setup_fdre_C_D)        0.018     6.418    u_bridge/m_rdata_reg[11]
  -------------------------------------------------------------------
                         required time                          6.418    
                         arrival time                          -0.861    
  -------------------------------------------------------------------
                         slack                                  5.557    

Slack (MET) :             5.566ns  (required time - arrival time)
  Source:                 u_snap/snap_reg[30]/C
                            (rising edge-triggered cell FDRE clocked by net_clk  {rise@0.000ns fall@3.200ns period=6.400ns})
  Destination:            u_snap/dst_ns_reg[30]/D
                            (rising edge-triggered cell FDRE clocked by aclk  {rise@0.000ns fall@5.000ns period=10.000ns})
  Path Group:             aclk
  Path Type:              Setup (Max at Slow Process Corner)
  Requirement:            6.400ns  (MaxDelay Path 6.400ns)
  Data Path Delay:        0.827ns  (logic 0.259ns (31.336%)  route 0.568ns (68.664%))
  Logic Levels:           0  
  Timing Exception:       MaxDelay Path 6.400ns -datapath_only

    Location             Delay type                Incr(ns)  Path(ns)    Netlist Resource(s)
  -------------------------------------------------------------------    -------------------
    SLICE_X22Y88                                      0.000     0.000 r  u_snap/snap_reg[30]/C
    SLICE_X22Y88         FDRE (Prop_fdre_C_Q)         0.259     0.259 r  u_snap/snap_reg[30]/Q
                         net (fo=1, routed)           0.568     0.827    u_snap/snap_reg_n_0_[30]
    SLICE_X24Y88         FDRE                                         r  u_snap/dst_ns_reg[30]/D
  -------------------------------------------------------------------    -------------------

                         max delay                    6.400     6.400    
    SLICE_X24Y88         FDRE (Setup_fdre_C_D)       -0.007     6.393    u_snap/dst_ns_reg[30]
  -------------------------------------------------------------------
                         required time                          6.393    
                         arrival time                          -0.827    
  -------------------------------------------------------------------
                         slack                                  5.566    

Slack (MET) :             5.582ns  (required time - arrival time)
  Source:                 u_snap/snap_reg[7]/C
                            (rising edge-triggered cell FDRE clocked by net_clk  {rise@0.000ns fall@3.200ns period=6.400ns})
  Destination:            u_snap/dst_ns_reg[7]/D
                            (rising edge-triggered cell FDRE clocked by aclk  {rise@0.000ns fall@5.000ns period=10.000ns})
  Path Group:             aclk
  Path Type:              Setup (Max at Slow Process Corner)
  Requirement:            6.400ns  (MaxDelay Path 6.400ns)
  Data Path Delay:        0.730ns  (logic 0.236ns (32.320%)  route 0.494ns (67.680%))
  Logic Levels:           0  
  Timing Exception:       MaxDelay Path 6.400ns -datapath_only

    Location             Delay type                Incr(ns)  Path(ns)    Netlist Resource(s)
  -------------------------------------------------------------------    -------------------
    SLICE_X22Y79                                      0.000     0.000 r  u_snap/snap_reg[7]/C
    SLICE_X22Y79         FDRE (Prop_fdre_C_Q)         0.236     0.236 r  u_snap/snap_reg[7]/Q
                         net (fo=1, routed)           0.494     0.730    u_snap/snap_reg_n_0_[7]
    SLICE_X23Y82         FDRE                                         r  u_snap/dst_ns_reg[7]/D
  -------------------------------------------------------------------    -------------------

                         max delay                    6.400     6.400    
    SLICE_X23Y82         FDRE (Setup_fdre_C_D)       -0.088     6.312    u_snap/dst_ns_reg[7]
  -------------------------------------------------------------------
                         required time                          6.312    
                         arrival time                          -0.730    
  -------------------------------------------------------------------
                         slack                                  5.582    

Slack (MET) :             5.584ns  (required time - arrival time)
  Source:                 u_bridge/rdata_hold_reg[6]/C
                            (rising edge-triggered cell FDRE clocked by net_clk  {rise@0.000ns fall@3.200ns period=6.400ns})
  Destination:            u_bridge/m_rdata_reg[6]/D
                            (rising edge-triggered cell FDRE clocked by aclk  {rise@0.000ns fall@5.000ns period=10.000ns})
  Path Group:             aclk
  Path Type:              Setup (Max at Slow Process Corner)
  Requirement:            6.400ns  (MaxDelay Path 6.400ns)
  Data Path Delay:        0.794ns  (logic 0.259ns (32.603%)  route 0.535ns (67.397%))
  Logic Levels:           0  
  Timing Exception:       MaxDelay Path 6.400ns -datapath_only

    Location             Delay type                Incr(ns)  Path(ns)    Netlist Resource(s)
  -------------------------------------------------------------------    -------------------
    SLICE_X12Y78                                      0.000     0.000 r  u_bridge/rdata_hold_reg[6]/C
    SLICE_X12Y78         FDRE (Prop_fdre_C_Q)         0.259     0.259 r  u_bridge/rdata_hold_reg[6]/Q
                         net (fo=1, routed)           0.535     0.794    u_bridge/rdata_hold[6]
    SLICE_X25Y78         FDRE                                         r  u_bridge/m_rdata_reg[6]/D
  -------------------------------------------------------------------    -------------------

                         max delay                    6.400     6.400    
    SLICE_X25Y78         FDRE (Setup_fdre_C_D)       -0.022     6.378    u_bridge/m_rdata_reg[6]
  -------------------------------------------------------------------
                         required time                          6.378    
                         arrival time                          -0.794    
  -------------------------------------------------------------------
                         slack                                  5.584    

Slack (MET) :             5.586ns  (required time - arrival time)
  Source:                 u_snap/snap_reg[19]/C
                            (rising edge-triggered cell FDRE clocked by net_clk  {rise@0.000ns fall@3.200ns period=6.400ns})
  Destination:            u_snap/dst_ns_reg[19]/D
                            (rising edge-triggered cell FDRE clocked by aclk  {rise@0.000ns fall@5.000ns period=10.000ns})
  Path Group:             aclk
  Path Type:              Setup (Max at Slow Process Corner)
  Requirement:            6.400ns  (MaxDelay Path 6.400ns)
  Data Path Delay:        0.809ns  (logic 0.259ns (32.034%)  route 0.550ns (67.966%))
  Logic Levels:           0  
  Timing Exception:       MaxDelay Path 6.400ns -datapath_only

    Location             Delay type                Incr(ns)  Path(ns)    Netlist Resource(s)
  -------------------------------------------------------------------    -------------------
    SLICE_X12Y91                                      0.000     0.000 r  u_snap/snap_reg[19]/C
    SLICE_X12Y91         FDRE (Prop_fdre_C_Q)         0.259     0.259 r  u_snap/snap_reg[19]/Q
                         net (fo=1, routed)           0.550     0.809    u_snap/snap_reg_n_0_[19]
    SLICE_X13Y91         FDRE                                         r  u_snap/dst_ns_reg[19]/D
  -------------------------------------------------------------------    -------------------

                         max delay                    6.400     6.400    
    SLICE_X13Y91         FDRE (Setup_fdre_C_D)       -0.005     6.395    u_snap/dst_ns_reg[19]
  -------------------------------------------------------------------
                         required time                          6.395    
                         arrival time                          -0.809    
  -------------------------------------------------------------------
                         slack                                  5.586    

Slack (MET) :             5.593ns  (required time - arrival time)
  Source:                 u_bridge/rdata_hold_reg[20]/C
                            (rising edge-triggered cell FDRE clocked by net_clk  {rise@0.000ns fall@3.200ns period=6.400ns})
  Destination:            u_bridge/m_rdata_reg[20]/D
                            (rising edge-triggered cell FDRE clocked by aclk  {rise@0.000ns fall@5.000ns period=10.000ns})
  Path Group:             aclk
  Path Type:              Setup (Max at Slow Process Corner)
  Requirement:            6.400ns  (MaxDelay Path 6.400ns)
  Data Path Delay:        0.805ns  (logic 0.223ns (27.687%)  route 0.582ns (72.313%))
  Logic Levels:           0  
  Timing Exception:       MaxDelay Path 6.400ns -datapath_only

    Location             Delay type                Incr(ns)  Path(ns)    Netlist Resource(s)
  -------------------------------------------------------------------    -------------------
    SLICE_X11Y80                                      0.000     0.000 r  u_bridge/rdata_hold_reg[20]/C
    SLICE_X11Y80         FDRE (Prop_fdre_C_Q)         0.223     0.223 r  u_bridge/rdata_hold_reg[20]/Q
                         net (fo=1, routed)           0.582     0.805    u_bridge/rdata_hold[20]
    SLICE_X20Y88         FDRE                                         r  u_bridge/m_rdata_reg[20]/D
  -------------------------------------------------------------------    -------------------

                         max delay                    6.400     6.400    
    SLICE_X20Y88         FDRE (Setup_fdre_C_D)       -0.002     6.398    u_bridge/m_rdata_reg[20]
  -------------------------------------------------------------------
                         required time                          6.398    
                         arrival time                          -0.805    
  -------------------------------------------------------------------
                         slack                                  5.593    

Slack (MET) :             5.600ns  (required time - arrival time)
  Source:                 u_snap/snap_reg[51]/C
                            (rising edge-triggered cell FDRE clocked by net_clk  {rise@0.000ns fall@3.200ns period=6.400ns})
  Destination:            u_snap/dst_sec_reg[19]/D
                            (rising edge-triggered cell FDRE clocked by aclk  {rise@0.000ns fall@5.000ns period=10.000ns})
  Path Group:             aclk
  Path Type:              Setup (Max at Slow Process Corner)
  Requirement:            6.400ns  (MaxDelay Path 6.400ns)
  Data Path Delay:        0.781ns  (logic 0.223ns (28.567%)  route 0.558ns (71.433%))
  Logic Levels:           0  
  Timing Exception:       MaxDelay Path 6.400ns -datapath_only

    Location             Delay type                Incr(ns)  Path(ns)    Netlist Resource(s)
  -------------------------------------------------------------------    -------------------
    SLICE_X9Y90                                       0.000     0.000 r  u_snap/snap_reg[51]/C
    SLICE_X9Y90          FDRE (Prop_fdre_C_Q)         0.223     0.223 r  u_snap/snap_reg[51]/Q
                         net (fo=1, routed)           0.558     0.781    u_snap/p_1_in__0[19]
    SLICE_X5Y93          FDRE                                         r  u_snap/dst_sec_reg[19]/D
  -------------------------------------------------------------------    -------------------

                         max delay                    6.400     6.400    
    SLICE_X5Y93          FDRE (Setup_fdre_C_D)       -0.019     6.381    u_snap/dst_sec_reg[19]
  -------------------------------------------------------------------
                         required time                          6.381    
                         arrival time                          -0.781    
  -------------------------------------------------------------------
                         slack                                  5.600    

Slack (MET) :             5.604ns  (required time - arrival time)
  Source:                 u_snap/snap_reg[36]/C
                            (rising edge-triggered cell FDRE clocked by net_clk  {rise@0.000ns fall@3.200ns period=6.400ns})
  Destination:            u_snap/dst_sec_reg[4]/D
                            (rising edge-triggered cell FDRE clocked by aclk  {rise@0.000ns fall@5.000ns period=10.000ns})
  Path Group:             aclk
  Path Type:              Setup (Max at Slow Process Corner)
  Requirement:            6.400ns  (MaxDelay Path 6.400ns)
  Data Path Delay:        0.788ns  (logic 0.259ns (32.851%)  route 0.529ns (67.149%))
  Logic Levels:           0  
  Timing Exception:       MaxDelay Path 6.400ns -datapath_only

    Location             Delay type                Incr(ns)  Path(ns)    Netlist Resource(s)
  -------------------------------------------------------------------    -------------------
    SLICE_X22Y83                                      0.000     0.000 r  u_snap/snap_reg[36]/C
    SLICE_X22Y83         FDRE (Prop_fdre_C_Q)         0.259     0.259 r  u_snap/snap_reg[36]/Q
                         net (fo=1, routed)           0.529     0.788    u_snap/p_1_in__0[4]
    SLICE_X23Y82         FDRE                                         r  u_snap/dst_sec_reg[4]/D
  -------------------------------------------------------------------    -------------------

                         max delay                    6.400     6.400    
    SLICE_X23Y82         FDRE (Setup_fdre_C_D)       -0.008     6.392    u_snap/dst_sec_reg[4]
  -------------------------------------------------------------------
                         required time                          6.392    
                         arrival time                          -0.788    
  -------------------------------------------------------------------
                         slack                                  5.604    

Slack (MET) :             5.605ns  (required time - arrival time)
  Source:                 u_snap/snap_reg[17]/C
                            (rising edge-triggered cell FDRE clocked by net_clk  {rise@0.000ns fall@3.200ns period=6.400ns})
  Destination:            u_snap/dst_ns_reg[17]/D
                            (rising edge-triggered cell FDRE clocked by aclk  {rise@0.000ns fall@5.000ns period=10.000ns})
  Path Group:             aclk
  Path Type:              Setup (Max at Slow Process Corner)
  Requirement:            6.400ns  (MaxDelay Path 6.400ns)
  Data Path Delay:        0.773ns  (logic 0.223ns (28.859%)  route 0.550ns (71.141%))
  Logic Levels:           0  
  Timing Exception:       MaxDelay Path 6.400ns -datapath_only

    Location             Delay type                Incr(ns)  Path(ns)    Netlist Resource(s)
  -------------------------------------------------------------------    -------------------
    SLICE_X9Y90                                       0.000     0.000 r  u_snap/snap_reg[17]/C
    SLICE_X9Y90          FDRE (Prop_fdre_C_Q)         0.223     0.223 r  u_snap/snap_reg[17]/Q
                         net (fo=1, routed)           0.550     0.773    u_snap/snap_reg_n_0_[17]
    SLICE_X5Y93          FDRE                                         r  u_snap/dst_ns_reg[17]/D
  -------------------------------------------------------------------    -------------------

                         max delay                    6.400     6.400    
    SLICE_X5Y93          FDRE (Setup_fdre_C_D)       -0.022     6.378    u_snap/dst_ns_reg[17]
  -------------------------------------------------------------------
                         required time                          6.378    
                         arrival time                          -0.773    
  -------------------------------------------------------------------
                         slack                                  5.605    

Slack (MET) :             5.611ns  (required time - arrival time)
  Source:                 u_snap/snap_reg[76]/C
                            (rising edge-triggered cell FDRE clocked by net_clk  {rise@0.000ns fall@3.200ns period=6.400ns})
  Destination:            u_snap/dst_sec_reg[44]/D
                            (rising edge-triggered cell FDRE clocked by aclk  {rise@0.000ns fall@5.000ns period=10.000ns})
  Path Group:             aclk
  Path Type:              Setup (Max at Slow Process Corner)
  Requirement:            6.400ns  (MaxDelay Path 6.400ns)
  Data Path Delay:        0.758ns  (logic 0.223ns (29.411%)  route 0.535ns (70.589%))
  Logic Levels:           0  
  Timing Exception:       MaxDelay Path 6.400ns -datapath_only

    Location             Delay type                Incr(ns)  Path(ns)    Netlist Resource(s)
  -------------------------------------------------------------------    -------------------
    SLICE_X17Y90                                      0.000     0.000 r  u_snap/snap_reg[76]/C
    SLICE_X17Y90         FDRE (Prop_fdre_C_Q)         0.223     0.223 r  u_snap/snap_reg[76]/Q
                         net (fo=1, routed)           0.535     0.758    u_snap/p_1_in__0[44]
    SLICE_X26Y90         FDRE                                         r  u_snap/dst_sec_reg[44]/D
  -------------------------------------------------------------------    -------------------

                         max delay                    6.400     6.400    
    SLICE_X26Y90         FDRE (Setup_fdre_C_D)       -0.031     6.369    u_snap/dst_sec_reg[44]
  -------------------------------------------------------------------
                         required time                          6.369    
                         arrival time                          -0.758    
  -------------------------------------------------------------------
                         slack                                  5.611    

Slack (MET) :             5.615ns  (required time - arrival time)
  Source:                 u_snap/snap_reg[79]/C
                            (rising edge-triggered cell FDRE clocked by net_clk  {rise@0.000ns fall@3.200ns period=6.400ns})
  Destination:            u_snap/dst_sec_reg[47]/D
                            (rising edge-triggered cell FDRE clocked by aclk  {rise@0.000ns fall@5.000ns period=10.000ns})
  Path Group:             aclk
  Path Type:              Setup (Max at Slow Process Corner)
  Requirement:            6.400ns  (MaxDelay Path 6.400ns)
  Data Path Delay:        0.766ns  (logic 0.223ns (29.112%)  route 0.543ns (70.888%))
  Logic Levels:           0  
  Timing Exception:       MaxDelay Path 6.400ns -datapath_only

    Location             Delay type                Incr(ns)  Path(ns)    Netlist Resource(s)
  -------------------------------------------------------------------    -------------------
    SLICE_X17Y90                                      0.000     0.000 r  u_snap/snap_reg[79]/C
    SLICE_X17Y90         FDRE (Prop_fdre_C_Q)         0.223     0.223 r  u_snap/snap_reg[79]/Q
                         net (fo=1, routed)           0.543     0.766    u_snap/p_1_in__0[47]
    SLICE_X26Y90         FDRE                                         r  u_snap/dst_sec_reg[47]/D
  -------------------------------------------------------------------    -------------------

                         max delay                    6.400     6.400    
    SLICE_X26Y90         FDRE (Setup_fdre_C_D)       -0.019     6.381    u_snap/dst_sec_reg[47]
  -------------------------------------------------------------------
                         required time                          6.381    
                         arrival time                          -0.766    
  -------------------------------------------------------------------
                         slack                                  5.615    

Slack (MET) :             5.617ns  (required time - arrival time)
  Source:                 u_snap/snap_reg[77]/C
                            (rising edge-triggered cell FDRE clocked by net_clk  {rise@0.000ns fall@3.200ns period=6.400ns})
  Destination:            u_snap/dst_sec_reg[45]/D
                            (rising edge-triggered cell FDRE clocked by aclk  {rise@0.000ns fall@5.000ns period=10.000ns})
  Path Group:             aclk
  Path Type:              Setup (Max at Slow Process Corner)
  Requirement:            6.400ns  (MaxDelay Path 6.400ns)
  Data Path Delay:        0.761ns  (logic 0.223ns (29.288%)  route 0.538ns (70.712%))
  Logic Levels:           0  
  Timing Exception:       MaxDelay Path 6.400ns -datapath_only

    Location             Delay type                Incr(ns)  Path(ns)    Netlist Resource(s)
  -------------------------------------------------------------------    -------------------
    SLICE_X17Y90                                      0.000     0.000 r  u_snap/snap_reg[77]/C
    SLICE_X17Y90         FDRE (Prop_fdre_C_Q)         0.223     0.223 r  u_snap/snap_reg[77]/Q
                         net (fo=1, routed)           0.538     0.761    u_snap/p_1_in__0[45]
    SLICE_X24Y90         FDRE                                         r  u_snap/dst_sec_reg[45]/D
  -------------------------------------------------------------------    -------------------

                         max delay                    6.400     6.400    
    SLICE_X24Y90         FDRE (Setup_fdre_C_D)       -0.022     6.378    u_snap/dst_sec_reg[45]
  -------------------------------------------------------------------
                         required time                          6.378    
                         arrival time                          -0.761    
  -------------------------------------------------------------------
                         slack                                  5.617    

Slack (MET) :             5.618ns  (required time - arrival time)
  Source:                 u_snap/snap_reg[4]/C
                            (rising edge-triggered cell FDRE clocked by net_clk  {rise@0.000ns fall@3.200ns period=6.400ns})
  Destination:            u_snap/dst_ns_reg[4]/D
                            (rising edge-triggered cell FDRE clocked by aclk  {rise@0.000ns fall@5.000ns period=10.000ns})
  Path Group:             aclk
  Path Type:              Setup (Max at Slow Process Corner)
  Requirement:            6.400ns  (MaxDelay Path 6.400ns)
  Data Path Delay:        0.680ns  (logic 0.204ns (29.986%)  route 0.476ns (70.014%))
  Logic Levels:           0  
  Timing Exception:       MaxDelay Path 6.400ns -datapath_only

    Location             Delay type                Incr(ns)  Path(ns)    Netlist Resource(s)
  -------------------------------------------------------------------    -------------------
    SLICE_X25Y77                                      0.000     0.000 r  u_snap/snap_reg[4]/C
    SLICE_X25Y77         FDRE (Prop_fdre_C_Q)         0.204     0.204 r  u_snap/snap_reg[4]/Q
                         net (fo=1, routed)           0.476     0.680    u_snap/snap_reg_n_0_[4]
    SLICE_X24Y77         FDRE                                         r  u_snap/dst_ns_reg[4]/D
  -------------------------------------------------------------------    -------------------

                         max delay                    6.400     6.400    
    SLICE_X24Y77         FDRE (Setup_fdre_C_D)       -0.102     6.298    u_snap/dst_ns_reg[4]
  -------------------------------------------------------------------
                         required time                          6.298    
                         arrival time                          -0.680    
  -------------------------------------------------------------------
                         slack                                  5.618    





---------------------------------------------------------------------------------------------------
From Clock:  aclk
  To Clock:  net_clk

Setup :            0  Failing Endpoints,  Worst Slack        5.395ns,  Total Violation        0.000ns
Hold  :           NA  Failing Endpoints,  Worst Slack           NA  ,  Total Violation           NA
---------------------------------------------------------------------------------------------------


Max Delay Paths
--------------------------------------------------------------------------------------
Slack (MET) :             5.395ns  (required time - arrival time)
  Source:                 u_bridge/wdata_hold_reg[24]/C
                            (rising edge-triggered cell FDRE clocked by aclk  {rise@0.000ns fall@5.000ns period=10.000ns})
  Destination:            u_bridge/s_wdata_reg[24]/D
                            (rising edge-triggered cell FDRE clocked by net_clk  {rise@0.000ns fall@3.200ns period=6.400ns})
  Path Group:             net_clk
  Path Type:              Setup (Max at Slow Process Corner)
  Requirement:            6.400ns  (MaxDelay Path 6.400ns)
  Data Path Delay:        0.995ns  (logic 0.223ns (22.415%)  route 0.772ns (77.585%))
  Logic Levels:           0  
  Timing Exception:       MaxDelay Path 6.400ns -datapath_only

    Location             Delay type                Incr(ns)  Path(ns)    Netlist Resource(s)
  -------------------------------------------------------------------    -------------------
    SLICE_X23Y91                                      0.000     0.000 r  u_bridge/wdata_hold_reg[24]/C
    SLICE_X23Y91         FDRE (Prop_fdre_C_Q)         0.223     0.223 r  u_bridge/wdata_hold_reg[24]/Q
                         net (fo=1, routed)           0.772     0.995    u_bridge/wdata_hold[24]
    SLICE_X23Y87         FDRE                                         r  u_bridge/s_wdata_reg[24]/D
  -------------------------------------------------------------------    -------------------

                         max delay                    6.400     6.400    
    SLICE_X23Y87         FDRE (Setup_fdre_C_D)       -0.010     6.390    u_bridge/s_wdata_reg[24]
  -------------------------------------------------------------------
                         required time                          6.390    
                         arrival time                          -0.995    
  -------------------------------------------------------------------
                         slack                                  5.395    

Slack (MET) :             5.543ns  (required time - arrival time)
  Source:                 u_bridge/addr_hold_reg[6]/C
                            (rising edge-triggered cell FDRE clocked by aclk  {rise@0.000ns fall@5.000ns period=10.000ns})
  Destination:            u_bridge/s_addr_reg[6]/D
                            (rising edge-triggered cell FDRE clocked by net_clk  {rise@0.000ns fall@3.200ns period=6.400ns})
  Path Group:             net_clk
  Path Type:              Setup (Max at Slow Process Corner)
  Requirement:            6.400ns  (MaxDelay Path 6.400ns)
  Data Path Delay:        0.777ns  (logic 0.204ns (26.253%)  route 0.573ns (73.747%))
  Logic Levels:           0  
  Timing Exception:       MaxDelay Path 6.400ns -datapath_only

    Location             Delay type                Incr(ns)  Path(ns)    Netlist Resource(s)
  -------------------------------------------------------------------    -------------------
    SLICE_X17Y78                                      0.000     0.000 r  u_bridge/addr_hold_reg[6]/C
    SLICE_X17Y78         FDRE (Prop_fdre_C_Q)         0.204     0.204 r  u_bridge/addr_hold_reg[6]/Q
                         net (fo=1, routed)           0.573     0.777    u_bridge/addr_hold[6]
    SLICE_X14Y80         FDRE                                         r  u_bridge/s_addr_reg[6]/D
  -------------------------------------------------------------------    -------------------

                         max delay                    6.400     6.400    
    SLICE_X14Y80         FDRE (Setup_fdre_C_D)       -0.080     6.320    u_bridge/s_addr_reg[6]
  -------------------------------------------------------------------
                         required time                          6.320    
                         arrival time                          -0.777    
  -------------------------------------------------------------------
                         slack                                  5.543    

Slack (MET) :             5.597ns  (required time - arrival time)
  Source:                 u_bridge/addr_hold_reg[10]/C
                            (rising edge-triggered cell FDRE clocked by aclk  {rise@0.000ns fall@5.000ns period=10.000ns})
  Destination:            u_bridge/s_addr_reg[10]/D
                            (rising edge-triggered cell FDRE clocked by net_clk  {rise@0.000ns fall@3.200ns period=6.400ns})
  Path Group:             net_clk
  Path Type:              Setup (Max at Slow Process Corner)
  Requirement:            6.400ns  (MaxDelay Path 6.400ns)
  Data Path Delay:        0.824ns  (logic 0.259ns (31.449%)  route 0.565ns (68.552%))
  Logic Levels:           0  
  Timing Exception:       MaxDelay Path 6.400ns -datapath_only

    Location             Delay type                Incr(ns)  Path(ns)    Netlist Resource(s)
  -------------------------------------------------------------------    -------------------
    SLICE_X14Y74                                      0.000     0.000 r  u_bridge/addr_hold_reg[10]/C
    SLICE_X14Y74         FDRE (Prop_fdre_C_Q)         0.259     0.259 r  u_bridge/addr_hold_reg[10]/Q
                         net (fo=1, routed)           0.565     0.824    u_bridge/addr_hold[10]
    SLICE_X14Y75         FDRE                                         r  u_bridge/s_addr_reg[10]/D
  -------------------------------------------------------------------    -------------------

                         max delay                    6.400     6.400    
    SLICE_X14Y75         FDRE (Setup_fdre_C_D)        0.021     6.421    u_bridge/s_addr_reg[10]
  -------------------------------------------------------------------
                         required time                          6.421    
                         arrival time                          -0.824    
  -------------------------------------------------------------------
                         slack                                  5.597    

Slack (MET) :             5.629ns  (required time - arrival time)
  Source:                 u_bridge/wdata_hold_reg[17]/C
                            (rising edge-triggered cell FDRE clocked by aclk  {rise@0.000ns fall@5.000ns period=10.000ns})
  Destination:            u_bridge/s_wdata_reg[17]/D
                            (rising edge-triggered cell FDRE clocked by net_clk  {rise@0.000ns fall@3.200ns period=6.400ns})
  Path Group:             net_clk
  Path Type:              Setup (Max at Slow Process Corner)
  Requirement:            6.400ns  (MaxDelay Path 6.400ns)
  Data Path Delay:        0.798ns  (logic 0.259ns (32.450%)  route 0.539ns (67.550%))
  Logic Levels:           0  
  Timing Exception:       MaxDelay Path 6.400ns -datapath_only

    Location             Delay type                Incr(ns)  Path(ns)    Netlist Resource(s)
  -------------------------------------------------------------------    -------------------
    SLICE_X22Y84                                      0.000     0.000 r  u_bridge/wdata_hold_reg[17]/C
    SLICE_X22Y84         FDRE (Prop_fdre_C_Q)         0.259     0.259 r  u_bridge/wdata_hold_reg[17]/Q
                         net (fo=1, routed)           0.539     0.798    u_bridge/wdata_hold[17]
    SLICE_X22Y82         FDRE                                         r  u_bridge/s_wdata_reg[17]/D
  -------------------------------------------------------------------    -------------------

                         max delay                    6.400     6.400    
    SLICE_X22Y82         FDRE (Setup_fdre_C_D)        0.027     6.427    u_bridge/s_wdata_reg[17]
  -------------------------------------------------------------------
                         required time                          6.427    
                         arrival time                          -0.798    
  -------------------------------------------------------------------
                         slack                                  5.629    

Slack (MET) :             5.666ns  (required time - arrival time)
  Source:                 u_bridge/wdata_hold_reg[29]/C
                            (rising edge-triggered cell FDRE clocked by aclk  {rise@0.000ns fall@5.000ns period=10.000ns})
  Destination:            u_bridge/s_wdata_reg[29]/D
                            (rising edge-triggered cell FDRE clocked by net_clk  {rise@0.000ns fall@3.200ns period=6.400ns})
  Path Group:             net_clk
  Path Type:              Setup (Max at Slow Process Corner)
  Requirement:            6.400ns  (MaxDelay Path 6.400ns)
  Data Path Delay:        0.658ns  (logic 0.204ns (31.001%)  route 0.454ns (68.999%))
  Logic Levels:           0  
  Timing Exception:       MaxDelay Path 6.400ns -datapath_only

    Location             Delay type                Incr(ns)  Path(ns)    Netlist Resource(s)
  -------------------------------------------------------------------    -------------------
    SLICE_X23Y91                                      0.000     0.000 r  u_bridge/wdata_hold_reg[29]/C
    SLICE_X23Y91         FDRE (Prop_fdre_C_Q)         0.204     0.204 r  u_bridge/wdata_hold_reg[29]/Q
                         net (fo=1, routed)           0.454     0.658    u_bridge/wdata_hold[29]
    SLICE_X22Y91         FDRE                                         r  u_bridge/s_wdata_reg[29]/D
  -------------------------------------------------------------------    -------------------

                         max delay                    6.400     6.400    
    SLICE_X22Y91         FDRE (Setup_fdre_C_D)       -0.076     6.324    u_bridge/s_wdata_reg[29]
  -------------------------------------------------------------------
                         required time                          6.324    
                         arrival time                          -0.658    
  -------------------------------------------------------------------
                         slack                                  5.666    

Slack (MET) :             5.672ns  (required time - arrival time)
  Source:                 u_bridge/wdata_hold_reg[30]/C
                            (rising edge-triggered cell FDRE clocked by aclk  {rise@0.000ns fall@5.000ns period=10.000ns})
  Destination:            u_bridge/s_wdata_reg[30]/D
                            (rising edge-triggered cell FDRE clocked by net_clk  {rise@0.000ns fall@3.200ns period=6.400ns})
  Path Group:             net_clk
  Path Type:              Setup (Max at Slow Process Corner)
  Requirement:            6.400ns  (MaxDelay Path 6.400ns)
  Data Path Delay:        0.660ns  (logic 0.204ns (30.890%)  route 0.456ns (69.110%))
  Logic Levels:           0  
  Timing Exception:       MaxDelay Path 6.400ns -datapath_only

    Location             Delay type                Incr(ns)  Path(ns)    Netlist Resource(s)
  -------------------------------------------------------------------    -------------------
    SLICE_X23Y91                                      0.000     0.000 r  u_bridge/wdata_hold_reg[30]/C
    SLICE_X23Y91         FDRE (Prop_fdre_C_Q)         0.204     0.204 r  u_bridge/wdata_hold_reg[30]/Q
                         net (fo=1, routed)           0.456     0.660    u_bridge/wdata_hold[30]
    SLICE_X22Y91         FDRE                                         r  u_bridge/s_wdata_reg[30]/D
  -------------------------------------------------------------------    -------------------

                         max delay                    6.400     6.400    
    SLICE_X22Y91         FDRE (Setup_fdre_C_D)       -0.068     6.332    u_bridge/s_wdata_reg[30]
  -------------------------------------------------------------------
                         required time                          6.332    
                         arrival time                          -0.660    
  -------------------------------------------------------------------
                         slack                                  5.672    

Slack (MET) :             5.674ns  (required time - arrival time)
  Source:                 u_bridge/wdata_hold_reg[20]/C
                            (rising edge-triggered cell FDRE clocked by aclk  {rise@0.000ns fall@5.000ns period=10.000ns})
  Destination:            u_bridge/s_wdata_reg[20]/D
                            (rising edge-triggered cell FDRE clocked by net_clk  {rise@0.000ns fall@3.200ns period=6.400ns})
  Path Group:             net_clk
  Path Type:              Setup (Max at Slow Process Corner)
  Requirement:            6.400ns  (MaxDelay Path 6.400ns)
  Data Path Delay:        0.713ns  (logic 0.223ns (31.270%)  route 0.490ns (68.730%))
  Logic Levels:           0  
  Timing Exception:       MaxDelay Path 6.400ns -datapath_only

    Location             Delay type                Incr(ns)  Path(ns)    Netlist Resource(s)
  -------------------------------------------------------------------    -------------------
    SLICE_X24Y87                                      0.000     0.000 r  u_bridge/wdata_hold_reg[20]/C
    SLICE_X24Y87         FDRE (Prop_fdre_C_Q)         0.223     0.223 r  u_bridge/wdata_hold_reg[20]/Q
                         net (fo=1, routed)           0.490     0.713    u_bridge/wdata_hold[20]
    SLICE_X23Y87         FDRE                                         r  u_bridge/s_wdata_reg[20]/D
  -------------------------------------------------------------------    -------------------

                         max delay                    6.400     6.400    
    SLICE_X23Y87         FDRE (Setup_fdre_C_D)       -0.013     6.387    u_bridge/s_wdata_reg[20]
  -------------------------------------------------------------------
                         required time                          6.387    
                         arrival time                          -0.713    
  -------------------------------------------------------------------
                         slack                                  5.674    

Slack (MET) :             5.688ns  (required time - arrival time)
  Source:                 u_bridge/wdata_hold_reg[12]/C
                            (rising edge-triggered cell FDRE clocked by aclk  {rise@0.000ns fall@5.000ns period=10.000ns})
  Destination:            u_bridge/s_wdata_reg[12]/D
                            (rising edge-triggered cell FDRE clocked by net_clk  {rise@0.000ns fall@3.200ns period=6.400ns})
  Path Group:             net_clk
  Path Type:              Setup (Max at Slow Process Corner)
  Requirement:            6.400ns  (MaxDelay Path 6.400ns)
  Data Path Delay:        0.730ns  (logic 0.223ns (30.528%)  route 0.507ns (69.472%))
  Logic Levels:           0  
  Timing Exception:       MaxDelay Path 6.400ns -datapath_only

    Location             Delay type                Incr(ns)  Path(ns)    Netlist Resource(s)
  -------------------------------------------------------------------    -------------------
    SLICE_X26Y81                                      0.000     0.000 r  u_bridge/wdata_hold_reg[12]/C
    SLICE_X26Y81         FDRE (Prop_fdre_C_Q)         0.223     0.223 r  u_bridge/wdata_hold_reg[12]/Q
                         net (fo=1, routed)           0.507     0.730    u_bridge/wdata_hold[12]
    SLICE_X22Y82         FDRE                                         r  u_bridge/s_wdata_reg[12]/D
  -------------------------------------------------------------------    -------------------

                         max delay                    6.400     6.400    
    SLICE_X22Y82         FDRE (Setup_fdre_C_D)        0.018     6.418    u_bridge/s_wdata_reg[12]
  -------------------------------------------------------------------
                         required time                          6.418    
                         arrival time                          -0.730    
  -------------------------------------------------------------------
                         slack                                  5.688    

Slack (MET) :             5.707ns  (required time - arrival time)
  Source:                 u_bridge/wdata_hold_reg[18]/C
                            (rising edge-triggered cell FDRE clocked by aclk  {rise@0.000ns fall@5.000ns period=10.000ns})
  Destination:            u_bridge/s_wdata_reg[18]/D
                            (rising edge-triggered cell FDRE clocked by net_clk  {rise@0.000ns fall@3.200ns period=6.400ns})
  Path Group:             net_clk
  Path Type:              Setup (Max at Slow Process Corner)
  Requirement:            6.400ns  (MaxDelay Path 6.400ns)
  Data Path Delay:        0.719ns  (logic 0.259ns (36.007%)  route 0.460ns (63.993%))
  Logic Levels:           0  
  Timing Exception:       MaxDelay Path 6.400ns -datapath_only

    Location             Delay type                Incr(ns)  Path(ns)    Netlist Resource(s)
  -------------------------------------------------------------------    -------------------
    SLICE_X22Y84                                      0.000     0.000 r  u_bridge/wdata_hold_reg[18]/C
    SLICE_X22Y84         FDRE (Prop_fdre_C_Q)         0.259     0.259 r  u_bridge/wdata_hold_reg[18]/Q
                         net (fo=1, routed)           0.460     0.719    u_bridge/wdata_hold[18]
    SLICE_X22Y86         FDRE                                         r  u_bridge/s_wdata_reg[18]/D
  -------------------------------------------------------------------    -------------------

                         max delay                    6.400     6.400    
    SLICE_X22Y86         FDRE (Setup_fdre_C_D)        0.026     6.426    u_bridge/s_wdata_reg[18]
  -------------------------------------------------------------------
                         required time                          6.426    
                         arrival time                          -0.719    
  -------------------------------------------------------------------
                         slack                                  5.707    

Slack (MET) :             5.713ns  (required time - arrival time)
  Source:                 u_bridge/wdata_hold_reg[26]/C
                            (rising edge-triggered cell FDRE clocked by aclk  {rise@0.000ns fall@5.000ns period=10.000ns})
  Destination:            u_bridge/s_wdata_reg[26]/D
                            (rising edge-triggered cell FDRE clocked by net_clk  {rise@0.000ns fall@3.200ns period=6.400ns})
  Path Group:             net_clk
  Path Type:              Setup (Max at Slow Process Corner)
  Requirement:            6.400ns  (MaxDelay Path 6.400ns)
  Data Path Delay:        0.710ns  (logic 0.223ns (31.428%)  route 0.487ns (68.572%))
  Logic Levels:           0  
  Timing Exception:       MaxDelay Path 6.400ns -datapath_only

    Location             Delay type                Incr(ns)  Path(ns)    Netlist Resource(s)
  -------------------------------------------------------------------    -------------------
    SLICE_X23Y91                                      0.000     0.000 r  u_bridge/wdata_hold_reg[26]/C
    SLICE_X23Y91         FDRE (Prop_fdre_C_Q)         0.223     0.223 r  u_bridge/wdata_hold_reg[26]/Q
                         net (fo=1, routed)           0.487     0.710    u_bridge/wdata_hold[26]
    SLICE_X22Y91         FDRE                                         r  u_bridge/s_wdata_reg[26]/D
  -------------------------------------------------------------------    -------------------

                         max delay                    6.400     6.400    
    SLICE_X22Y91         FDRE (Setup_fdre_C_D)        0.023     6.423    u_bridge/s_wdata_reg[26]
  -------------------------------------------------------------------
                         required time                          6.423    
                         arrival time                          -0.710    
  -------------------------------------------------------------------
                         slack                                  5.713    

Slack (MET) :             5.724ns  (required time - arrival time)
  Source:                 u_bridge/wdata_hold_reg[14]/C
                            (rising edge-triggered cell FDRE clocked by aclk  {rise@0.000ns fall@5.000ns period=10.000ns})
  Destination:            u_bridge/s_wdata_reg[14]/D
                            (rising edge-triggered cell FDRE clocked by net_clk  {rise@0.000ns fall@3.200ns period=6.400ns})
  Path Group:             net_clk
  Path Type:              Setup (Max at Slow Process Corner)
  Requirement:            6.400ns  (MaxDelay Path 6.400ns)
  Data Path Delay:        0.704ns  (logic 0.259ns (36.806%)  route 0.445ns (63.194%))
  Logic Levels:           0  
  Timing Exception:       MaxDelay Path 6.400ns -datapath_only

    Location             Delay type                Incr(ns)  Path(ns)    Netlist Resource(s)
  -------------------------------------------------------------------    -------------------
    SLICE_X22Y81                                      0.000     0.000 r  u_bridge/wdata_hold_reg[14]/C
    SLICE_X22Y81         FDRE (Prop_fdre_C_Q)         0.259     0.259 r  u_bridge/wdata_hold_reg[14]/Q
                         net (fo=1, routed)           0.445     0.704    u_bridge/wdata_hold[14]
    SLICE_X22Y82         FDRE                                         r  u_bridge/s_wdata_reg[14]/D
  -------------------------------------------------------------------    -------------------

                         max delay                    6.400     6.400    
    SLICE_X22Y82         FDRE (Setup_fdre_C_D)        0.028     6.428    u_bridge/s_wdata_reg[14]
  -------------------------------------------------------------------
                         required time                          6.428    
                         arrival time                          -0.704    
  -------------------------------------------------------------------
                         slack                                  5.724    

Slack (MET) :             5.741ns  (required time - arrival time)
  Source:                 u_bridge/addr_hold_reg[9]/C
                            (rising edge-triggered cell FDRE clocked by aclk  {rise@0.000ns fall@5.000ns period=10.000ns})
  Destination:            u_bridge/s_addr_reg[9]/D
                            (rising edge-triggered cell FDRE clocked by net_clk  {rise@0.000ns fall@3.200ns period=6.400ns})
  Path Group:             net_clk
  Path Type:              Setup (Max at Slow Process Corner)
  Requirement:            6.400ns  (MaxDelay Path 6.400ns)
  Data Path Delay:        0.659ns  (logic 0.259ns (39.314%)  route 0.400ns (60.686%))
  Logic Levels:           0  
  Timing Exception:       MaxDelay Path 6.400ns -datapath_only

    Location             Delay type                Incr(ns)  Path(ns)    Netlist Resource(s)
  -------------------------------------------------------------------    -------------------
    SLICE_X14Y74                                      0.000     0.000 r  u_bridge/addr_hold_reg[9]/C
    SLICE_X14Y74         FDRE (Prop_fdre_C_Q)         0.259     0.259 r  u_bridge/addr_hold_reg[9]/Q
                         net (fo=1, routed)           0.400     0.659    u_bridge/addr_hold[9]
    SLICE_X14Y75         FDRE                                         r  u_bridge/s_addr_reg[9]/D
  -------------------------------------------------------------------    -------------------

                         max delay                    6.400     6.400    
    SLICE_X14Y75         FDRE (Setup_fdre_C_D)        0.000     6.400    u_bridge/s_addr_reg[9]
  -------------------------------------------------------------------
                         required time                          6.400    
                         arrival time                          -0.659    
  -------------------------------------------------------------------
                         slack                                  5.741    

Slack (MET) :             5.743ns  (required time - arrival time)
  Source:                 u_bridge/wdata_hold_reg[15]/C
                            (rising edge-triggered cell FDRE clocked by aclk  {rise@0.000ns fall@5.000ns period=10.000ns})
  Destination:            u_bridge/s_wdata_reg[15]/D
                            (rising edge-triggered cell FDRE clocked by net_clk  {rise@0.000ns fall@3.200ns period=6.400ns})
  Path Group:             net_clk
  Path Type:              Setup (Max at Slow Process Corner)
  Requirement:            6.400ns  (MaxDelay Path 6.400ns)
  Data Path Delay:        0.638ns  (logic 0.259ns (40.617%)  route 0.379ns (59.383%))
  Logic Levels:           0  
  Timing Exception:       MaxDelay Path 6.400ns -datapath_only

    Location             Delay type                Incr(ns)  Path(ns)    Netlist Resource(s)
  -------------------------------------------------------------------    -------------------
    SLICE_X22Y84                                      0.000     0.000 r  u_bridge/wdata_hold_reg[15]/C
    SLICE_X22Y84         FDRE (Prop_fdre_C_Q)         0.259     0.259 r  u_bridge/wdata_hold_reg[15]/Q
                         net (fo=1, routed)           0.379     0.638    u_bridge/wdata_hold[15]
    SLICE_X19Y84         FDRE                                         r  u_bridge/s_wdata_reg[15]/D
  -------------------------------------------------------------------    -------------------

                         max delay                    6.400     6.400    
    SLICE_X19Y84         FDRE (Setup_fdre_C_D)       -0.019     6.381    u_bridge/s_wdata_reg[15]
  -------------------------------------------------------------------
                         required time                          6.381    
                         arrival time                          -0.638    
  -------------------------------------------------------------------
                         slack                                  5.743    

Slack (MET) :             5.744ns  (required time - arrival time)
  Source:                 u_bridge/addr_hold_reg[1]/C
                            (rising edge-triggered cell FDRE clocked by aclk  {rise@0.000ns fall@5.000ns period=10.000ns})
  Destination:            u_bridge/s_addr_reg[1]/D
                            (rising edge-triggered cell FDRE clocked by net_clk  {rise@0.000ns fall@3.200ns period=6.400ns})
  Path Group:             net_clk
  Path Type:              Setup (Max at Slow Process Corner)
  Requirement:            6.400ns  (MaxDelay Path 6.400ns)
  Data Path Delay:        0.634ns  (logic 0.223ns (35.177%)  route 0.411ns (64.823%))
  Logic Levels:           0  
  Timing Exception:       MaxDelay Path 6.400ns -datapath_only

    Location             Delay type                Incr(ns)  Path(ns)    Netlist Resource(s)
  -------------------------------------------------------------------    -------------------
    SLICE_X17Y74                                      0.000     0.000 r  u_bridge/addr_hold_reg[1]/C
    SLICE_X17Y74         FDRE (Prop_fdre_C_Q)         0.223     0.223 r  u_bridge/addr_hold_reg[1]/Q
                         net (fo=1, routed)           0.411     0.634    u_bridge/addr_hold[1]
    SLICE_X17Y75         FDRE                                         r  u_bridge/s_addr_reg[1]/D
  -------------------------------------------------------------------    -------------------

                         max delay                    6.400     6.400    
    SLICE_X17Y75         FDRE (Setup_fdre_C_D)       -0.022     6.378    u_bridge/s_addr_reg[1]
  -------------------------------------------------------------------
                         required time                          6.378    
                         arrival time                          -0.634    
  -------------------------------------------------------------------
                         slack                                  5.744    

Slack (MET) :             5.747ns  (required time - arrival time)
  Source:                 u_bridge/wdata_hold_reg[28]/C
                            (rising edge-triggered cell FDRE clocked by aclk  {rise@0.000ns fall@5.000ns period=10.000ns})
  Destination:            u_bridge/s_wdata_reg[28]/D
                            (rising edge-triggered cell FDRE clocked by net_clk  {rise@0.000ns fall@3.200ns period=6.400ns})
  Path Group:             net_clk
  Path Type:              Setup (Max at Slow Process Corner)
  Requirement:            6.400ns  (MaxDelay Path 6.400ns)
  Data Path Delay:        0.581ns  (logic 0.204ns (35.123%)  route 0.377ns (64.877%))
  Logic Levels:           0  
  Timing Exception:       MaxDelay Path 6.400ns -datapath_only

    Location             Delay type                Incr(ns)  Path(ns)    Netlist Resource(s)
  -------------------------------------------------------------------    -------------------
    SLICE_X23Y91                                      0.000     0.000 r  u_bridge/wdata_hold_reg[28]/C
    SLICE_X23Y91         FDRE (Prop_fdre_C_Q)         0.204     0.204 r  u_bridge/wdata_hold_reg[28]/Q
                         net (fo=1, routed)           0.377     0.581    u_bridge/wdata_hold[28]
    SLICE_X22Y91         FDRE                                         r  u_bridge/s_wdata_reg[28]/D
  -------------------------------------------------------------------    -------------------

                         max delay                    6.400     6.400    
    SLICE_X22Y91         FDRE (Setup_fdre_C_D)       -0.072     6.328    u_bridge/s_wdata_reg[28]
  -------------------------------------------------------------------
                         required time                          6.328    
                         arrival time                          -0.581    
  -------------------------------------------------------------------
                         slack                                  5.747    

Slack (MET) :             5.754ns  (required time - arrival time)
  Source:                 u_bridge/wdata_hold_reg[11]/C
                            (rising edge-triggered cell FDRE clocked by aclk  {rise@0.000ns fall@5.000ns period=10.000ns})
  Destination:            u_bridge/s_wdata_reg[11]/D
                            (rising edge-triggered cell FDRE clocked by net_clk  {rise@0.000ns fall@3.200ns period=6.400ns})
  Path Group:             net_clk
  Path Type:              Setup (Max at Slow Process Corner)
  Requirement:            6.400ns  (MaxDelay Path 6.400ns)
  Data Path Delay:        0.668ns  (logic 0.259ns (38.788%)  route 0.409ns (61.212%))
  Logic Levels:           0  
  Timing Exception:       MaxDelay Path 6.400ns -datapath_only

    Location             Delay type                Incr(ns)  Path(ns)    Netlist Resource(s)
  -------------------------------------------------------------------    -------------------
    SLICE_X22Y81                                      0.000     0.000 r  u_bridge/wdata_hold_reg[11]/C
    SLICE_X22Y81         FDRE (Prop_fdre_C_Q)         0.259     0.259 r  u_bridge/wdata_hold_reg[11]/Q
                         net (fo=1, routed)           0.409     0.668    u_bridge/wdata_hold[11]
    SLICE_X22Y82         FDRE                                         r  u_bridge/s_wdata_reg[11]/D
  -------------------------------------------------------------------    -------------------

                         max delay                    6.400     6.400    
    SLICE_X22Y82         FDRE (Setup_fdre_C_D)        0.022     6.422    u_bridge/s_wdata_reg[11]
  -------------------------------------------------------------------
                         required time                          6.422    
                         arrival time                          -0.668    
  -------------------------------------------------------------------
                         slack                                  5.754    

Slack (MET) :             5.755ns  (required time - arrival time)
  Source:                 u_bridge/wdata_hold_reg[31]/C
                            (rising edge-triggered cell FDRE clocked by aclk  {rise@0.000ns fall@5.000ns period=10.000ns})
  Destination:            u_bridge/s_wdata_reg[31]/D
                            (rising edge-triggered cell FDRE clocked by net_clk  {rise@0.000ns fall@3.200ns period=6.400ns})
  Path Group:             net_clk
  Path Type:              Setup (Max at Slow Process Corner)
  Requirement:            6.400ns  (MaxDelay Path 6.400ns)
  Data Path Delay:        0.576ns  (logic 0.204ns (35.390%)  route 0.372ns (64.610%))
  Logic Levels:           0  
  Timing Exception:       MaxDelay Path 6.400ns -datapath_only

    Location             Delay type                Incr(ns)  Path(ns)    Netlist Resource(s)
  -------------------------------------------------------------------    -------------------
    SLICE_X23Y91                                      0.000     0.000 r  u_bridge/wdata_hold_reg[31]/C
    SLICE_X23Y91         FDRE (Prop_fdre_C_Q)         0.204     0.204 r  u_bridge/wdata_hold_reg[31]/Q
                         net (fo=1, routed)           0.372     0.576    u_bridge/wdata_hold[31]
    SLICE_X22Y91         FDRE                                         r  u_bridge/s_wdata_reg[31]/D
  -------------------------------------------------------------------    -------------------

                         max delay                    6.400     6.400    
    SLICE_X22Y91         FDRE (Setup_fdre_C_D)       -0.069     6.331    u_bridge/s_wdata_reg[31]
  -------------------------------------------------------------------
                         required time                          6.331    
                         arrival time                          -0.576    
  -------------------------------------------------------------------
                         slack                                  5.755    

Slack (MET) :             5.759ns  (required time - arrival time)
  Source:                 u_bridge/wdata_hold_reg[27]/C
                            (rising edge-triggered cell FDRE clocked by aclk  {rise@0.000ns fall@5.000ns period=10.000ns})
  Destination:            u_bridge/s_wdata_reg[27]/D
                            (rising edge-triggered cell FDRE clocked by net_clk  {rise@0.000ns fall@3.200ns period=6.400ns})
  Path Group:             net_clk
  Path Type:              Setup (Max at Slow Process Corner)
  Requirement:            6.400ns  (MaxDelay Path 6.400ns)
  Data Path Delay:        0.610ns  (logic 0.223ns (36.530%)  route 0.387ns (63.470%))
  Logic Levels:           0  
  Timing Exception:       MaxDelay Path 6.400ns -datapath_only

    Location             Delay type                Incr(ns)  Path(ns)    Netlist Resource(s)
  -------------------------------------------------------------------    -------------------
    SLICE_X25Y91                                      0.000     0.000 r  u_bridge/wdata_hold_reg[27]/C
    SLICE_X25Y91         FDRE (Prop_fdre_C_Q)         0.223     0.223 r  u_bridge/wdata_hold_reg[27]/Q
                         net (fo=1, routed)           0.387     0.610    u_bridge/wdata_hold[27]
    SLICE_X25Y90         FDRE                                         r  u_bridge/s_wdata_reg[27]/D
  -------------------------------------------------------------------    -------------------

                         max delay                    6.400     6.400    
    SLICE_X25Y90         FDRE (Setup_fdre_C_D)       -0.031     6.369    u_bridge/s_wdata_reg[27]
  -------------------------------------------------------------------
                         required time                          6.369    
                         arrival time                          -0.610    
  -------------------------------------------------------------------
                         slack                                  5.759    

Slack (MET) :             5.768ns  (required time - arrival time)
  Source:                 u_bridge/wdata_hold_reg[8]/C
                            (rising edge-triggered cell FDRE clocked by aclk  {rise@0.000ns fall@5.000ns period=10.000ns})
  Destination:            u_bridge/s_wdata_reg[8]/D
                            (rising edge-triggered cell FDRE clocked by net_clk  {rise@0.000ns fall@3.200ns period=6.400ns})
  Path Group:             net_clk
  Path Type:              Setup (Max at Slow Process Corner)
  Requirement:            6.400ns  (MaxDelay Path 6.400ns)
  Data Path Delay:        0.643ns  (logic 0.223ns (34.693%)  route 0.420ns (65.307%))
  Logic Levels:           0  
  Timing Exception:       MaxDelay Path 6.400ns -datapath_only

    Location             Delay type                Incr(ns)  Path(ns)    Netlist Resource(s)
  -------------------------------------------------------------------    -------------------
    SLICE_X26Y76                                      0.000     0.000 r  u_bridge/wdata_hold_reg[8]/C
    SLICE_X26Y76         FDRE (Prop_fdre_C_Q)         0.223     0.223 r  u_bridge/wdata_hold_reg[8]/Q
                         net (fo=1, routed)           0.420     0.643    u_bridge/wdata_hold[8]
    SLICE_X22Y78         FDRE                                         r  u_bridge/s_wdata_reg[8]/D
  -------------------------------------------------------------------    -------------------

                         max delay                    6.400     6.400    
    SLICE_X22Y78         FDRE (Setup_fdre_C_D)        0.011     6.411    u_bridge/s_wdata_reg[8]
  -------------------------------------------------------------------
                         required time                          6.411    
                         arrival time                          -0.643    
  -------------------------------------------------------------------
                         slack                                  5.768    

Slack (MET) :             5.773ns  (required time - arrival time)
  Source:                 u_bridge/wdata_hold_reg[10]/C
                            (rising edge-triggered cell FDRE clocked by aclk  {rise@0.000ns fall@5.000ns period=10.000ns})
  Destination:            u_bridge/s_wdata_reg[10]/D
                            (rising edge-triggered cell FDRE clocked by net_clk  {rise@0.000ns fall@3.200ns period=6.400ns})
  Path Group:             net_clk
  Path Type:              Setup (Max at Slow Process Corner)
  Requirement:            6.400ns  (MaxDelay Path 6.400ns)
  Data Path Delay:        0.648ns  (logic 0.223ns (34.435%)  route 0.425ns (65.565%))
  Logic Levels:           0  
  Timing Exception:       MaxDelay Path 6.400ns -datapath_only

    Location             Delay type                Incr(ns)  Path(ns)    Netlist Resource(s)
  -------------------------------------------------------------------    -------------------
    SLICE_X26Y76                                      0.000     0.000 r  u_bridge/wdata_hold_reg[10]/C
    SLICE_X26Y76         FDRE (Prop_fdre_C_Q)         0.223     0.223 r  u_bridge/wdata_hold_reg[10]/Q
                         net (fo=1, routed)           0.425     0.648    u_bridge/wdata_hold[10]
    SLICE_X22Y78         FDRE                                         r  u_bridge/s_wdata_reg[10]/D
  -------------------------------------------------------------------    -------------------

                         max delay                    6.400     6.400    
    SLICE_X22Y78         FDRE (Setup_fdre_C_D)        0.021     6.421    u_bridge/s_wdata_reg[10]
  -------------------------------------------------------------------
                         required time                          6.421    
                         arrival time                          -0.648    
  -------------------------------------------------------------------
                         slack                                  5.773    





--------------------------------------------------------------------------------------
Path Group:  (none)
From Clock:  net_clk
  To Clock:  aclk

Max Delay             2 Endpoints
Min Delay           114 Endpoints
--------------------------------------------------------------------------------------


Max Delay Paths
--------------------------------------------------------------------------------------
Slack:                    inf
  Source:                 u_bridge/ack_tgl_reg/C
                            (rising edge-triggered cell FDRE clocked by net_clk  {rise@0.000ns fall@3.200ns period=6.400ns})
  Destination:            u_bridge/ack_sync_reg[0]/D
                            (rising edge-triggered cell FDRE clocked by aclk  {rise@0.000ns fall@5.000ns period=10.000ns})
  Path Group:             (none)
  Path Type:              Setup (Max at Slow Process Corner)
  Data Path Delay:        0.617ns  (logic 0.223ns (36.156%)  route 0.394ns (63.844%))
  Logic Levels:           0  
  Clock Path Skew:        -0.027ns (DCD - SCD + CPR)
    Destination Clock Delay (DCD):    0.510ns
    Source Clock Delay      (SCD):    0.537ns
    Clock Pessimism Removal (CPR):    0.000ns
  Clock Uncertainty:      0.035ns  ((TSJ^2 + TIJ^2)^1/2 + DJ) / 2 + PE
    Total System Jitter     (TSJ):    0.071ns
    Total Input Jitter      (TIJ):    0.000ns
    Discrete Jitter          (DJ):    0.000ns
    Phase Error              (PE):    0.000ns
  Timing Exception:       False Path

    Location             Delay type                Incr(ns)  Path(ns)    Netlist Resource(s)
  -------------------------------------------------------------------    -------------------
                         (clock net_clk rise edge)    0.000     0.000 r  
                                                      0.000     0.000 r  net_clk (IN)
                         net (fo=1291, unset)         0.537     0.537    u_bridge/net_clk
    SLICE_X15Y75         FDRE                                         r  u_bridge/ack_tgl_reg/C
  -------------------------------------------------------------------    -------------------
    SLICE_X15Y75         FDRE (Prop_fdre_C_Q)         0.223     0.760 r  u_bridge/ack_tgl_reg/Q
                         net (fo=2, routed)           0.394     1.154    u_bridge/ack_tgl
    SLICE_X19Y75         FDRE                                         r  u_bridge/ack_sync_reg[0]/D
  -------------------------------------------------------------------    -------------------

                         (clock aclk rise edge)       0.000     0.000 r  
                                                      0.000     0.000 r  aclk (IN)
                         net (fo=376, unset)          0.510     0.510    u_bridge/aclk
    SLICE_X19Y75         FDRE                                         r  u_bridge/ack_sync_reg[0]/C

Slack:                    inf
  Source:                 u_snap/ack_tgl_reg/C
                            (rising edge-triggered cell FDRE clocked by net_clk  {rise@0.000ns fall@3.200ns period=6.400ns})
  Destination:            u_snap/ack_sync_reg[0]/D
                            (rising edge-triggered cell FDRE clocked by aclk  {rise@0.000ns fall@5.000ns period=10.000ns})
  Path Group:             (none)
  Path Type:              Setup (Max at Slow Process Corner)
  Data Path Delay:        0.523ns  (logic 0.223ns (42.642%)  route 0.300ns (57.358%))
  Logic Levels:           0  
  Clock Path Skew:        -0.027ns (DCD - SCD + CPR)
    Destination Clock Delay (DCD):    0.510ns
    Source Clock Delay      (SCD):    0.537ns
    Clock Pessimism Removal (CPR):    0.000ns
  Clock Uncertainty:      0.035ns  ((TSJ^2 + TIJ^2)^1/2 + DJ) / 2 + PE
    Total System Jitter     (TSJ):    0.071ns
    Total Input Jitter      (TIJ):    0.000ns
    Discrete Jitter          (DJ):    0.000ns
    Phase Error              (PE):    0.000ns
  Timing Exception:       False Path

    Location             Delay type                Incr(ns)  Path(ns)    Netlist Resource(s)
  -------------------------------------------------------------------    -------------------
                         (clock net_clk rise edge)    0.000     0.000 r  
                                                      0.000     0.000 r  net_clk (IN)
                         net (fo=1291, unset)         0.537     0.537    u_snap/net_clk
    SLICE_X26Y75         FDRE                                         r  u_snap/ack_tgl_reg/C
  -------------------------------------------------------------------    -------------------
    SLICE_X26Y75         FDRE (Prop_fdre_C_Q)         0.223     0.760 r  u_snap/ack_tgl_reg/Q
                         net (fo=2, routed)           0.300     1.060    u_snap/ack_tgl_reg_n_0
    SLICE_X25Y75         FDRE                                         r  u_snap/ack_sync_reg[0]/D
  -------------------------------------------------------------------    -------------------

                         (clock aclk rise edge)       0.000     0.000 r  
                                                      0.000     0.000 r  aclk (IN)
                         net (fo=376, unset)          0.510     0.510    u_snap/aclk
    SLICE_X25Y75         FDRE                                         r  u_snap/ack_sync_reg[0]/C





Min Delay Paths
--------------------------------------------------------------------------------------
Slack:                    inf
  Source:                 u_snap/snap_reg[56]/C
                            (rising edge-triggered cell FDRE clocked by net_clk  {rise@0.000ns fall@3.200ns period=6.400ns})
  Destination:            u_snap/dst_sec_reg[24]/D
                            (rising edge-triggered cell FDRE clocked by aclk  {rise@0.000ns fall@5.000ns period=10.000ns})
  Path Group:             (none)
  Path Type:              Hold (Min at Fast Process Corner)
  Data Path Delay:        0.226ns  (logic 0.091ns (40.222%)  route 0.135ns (59.778%))
  Logic Levels:           0  
  Clock Path Skew:        0.014ns (DCD - SCD - CPR)
    Destination Clock Delay (DCD):    0.280ns
    Source Clock Delay      (SCD):    0.266ns
    Clock Pessimism Removal (CPR):    -0.000ns
  Clock Uncertainty:      0.035ns  ((TSJ^2 + TIJ^2)^1/2 + DJ) / 2 + PE
    Total System Jitter     (TSJ):    0.071ns
    Total Input Jitter      (TIJ):    0.000ns
    Discrete Jitter          (DJ):    0.000ns
    Phase Error              (PE):    0.000ns
  Timing Exception:       False Path

    Location             Delay type                Incr(ns)  Path(ns)    Netlist Resource(s)
  -------------------------------------------------------------------    -------------------
                         (clock net_clk rise edge)    0.000     0.000 r  
                                                      0.000     0.000 r  net_clk (IN)
                         net (fo=1291, unset)         0.266     0.266    u_snap/net_clk
    SLICE_X9Y90          FDRE                                         r  u_snap/snap_reg[56]/C
  -------------------------------------------------------------------    -------------------
    SLICE_X9Y90          FDRE (Prop_fdre_C_Q)         0.091     0.357 r  u_snap/snap_reg[56]/Q
                         net (fo=1, routed)           0.135     0.493    u_snap/p_1_in__0[24]
    SLICE_X9Y91          FDRE                                         r  u_snap/dst_sec_reg[24]/D
  -------------------------------------------------------------------    -------------------

                         (clock aclk rise edge)       0.000     0.000 r  
                                                      0.000     0.000 r  aclk (IN)
                         net (fo=376, unset)          0.280     0.280    u_snap/aclk
    SLICE_X9Y91          FDRE                                         r  u_snap/dst_sec_reg[24]/C

Slack:                    inf
  Source:                 u_snap/snap_reg[63]/C
                            (rising edge-triggered cell FDRE clocked by net_clk  {rise@0.000ns fall@3.200ns period=6.400ns})
  Destination:            u_snap/dst_sec_reg[31]/D
                            (rising edge-triggered cell FDRE clocked by aclk  {rise@0.000ns fall@5.000ns period=10.000ns})
  Path Group:             (none)
  Path Type:              Hold (Min at Fast Process Corner)
  Data Path Delay:        0.233ns  (logic 0.091ns (38.977%)  route 0.142ns (61.023%))
  Logic Levels:           0  
  Clock Path Skew:        0.014ns (DCD - SCD - CPR)
    Destination Clock Delay (DCD):    0.280ns
    Source Clock Delay      (SCD):    0.266ns
    Clock Pessimism Removal (CPR):    -0.000ns
  Clock Uncertainty:      0.035ns  ((TSJ^2 + TIJ^2)^1/2 + DJ) / 2 + PE
    Total System Jitter     (TSJ):    0.071ns
    Total Input Jitter      (TIJ):    0.000ns
    Discrete Jitter          (DJ):    0.000ns
    Phase Error              (PE):    0.000ns
  Timing Exception:       False Path

    Location             Delay type                Incr(ns)  Path(ns)    Netlist Resource(s)
  -------------------------------------------------------------------    -------------------
                         (clock net_clk rise edge)    0.000     0.000 r  
                                                      0.000     0.000 r  net_clk (IN)
                         net (fo=1291, unset)         0.266     0.266    u_snap/net_clk
    SLICE_X9Y90          FDRE                                         r  u_snap/snap_reg[63]/C
  -------------------------------------------------------------------    -------------------
    SLICE_X9Y90          FDRE (Prop_fdre_C_Q)         0.091     0.357 r  u_snap/snap_reg[63]/Q
                         net (fo=1, routed)           0.142     0.500    u_snap/p_1_in__0[31]
    SLICE_X10Y90         FDRE                                         r  u_snap/dst_sec_reg[31]/D
  -------------------------------------------------------------------    -------------------

                         (clock aclk rise edge)       0.000     0.000 r  
                                                      0.000     0.000 r  aclk (IN)
                         net (fo=376, unset)          0.280     0.280    u_snap/aclk
    SLICE_X10Y90         FDRE                                         r  u_snap/dst_sec_reg[31]/C

Slack:                    inf
  Source:                 u_snap/snap_reg[21]/C
                            (rising edge-triggered cell FDRE clocked by net_clk  {rise@0.000ns fall@3.200ns period=6.400ns})
  Destination:            u_snap/dst_ns_reg[21]/D
                            (rising edge-triggered cell FDRE clocked by aclk  {rise@0.000ns fall@5.000ns period=10.000ns})
  Path Group:             (none)
  Path Type:              Hold (Min at Fast Process Corner)
  Data Path Delay:        0.234ns  (logic 0.118ns (50.529%)  route 0.116ns (49.471%))
  Logic Levels:           0  
  Clock Path Skew:        0.014ns (DCD - SCD - CPR)
    Destination Clock Delay (DCD):    0.280ns
    Source Clock Delay      (SCD):    0.266ns
    Clock Pessimism Removal (CPR):    -0.000ns
  Clock Uncertainty:      0.035ns  ((TSJ^2 + TIJ^2)^1/2 + DJ) / 2 + PE
    Total System Jitter     (TSJ):    0.071ns
    Total Input Jitter      (TIJ):    0.000ns
    Discrete Jitter          (DJ):    0.000ns
    Phase Error              (PE):    0.000ns
  Timing Exception:       False Path

    Location             Delay type                Incr(ns)  Path(ns)    Netlist Resource(s)
  -------------------------------------------------------------------    -------------------
                         (clock net_clk rise edge)    0.000     0.000 r  
                                                      0.000     0.000 r  net_clk (IN)
                         net (fo=1291, unset)         0.266     0.266    u_snap/net_clk
    SLICE_X12Y91         FDRE                                         r  u_snap/snap_reg[21]/C
  -------------------------------------------------------------------    -------------------
    SLICE_X12Y91         FDRE (Prop_fdre_C_Q)         0.118     0.384 r  u_snap/snap_reg[21]/Q
                         net (fo=1, routed)           0.116     0.500    u_snap/snap_reg_n_0_[21]
    SLICE_X13Y91         FDRE                                         r  u_snap/dst_ns_reg[21]/D
  -------------------------------------------------------------------    -------------------

                         (clock aclk rise edge)       0.000     0.000 r  
                                                      0.000     0.000 r  aclk (IN)
                         net (fo=376, unset)          0.280     0.280    u_snap/aclk
    SLICE_X13Y91         FDRE                                         r  u_snap/dst_ns_reg[21]/C

Slack:                    inf
  Source:                 u_snap/snap_reg[50]/C
                            (rising edge-triggered cell FDRE clocked by net_clk  {rise@0.000ns fall@3.200ns period=6.400ns})
  Destination:            u_snap/dst_sec_reg[18]/D
                            (rising edge-triggered cell FDRE clocked by aclk  {rise@0.000ns fall@5.000ns period=10.000ns})
  Path Group:             (none)
  Path Type:              Hold (Min at Fast Process Corner)
  Data Path Delay:        0.234ns  (logic 0.091ns (38.951%)  route 0.143ns (61.049%))
  Logic Levels:           0  
  Clock Path Skew:        0.014ns (DCD - SCD - CPR)
    Destination Clock Delay (DCD):    0.280ns
    Source Clock Delay      (SCD):    0.266ns
    Clock Pessimism Removal (CPR):    -0.000ns
  Clock Uncertainty:      0.035ns  ((TSJ^2 + TIJ^2)^1/2 + DJ) / 2 + PE
    Total System Jitter     (TSJ):    0.071ns
    Total Input Jitter      (TIJ):    0.000ns
    Discrete Jitter          (DJ):    0.000ns
    Phase Error              (PE):    0.000ns
  Timing Exception:       False Path

    Location             Delay type                Incr(ns)  Path(ns)    Netlist Resource(s)
  -------------------------------------------------------------------    -------------------
                         (clock net_clk rise edge)    0.000     0.000 r  
                                                      0.000     0.000 r  net_clk (IN)
                         net (fo=1291, unset)         0.266     0.266    u_snap/net_clk
    SLICE_X27Y85         FDRE                                         r  u_snap/snap_reg[50]/C
  -------------------------------------------------------------------    -------------------
    SLICE_X27Y85         FDRE (Prop_fdre_C_Q)         0.091     0.357 r  u_snap/snap_reg[50]/Q
                         net (fo=1, routed)           0.143     0.500    u_snap/p_1_in__0[18]
    SLICE_X27Y84         FDRE                                         r  u_snap/dst_sec_reg[18]/D
  -------------------------------------------------------------------    -------------------

                         (clock aclk rise edge)       0.000     0.000 r  
                                                      0.000     0.000 r  aclk (IN)
                         net (fo=376, unset)          0.280     0.280    u_snap/aclk
    SLICE_X27Y84         FDRE                                         r  u_snap/dst_sec_reg[18]/C

Slack:                    inf
  Source:                 u_snap/snap_reg[47]/C
                            (rising edge-triggered cell FDRE clocked by net_clk  {rise@0.000ns fall@3.200ns period=6.400ns})
  Destination:            u_snap/dst_sec_reg[15]/D
                            (rising edge-triggered cell FDRE clocked by aclk  {rise@0.000ns fall@5.000ns period=10.000ns})
  Path Group:             (none)
  Path Type:              Hold (Min at Fast Process Corner)
  Data Path Delay:        0.238ns  (logic 0.100ns (42.019%)  route 0.138ns (57.981%))
  Logic Levels:           0  
  Clock Path Skew:        0.014ns (DCD - SCD - CPR)
    Destination Clock Delay (DCD):    0.280ns
    Source Clock Delay      (SCD):    0.266ns
    Clock Pessimism Removal (CPR):    -0.000ns
  Clock Uncertainty:      0.035ns  ((TSJ^2 + TIJ^2)^1/2 + DJ) / 2 + PE
    Total System Jitter     (TSJ):    0.071ns
    Total Input Jitter      (TIJ):    0.000ns
    Discrete Jitter          (DJ):    0.000ns
    Phase Error              (PE):    0.000ns
  Timing Exception:       False Path

    Location             Delay type                Incr(ns)  Path(ns)    Netlist Resource(s)
  -------------------------------------------------------------------    -------------------
                         (clock net_clk rise edge)    0.000     0.000 r  
                                                      0.000     0.000 r  net_clk (IN)
                         net (fo=1291, unset)         0.266     0.266    u_snap/net_clk
    SLICE_X15Y86         FDRE                                         r  u_snap/snap_reg[47]/C
  -------------------------------------------------------------------    -------------------
    SLICE_X15Y86         FDRE (Prop_fdre_C_Q)         0.100     0.366 r  u_snap/snap_reg[47]/Q
                         net (fo=1, routed)           0.138     0.504    u_snap/p_1_in__0[15]
    SLICE_X19Y85         FDRE                                         r  u_snap/dst_sec_reg[15]/D
  -------------------------------------------------------------------    -------------------

                         (clock aclk rise edge)       0.000     0.000 r  
                                                      0.000     0.000 r  aclk (IN)
                         net (fo=376, unset)          0.280     0.280    u_snap/aclk
    SLICE_X19Y85         FDRE                                         r  u_snap/dst_sec_reg[15]/C

Slack:                    inf
  Source:                 u_snap/snap_reg[33]/C
                            (rising edge-triggered cell FDRE clocked by net_clk  {rise@0.000ns fall@3.200ns period=6.400ns})
  Destination:            u_snap/dst_sec_reg[1]/D
                            (rising edge-triggered cell FDRE clocked by aclk  {rise@0.000ns fall@5.000ns period=10.000ns})
  Path Group:             (none)
  Path Type:              Hold (Min at Fast Process Corner)
  Data Path Delay:        0.239ns  (logic 0.100ns (41.817%)  route 0.139ns (58.183%))
  Logic Levels:           0  
  Clock Path Skew:        0.014ns (DCD - SCD - CPR)
    Destination Clock Delay (DCD):    0.280ns
    Source Clock Delay      (SCD):    0.266ns
    Clock Pessimism Removal (CPR):    -0.000ns
  Clock Uncertainty:      0.035ns  ((TSJ^2 + TIJ^2)^1/2 + DJ) / 2 + PE
    Total System Jitter     (TSJ):    0.071ns
    Total Input Jitter      (TIJ):    0.000ns
    Discrete Jitter          (DJ):    0.000ns
    Phase Error              (PE):    0.000ns
  Timing Exception:       False Path

    Location             Delay type                Incr(ns)  Path(ns)    Netlist Resource(s)
  -------------------------------------------------------------------    -------------------
                         (clock net_clk rise edge)    0.000     0.000 r  
                                                      0.000     0.000 r  net_clk (IN)
                         net (fo=1291, unset)         0.266     0.266    u_snap/net_clk
    SLICE_X24Y79         FDRE                                         r  u_snap/snap_reg[33]/C
  -------------------------------------------------------------------    -------------------
    SLICE_X24Y79         FDRE (Prop_fdre_C_Q)         0.100     0.366 r  u_snap/snap_reg[33]/Q
                         net (fo=1, routed)           0.139     0.505    u_snap/p_1_in__0[1]
    SLICE_X24Y77         FDRE                                         r  u_snap/dst_sec_reg[1]/D
  -------------------------------------------------------------------    -------------------

                         (clock aclk rise edge)       0.000     0.000 r  
                                                      0.000     0.000 r  aclk (IN)
                         net (fo=376, unset)          0.280     0.280    u_snap/aclk
    SLICE_X24Y77         FDRE                                         r  u_snap/dst_sec_reg[1]/C

Slack:                    inf
  Source:                 u_snap/snap_reg[9]/C
                            (rising edge-triggered cell FDRE clocked by net_clk  {rise@0.000ns fall@3.200ns period=6.400ns})
  Destination:            u_snap/dst_ns_reg[9]/D
                            (rising edge-triggered cell FDRE clocked by aclk  {rise@0.000ns fall@5.000ns period=10.000ns})
  Path Group:             (none)
  Path Type:              Hold (Min at Fast Process Corner)
  Data Path Delay:        0.241ns  (logic 0.100ns (41.542%)  route 0.141ns (58.458%))
  Logic Levels:           0  
  Clock Path Skew:        0.014ns (DCD - SCD - CPR)
    Destination Clock Delay (DCD):    0.280ns
    Source Clock Delay      (SCD):    0.266ns
    Clock Pessimism Removal (CPR):    -0.000ns
  Clock Uncertainty:      0.035ns  ((TSJ^2 + TIJ^2)^1/2 + DJ) / 2 + PE
    Total System Jitter     (TSJ):    0.071ns
    Total Input Jitter      (TIJ):    0.000ns
    Discrete Jitter          (DJ):    0.000ns
    Phase Error              (PE):    0.000ns
  Timing Exception:       False Path

    Location             Delay type                Incr(ns)  Path(ns)    Netlist Resource(s)
  -------------------------------------------------------------------    -------------------
                         (clock net_clk rise edge)    0.000     0.000 r  
                                                      0.000     0.000 r  net_clk (IN)
                         net (fo=1291, unset)         0.266     0.266    u_snap/net_clk
    SLICE_X24Y79         FDRE                                         r  u_snap/snap_reg[9]/C
  -------------------------------------------------------------------    -------------------
    SLICE_X24Y79         FDRE (Prop_fdre_C_Q)         0.100     0.366 r  u_snap/snap_reg[9]/Q
                         net (fo=1, routed)           0.141     0.507    u_snap/snap_reg_n_0_[9]
    SLICE_X26Y79         FDRE                                         r  u_snap/dst_ns_reg[9]/D
  -------------------------------------------------------------------    -------------------

                         (clock aclk rise edge)       0.000     0.000 r  
                                                      0.000     0.000 r  aclk (IN)
                         net (fo=376, unset)          0.280     0.280    u_snap/aclk
    SLICE_X26Y79         FDRE                                         r  u_snap/dst_ns_reg[9]/C

Slack:                    inf
  Source:                 u_bridge/rdata_hold_reg[1]/C
                            (rising edge-triggered cell FDRE clocked by net_clk  {rise@0.000ns fall@3.200ns period=6.400ns})
  Destination:            u_bridge/m_rdata_reg[1]/D
                            (rising edge-triggered cell FDRE clocked by aclk  {rise@0.000ns fall@5.000ns period=10.000ns})
  Path Group:             (none)
  Path Type:              Hold (Min at Fast Process Corner)
  Data Path Delay:        0.242ns  (logic 0.100ns (41.399%)  route 0.142ns (58.601%))
  Logic Levels:           0  
  Clock Path Skew:        0.014ns (DCD - SCD - CPR)
    Destination Clock Delay (DCD):    0.280ns
    Source Clock Delay      (SCD):    0.266ns
    Clock Pessimism Removal (CPR):    -0.000ns
  Clock Uncertainty:      0.035ns  ((TSJ^2 + TIJ^2)^1/2 + DJ) / 2 + PE
    Total System Jitter     (TSJ):    0.071ns
    Total Input Jitter      (TIJ):    0.000ns
    Discrete Jitter          (DJ):    0.000ns
    Phase Error              (PE):    0.000ns
  Timing Exception:       False Path

    Location             Delay type                Incr(ns)  Path(ns)    Netlist Resource(s)
  -------------------------------------------------------------------    -------------------
                         (clock net_clk rise edge)    0.000     0.000 r  
                                                      0.000     0.000 r  net_clk (IN)
                         net (fo=1291, unset)         0.266     0.266    u_bridge/net_clk
    SLICE_X13Y76         FDRE                                         r  u_bridge/rdata_hold_reg[1]/C
  -------------------------------------------------------------------    -------------------
    SLICE_X13Y76         FDRE (Prop_fdre_C_Q)         0.100     0.366 r  u_bridge/rdata_hold_reg[1]/Q
                         net (fo=1, routed)           0.142     0.508    u_bridge/rdata_hold[1]
    SLICE_X18Y76         FDRE                                         r  u_bridge/m_rdata_reg[1]/D
  -------------------------------------------------------------------    -------------------

                         (clock aclk rise edge)       0.000     0.000 r  
                                                      0.000     0.000 r  aclk (IN)
                         net (fo=376, unset)          0.280     0.280    u_bridge/aclk
    SLICE_X18Y76         FDRE                                         r  u_bridge/m_rdata_reg[1]/C

Slack:                    inf
  Source:                 u_snap/snap_reg[46]/C
                            (rising edge-triggered cell FDRE clocked by net_clk  {rise@0.000ns fall@3.200ns period=6.400ns})
  Destination:            u_snap/dst_sec_reg[14]/D
                            (rising edge-triggered cell FDRE clocked by aclk  {rise@0.000ns fall@5.000ns period=10.000ns})
  Path Group:             (none)
  Path Type:              Hold (Min at Fast Process Corner)
  Data Path Delay:        0.242ns  (logic 0.091ns (37.600%)  route 0.151ns (62.400%))
  Logic Levels:           0  
  Clock Path Skew:        0.014ns (DCD - SCD - CPR)
    Destination Clock Delay (DCD):    0.280ns
    Source Clock Delay      (SCD):    0.266ns
    Clock Pessimism Removal (CPR):    -0.000ns
  Clock Uncertainty:      0.035ns  ((TSJ^2 + TIJ^2)^1/2 + DJ) / 2 + PE
    Total System Jitter     (TSJ):    0.071ns
    Total Input Jitter      (TIJ):    0.000ns
    Discrete Jitter          (DJ):    0.000ns
    Phase Error              (PE):    0.000ns
  Timing Exception:       False Path

    Location             Delay type                Incr(ns)  Path(ns)    Netlist Resource(s)
  -------------------------------------------------------------------    -------------------
                         (clock net_clk rise edge)    0.000     0.000 r  
                                                      0.000     0.000 r  net_clk (IN)
                         net (fo=1291, unset)         0.266     0.266    u_snap/net_clk
    SLICE_X27Y85         FDRE                                         r  u_snap/snap_reg[46]/C
  -------------------------------------------------------------------    -------------------
    SLICE_X27Y85         FDRE (Prop_fdre_C_Q)         0.091     0.357 r  u_snap/snap_reg[46]/Q
                         net (fo=1, routed)           0.151     0.508    u_snap/p_1_in__0[14]
    SLICE_X28Y85         FDRE                                         r  u_snap/dst_sec_reg[14]/D
  -------------------------------------------------------------------    -------------------

                         (clock aclk rise edge)       0.000     0.000 r  
                                                      0.000     0.000 r  aclk (IN)
                         net (fo=376, unset)          0.280     0.280    u_snap/aclk
    SLICE_X28Y85         FDRE                                         r  u_snap/dst_sec_reg[14]/C

Slack:                    inf
  Source:                 u_snap/snap_reg[18]/C
                            (rising edge-triggered cell FDRE clocked by net_clk  {rise@0.000ns fall@3.200ns period=6.400ns})
  Destination:            u_snap/dst_ns_reg[18]/D
                            (rising edge-triggered cell FDRE clocked by aclk  {rise@0.000ns fall@5.000ns period=10.000ns})
  Path Group:             (none)
  Path Type:              Hold (Min at Fast Process Corner)
  Data Path Delay:        0.243ns  (logic 0.100ns (41.110%)  route 0.143ns (58.890%))
  Logic Levels:           0  
  Clock Path Skew:        0.014ns (DCD - SCD - CPR)
    Destination Clock Delay (DCD):    0.280ns
    Source Clock Delay      (SCD):    0.266ns
    Clock Pessimism Removal (CPR):    -0.000ns
  Clock Uncertainty:      0.035ns  ((TSJ^2 + TIJ^2)^1/2 + DJ) / 2 + PE
    Total System Jitter     (TSJ):    0.071ns
    Total Input Jitter      (TIJ):    0.000ns
    Discrete Jitter          (DJ):    0.000ns
    Phase Error              (PE):    0.000ns
  Timing Exception:       False Path

    Location             Delay type                Incr(ns)  Path(ns)    Netlist Resource(s)
  -------------------------------------------------------------------    -------------------
                         (clock net_clk rise edge)    0.000     0.000 r  
                                                      0.000     0.000 r  net_clk (IN)
                         net (fo=1291, unset)         0.266     0.266    u_snap/net_clk
    SLICE_X27Y85         FDRE                                         r  u_snap/snap_reg[18]/C
  -------------------------------------------------------------------    -------------------
    SLICE_X27Y85         FDRE (Prop_fdre_C_Q)         0.100     0.366 r  u_snap/snap_reg[18]/Q
                         net (fo=1, routed)           0.143     0.510    u_snap/snap_reg_n_0_[18]
    SLICE_X28Y85         FDRE                                         r  u_snap/dst_ns_reg[18]/D
  -------------------------------------------------------------------    -------------------

                         (clock aclk rise edge)       0.000     0.000 r  
                                                      0.000     0.000 r  aclk (IN)
                         net (fo=376, unset)          0.280     0.280    u_snap/aclk
    SLICE_X28Y85         FDRE                                         r  u_snap/dst_ns_reg[18]/C

Slack:                    inf
  Source:                 u_bridge/rdata_hold_reg[3]/C
                            (rising edge-triggered cell FDRE clocked by net_clk  {rise@0.000ns fall@3.200ns period=6.400ns})
  Destination:            u_bridge/m_rdata_reg[3]/D
                            (rising edge-triggered cell FDRE clocked by aclk  {rise@0.000ns fall@5.000ns period=10.000ns})
  Path Group:             (none)
  Path Type:              Hold (Min at Fast Process Corner)
  Data Path Delay:        0.244ns  (logic 0.100ns (41.065%)  route 0.144ns (58.935%))
  Logic Levels:           0  
  Clock Path Skew:        0.014ns (DCD - SCD - CPR)
    Destination Clock Delay (DCD):    0.280ns
    Source Clock Delay      (SCD):    0.266ns
    Clock Pessimism Removal (CPR):    -0.000ns
  Clock Uncertainty:      0.035ns  ((TSJ^2 + TIJ^2)^1/2 + DJ) / 2 + PE
    Total System Jitter     (TSJ):    0.071ns
    Total Input Jitter      (TIJ):    0.000ns
    Discrete Jitter          (DJ):    0.000ns
    Phase Error              (PE):    0.000ns
  Timing Exception:       False Path

    Location             Delay type                Incr(ns)  Path(ns)    Netlist Resource(s)
  -------------------------------------------------------------------    -------------------
                         (clock net_clk rise edge)    0.000     0.000 r  
                                                      0.000     0.000 r  net_clk (IN)
                         net (fo=1291, unset)         0.266     0.266    u_bridge/net_clk
    SLICE_X13Y77         FDRE                                         r  u_bridge/rdata_hold_reg[3]/C
  -------------------------------------------------------------------    -------------------
    SLICE_X13Y77         FDRE (Prop_fdre_C_Q)         0.100     0.366 r  u_bridge/rdata_hold_reg[3]/Q
                         net (fo=1, routed)           0.144     0.510    u_bridge/rdata_hold[3]
    SLICE_X17Y77         FDRE                                         r  u_bridge/m_rdata_reg[3]/D
  -------------------------------------------------------------------    -------------------

                         (clock aclk rise edge)       0.000     0.000 r  
                                                      0.000     0.000 r  aclk (IN)
                         net (fo=376, unset)          0.280     0.280    u_bridge/aclk
    SLICE_X17Y77         FDRE                                         r  u_bridge/m_rdata_reg[3]/C

Slack:                    inf
  Source:                 u_snap/snap_reg[68]/C
                            (rising edge-triggered cell FDRE clocked by net_clk  {rise@0.000ns fall@3.200ns period=6.400ns})
  Destination:            u_snap/dst_sec_reg[36]/D
                            (rising edge-triggered cell FDRE clocked by aclk  {rise@0.000ns fall@5.000ns period=10.000ns})
  Path Group:             (none)
  Path Type:              Hold (Min at Fast Process Corner)
  Data Path Delay:        0.246ns  (logic 0.100ns (40.648%)  route 0.146ns (59.352%))
  Logic Levels:           0  
  Clock Path Skew:        0.014ns (DCD - SCD - CPR)
    Destination Clock Delay (DCD):    0.280ns
    Source Clock Delay      (SCD):    0.266ns
    Clock Pessimism Removal (CPR):    -0.000ns
  Clock Uncertainty:      0.035ns  ((TSJ^2 + TIJ^2)^1/2 + DJ) / 2 + PE
    Total System Jitter     (TSJ):    0.071ns
    Total Input Jitter      (TIJ):    0.000ns
    Discrete Jitter          (DJ):    0.000ns
    Phase Error              (PE):    0.000ns
  Timing Exception:       False Path

    Location             Delay type                Incr(ns)  Path(ns)    Netlist Resource(s)
  -------------------------------------------------------------------    -------------------
                         (clock net_clk rise edge)    0.000     0.000 r  
                                                      0.000     0.000 r  net_clk (IN)
                         net (fo=1291, unset)         0.266     0.266    u_snap/net_clk
    SLICE_X21Y91         FDRE                                         r  u_snap/snap_reg[68]/C
  -------------------------------------------------------------------    -------------------
    SLICE_X21Y91         FDRE (Prop_fdre_C_Q)         0.100     0.366 r  u_snap/snap_reg[68]/Q
                         net (fo=1, routed)           0.146     0.512    u_snap/p_1_in__0[36]
    SLICE_X22Y89         FDRE                                         r  u_snap/dst_sec_reg[36]/D
  -------------------------------------------------------------------    -------------------

                         (clock aclk rise edge)       0.000     0.000 r  
                                                      0.000     0.000 r  aclk (IN)
                         net (fo=376, unset)          0.280     0.280    u_snap/aclk
    SLICE_X22Y89         FDRE                                         r  u_snap/dst_sec_reg[36]/C

Slack:                    inf
  Source:                 u_snap/snap_reg[22]/C
                            (rising edge-triggered cell FDRE clocked by net_clk  {rise@0.000ns fall@3.200ns period=6.400ns})
  Destination:            u_snap/dst_ns_reg[22]/D
                            (rising edge-triggered cell FDRE clocked by aclk  {rise@0.000ns fall@5.000ns period=10.000ns})
  Path Group:             (none)
  Path Type:              Hold (Min at Fast Process Corner)
  Data Path Delay:        0.248ns  (logic 0.100ns (40.371%)  route 0.148ns (59.629%))
  Logic Levels:           0  
  Clock Path Skew:        0.014ns (DCD - SCD - CPR)
    Destination Clock Delay (DCD):    0.280ns
    Source Clock Delay      (SCD):    0.266ns
    Clock Pessimism Removal (CPR):    -0.000ns
  Clock Uncertainty:      0.035ns  ((TSJ^2 + TIJ^2)^1/2 + DJ) / 2 + PE
    Total System Jitter     (TSJ):    0.071ns
    Total Input Jitter      (TIJ):    0.000ns
    Discrete Jitter          (DJ):    0.000ns
    Phase Error              (PE):    0.000ns
  Timing Exception:       False Path

    Location             Delay type                Incr(ns)  Path(ns)    Netlist Resource(s)
  -------------------------------------------------------------------    -------------------
                         (clock net_clk rise edge)    0.000     0.000 r  
                                                      0.000     0.000 r  net_clk (IN)
                         net (fo=1291, unset)         0.266     0.266    u_snap/net_clk
    SLICE_X27Y85         FDRE                                         r  u_snap/snap_reg[22]/C
  -------------------------------------------------------------------    -------------------
    SLICE_X27Y85         FDRE (Prop_fdre_C_Q)         0.100     0.366 r  u_snap/snap_reg[22]/Q
                         net (fo=1, routed)           0.148     0.514    u_snap/snap_reg_n_0_[22]
    SLICE_X28Y85         FDRE                                         r  u_snap/dst_ns_reg[22]/D
  -------------------------------------------------------------------    -------------------

                         (clock aclk rise edge)       0.000     0.000 r  
                                                      0.000     0.000 r  aclk (IN)
                         net (fo=376, unset)          0.280     0.280    u_snap/aclk
    SLICE_X28Y85         FDRE                                         r  u_snap/dst_ns_reg[22]/C

Slack:                    inf
  Source:                 u_snap/snap_reg[8]/C
                            (rising edge-triggered cell FDRE clocked by net_clk  {rise@0.000ns fall@3.200ns period=6.400ns})
  Destination:            u_snap/dst_ns_reg[8]/D
                            (rising edge-triggered cell FDRE clocked by aclk  {rise@0.000ns fall@5.000ns period=10.000ns})
  Path Group:             (none)
  Path Type:              Hold (Min at Fast Process Corner)
  Data Path Delay:        0.248ns  (logic 0.091ns (36.636%)  route 0.157ns (63.364%))
  Logic Levels:           0  
  Clock Path Skew:        0.014ns (DCD - SCD - CPR)
    Destination Clock Delay (DCD):    0.280ns
    Source Clock Delay      (SCD):    0.266ns
    Clock Pessimism Removal (CPR):    -0.000ns
  Clock Uncertainty:      0.035ns  ((TSJ^2 + TIJ^2)^1/2 + DJ) / 2 + PE
    Total System Jitter     (TSJ):    0.071ns
    Total Input Jitter      (TIJ):    0.000ns
    Discrete Jitter          (DJ):    0.000ns
    Phase Error              (PE):    0.000ns
  Timing Exception:       False Path

    Location             Delay type                Incr(ns)  Path(ns)    Netlist Resource(s)
  -------------------------------------------------------------------    -------------------
                         (clock net_clk rise edge)    0.000     0.000 r  
                                                      0.000     0.000 r  net_clk (IN)
                         net (fo=1291, unset)         0.266     0.266    u_snap/net_clk
    SLICE_X27Y85         FDRE                                         r  u_snap/snap_reg[8]/C
  -------------------------------------------------------------------    -------------------
    SLICE_X27Y85         FDRE (Prop_fdre_C_Q)         0.091     0.357 r  u_snap/snap_reg[8]/Q
                         net (fo=1, routed)           0.157     0.515    u_snap/snap_reg_n_0_[8]
    SLICE_X28Y85         FDRE                                         r  u_snap/dst_ns_reg[8]/D
  -------------------------------------------------------------------    -------------------

                         (clock aclk rise edge)       0.000     0.000 r  
                                                      0.000     0.000 r  aclk (IN)
                         net (fo=376, unset)          0.280     0.280    u_snap/aclk
    SLICE_X28Y85         FDRE                                         r  u_snap/dst_ns_reg[8]/C

Slack:                    inf
  Source:                 u_snap/snap_reg[53]/C
                            (rising edge-triggered cell FDRE clocked by net_clk  {rise@0.000ns fall@3.200ns period=6.400ns})
  Destination:            u_snap/dst_sec_reg[21]/D
                            (rising edge-triggered cell FDRE clocked by aclk  {rise@0.000ns fall@5.000ns period=10.000ns})
  Path Group:             (none)
  Path Type:              Hold (Min at Fast Process Corner)
  Data Path Delay:        0.249ns  (logic 0.100ns (40.124%)  route 0.149ns (59.876%))
  Logic Levels:           0  
  Clock Path Skew:        0.014ns (DCD - SCD - CPR)
    Destination Clock Delay (DCD):    0.280ns
    Source Clock Delay      (SCD):    0.266ns
    Clock Pessimism Removal (CPR):    -0.000ns
  Clock Uncertainty:      0.035ns  ((TSJ^2 + TIJ^2)^1/2 + DJ) / 2 + PE
    Total System Jitter     (TSJ):    0.071ns
    Total Input Jitter      (TIJ):    0.000ns
    Discrete Jitter          (DJ):    0.000ns
    Phase Error              (PE):    0.000ns
  Timing Exception:       False Path

    Location             Delay type                Incr(ns)  Path(ns)    Netlist Resource(s)
  -------------------------------------------------------------------    -------------------
                         (clock net_clk rise edge)    0.000     0.000 r  
                                                      0.000     0.000 r  net_clk (IN)
                         net (fo=1291, unset)         0.266     0.266    u_snap/net_clk
    SLICE_X9Y90          FDRE                                         r  u_snap/snap_reg[53]/C
  -------------------------------------------------------------------    -------------------
    SLICE_X9Y90          FDRE (Prop_fdre_C_Q)         0.100     0.366 r  u_snap/snap_reg[53]/Q
                         net (fo=1, routed)           0.149     0.516    u_snap/p_1_in__0[21]
    SLICE_X9Y91          FDRE                                         r  u_snap/dst_sec_reg[21]/D
  -------------------------------------------------------------------    -------------------

                         (clock aclk rise edge)       0.000     0.000 r  
                                                      0.000     0.000 r  aclk (IN)
                         net (fo=376, unset)          0.280     0.280    u_snap/aclk
    SLICE_X9Y91          FDRE                                         r  u_snap/dst_sec_reg[21]/C

Slack:                    inf
  Source:                 u_snap/snap_reg[6]/C
                            (rising edge-triggered cell FDRE clocked by net_clk  {rise@0.000ns fall@3.200ns period=6.400ns})
  Destination:            u_snap/dst_ns_reg[6]/D
                            (rising edge-triggered cell FDRE clocked by aclk  {rise@0.000ns fall@5.000ns period=10.000ns})
  Path Group:             (none)
  Path Type:              Hold (Min at Fast Process Corner)
  Data Path Delay:        0.250ns  (logic 0.100ns (39.930%)  route 0.150ns (60.070%))
  Logic Levels:           0  
  Clock Path Skew:        0.014ns (DCD - SCD - CPR)
    Destination Clock Delay (DCD):    0.280ns
    Source Clock Delay      (SCD):    0.266ns
    Clock Pessimism Removal (CPR):    -0.000ns
  Clock Uncertainty:      0.035ns  ((TSJ^2 + TIJ^2)^1/2 + DJ) / 2 + PE
    Total System Jitter     (TSJ):    0.071ns
    Total Input Jitter      (TIJ):    0.000ns
    Discrete Jitter          (DJ):    0.000ns
    Phase Error              (PE):    0.000ns
  Timing Exception:       False Path

    Location             Delay type                Incr(ns)  Path(ns)    Netlist Resource(s)
  -------------------------------------------------------------------    -------------------
                         (clock net_clk rise edge)    0.000     0.000 r  
                                                      0.000     0.000 r  net_clk (IN)
                         net (fo=1291, unset)         0.266     0.266    u_snap/net_clk
    SLICE_X26Y80         FDRE                                         r  u_snap/snap_reg[6]/C
  -------------------------------------------------------------------    -------------------
    SLICE_X26Y80         FDRE (Prop_fdre_C_Q)         0.100     0.366 r  u_snap/snap_reg[6]/Q
                         net (fo=1, routed)           0.150     0.517    u_snap/snap_reg_n_0_[6]
    SLICE_X26Y79         FDRE                                         r  u_snap/dst_ns_reg[6]/D
  -------------------------------------------------------------------    -------------------

                         (clock aclk rise edge)       0.000     0.000 r  
                                                      0.000     0.000 r  aclk (IN)
                         net (fo=376, unset)          0.280     0.280    u_snap/aclk
    SLICE_X26Y79         FDRE                                         r  u_snap/dst_ns_reg[6]/C

Slack:                    inf
  Source:                 u_snap/snap_reg[38]/C
                            (rising edge-triggered cell FDRE clocked by net_clk  {rise@0.000ns fall@3.200ns period=6.400ns})
  Destination:            u_snap/dst_sec_reg[6]/D
                            (rising edge-triggered cell FDRE clocked by aclk  {rise@0.000ns fall@5.000ns period=10.000ns})
  Path Group:             (none)
  Path Type:              Hold (Min at Fast Process Corner)
  Data Path Delay:        0.252ns  (logic 0.107ns (42.397%)  route 0.145ns (57.603%))
  Logic Levels:           0  
  Clock Path Skew:        0.014ns (DCD - SCD - CPR)
    Destination Clock Delay (DCD):    0.280ns
    Source Clock Delay      (SCD):    0.266ns
    Clock Pessimism Removal (CPR):    -0.000ns
  Clock Uncertainty:      0.035ns  ((TSJ^2 + TIJ^2)^1/2 + DJ) / 2 + PE
    Total System Jitter     (TSJ):    0.071ns
    Total Input Jitter      (TIJ):    0.000ns
    Discrete Jitter          (DJ):    0.000ns
    Phase Error              (PE):    0.000ns
  Timing Exception:       False Path

    Location             Delay type                Incr(ns)  Path(ns)    Netlist Resource(s)
  -------------------------------------------------------------------    -------------------
                         (clock net_clk rise edge)    0.000     0.000 r  
                                                      0.000     0.000 r  net_clk (IN)
                         net (fo=1291, unset)         0.266     0.266    u_snap/net_clk
    SLICE_X22Y79         FDRE                                         r  u_snap/snap_reg[38]/C
  -------------------------------------------------------------------    -------------------
    SLICE_X22Y79         FDRE (Prop_fdre_C_Q)         0.107     0.373 r  u_snap/snap_reg[38]/Q
                         net (fo=1, routed)           0.145     0.519    u_snap/p_1_in__0[6]
    SLICE_X21Y79         FDRE                                         r  u_snap/dst_sec_reg[6]/D
  -------------------------------------------------------------------    -------------------

                         (clock aclk rise edge)       0.000     0.000 r  
                                                      0.000     0.000 r  aclk (IN)
                         net (fo=376, unset)          0.280     0.280    u_snap/aclk
    SLICE_X21Y79         FDRE                                         r  u_snap/dst_sec_reg[6]/C

Slack:                    inf
  Source:                 u_snap/snap_reg[39]/C
                            (rising edge-triggered cell FDRE clocked by net_clk  {rise@0.000ns fall@3.200ns period=6.400ns})
  Destination:            u_snap/dst_sec_reg[7]/D
                            (rising edge-triggered cell FDRE clocked by aclk  {rise@0.000ns fall@5.000ns period=10.000ns})
  Path Group:             (none)
  Path Type:              Hold (Min at Fast Process Corner)
  Data Path Delay:        0.255ns  (logic 0.107ns (41.912%)  route 0.148ns (58.088%))
  Logic Levels:           0  
  Clock Path Skew:        0.014ns (DCD - SCD - CPR)
    Destination Clock Delay (DCD):    0.280ns
    Source Clock Delay      (SCD):    0.266ns
    Clock Pessimism Removal (CPR):    -0.000ns
  Clock Uncertainty:      0.035ns  ((TSJ^2 + TIJ^2)^1/2 + DJ) / 2 + PE
    Total System Jitter     (TSJ):    0.071ns
    Total Input Jitter      (TIJ):    0.000ns
    Discrete Jitter          (DJ):    0.000ns
    Phase Error              (PE):    0.000ns
  Timing Exception:       False Path

    Location             Delay type                Incr(ns)  Path(ns)    Netlist Resource(s)
  -------------------------------------------------------------------    -------------------
                         (clock net_clk rise edge)    0.000     0.000 r  
                                                      0.000     0.000 r  net_clk (IN)
                         net (fo=1291, unset)         0.266     0.266    u_snap/net_clk
    SLICE_X22Y79         FDRE                                         r  u_snap/snap_reg[39]/C
  -------------------------------------------------------------------    -------------------
    SLICE_X22Y79         FDRE (Prop_fdre_C_Q)         0.107     0.373 r  u_snap/snap_reg[39]/Q
                         net (fo=1, routed)           0.148     0.522    u_snap/p_1_in__0[7]
    SLICE_X21Y79         FDRE                                         r  u_snap/dst_sec_reg[7]/D
  -------------------------------------------------------------------    -------------------

                         (clock aclk rise edge)       0.000     0.000 r  
                                                      0.000     0.000 r  aclk (IN)
                         net (fo=376, unset)          0.280     0.280    u_snap/aclk
    SLICE_X21Y79         FDRE                                         r  u_snap/dst_sec_reg[7]/C

Slack:                    inf
  Source:                 u_snap/snap_reg[26]/C
                            (rising edge-triggered cell FDRE clocked by net_clk  {rise@0.000ns fall@3.200ns period=6.400ns})
  Destination:            u_snap/dst_ns_reg[26]/D
                            (rising edge-triggered cell FDRE clocked by aclk  {rise@0.000ns fall@5.000ns period=10.000ns})
  Path Group:             (none)
  Path Type:              Hold (Min at Fast Process Corner)
  Data Path Delay:        0.256ns  (logic 0.100ns (39.129%)  route 0.156ns (60.871%))
  Logic Levels:           0  
  Clock Path Skew:        0.014ns (DCD - SCD - CPR)
    Destination Clock Delay (DCD):    0.280ns
    Source Clock Delay      (SCD):    0.266ns
    Clock Pessimism Removal (CPR):    -0.000ns
  Clock Uncertainty:      0.035ns  ((TSJ^2 + TIJ^2)^1/2 + DJ) / 2 + PE
    Total System Jitter     (TSJ):    0.071ns
    Total Input Jitter      (TIJ):    0.000ns
    Discrete Jitter          (DJ):    0.000ns
    Phase Error              (PE):    0.000ns
  Timing Exception:       False Path

    Location             Delay type                Incr(ns)  Path(ns)    Netlist Resource(s)
  -------------------------------------------------------------------    -------------------
                         (clock net_clk rise edge)    0.000     0.000 r  
                                                      0.000     0.000 r  net_clk (IN)
                         net (fo=1291, unset)         0.266     0.266    u_snap/net_clk
    SLICE_X11Y91         FDRE                                         r  u_snap/snap_reg[26]/C
  -------------------------------------------------------------------    -------------------
    SLICE_X11Y91         FDRE (Prop_fdre_C_Q)         0.100     0.366 r  u_snap/snap_reg[26]/Q
                         net (fo=1, routed)           0.156     0.522    u_snap/snap_reg_n_0_[26]
    SLICE_X9Y91          FDRE                                         r  u_snap/dst_ns_reg[26]/D
  -------------------------------------------------------------------    -------------------

                         (clock aclk rise edge)       0.000     0.000 r  
                                                      0.000     0.000 r  aclk (IN)
                         net (fo=376, unset)          0.280     0.280    u_snap/aclk
    SLICE_X9Y91          FDRE                                         r  u_snap/dst_ns_reg[26]/C

Slack:                    inf
  Source:                 u_snap/snap_reg[20]/C
                            (rising edge-triggered cell FDRE clocked by net_clk  {rise@0.000ns fall@3.200ns period=6.400ns})
  Destination:            u_snap/dst_ns_reg[20]/D
                            (rising edge-triggered cell FDRE clocked by aclk  {rise@0.000ns fall@5.000ns period=10.000ns})
  Path Group:             (none)
  Path Type:              Hold (Min at Fast Process Corner)
  Data Path Delay:        0.256ns  (logic 0.100ns (38.995%)  route 0.156ns (61.005%))
  Logic Levels:           0  
  Clock Path Skew:        0.014ns (DCD - SCD - CPR)
    Destination Clock Delay (DCD):    0.280ns
    Source Clock Delay      (SCD):    0.266ns
    Clock Pessimism Removal (CPR):    -0.000ns
  Clock Uncertainty:      0.035ns  ((TSJ^2 + TIJ^2)^1/2 + DJ) / 2 + PE
    Total System Jitter     (TSJ):    0.071ns
    Total Input Jitter      (TIJ):    0.000ns
    Discrete Jitter          (DJ):    0.000ns
    Phase Error              (PE):    0.000ns
  Timing Exception:       False Path

    Location             Delay type                Incr(ns)  Path(ns)    Netlist Resource(s)
  -------------------------------------------------------------------    -------------------
                         (clock net_clk rise edge)    0.000     0.000 r  
                                                      0.000     0.000 r  net_clk (IN)
                         net (fo=1291, unset)         0.266     0.266    u_snap/net_clk
    SLICE_X27Y85         FDRE                                         r  u_snap/snap_reg[20]/C
  -------------------------------------------------------------------    -------------------
    SLICE_X27Y85         FDRE (Prop_fdre_C_Q)         0.100     0.366 r  u_snap/snap_reg[20]/Q
                         net (fo=1, routed)           0.156     0.523    u_snap/snap_reg_n_0_[20]
    SLICE_X28Y85         FDRE                                         r  u_snap/dst_ns_reg[20]/D
  -------------------------------------------------------------------    -------------------

                         (clock aclk rise edge)       0.000     0.000 r  
                                                      0.000     0.000 r  aclk (IN)
                         net (fo=376, unset)          0.280     0.280    u_snap/aclk
    SLICE_X28Y85         FDRE                                         r  u_snap/dst_ns_reg[20]/C





--------------------------------------------------------------------------------------
Path Group:  (none)
From Clock:  aclk
  To Clock:  net_clk

Max Delay             2 Endpoints
Min Delay            47 Endpoints
--------------------------------------------------------------------------------------


Max Delay Paths
--------------------------------------------------------------------------------------
Slack:                    inf
  Source:                 u_bridge/req_tgl_reg/C
                            (rising edge-triggered cell FDRE clocked by aclk  {rise@0.000ns fall@5.000ns period=10.000ns})
  Destination:            u_bridge/req_sync_reg[0]/D
                            (rising edge-triggered cell FDRE clocked by net_clk  {rise@0.000ns fall@3.200ns period=6.400ns})
  Path Group:             (none)
  Path Type:              Setup (Max at Slow Process Corner)
  Data Path Delay:        0.664ns  (logic 0.259ns (39.009%)  route 0.405ns (60.991%))
  Logic Levels:           0  
  Clock Path Skew:        -0.027ns (DCD - SCD + CPR)
    Destination Clock Delay (DCD):    0.510ns
    Source Clock Delay      (SCD):    0.537ns
    Clock Pessimism Removal (CPR):    0.000ns
  Clock Uncertainty:      0.035ns  ((TSJ^2 + TIJ^2)^1/2 + DJ) / 2 + PE
    Total System Jitter     (TSJ):    0.071ns
    Total Input Jitter      (TIJ):    0.000ns
    Discrete Jitter          (DJ):    0.000ns
    Phase Error              (PE):    0.000ns
  Timing Exception:       False Path

    Location             Delay type                Incr(ns)  Path(ns)    Netlist Resource(s)
  -------------------------------------------------------------------    -------------------
                         (clock aclk rise edge)       0.000     0.000 r  
                                                      0.000     0.000 r  aclk (IN)
                         net (fo=376, unset)          0.537     0.537    u_bridge/aclk
    SLICE_X20Y76         FDRE                                         r  u_bridge/req_tgl_reg/C
  -------------------------------------------------------------------    -------------------
    SLICE_X20Y76         FDRE (Prop_fdre_C_Q)         0.259     0.796 r  u_bridge/req_tgl_reg/Q
                         net (fo=5, routed)           0.405     1.201    u_bridge/req_tgl
    SLICE_X16Y75         FDRE                                         r  u_bridge/req_sync_reg[0]/D
  -------------------------------------------------------------------    -------------------

                         (clock net_clk rise edge)    0.000     0.000 r  
                                                      0.000     0.000 r  net_clk (IN)
                         net (fo=1291, unset)         0.510     0.510    u_bridge/net_clk
    SLICE_X16Y75         FDRE                                         r  u_bridge/req_sync_reg[0]/C

Slack:                    inf
  Source:                 u_snap/req_tgl_reg/C
                            (rising edge-triggered cell FDRE clocked by aclk  {rise@0.000ns fall@5.000ns period=10.000ns})
  Destination:            u_snap/req_sync_reg[0]/D
                            (rising edge-triggered cell FDRE clocked by net_clk  {rise@0.000ns fall@3.200ns period=6.400ns})
  Path Group:             (none)
  Path Type:              Setup (Max at Slow Process Corner)
  Data Path Delay:        0.518ns  (logic 0.223ns (43.017%)  route 0.295ns (56.983%))
  Logic Levels:           0  
  Clock Path Skew:        -0.027ns (DCD - SCD + CPR)
    Destination Clock Delay (DCD):    0.510ns
    Source Clock Delay      (SCD):    0.537ns
    Clock Pessimism Removal (CPR):    0.000ns
  Clock Uncertainty:      0.035ns  ((TSJ^2 + TIJ^2)^1/2 + DJ) / 2 + PE
    Total System Jitter     (TSJ):    0.071ns
    Total Input Jitter      (TIJ):    0.000ns
    Discrete Jitter          (DJ):    0.000ns
    Phase Error              (PE):    0.000ns
  Timing Exception:       False Path

    Location             Delay type                Incr(ns)  Path(ns)    Netlist Resource(s)
  -------------------------------------------------------------------    -------------------
                         (clock aclk rise edge)       0.000     0.000 r  
                                                      0.000     0.000 r  aclk (IN)
                         net (fo=376, unset)          0.537     0.537    u_snap/aclk
    SLICE_X25Y75         FDRE                                         r  u_snap/req_tgl_reg/C
  -------------------------------------------------------------------    -------------------
    SLICE_X25Y75         FDRE (Prop_fdre_C_Q)         0.223     0.760 r  u_snap/req_tgl_reg/Q
                         net (fo=5, routed)           0.295     1.055    u_snap/req_tgl_reg_n_0
    SLICE_X26Y77         FDRE                                         r  u_snap/req_sync_reg[0]/D
  -------------------------------------------------------------------    -------------------

                         (clock net_clk rise edge)    0.000     0.000 r  
                                                      0.000     0.000 r  net_clk (IN)
                         net (fo=1291, unset)         0.510     0.510    u_snap/net_clk
    SLICE_X26Y77         FDRE                                         r  u_snap/req_sync_reg[0]/C





Min Delay Paths
--------------------------------------------------------------------------------------
Slack:                    inf
  Source:                 u_bridge/addr_hold_reg[4]/C
                            (rising edge-triggered cell FDRE clocked by aclk  {rise@0.000ns fall@5.000ns period=10.000ns})
  Destination:            u_bridge/s_addr_reg[4]/D
                            (rising edge-triggered cell FDRE clocked by net_clk  {rise@0.000ns fall@3.200ns period=6.400ns})
  Path Group:             (none)
  Path Type:              Hold (Min at Fast Process Corner)
  Data Path Delay:        0.232ns  (logic 0.100ns (43.152%)  route 0.132ns (56.848%))
  Logic Levels:           0  
  Clock Path Skew:        0.014ns (DCD - SCD - CPR)
    Destination Clock Delay (DCD):    0.280ns
    Source Clock Delay      (SCD):    0.266ns
    Clock Pessimism Removal (CPR):    -0.000ns
  Clock Uncertainty:      0.035ns  ((TSJ^2 + TIJ^2)^1/2 + DJ) / 2 + PE
    Total System Jitter     (TSJ):    0.071ns
    Total Input Jitter      (TIJ):    0.000ns
    Discrete Jitter          (DJ):    0.000ns
    Phase Error              (PE):    0.000ns
  Timing Exception:       False Path

    Location             Delay type                Incr(ns)  Path(ns)    Netlist Resource(s)
  -------------------------------------------------------------------    -------------------
                         (clock aclk rise edge)       0.000     0.000 r  
                                                      0.000     0.000 r  aclk (IN)
                         net (fo=376, unset)          0.266     0.266    u_bridge/aclk
    SLICE_X17Y78         FDRE                                         r  u_bridge/addr_hold_reg[4]/C
  -------------------------------------------------------------------    -------------------
    SLICE_X17Y78         FDRE (Prop_fdre_C_Q)         0.100     0.366 r  u_bridge/addr_hold_reg[4]/Q
                         net (fo=1, routed)           0.132     0.498    u_bridge/addr_hold[4]
    SLICE_X19Y78         FDRE                                         r  u_bridge/s_addr_reg[4]/D
  -------------------------------------------------------------------    -------------------

                         (clock net_clk rise edge)    0.000     0.000 r  
                                                      0.000     0.000 r  net_clk (IN)
                         net (fo=1291, unset)         0.280     0.280    u_bridge/net_clk
    SLICE_X19Y78         FDRE                                         r  u_bridge/s_addr_reg[4]/C

Slack:                    inf
  Source:                 u_bridge/wdata_hold_reg[7]/C
                            (rising edge-triggered cell FDRE clocked by aclk  {rise@0.000ns fall@5.000ns period=10.000ns})
  Destination:            u_bridge/s_wdata_reg[7]/D
                            (rising edge-triggered cell FDRE clocked by net_clk  {rise@0.000ns fall@3.200ns period=6.400ns})
  Path Group:             (none)
  Path Type:              Hold (Min at Fast Process Corner)
  Data Path Delay:        0.232ns  (logic 0.091ns (39.140%)  route 0.141ns (60.860%))
  Logic Levels:           0  
  Clock Path Skew:        0.014ns (DCD - SCD - CPR)
    Destination Clock Delay (DCD):    0.280ns
    Source Clock Delay      (SCD):    0.266ns
    Clock Pessimism Removal (CPR):    -0.000ns
  Clock Uncertainty:      0.035ns  ((TSJ^2 + TIJ^2)^1/2 + DJ) / 2 + PE
    Total System Jitter     (TSJ):    0.071ns
    Total Input Jitter      (TIJ):    0.000ns
    Discrete Jitter          (DJ):    0.000ns
    Phase Error              (PE):    0.000ns
  Timing Exception:       False Path

    Location             Delay type                Incr(ns)  Path(ns)    Netlist Resource(s)
  -------------------------------------------------------------------    -------------------
                         (clock aclk rise edge)       0.000     0.000 r  
                                                      0.000     0.000 r  aclk (IN)
                         net (fo=376, unset)          0.266     0.266    u_bridge/aclk
    SLICE_X21Y78         FDRE                                         r  u_bridge/wdata_hold_reg[7]/C
  -------------------------------------------------------------------    -------------------
    SLICE_X21Y78         FDRE (Prop_fdre_C_Q)         0.091     0.357 r  u_bridge/wdata_hold_reg[7]/Q
                         net (fo=1, routed)           0.141     0.499    u_bridge/wdata_hold[7]
    SLICE_X22Y78         FDRE                                         r  u_bridge/s_wdata_reg[7]/D
  -------------------------------------------------------------------    -------------------

                         (clock net_clk rise edge)    0.000     0.000 r  
                                                      0.000     0.000 r  net_clk (IN)
                         net (fo=1291, unset)         0.280     0.280    u_bridge/net_clk
    SLICE_X22Y78         FDRE                                         r  u_bridge/s_wdata_reg[7]/C

Slack:                    inf
  Source:                 u_bridge/addr_hold_reg[3]/C
                            (rising edge-triggered cell FDRE clocked by aclk  {rise@0.000ns fall@5.000ns period=10.000ns})
  Destination:            u_bridge/s_addr_reg[3]/D
                            (rising edge-triggered cell FDRE clocked by net_clk  {rise@0.000ns fall@3.200ns period=6.400ns})
  Path Group:             (none)
  Path Type:              Hold (Min at Fast Process Corner)
  Data Path Delay:        0.234ns  (logic 0.100ns (42.660%)  route 0.134ns (57.340%))
  Logic Levels:           0  
  Clock Path Skew:        0.014ns (DCD - SCD - CPR)
    Destination Clock Delay (DCD):    0.280ns
    Source Clock Delay      (SCD):    0.266ns
    Clock Pessimism Removal (CPR):    -0.000ns
  Clock Uncertainty:      0.035ns  ((TSJ^2 + TIJ^2)^1/2 + DJ) / 2 + PE
    Total System Jitter     (TSJ):    0.071ns
    Total Input Jitter      (TIJ):    0.000ns
    Discrete Jitter          (DJ):    0.000ns
    Phase Error              (PE):    0.000ns
  Timing Exception:       False Path

    Location             Delay type                Incr(ns)  Path(ns)    Netlist Resource(s)
  -------------------------------------------------------------------    -------------------
                         (clock aclk rise edge)       0.000     0.000 r  
                                                      0.000     0.000 r  aclk (IN)
                         net (fo=376, unset)          0.266     0.266    u_bridge/aclk
    SLICE_X17Y78         FDRE                                         r  u_bridge/addr_hold_reg[3]/C
  -------------------------------------------------------------------    -------------------
    SLICE_X17Y78         FDRE (Prop_fdre_C_Q)         0.100     0.366 r  u_bridge/addr_hold_reg[3]/Q
                         net (fo=1, routed)           0.134     0.501    u_bridge/addr_hold[3]
    SLICE_X19Y78         FDRE                                         r  u_bridge/s_addr_reg[3]/D
  -------------------------------------------------------------------    -------------------

                         (clock net_clk rise edge)    0.000     0.000 r  
                                                      0.000     0.000 r  net_clk (IN)
                         net (fo=1291, unset)         0.280     0.280    u_bridge/net_clk
    SLICE_X19Y78         FDRE                                         r  u_bridge/s_addr_reg[3]/C

Slack:                    inf
  Source:                 u_bridge/wdata_hold_reg[5]/C
                            (rising edge-triggered cell FDRE clocked by aclk  {rise@0.000ns fall@5.000ns period=10.000ns})
  Destination:            u_bridge/s_wdata_reg[5]/D
                            (rising edge-triggered cell FDRE clocked by net_clk  {rise@0.000ns fall@3.200ns period=6.400ns})
  Path Group:             (none)
  Path Type:              Hold (Min at Fast Process Corner)
  Data Path Delay:        0.235ns  (logic 0.091ns (38.801%)  route 0.144ns (61.199%))
  Logic Levels:           0  
  Clock Path Skew:        0.014ns (DCD - SCD - CPR)
    Destination Clock Delay (DCD):    0.280ns
    Source Clock Delay      (SCD):    0.266ns
    Clock Pessimism Removal (CPR):    -0.000ns
  Clock Uncertainty:      0.035ns  ((TSJ^2 + TIJ^2)^1/2 + DJ) / 2 + PE
    Total System Jitter     (TSJ):    0.071ns
    Total Input Jitter      (TIJ):    0.000ns
    Discrete Jitter          (DJ):    0.000ns
    Phase Error              (PE):    0.000ns
  Timing Exception:       False Path

    Location             Delay type                Incr(ns)  Path(ns)    Netlist Resource(s)
  -------------------------------------------------------------------    -------------------
                         (clock aclk rise edge)       0.000     0.000 r  
                                                      0.000     0.000 r  aclk (IN)
                         net (fo=376, unset)          0.266     0.266    u_bridge/aclk
    SLICE_X21Y78         FDRE                                         r  u_bridge/wdata_hold_reg[5]/C
  -------------------------------------------------------------------    -------------------
    SLICE_X21Y78         FDRE (Prop_fdre_C_Q)         0.091     0.357 r  u_bridge/wdata_hold_reg[5]/Q
                         net (fo=1, routed)           0.144     0.501    u_bridge/wdata_hold[5]
    SLICE_X22Y78         FDRE                                         r  u_bridge/s_wdata_reg[5]/D
  -------------------------------------------------------------------    -------------------

                         (clock net_clk rise edge)    0.000     0.000 r  
                                                      0.000     0.000 r  net_clk (IN)
                         net (fo=1291, unset)         0.280     0.280    u_bridge/net_clk
    SLICE_X22Y78         FDRE                                         r  u_bridge/s_wdata_reg[5]/C

Slack:                    inf
  Source:                 u_bridge/wdata_hold_reg[9]/C
                            (rising edge-triggered cell FDRE clocked by aclk  {rise@0.000ns fall@5.000ns period=10.000ns})
  Destination:            u_bridge/s_wdata_reg[9]/D
                            (rising edge-triggered cell FDRE clocked by net_clk  {rise@0.000ns fall@3.200ns period=6.400ns})
  Path Group:             (none)
  Path Type:              Hold (Min at Fast Process Corner)
  Data Path Delay:        0.235ns  (logic 0.091ns (38.661%)  route 0.144ns (61.339%))
  Logic Levels:           0  
  Clock Path Skew:        0.014ns (DCD - SCD - CPR)
    Destination Clock Delay (DCD):    0.280ns
    Source Clock Delay      (SCD):    0.266ns
    Clock Pessimism Removal (CPR):    -0.000ns
  Clock Uncertainty:      0.035ns  ((TSJ^2 + TIJ^2)^1/2 + DJ) / 2 + PE
    Total System Jitter     (TSJ):    0.071ns
    Total Input Jitter      (TIJ):    0.000ns
    Discrete Jitter          (DJ):    0.000ns
    Phase Error              (PE):    0.000ns
  Timing Exception:       False Path

    Location             Delay type                Incr(ns)  Path(ns)    Netlist Resource(s)
  -------------------------------------------------------------------    -------------------
                         (clock aclk rise edge)       0.000     0.000 r  
                                                      0.000     0.000 r  aclk (IN)
                         net (fo=376, unset)          0.266     0.266    u_bridge/aclk
    SLICE_X21Y78         FDRE                                         r  u_bridge/wdata_hold_reg[9]/C
  -------------------------------------------------------------------    -------------------
    SLICE_X21Y78         FDRE (Prop_fdre_C_Q)         0.091     0.357 r  u_bridge/wdata_hold_reg[9]/Q
                         net (fo=1, routed)           0.144     0.502    u_bridge/wdata_hold[9]
    SLICE_X22Y78         FDRE                                         r  u_bridge/s_wdata_reg[9]/D
  -------------------------------------------------------------------    -------------------

                         (clock net_clk rise edge)    0.000     0.000 r  
                                                      0.000     0.000 r  net_clk (IN)
                         net (fo=1291, unset)         0.280     0.280    u_bridge/net_clk
    SLICE_X22Y78         FDRE                                         r  u_bridge/s_wdata_reg[9]/C

Slack:                    inf
  Source:                 u_bridge/addr_hold_reg[5]/C
                            (rising edge-triggered cell FDRE clocked by aclk  {rise@0.000ns fall@5.000ns period=10.000ns})
  Destination:            u_bridge/s_addr_reg[5]/D
                            (rising edge-triggered cell FDRE clocked by net_clk  {rise@0.000ns fall@3.200ns period=6.400ns})
  Path Group:             (none)
  Path Type:              Hold (Min at Fast Process Corner)
  Data Path Delay:        0.236ns  (logic 0.091ns (38.501%)  route 0.145ns (61.499%))
  Logic Levels:           0  
  Clock Path Skew:        0.014ns (DCD - SCD - CPR)
    Destination Clock Delay (DCD):    0.280ns
    Source Clock Delay      (SCD):    0.266ns
    Clock Pessimism Removal (CPR):    -0.000ns
  Clock Uncertainty:      0.035ns  ((TSJ^2 + TIJ^2)^1/2 + DJ) / 2 + PE
    Total System Jitter     (TSJ):    0.071ns
    Total Input Jitter      (TIJ):    0.000ns
    Discrete Jitter          (DJ):    0.000ns
    Phase Error              (PE):    0.000ns
  Timing Exception:       False Path

    Location             Delay type                Incr(ns)  Path(ns)    Netlist Resource(s)
  -------------------------------------------------------------------    -------------------
                         (clock aclk rise edge)       0.000     0.000 r  
                                                      0.000     0.000 r  aclk (IN)
                         net (fo=376, unset)          0.266     0.266    u_bridge/aclk
    SLICE_X17Y78         FDRE                                         r  u_bridge/addr_hold_reg[5]/C
  -------------------------------------------------------------------    -------------------
    SLICE_X17Y78         FDRE (Prop_fdre_C_Q)         0.091     0.357 r  u_bridge/addr_hold_reg[5]/Q
                         net (fo=1, routed)           0.145     0.503    u_bridge/addr_hold[5]
    SLICE_X14Y80         FDRE                                         r  u_bridge/s_addr_reg[5]/D
  -------------------------------------------------------------------    -------------------

                         (clock net_clk rise edge)    0.000     0.000 r  
                                                      0.000     0.000 r  net_clk (IN)
                         net (fo=1291, unset)         0.280     0.280    u_bridge/net_clk
    SLICE_X14Y80         FDRE                                         r  u_bridge/s_addr_reg[5]/C

Slack:                    inf
  Source:                 u_bridge/wdata_hold_reg[1]/C
                            (rising edge-triggered cell FDRE clocked by aclk  {rise@0.000ns fall@5.000ns period=10.000ns})
  Destination:            u_bridge/s_wdata_reg[1]/D
                            (rising edge-triggered cell FDRE clocked by net_clk  {rise@0.000ns fall@3.200ns period=6.400ns})
  Path Group:             (none)
  Path Type:              Hold (Min at Fast Process Corner)
  Data Path Delay:        0.245ns  (logic 0.100ns (40.873%)  route 0.145ns (59.127%))
  Logic Levels:           0  
  Clock Path Skew:        0.014ns (DCD - SCD - CPR)
    Destination Clock Delay (DCD):    0.280ns
    Source Clock Delay      (SCD):    0.266ns
    Clock Pessimism Removal (CPR):    -0.000ns
  Clock Uncertainty:      0.035ns  ((TSJ^2 + TIJ^2)^1/2 + DJ) / 2 + PE
    Total System Jitter     (TSJ):    0.071ns
    Total Input Jitter      (TIJ):    0.000ns
    Discrete Jitter          (DJ):    0.000ns
    Phase Error              (PE):    0.000ns
  Timing Exception:       False Path

    Location             Delay type                Incr(ns)  Path(ns)    Netlist Resource(s)
  -------------------------------------------------------------------    -------------------
                         (clock aclk rise edge)       0.000     0.000 r  
                                                      0.000     0.000 r  aclk (IN)
                         net (fo=376, unset)          0.266     0.266    u_bridge/aclk
    SLICE_X21Y78         FDRE                                         r  u_bridge/wdata_hold_reg[1]/C
  -------------------------------------------------------------------    -------------------
    SLICE_X21Y78         FDRE (Prop_fdre_C_Q)         0.100     0.366 r  u_bridge/wdata_hold_reg[1]/Q
                         net (fo=1, routed)           0.145     0.511    u_bridge/wdata_hold[1]
    SLICE_X19Y78         FDRE                                         r  u_bridge/s_wdata_reg[1]/D
  -------------------------------------------------------------------    -------------------

                         (clock net_clk rise edge)    0.000     0.000 r  
                                                      0.000     0.000 r  net_clk (IN)
                         net (fo=1291, unset)         0.280     0.280    u_bridge/net_clk
    SLICE_X19Y78         FDRE                                         r  u_bridge/s_wdata_reg[1]/C

Slack:                    inf
  Source:                 u_bridge/wdata_hold_reg[0]/C
                            (rising edge-triggered cell FDRE clocked by aclk  {rise@0.000ns fall@5.000ns period=10.000ns})
  Destination:            u_bridge/s_wdata_reg[0]/D
                            (rising edge-triggered cell FDRE clocked by net_clk  {rise@0.000ns fall@3.200ns period=6.400ns})
  Path Group:             (none)
  Path Type:              Hold (Min at Fast Process Corner)
  Data Path Delay:        0.248ns  (logic 0.100ns (40.390%)  route 0.148ns (59.610%))
  Logic Levels:           0  
  Clock Path Skew:        0.014ns (DCD - SCD - CPR)
    Destination Clock Delay (DCD):    0.280ns
    Source Clock Delay      (SCD):    0.266ns
    Clock Pessimism Removal (CPR):    -0.000ns
  Clock Uncertainty:      0.035ns  ((TSJ^2 + TIJ^2)^1/2 + DJ) / 2 + PE
    Total System Jitter     (TSJ):    0.071ns
    Total Input Jitter      (TIJ):    0.000ns
    Discrete Jitter          (DJ):    0.000ns
    Phase Error              (PE):    0.000ns
  Timing Exception:       False Path

    Location             Delay type                Incr(ns)  Path(ns)    Netlist Resource(s)
  -------------------------------------------------------------------    -------------------
                         (clock aclk rise edge)       0.000     0.000 r  
                                                      0.000     0.000 r  aclk (IN)
                         net (fo=376, unset)          0.266     0.266    u_bridge/aclk
    SLICE_X21Y78         FDRE                                         r  u_bridge/wdata_hold_reg[0]/C
  -------------------------------------------------------------------    -------------------
    SLICE_X21Y78         FDRE (Prop_fdre_C_Q)         0.100     0.366 r  u_bridge/wdata_hold_reg[0]/Q
                         net (fo=1, routed)           0.148     0.514    u_bridge/wdata_hold[0]
    SLICE_X19Y78         FDRE                                         r  u_bridge/s_wdata_reg[0]/D
  -------------------------------------------------------------------    -------------------

                         (clock net_clk rise edge)    0.000     0.000 r  
                                                      0.000     0.000 r  net_clk (IN)
                         net (fo=1291, unset)         0.280     0.280    u_bridge/net_clk
    SLICE_X19Y78         FDRE                                         r  u_bridge/s_wdata_reg[0]/C

Slack:                    inf
  Source:                 u_bridge/wdata_hold_reg[23]/C
                            (rising edge-triggered cell FDRE clocked by aclk  {rise@0.000ns fall@5.000ns period=10.000ns})
  Destination:            u_bridge/s_wdata_reg[23]/D
                            (rising edge-triggered cell FDRE clocked by net_clk  {rise@0.000ns fall@3.200ns period=6.400ns})
  Path Group:             (none)
  Path Type:              Hold (Min at Fast Process Corner)
  Data Path Delay:        0.248ns  (logic 0.100ns (40.334%)  route 0.148ns (59.666%))
  Logic Levels:           0  
  Clock Path Skew:        0.014ns (DCD - SCD - CPR)
    Destination Clock Delay (DCD):    0.280ns
    Source Clock Delay      (SCD):    0.266ns
    Clock Pessimism Removal (CPR):    -0.000ns
  Clock Uncertainty:      0.035ns  ((TSJ^2 + TIJ^2)^1/2 + DJ) / 2 + PE
    Total System Jitter     (TSJ):    0.071ns
    Total Input Jitter      (TIJ):    0.000ns
    Discrete Jitter          (DJ):    0.000ns
    Phase Error              (PE):    0.000ns
  Timing Exception:       False Path

    Location             Delay type                Incr(ns)  Path(ns)    Netlist Resource(s)
  -------------------------------------------------------------------    -------------------
                         (clock aclk rise edge)       0.000     0.000 r  
                                                      0.000     0.000 r  aclk (IN)
                         net (fo=376, unset)          0.266     0.266    u_bridge/aclk
    SLICE_X23Y91         FDRE                                         r  u_bridge/wdata_hold_reg[23]/C
  -------------------------------------------------------------------    -------------------
    SLICE_X23Y91         FDRE (Prop_fdre_C_Q)         0.100     0.366 r  u_bridge/wdata_hold_reg[23]/Q
                         net (fo=1, routed)           0.148     0.514    u_bridge/wdata_hold[23]
    SLICE_X22Y91         FDRE                                         r  u_bridge/s_wdata_reg[23]/D
  -------------------------------------------------------------------    -------------------

                         (clock net_clk rise edge)    0.000     0.000 r  
                                                      0.000     0.000 r  net_clk (IN)
                         net (fo=1291, unset)         0.280     0.280    u_bridge/net_clk
    SLICE_X22Y91         FDRE                                         r  u_bridge/s_wdata_reg[23]/C

Slack:                    inf
  Source:                 u_bridge/wdata_hold_reg[4]/C
                            (rising edge-triggered cell FDRE clocked by aclk  {rise@0.000ns fall@5.000ns period=10.000ns})
  Destination:            u_bridge/s_wdata_reg[4]/D
                            (rising edge-triggered cell FDRE clocked by net_clk  {rise@0.000ns fall@3.200ns period=6.400ns})
  Path Group:             (none)
  Path Type:              Hold (Min at Fast Process Corner)
  Data Path Delay:        0.253ns  (logic 0.091ns (35.916%)  route 0.162ns (64.084%))
  Logic Levels:           0  
  Clock Path Skew:        0.014ns (DCD - SCD - CPR)
    Destination Clock Delay (DCD):    0.280ns
    Source Clock Delay      (SCD):    0.266ns
    Clock Pessimism Removal (CPR):    -0.000ns
  Clock Uncertainty:      0.035ns  ((TSJ^2 + TIJ^2)^1/2 + DJ) / 2 + PE
    Total System Jitter     (TSJ):    0.071ns
    Total Input Jitter      (TIJ):    0.000ns
    Discrete Jitter          (DJ):    0.000ns
    Phase Error              (PE):    0.000ns
  Timing Exception:       False Path

    Location             Delay type                Incr(ns)  Path(ns)    Netlist Resource(s)
  -------------------------------------------------------------------    -------------------
                         (clock aclk rise edge)       0.000     0.000 r  
                                                      0.000     0.000 r  aclk (IN)
                         net (fo=376, unset)          0.266     0.266    u_bridge/aclk
    SLICE_X21Y78         FDRE                                         r  u_bridge/wdata_hold_reg[4]/C
  -------------------------------------------------------------------    -------------------
    SLICE_X21Y78         FDRE (Prop_fdre_C_Q)         0.091     0.357 r  u_bridge/wdata_hold_reg[4]/Q
                         net (fo=1, routed)           0.162     0.520    u_bridge/wdata_hold[4]
    SLICE_X19Y78         FDRE                                         r  u_bridge/s_wdata_reg[4]/D
  -------------------------------------------------------------------    -------------------

                         (clock net_clk rise edge)    0.000     0.000 r  
                                                      0.000     0.000 r  net_clk (IN)
                         net (fo=1291, unset)         0.280     0.280    u_bridge/net_clk
    SLICE_X19Y78         FDRE                                         r  u_bridge/s_wdata_reg[4]/C

Slack:                    inf
  Source:                 u_bridge/we_hold_reg/C
                            (rising edge-triggered cell FDRE clocked by aclk  {rise@0.000ns fall@5.000ns period=10.000ns})
  Destination:            u_bridge/s_we_reg/D
                            (rising edge-triggered cell FDRE clocked by net_clk  {rise@0.000ns fall@3.200ns period=6.400ns})
  Path Group:             (none)
  Path Type:              Hold (Min at Fast Process Corner)
  Data Path Delay:        0.254ns  (logic 0.107ns (42.185%)  route 0.147ns (57.815%))
  Logic Levels:           0  
  Clock Path Skew:        0.014ns (DCD - SCD - CPR)
    Destination Clock Delay (DCD):    0.280ns
    Source Clock Delay      (SCD):    0.266ns
    Clock Pessimism Removal (CPR):    -0.000ns
  Clock Uncertainty:      0.035ns  ((TSJ^2 + TIJ^2)^1/2 + DJ) / 2 + PE
    Total System Jitter     (TSJ):    0.071ns
    Total Input Jitter      (TIJ):    0.000ns
    Discrete Jitter          (DJ):    0.000ns
    Phase Error              (PE):    0.000ns
  Timing Exception:       False Path

    Location             Delay type                Incr(ns)  Path(ns)    Netlist Resource(s)
  -------------------------------------------------------------------    -------------------
                         (clock aclk rise edge)       0.000     0.000 r  
                                                      0.000     0.000 r  aclk (IN)
                         net (fo=376, unset)          0.266     0.266    u_bridge/aclk
    SLICE_X14Y74         FDRE                                         r  u_bridge/we_hold_reg/C
  -------------------------------------------------------------------    -------------------
    SLICE_X14Y74         FDRE (Prop_fdre_C_Q)         0.107     0.373 r  u_bridge/we_hold_reg/Q
                         net (fo=1, routed)           0.147     0.520    u_bridge/we_hold
    SLICE_X14Y75         FDRE                                         r  u_bridge/s_we_reg/D
  -------------------------------------------------------------------    -------------------

                         (clock net_clk rise edge)    0.000     0.000 r  
                                                      0.000     0.000 r  net_clk (IN)
                         net (fo=1291, unset)         0.280     0.280    u_bridge/net_clk
    SLICE_X14Y75         FDRE                                         r  u_bridge/s_we_reg/C

Slack:                    inf
  Source:                 u_snap/req_tgl_reg/C
                            (rising edge-triggered cell FDRE clocked by aclk  {rise@0.000ns fall@5.000ns period=10.000ns})
  Destination:            u_snap/req_sync_reg[0]/D
                            (rising edge-triggered cell FDRE clocked by net_clk  {rise@0.000ns fall@3.200ns period=6.400ns})
  Path Group:             (none)
  Path Type:              Hold (Min at Fast Process Corner)
  Data Path Delay:        0.256ns  (logic 0.100ns (39.001%)  route 0.156ns (60.999%))
  Logic Levels:           0  
  Clock Path Skew:        0.014ns (DCD - SCD - CPR)
    Destination Clock Delay (DCD):    0.280ns
    Source Clock Delay      (SCD):    0.266ns
    Clock Pessimism Removal (CPR):    -0.000ns
  Clock Uncertainty:      0.035ns  ((TSJ^2 + TIJ^2)^1/2 + DJ) / 2 + PE
    Total System Jitter     (TSJ):    0.071ns
    Total Input Jitter      (TIJ):    0.000ns
    Discrete Jitter          (DJ):    0.000ns
    Phase Error              (PE):    0.000ns
  Timing Exception:       False Path

    Location             Delay type                Incr(ns)  Path(ns)    Netlist Resource(s)
  -------------------------------------------------------------------    -------------------
                         (clock aclk rise edge)       0.000     0.000 r  
                                                      0.000     0.000 r  aclk (IN)
                         net (fo=376, unset)          0.266     0.266    u_snap/aclk
    SLICE_X25Y75         FDRE                                         r  u_snap/req_tgl_reg/C
  -------------------------------------------------------------------    -------------------
    SLICE_X25Y75         FDRE (Prop_fdre_C_Q)         0.100     0.366 r  u_snap/req_tgl_reg/Q
                         net (fo=5, routed)           0.156     0.523    u_snap/req_tgl_reg_n_0
    SLICE_X26Y77         FDRE                                         r  u_snap/req_sync_reg[0]/D
  -------------------------------------------------------------------    -------------------

                         (clock net_clk rise edge)    0.000     0.000 r  
                                                      0.000     0.000 r  net_clk (IN)
                         net (fo=1291, unset)         0.280     0.280    u_snap/net_clk
    SLICE_X26Y77         FDRE                                         r  u_snap/req_sync_reg[0]/C

Slack:                    inf
  Source:                 u_bridge/addr_hold_reg[2]/C
                            (rising edge-triggered cell FDRE clocked by aclk  {rise@0.000ns fall@5.000ns period=10.000ns})
  Destination:            u_bridge/s_addr_reg[2]/D
                            (rising edge-triggered cell FDRE clocked by net_clk  {rise@0.000ns fall@3.200ns period=6.400ns})
  Path Group:             (none)
  Path Type:              Hold (Min at Fast Process Corner)
  Data Path Delay:        0.261ns  (logic 0.100ns (38.367%)  route 0.161ns (61.633%))
  Logic Levels:           0  
  Clock Path Skew:        0.014ns (DCD - SCD - CPR)
    Destination Clock Delay (DCD):    0.280ns
    Source Clock Delay      (SCD):    0.266ns
    Clock Pessimism Removal (CPR):    -0.000ns
  Clock Uncertainty:      0.035ns  ((TSJ^2 + TIJ^2)^1/2 + DJ) / 2 + PE
    Total System Jitter     (TSJ):    0.071ns
    Total Input Jitter      (TIJ):    0.000ns
    Discrete Jitter          (DJ):    0.000ns
    Phase Error              (PE):    0.000ns
  Timing Exception:       False Path

    Location             Delay type                Incr(ns)  Path(ns)    Netlist Resource(s)
  -------------------------------------------------------------------    -------------------
                         (clock aclk rise edge)       0.000     0.000 r  
                                                      0.000     0.000 r  aclk (IN)
                         net (fo=376, unset)          0.266     0.266    u_bridge/aclk
    SLICE_X17Y78         FDRE                                         r  u_bridge/addr_hold_reg[2]/C
  -------------------------------------------------------------------    -------------------
    SLICE_X17Y78         FDRE (Prop_fdre_C_Q)         0.100     0.366 r  u_bridge/addr_hold_reg[2]/Q
                         net (fo=1, routed)           0.161     0.527    u_bridge/addr_hold[2]
    SLICE_X19Y78         FDRE                                         r  u_bridge/s_addr_reg[2]/D
  -------------------------------------------------------------------    -------------------

                         (clock net_clk rise edge)    0.000     0.000 r  
                                                      0.000     0.000 r  net_clk (IN)
                         net (fo=1291, unset)         0.280     0.280    u_bridge/net_clk
    SLICE_X19Y78         FDRE                                         r  u_bridge/s_addr_reg[2]/C

Slack:                    inf
  Source:                 u_bridge/wdata_hold_reg[13]/C
                            (rising edge-triggered cell FDRE clocked by aclk  {rise@0.000ns fall@5.000ns period=10.000ns})
  Destination:            u_bridge/s_wdata_reg[13]/D
                            (rising edge-triggered cell FDRE clocked by net_clk  {rise@0.000ns fall@3.200ns period=6.400ns})
  Path Group:             (none)
  Path Type:              Hold (Min at Fast Process Corner)
  Data Path Delay:        0.274ns  (logic 0.118ns (43.108%)  route 0.156ns (56.892%))
  Logic Levels:           0  
  Clock Path Skew:        0.014ns (DCD - SCD - CPR)
    Destination Clock Delay (DCD):    0.280ns
    Source Clock Delay      (SCD):    0.266ns
    Clock Pessimism Removal (CPR):    -0.000ns
  Clock Uncertainty:      0.035ns  ((TSJ^2 + TIJ^2)^1/2 + DJ) / 2 + PE
    Total System Jitter     (TSJ):    0.071ns
    Total Input Jitter      (TIJ):    0.000ns
    Discrete Jitter          (DJ):    0.000ns
    Phase Error              (PE):    0.000ns
  Timing Exception:       False Path

    Location             Delay type                Incr(ns)  Path(ns)    Netlist Resource(s)
  -------------------------------------------------------------------    -------------------
                         (clock aclk rise edge)       0.000     0.000 r  
                                                      0.000     0.000 r  aclk (IN)
                         net (fo=376, unset)          0.266     0.266    u_bridge/aclk
    SLICE_X22Y84         FDRE                                         r  u_bridge/wdata_hold_reg[13]/C
  -------------------------------------------------------------------    -------------------
    SLICE_X22Y84         FDRE (Prop_fdre_C_Q)         0.118     0.384 r  u_bridge/wdata_hold_reg[13]/Q
                         net (fo=1, routed)           0.156     0.540    u_bridge/wdata_hold[13]
    SLICE_X19Y84         FDRE                                         r  u_bridge/s_wdata_reg[13]/D
  -------------------------------------------------------------------    -------------------

                         (clock net_clk rise edge)    0.000     0.000 r  
                                                      0.000     0.000 r  net_clk (IN)
                         net (fo=1291, unset)         0.280     0.280    u_bridge/net_clk
    SLICE_X19Y84         FDRE                                         r  u_bridge/s_wdata_reg[13]/C

Slack:                    inf
  Source:                 u_bridge/addr_hold_reg[0]/C
                            (rising edge-triggered cell FDRE clocked by aclk  {rise@0.000ns fall@5.000ns period=10.000ns})
  Destination:            u_bridge/s_addr_reg[0]/D
                            (rising edge-triggered cell FDRE clocked by net_clk  {rise@0.000ns fall@3.200ns period=6.400ns})
  Path Group:             (none)
  Path Type:              Hold (Min at Fast Process Corner)
  Data Path Delay:        0.276ns  (logic 0.100ns (36.241%)  route 0.176ns (63.759%))
  Logic Levels:           0  
  Clock Path Skew:        0.014ns (DCD - SCD - CPR)
    Destination Clock Delay (DCD):    0.280ns
    Source Clock Delay      (SCD):    0.266ns
    Clock Pessimism Removal (CPR):    -0.000ns
  Clock Uncertainty:      0.035ns  ((TSJ^2 + TIJ^2)^1/2 + DJ) / 2 + PE
    Total System Jitter     (TSJ):    0.071ns
    Total Input Jitter      (TIJ):    0.000ns
    Discrete Jitter          (DJ):    0.000ns
    Phase Error              (PE):    0.000ns
  Timing Exception:       False Path

    Location             Delay type                Incr(ns)  Path(ns)    Netlist Resource(s)
  -------------------------------------------------------------------    -------------------
                         (clock aclk rise edge)       0.000     0.000 r  
                                                      0.000     0.000 r  aclk (IN)
                         net (fo=376, unset)          0.266     0.266    u_bridge/aclk
    SLICE_X15Y83         FDRE                                         r  u_bridge/addr_hold_reg[0]/C
  -------------------------------------------------------------------    -------------------
    SLICE_X15Y83         FDRE (Prop_fdre_C_Q)         0.100     0.366 r  u_bridge/addr_hold_reg[0]/Q
                         net (fo=1, routed)           0.176     0.542    u_bridge/addr_hold[0]
    SLICE_X14Y83         FDRE                                         r  u_bridge/s_addr_reg[0]/D
  -------------------------------------------------------------------    -------------------

                         (clock net_clk rise edge)    0.000     0.000 r  
                                                      0.000     0.000 r  net_clk (IN)
                         net (fo=1291, unset)         0.280     0.280    u_bridge/net_clk
    SLICE_X14Y83         FDRE                                         r  u_bridge/s_addr_reg[0]/C

Slack:                    inf
  Source:                 u_bridge/wdata_hold_reg[31]/C
                            (rising edge-triggered cell FDRE clocked by aclk  {rise@0.000ns fall@5.000ns period=10.000ns})
  Destination:            u_bridge/s_wdata_reg[31]/D
                            (rising edge-triggered cell FDRE clocked by net_clk  {rise@0.000ns fall@3.200ns period=6.400ns})
  Path Group:             (none)
  Path Type:              Hold (Min at Fast Process Corner)
  Data Path Delay:        0.276ns  (logic 0.091ns (32.919%)  route 0.185ns (67.081%))
  Logic Levels:           0  
  Clock Path Skew:        0.014ns (DCD - SCD - CPR)
    Destination Clock Delay (DCD):    0.280ns
    Source Clock Delay      (SCD):    0.266ns
    Clock Pessimism Removal (CPR):    -0.000ns
  Clock Uncertainty:      0.035ns  ((TSJ^2 + TIJ^2)^1/2 + DJ) / 2 + PE
    Total System Jitter     (TSJ):    0.071ns
    Total Input Jitter      (TIJ):    0.000ns
    Discrete Jitter          (DJ):    0.000ns
    Phase Error              (PE):    0.000ns
  Timing Exception:       False Path

    Location             Delay type                Incr(ns)  Path(ns)    Netlist Resource(s)
  -------------------------------------------------------------------    -------------------
                         (clock aclk rise edge)       0.000     0.000 r  
                                                      0.000     0.000 r  aclk (IN)
                         net (fo=376, unset)          0.266     0.266    u_bridge/aclk
    SLICE_X23Y91         FDRE                                         r  u_bridge/wdata_hold_reg[31]/C
  -------------------------------------------------------------------    -------------------
    SLICE_X23Y91         FDRE (Prop_fdre_C_Q)         0.091     0.357 r  u_bridge/wdata_hold_reg[31]/Q
                         net (fo=1, routed)           0.185     0.543    u_bridge/wdata_hold[31]
    SLICE_X22Y91         FDRE                                         r  u_bridge/s_wdata_reg[31]/D
  -------------------------------------------------------------------    -------------------

                         (clock net_clk rise edge)    0.000     0.000 r  
                                                      0.000     0.000 r  net_clk (IN)
                         net (fo=1291, unset)         0.280     0.280    u_bridge/net_clk
    SLICE_X22Y91         FDRE                                         r  u_bridge/s_wdata_reg[31]/C

Slack:                    inf
  Source:                 u_bridge/wdata_hold_reg[16]/C
                            (rising edge-triggered cell FDRE clocked by aclk  {rise@0.000ns fall@5.000ns period=10.000ns})
  Destination:            u_bridge/s_wdata_reg[16]/D
                            (rising edge-triggered cell FDRE clocked by net_clk  {rise@0.000ns fall@3.200ns period=6.400ns})
  Path Group:             (none)
  Path Type:              Hold (Min at Fast Process Corner)
  Data Path Delay:        0.280ns  (logic 0.100ns (35.721%)  route 0.180ns (64.279%))
  Logic Levels:           0  
  Clock Path Skew:        0.014ns (DCD - SCD - CPR)
    Destination Clock Delay (DCD):    0.280ns
    Source Clock Delay      (SCD):    0.266ns
    Clock Pessimism Removal (CPR):    -0.000ns
  Clock Uncertainty:      0.035ns  ((TSJ^2 + TIJ^2)^1/2 + DJ) / 2 + PE
    Total System Jitter     (TSJ):    0.071ns
    Total Input Jitter      (TIJ):    0.000ns
    Discrete Jitter          (DJ):    0.000ns
    Phase Error              (PE):    0.000ns
  Timing Exception:       False Path

    Location             Delay type                Incr(ns)  Path(ns)    Netlist Resource(s)
  -------------------------------------------------------------------    -------------------
                         (clock aclk rise edge)       0.000     0.000 r  
                                                      0.000     0.000 r  aclk (IN)
                         net (fo=376, unset)          0.266     0.266    u_bridge/aclk
    SLICE_X26Y81         FDRE                                         r  u_bridge/wdata_hold_reg[16]/C
  -------------------------------------------------------------------    -------------------
    SLICE_X26Y81         FDRE (Prop_fdre_C_Q)         0.100     0.366 r  u_bridge/wdata_hold_reg[16]/Q
                         net (fo=1, routed)           0.180     0.546    u_bridge/wdata_hold[16]
    SLICE_X25Y84         FDRE                                         r  u_bridge/s_wdata_reg[16]/D
  -------------------------------------------------------------------    -------------------

                         (clock net_clk rise edge)    0.000     0.000 r  
                                                      0.000     0.000 r  net_clk (IN)
                         net (fo=1291, unset)         0.280     0.280    u_bridge/net_clk
    SLICE_X25Y84         FDRE                                         r  u_bridge/s_wdata_reg[16]/C

Slack:                    inf
  Source:                 u_bridge/addr_hold_reg[7]/C
                            (rising edge-triggered cell FDRE clocked by aclk  {rise@0.000ns fall@5.000ns period=10.000ns})
  Destination:            u_bridge/s_addr_reg[7]/D
                            (rising edge-triggered cell FDRE clocked by net_clk  {rise@0.000ns fall@3.200ns period=6.400ns})
  Path Group:             (none)
  Path Type:              Hold (Min at Fast Process Corner)
  Data Path Delay:        0.281ns  (logic 0.118ns (42.053%)  route 0.163ns (57.947%))
  Logic Levels:           0  
  Clock Path Skew:        0.014ns (DCD - SCD - CPR)
    Destination Clock Delay (DCD):    0.280ns
    Source Clock Delay      (SCD):    0.266ns
    Clock Pessimism Removal (CPR):    -0.000ns
  Clock Uncertainty:      0.035ns  ((TSJ^2 + TIJ^2)^1/2 + DJ) / 2 + PE
    Total System Jitter     (TSJ):    0.071ns
    Total Input Jitter      (TIJ):    0.000ns
    Discrete Jitter          (DJ):    0.000ns
    Phase Error              (PE):    0.000ns
  Timing Exception:       False Path

    Location             Delay type                Incr(ns)  Path(ns)    Netlist Resource(s)
  -------------------------------------------------------------------    -------------------
                         (clock aclk rise edge)       0.000     0.000 r  
                                                      0.000     0.000 r  aclk (IN)
                         net (fo=376, unset)          0.266     0.266    u_bridge/aclk
    SLICE_X14Y74         FDRE                                         r  u_bridge/addr_hold_reg[7]/C
  -------------------------------------------------------------------    -------------------
    SLICE_X14Y74         FDRE (Prop_fdre_C_Q)         0.118     0.384 r  u_bridge/addr_hold_reg[7]/Q
                         net (fo=1, routed)           0.163     0.547    u_bridge/addr_hold[7]
    SLICE_X14Y75         FDRE                                         r  u_bridge/s_addr_reg[7]/D
  -------------------------------------------------------------------    -------------------

                         (clock net_clk rise edge)    0.000     0.000 r  
                                                      0.000     0.000 r  net_clk (IN)
                         net (fo=1291, unset)         0.280     0.280    u_bridge/net_clk
    SLICE_X14Y75         FDRE                                         r  u_bridge/s_addr_reg[7]/C

Slack:                    inf
  Source:                 u_bridge/wdata_hold_reg[28]/C
                            (rising edge-triggered cell FDRE clocked by aclk  {rise@0.000ns fall@5.000ns period=10.000ns})
  Destination:            u_bridge/s_wdata_reg[28]/D
                            (rising edge-triggered cell FDRE clocked by net_clk  {rise@0.000ns fall@3.200ns period=6.400ns})
  Path Group:             (none)
  Path Type:              Hold (Min at Fast Process Corner)
  Data Path Delay:        0.284ns  (logic 0.091ns (32.062%)  route 0.193ns (67.938%))
  Logic Levels:           0  
  Clock Path Skew:        0.014ns (DCD - SCD - CPR)
    Destination Clock Delay (DCD):    0.280ns
    Source Clock Delay      (SCD):    0.266ns
    Clock Pessimism Removal (CPR):    -0.000ns
  Clock Uncertainty:      0.035ns  ((TSJ^2 + TIJ^2)^1/2 + DJ) / 2 + PE
    Total System Jitter     (TSJ):    0.071ns
    Total Input Jitter      (TIJ):    0.000ns
    Discrete Jitter          (DJ):    0.000ns
    Phase Error              (PE):    0.000ns
  Timing Exception:       False Path

    Location             Delay type                Incr(ns)  Path(ns)    Netlist Resource(s)
  -------------------------------------------------------------------    -------------------
                         (clock aclk rise edge)       0.000     0.000 r  
                                                      0.000     0.000 r  aclk (IN)
                         net (fo=376, unset)          0.266     0.266    u_bridge/aclk
    SLICE_X23Y91         FDRE                                         r  u_bridge/wdata_hold_reg[28]/C
  -------------------------------------------------------------------    -------------------
    SLICE_X23Y91         FDRE (Prop_fdre_C_Q)         0.091     0.357 r  u_bridge/wdata_hold_reg[28]/Q
                         net (fo=1, routed)           0.193     0.550    u_bridge/wdata_hold[28]
    SLICE_X22Y91         FDRE                                         r  u_bridge/s_wdata_reg[28]/D
  -------------------------------------------------------------------    -------------------

                         (clock net_clk rise edge)    0.000     0.000 r  
                                                      0.000     0.000 r  net_clk (IN)
                         net (fo=1291, unset)         0.280     0.280    u_bridge/net_clk
    SLICE_X22Y91         FDRE                                         r  u_bridge/s_wdata_reg[28]/C

Slack:                    inf
  Source:                 u_bridge/addr_hold_reg[8]/C
                            (rising edge-triggered cell FDRE clocked by aclk  {rise@0.000ns fall@5.000ns period=10.000ns})
  Destination:            u_bridge/s_addr_reg[8]/D
                            (rising edge-triggered cell FDRE clocked by net_clk  {rise@0.000ns fall@3.200ns period=6.400ns})
  Path Group:             (none)
  Path Type:              Hold (Min at Fast Process Corner)
  Data Path Delay:        0.285ns  (logic 0.118ns (41.391%)  route 0.167ns (58.609%))
  Logic Levels:           0  
  Clock Path Skew:        0.014ns (DCD - SCD - CPR)
    Destination Clock Delay (DCD):    0.280ns
    Source Clock Delay      (SCD):    0.266ns
    Clock Pessimism Removal (CPR):    -0.000ns
  Clock Uncertainty:      0.035ns  ((TSJ^2 + TIJ^2)^1/2 + DJ) / 2 + PE
    Total System Jitter     (TSJ):    0.071ns
    Total Input Jitter      (TIJ):    0.000ns
    Discrete Jitter          (DJ):    0.000ns
    Phase Error              (PE):    0.000ns
  Timing Exception:       False Path

    Location             Delay type                Incr(ns)  Path(ns)    Netlist Resource(s)
  -------------------------------------------------------------------    -------------------
                         (clock aclk rise edge)       0.000     0.000 r  
                                                      0.000     0.000 r  aclk (IN)
                         net (fo=376, unset)          0.266     0.266    u_bridge/aclk
    SLICE_X14Y74         FDRE                                         r  u_bridge/addr_hold_reg[8]/C
  -------------------------------------------------------------------    -------------------
    SLICE_X14Y74         FDRE (Prop_fdre_C_Q)         0.118     0.384 r  u_bridge/addr_hold_reg[8]/Q
                         net (fo=1, routed)           0.167     0.551    u_bridge/addr_hold[8]
    SLICE_X14Y75         FDRE                                         r  u_bridge/s_addr_reg[8]/D
  -------------------------------------------------------------------    -------------------

                         (clock net_clk rise edge)    0.000     0.000 r  
                                                      0.000     0.000 r  net_clk (IN)
                         net (fo=1291, unset)         0.280     0.280    u_bridge/net_clk
    SLICE_X14Y75         FDRE                                         r  u_bridge/s_addr_reg[8]/C





--------------------------------------------------------------------------------------
Path Group:  (none)
From Clock:  aclk
  To Clock:  

Max Delay            37 Endpoints
Min Delay            37 Endpoints
--------------------------------------------------------------------------------------


Max Delay Paths
--------------------------------------------------------------------------------------
Slack:                    inf
  Source:                 u_axi/s_axi_bvalid_reg/C
                            (rising edge-triggered cell FDRE clocked by aclk  {rise@0.000ns fall@5.000ns period=10.000ns})
  Destination:            s_axi_bvalid
                            (output port)
  Path Group:             (none)
  Path Type:              Max at Slow Process Corner
  Data Path Delay:        0.796ns  (logic 0.259ns (32.538%)  route 0.537ns (67.462%))
  Logic Levels:           0  
  Clock Uncertainty:      0.025ns  ((TSJ^2 + TIJ^2)^1/2 + DJ) / 2 + PE
    Total System Jitter     (TSJ):    0.050ns
    Total Input Jitter      (TIJ):    0.000ns
    Discrete Jitter          (DJ):    0.000ns
    Phase Error              (PE):    0.000ns

    Location             Delay type                Incr(ns)  Path(ns)    Netlist Resource(s)
  -------------------------------------------------------------------    -------------------
                         (clock aclk rise edge)       0.000     0.000 r  
                                                      0.000     0.000 r  aclk (IN)
                         net (fo=376, unset)          0.537     0.537    u_axi/aclk
    SLICE_X20Y74         FDRE                                         r  u_axi/s_axi_bvalid_reg/C
  -------------------------------------------------------------------    -------------------
    SLICE_X20Y74         FDRE (Prop_fdre_C_Q)         0.259     0.796 r  u_axi/s_axi_bvalid_reg/Q
                         net (fo=1, unset)            0.537     1.333    s_axi_bvalid
                                                                      r  s_axi_bvalid (OUT)
  -------------------------------------------------------------------    -------------------

Slack:                    inf
  Source:                 u_axi/s_axi_rdata_reg[16]/C
                            (rising edge-triggered cell FDRE clocked by aclk  {rise@0.000ns fall@5.000ns period=10.000ns})
  Destination:            s_axi_rdata[16]
                            (output port)
  Path Group:             (none)
  Path Type:              Max at Slow Process Corner
  Data Path Delay:        0.796ns  (logic 0.259ns (32.538%)  route 0.537ns (67.462%))
  Logic Levels:           0  
  Clock Uncertainty:      0.025ns  ((TSJ^2 + TIJ^2)^1/2 + DJ) / 2 + PE
    Total System Jitter     (TSJ):    0.050ns
    Total Input Jitter      (TIJ):    0.000ns
    Discrete Jitter          (DJ):    0.000ns
    Phase Error              (PE):    0.000ns

    Location             Delay type                Incr(ns)  Path(ns)    Netlist Resource(s)
  -------------------------------------------------------------------    -------------------
                         (clock aclk rise edge)       0.000     0.000 r  
                                                      0.000     0.000 r  aclk (IN)
                         net (fo=376, unset)          0.537     0.537    u_axi/aclk
    SLICE_X22Y77         FDRE                                         r  u_axi/s_axi_rdata_reg[16]/C
  -------------------------------------------------------------------    -------------------
    SLICE_X22Y77         FDRE (Prop_fdre_C_Q)         0.259     0.796 r  u_axi/s_axi_rdata_reg[16]/Q
                         net (fo=0)                   0.537     1.333    s_axi_rdata[16]
                                                                      r  s_axi_rdata[16] (OUT)
  -------------------------------------------------------------------    -------------------

Slack:                    inf
  Source:                 u_axi/s_axi_rdata_reg[2]/C
                            (rising edge-triggered cell FDRE clocked by aclk  {rise@0.000ns fall@5.000ns period=10.000ns})
  Destination:            s_axi_rdata[2]
                            (output port)
  Path Group:             (none)
  Path Type:              Max at Slow Process Corner
  Data Path Delay:        0.796ns  (logic 0.259ns (32.538%)  route 0.537ns (67.462%))
  Logic Levels:           0  
  Clock Uncertainty:      0.025ns  ((TSJ^2 + TIJ^2)^1/2 + DJ) / 2 + PE
    Total System Jitter     (TSJ):    0.050ns
    Total Input Jitter      (TIJ):    0.000ns
    Discrete Jitter          (DJ):    0.000ns
    Phase Error              (PE):    0.000ns

    Location             Delay type                Incr(ns)  Path(ns)    Netlist Resource(s)
  -------------------------------------------------------------------    -------------------
                         (clock aclk rise edge)       0.000     0.000 r  
                                                      0.000     0.000 r  aclk (IN)
                         net (fo=376, unset)          0.537     0.537    u_axi/aclk
    SLICE_X22Y77         FDRE                                         r  u_axi/s_axi_rdata_reg[2]/C
  -------------------------------------------------------------------    -------------------
    SLICE_X22Y77         FDRE (Prop_fdre_C_Q)         0.259     0.796 r  u_axi/s_axi_rdata_reg[2]/Q
                         net (fo=0)                   0.537     1.333    s_axi_rdata[2]
                                                                      r  s_axi_rdata[2] (OUT)
  -------------------------------------------------------------------    -------------------

Slack:                    inf
  Source:                 u_axi/s_axi_rdata_reg[4]/C
                            (rising edge-triggered cell FDRE clocked by aclk  {rise@0.000ns fall@5.000ns period=10.000ns})
  Destination:            s_axi_rdata[4]
                            (output port)
  Path Group:             (none)
  Path Type:              Max at Slow Process Corner
  Data Path Delay:        0.796ns  (logic 0.259ns (32.538%)  route 0.537ns (67.462%))
  Logic Levels:           0  
  Clock Uncertainty:      0.025ns  ((TSJ^2 + TIJ^2)^1/2 + DJ) / 2 + PE
    Total System Jitter     (TSJ):    0.050ns
    Total Input Jitter      (TIJ):    0.000ns
    Discrete Jitter          (DJ):    0.000ns
    Phase Error              (PE):    0.000ns

    Location             Delay type                Incr(ns)  Path(ns)    Netlist Resource(s)
  -------------------------------------------------------------------    -------------------
                         (clock aclk rise edge)       0.000     0.000 r  
                                                      0.000     0.000 r  aclk (IN)
                         net (fo=376, unset)          0.537     0.537    u_axi/aclk
    SLICE_X22Y77         FDRE                                         r  u_axi/s_axi_rdata_reg[4]/C
  -------------------------------------------------------------------    -------------------
    SLICE_X22Y77         FDRE (Prop_fdre_C_Q)         0.259     0.796 r  u_axi/s_axi_rdata_reg[4]/Q
                         net (fo=0)                   0.537     1.333    s_axi_rdata[4]
                                                                      r  s_axi_rdata[4] (OUT)
  -------------------------------------------------------------------    -------------------

Slack:                    inf
  Source:                 u_axi/s_axi_rdata_reg[5]/C
                            (rising edge-triggered cell FDRE clocked by aclk  {rise@0.000ns fall@5.000ns period=10.000ns})
  Destination:            s_axi_rdata[5]
                            (output port)
  Path Group:             (none)
  Path Type:              Max at Slow Process Corner
  Data Path Delay:        0.796ns  (logic 0.259ns (32.538%)  route 0.537ns (67.462%))
  Logic Levels:           0  
  Clock Uncertainty:      0.025ns  ((TSJ^2 + TIJ^2)^1/2 + DJ) / 2 + PE
    Total System Jitter     (TSJ):    0.050ns
    Total Input Jitter      (TIJ):    0.000ns
    Discrete Jitter          (DJ):    0.000ns
    Phase Error              (PE):    0.000ns

    Location             Delay type                Incr(ns)  Path(ns)    Netlist Resource(s)
  -------------------------------------------------------------------    -------------------
                         (clock aclk rise edge)       0.000     0.000 r  
                                                      0.000     0.000 r  aclk (IN)
                         net (fo=376, unset)          0.537     0.537    u_axi/aclk
    SLICE_X22Y77         FDRE                                         r  u_axi/s_axi_rdata_reg[5]/C
  -------------------------------------------------------------------    -------------------
    SLICE_X22Y77         FDRE (Prop_fdre_C_Q)         0.259     0.796 r  u_axi/s_axi_rdata_reg[5]/Q
                         net (fo=0)                   0.537     1.333    s_axi_rdata[5]
                                                                      r  s_axi_rdata[5] (OUT)
  -------------------------------------------------------------------    -------------------

Slack:                    inf
  Source:                 u_axi/s_axi_arready_reg/C
                            (rising edge-triggered cell FDRE clocked by aclk  {rise@0.000ns fall@5.000ns period=10.000ns})
  Destination:            s_axi_arready
                            (output port)
  Path Group:             (none)
  Path Type:              Max at Slow Process Corner
  Data Path Delay:        0.760ns  (logic 0.223ns (29.342%)  route 0.537ns (70.658%))
  Logic Levels:           0  
  Clock Uncertainty:      0.025ns  ((TSJ^2 + TIJ^2)^1/2 + DJ) / 2 + PE
    Total System Jitter     (TSJ):    0.050ns
    Total Input Jitter      (TIJ):    0.000ns
    Discrete Jitter          (DJ):    0.000ns
    Phase Error              (PE):    0.000ns

    Location             Delay type                Incr(ns)  Path(ns)    Netlist Resource(s)
  -------------------------------------------------------------------    -------------------
                         (clock aclk rise edge)       0.000     0.000 r  
                                                      0.000     0.000 r  aclk (IN)
                         net (fo=376, unset)          0.537     0.537    u_axi/aclk
    SLICE_X19Y74         FDRE                                         r  u_axi/s_axi_arready_reg/C
  -------------------------------------------------------------------    -------------------
    SLICE_X19Y74         FDRE (Prop_fdre_C_Q)         0.223     0.760 r  u_axi/s_axi_arready_reg/Q
                         net (fo=0)                   0.537     1.297    s_axi_arready
                                                                      r  s_axi_arready (OUT)
  -------------------------------------------------------------------    -------------------

Slack:                    inf
  Source:                 u_axi/s_axi_rdata_reg[0]/C
                            (rising edge-triggered cell FDRE clocked by aclk  {rise@0.000ns fall@5.000ns period=10.000ns})
  Destination:            s_axi_rdata[0]
                            (output port)
  Path Group:             (none)
  Path Type:              Max at Slow Process Corner
  Data Path Delay:        0.760ns  (logic 0.223ns (29.342%)  route 0.537ns (70.658%))
  Logic Levels:           0  
  Clock Uncertainty:      0.025ns  ((TSJ^2 + TIJ^2)^1/2 + DJ) / 2 + PE
    Total System Jitter     (TSJ):    0.050ns
    Total Input Jitter      (TIJ):    0.000ns
    Discrete Jitter          (DJ):    0.000ns
    Phase Error              (PE):    0.000ns

    Location             Delay type                Incr(ns)  Path(ns)    Netlist Resource(s)
  -------------------------------------------------------------------    -------------------
                         (clock aclk rise edge)       0.000     0.000 r  
                                                      0.000     0.000 r  aclk (IN)
                         net (fo=376, unset)          0.537     0.537    u_axi/aclk
    SLICE_X26Y78         FDRE                                         r  u_axi/s_axi_rdata_reg[0]/C
  -------------------------------------------------------------------    -------------------
    SLICE_X26Y78         FDRE (Prop_fdre_C_Q)         0.223     0.760 r  u_axi/s_axi_rdata_reg[0]/Q
                         net (fo=0)                   0.537     1.297    s_axi_rdata[0]
                                                                      r  s_axi_rdata[0] (OUT)
  -------------------------------------------------------------------    -------------------

Slack:                    inf
  Source:                 u_axi/s_axi_rdata_reg[10]/C
                            (rising edge-triggered cell FDRE clocked by aclk  {rise@0.000ns fall@5.000ns period=10.000ns})
  Destination:            s_axi_rdata[10]
                            (output port)
  Path Group:             (none)
  Path Type:              Max at Slow Process Corner
  Data Path Delay:        0.760ns  (logic 0.223ns (29.342%)  route 0.537ns (70.658%))
  Logic Levels:           0  
  Clock Uncertainty:      0.025ns  ((TSJ^2 + TIJ^2)^1/2 + DJ) / 2 + PE
    Total System Jitter     (TSJ):    0.050ns
    Total Input Jitter      (TIJ):    0.000ns
    Discrete Jitter          (DJ):    0.000ns
    Phase Error              (PE):    0.000ns

    Location             Delay type                Incr(ns)  Path(ns)    Netlist Resource(s)
  -------------------------------------------------------------------    -------------------
                         (clock aclk rise edge)       0.000     0.000 r  
                                                      0.000     0.000 r  aclk (IN)
                         net (fo=376, unset)          0.537     0.537    u_axi/aclk
    SLICE_X23Y78         FDRE                                         r  u_axi/s_axi_rdata_reg[10]/C
  -------------------------------------------------------------------    -------------------
    SLICE_X23Y78         FDRE (Prop_fdre_C_Q)         0.223     0.760 r  u_axi/s_axi_rdata_reg[10]/Q
                         net (fo=0)                   0.537     1.297    s_axi_rdata[10]
                                                                      r  s_axi_rdata[10] (OUT)
  -------------------------------------------------------------------    -------------------

Slack:                    inf
  Source:                 u_axi/s_axi_rdata_reg[11]/C
                            (rising edge-triggered cell FDRE clocked by aclk  {rise@0.000ns fall@5.000ns period=10.000ns})
  Destination:            s_axi_rdata[11]
                            (output port)
  Path Group:             (none)
  Path Type:              Max at Slow Process Corner
  Data Path Delay:        0.760ns  (logic 0.223ns (29.342%)  route 0.537ns (70.658%))
  Logic Levels:           0  
  Clock Uncertainty:      0.025ns  ((TSJ^2 + TIJ^2)^1/2 + DJ) / 2 + PE
    Total System Jitter     (TSJ):    0.050ns
    Total Input Jitter      (TIJ):    0.000ns
    Discrete Jitter          (DJ):    0.000ns
    Phase Error              (PE):    0.000ns

    Location             Delay type                Incr(ns)  Path(ns)    Netlist Resource(s)
  -------------------------------------------------------------------    -------------------
                         (clock aclk rise edge)       0.000     0.000 r  
                                                      0.000     0.000 r  aclk (IN)
                         net (fo=376, unset)          0.537     0.537    u_axi/aclk
    SLICE_X23Y78         FDRE                                         r  u_axi/s_axi_rdata_reg[11]/C
  -------------------------------------------------------------------    -------------------
    SLICE_X23Y78         FDRE (Prop_fdre_C_Q)         0.223     0.760 r  u_axi/s_axi_rdata_reg[11]/Q
                         net (fo=0)                   0.537     1.297    s_axi_rdata[11]
                                                                      r  s_axi_rdata[11] (OUT)
  -------------------------------------------------------------------    -------------------

Slack:                    inf
  Source:                 u_axi/s_axi_rdata_reg[12]/C
                            (rising edge-triggered cell FDRE clocked by aclk  {rise@0.000ns fall@5.000ns period=10.000ns})
  Destination:            s_axi_rdata[12]
                            (output port)
  Path Group:             (none)
  Path Type:              Max at Slow Process Corner
  Data Path Delay:        0.760ns  (logic 0.223ns (29.342%)  route 0.537ns (70.658%))
  Logic Levels:           0  
  Clock Uncertainty:      0.025ns  ((TSJ^2 + TIJ^2)^1/2 + DJ) / 2 + PE
    Total System Jitter     (TSJ):    0.050ns
    Total Input Jitter      (TIJ):    0.000ns
    Discrete Jitter          (DJ):    0.000ns
    Phase Error              (PE):    0.000ns

    Location             Delay type                Incr(ns)  Path(ns)    Netlist Resource(s)
  -------------------------------------------------------------------    -------------------
                         (clock aclk rise edge)       0.000     0.000 r  
                                                      0.000     0.000 r  aclk (IN)
                         net (fo=376, unset)          0.537     0.537    u_axi/aclk
    SLICE_X26Y86         FDRE                                         r  u_axi/s_axi_rdata_reg[12]/C
  -------------------------------------------------------------------    -------------------
    SLICE_X26Y86         FDRE (Prop_fdre_C_Q)         0.223     0.760 r  u_axi/s_axi_rdata_reg[12]/Q
                         net (fo=0)                   0.537     1.297    s_axi_rdata[12]
                                                                      r  s_axi_rdata[12] (OUT)
  -------------------------------------------------------------------    -------------------

Slack:                    inf
  Source:                 u_axi/s_axi_rdata_reg[13]/C
                            (rising edge-triggered cell FDRE clocked by aclk  {rise@0.000ns fall@5.000ns period=10.000ns})
  Destination:            s_axi_rdata[13]
                            (output port)
  Path Group:             (none)
  Path Type:              Max at Slow Process Corner
  Data Path Delay:        0.760ns  (logic 0.223ns (29.342%)  route 0.537ns (70.658%))
  Logic Levels:           0  
  Clock Uncertainty:      0.025ns  ((TSJ^2 + TIJ^2)^1/2 + DJ) / 2 + PE
    Total System Jitter     (TSJ):    0.050ns
    Total Input Jitter      (TIJ):    0.000ns
    Discrete Jitter          (DJ):    0.000ns
    Phase Error              (PE):    0.000ns

    Location             Delay type                Incr(ns)  Path(ns)    Netlist Resource(s)
  -------------------------------------------------------------------    -------------------
                         (clock aclk rise edge)       0.000     0.000 r  
                                                      0.000     0.000 r  aclk (IN)
                         net (fo=376, unset)          0.537     0.537    u_axi/aclk
    SLICE_X21Y76         FDRE                                         r  u_axi/s_axi_rdata_reg[13]/C
  -------------------------------------------------------------------    -------------------
    SLICE_X21Y76         FDRE (Prop_fdre_C_Q)         0.223     0.760 r  u_axi/s_axi_rdata_reg[13]/Q
                         net (fo=0)                   0.537     1.297    s_axi_rdata[13]
                                                                      r  s_axi_rdata[13] (OUT)
  -------------------------------------------------------------------    -------------------

Slack:                    inf
  Source:                 u_axi/s_axi_rdata_reg[14]/C
                            (rising edge-triggered cell FDRE clocked by aclk  {rise@0.000ns fall@5.000ns period=10.000ns})
  Destination:            s_axi_rdata[14]
                            (output port)
  Path Group:             (none)
  Path Type:              Max at Slow Process Corner
  Data Path Delay:        0.760ns  (logic 0.223ns (29.342%)  route 0.537ns (70.658%))
  Logic Levels:           0  
  Clock Uncertainty:      0.025ns  ((TSJ^2 + TIJ^2)^1/2 + DJ) / 2 + PE
    Total System Jitter     (TSJ):    0.050ns
    Total Input Jitter      (TIJ):    0.000ns
    Discrete Jitter          (DJ):    0.000ns
    Phase Error              (PE):    0.000ns

    Location             Delay type                Incr(ns)  Path(ns)    Netlist Resource(s)
  -------------------------------------------------------------------    -------------------
                         (clock aclk rise edge)       0.000     0.000 r  
                                                      0.000     0.000 r  aclk (IN)
                         net (fo=376, unset)          0.537     0.537    u_axi/aclk
    SLICE_X26Y86         FDRE                                         r  u_axi/s_axi_rdata_reg[14]/C
  -------------------------------------------------------------------    -------------------
    SLICE_X26Y86         FDRE (Prop_fdre_C_Q)         0.223     0.760 r  u_axi/s_axi_rdata_reg[14]/Q
                         net (fo=0)                   0.537     1.297    s_axi_rdata[14]
                                                                      r  s_axi_rdata[14] (OUT)
  -------------------------------------------------------------------    -------------------

Slack:                    inf
  Source:                 u_axi/s_axi_rdata_reg[15]/C
                            (rising edge-triggered cell FDRE clocked by aclk  {rise@0.000ns fall@5.000ns period=10.000ns})
  Destination:            s_axi_rdata[15]
                            (output port)
  Path Group:             (none)
  Path Type:              Max at Slow Process Corner
  Data Path Delay:        0.760ns  (logic 0.223ns (29.342%)  route 0.537ns (70.658%))
  Logic Levels:           0  
  Clock Uncertainty:      0.025ns  ((TSJ^2 + TIJ^2)^1/2 + DJ) / 2 + PE
    Total System Jitter     (TSJ):    0.050ns
    Total Input Jitter      (TIJ):    0.000ns
    Discrete Jitter          (DJ):    0.000ns
    Phase Error              (PE):    0.000ns

    Location             Delay type                Incr(ns)  Path(ns)    Netlist Resource(s)
  -------------------------------------------------------------------    -------------------
                         (clock aclk rise edge)       0.000     0.000 r  
                                                      0.000     0.000 r  aclk (IN)
                         net (fo=376, unset)          0.537     0.537    u_axi/aclk
    SLICE_X21Y76         FDRE                                         r  u_axi/s_axi_rdata_reg[15]/C
  -------------------------------------------------------------------    -------------------
    SLICE_X21Y76         FDRE (Prop_fdre_C_Q)         0.223     0.760 r  u_axi/s_axi_rdata_reg[15]/Q
                         net (fo=0)                   0.537     1.297    s_axi_rdata[15]
                                                                      r  s_axi_rdata[15] (OUT)
  -------------------------------------------------------------------    -------------------

Slack:                    inf
  Source:                 u_axi/s_axi_rdata_reg[17]/C
                            (rising edge-triggered cell FDRE clocked by aclk  {rise@0.000ns fall@5.000ns period=10.000ns})
  Destination:            s_axi_rdata[17]
                            (output port)
  Path Group:             (none)
  Path Type:              Max at Slow Process Corner
  Data Path Delay:        0.760ns  (logic 0.223ns (29.342%)  route 0.537ns (70.658%))
  Logic Levels:           0  
  Clock Uncertainty:      0.025ns  ((TSJ^2 + TIJ^2)^1/2 + DJ) / 2 + PE
    Total System Jitter     (TSJ):    0.050ns
    Total Input Jitter      (TIJ):    0.000ns
    Discrete Jitter          (DJ):    0.000ns
    Phase Error              (PE):    0.000ns

    Location             Delay type                Incr(ns)  Path(ns)    Netlist Resource(s)
  -------------------------------------------------------------------    -------------------
                         (clock aclk rise edge)       0.000     0.000 r  
                                                      0.000     0.000 r  aclk (IN)
                         net (fo=376, unset)          0.537     0.537    u_axi/aclk
    SLICE_X3Y93          FDRE                                         r  u_axi/s_axi_rdata_reg[17]/C
  -------------------------------------------------------------------    -------------------
    SLICE_X3Y93          FDRE (Prop_fdre_C_Q)         0.223     0.760 r  u_axi/s_axi_rdata_reg[17]/Q
                         net (fo=0)                   0.537     1.297    s_axi_rdata[17]
                                                                      r  s_axi_rdata[17] (OUT)
  -------------------------------------------------------------------    -------------------

Slack:                    inf
  Source:                 u_axi/s_axi_rdata_reg[18]/C
                            (rising edge-triggered cell FDRE clocked by aclk  {rise@0.000ns fall@5.000ns period=10.000ns})
  Destination:            s_axi_rdata[18]
                            (output port)
  Path Group:             (none)
  Path Type:              Max at Slow Process Corner
  Data Path Delay:        0.760ns  (logic 0.223ns (29.342%)  route 0.537ns (70.658%))
  Logic Levels:           0  
  Clock Uncertainty:      0.025ns  ((TSJ^2 + TIJ^2)^1/2 + DJ) / 2 + PE
    Total System Jitter     (TSJ):    0.050ns
    Total Input Jitter      (TIJ):    0.000ns
    Discrete Jitter          (DJ):    0.000ns
    Phase Error              (PE):    0.000ns

    Location             Delay type                Incr(ns)  Path(ns)    Netlist Resource(s)
  -------------------------------------------------------------------    -------------------
                         (clock aclk rise edge)       0.000     0.000 r  
                                                      0.000     0.000 r  aclk (IN)
                         net (fo=376, unset)          0.537     0.537    u_axi/aclk
    SLICE_X28Y84         FDRE                                         r  u_axi/s_axi_rdata_reg[18]/C
  -------------------------------------------------------------------    -------------------
    SLICE_X28Y84         FDRE (Prop_fdre_C_Q)         0.223     0.760 r  u_axi/s_axi_rdata_reg[18]/Q
                         net (fo=0)                   0.537     1.297    s_axi_rdata[18]
                                                                      r  s_axi_rdata[18] (OUT)
  -------------------------------------------------------------------    -------------------

Slack:                    inf
  Source:                 u_axi/s_axi_rdata_reg[19]/C
                            (rising edge-triggered cell FDRE clocked by aclk  {rise@0.000ns fall@5.000ns period=10.000ns})
  Destination:            s_axi_rdata[19]
                            (output port)
  Path Group:             (none)
  Path Type:              Max at Slow Process Corner
  Data Path Delay:        0.760ns  (logic 0.223ns (29.342%)  route 0.537ns (70.658%))
  Logic Levels:           0  
  Clock Uncertainty:      0.025ns  ((TSJ^2 + TIJ^2)^1/2 + DJ) / 2 + PE
    Total System Jitter     (TSJ):    0.050ns
    Total Input Jitter      (TIJ):    0.000ns
    Discrete Jitter          (DJ):    0.000ns
    Phase Error              (PE):    0.000ns

    Location             Delay type                Incr(ns)  Path(ns)    Netlist Resource(s)
  -------------------------------------------------------------------    -------------------
                         (clock aclk rise edge)       0.000     0.000 r  
                                                      0.000     0.000 r  aclk (IN)
                         net (fo=376, unset)          0.537     0.537    u_axi/aclk
    SLICE_X5Y94          FDRE                                         r  u_axi/s_axi_rdata_reg[19]/C
  -------------------------------------------------------------------    -------------------
    SLICE_X5Y94          FDRE (Prop_fdre_C_Q)         0.223     0.760 r  u_axi/s_axi_rdata_reg[19]/Q
                         net (fo=0)                   0.537     1.297    s_axi_rdata[19]
                                                                      r  s_axi_rdata[19] (OUT)
  -------------------------------------------------------------------    -------------------

Slack:                    inf
  Source:                 u_axi/s_axi_rdata_reg[1]/C
                            (rising edge-triggered cell FDRE clocked by aclk  {rise@0.000ns fall@5.000ns period=10.000ns})
  Destination:            s_axi_rdata[1]
                            (output port)
  Path Group:             (none)
  Path Type:              Max at Slow Process Corner
  Data Path Delay:        0.760ns  (logic 0.223ns (29.342%)  route 0.537ns (70.658%))
  Logic Levels:           0  
  Clock Uncertainty:      0.025ns  ((TSJ^2 + TIJ^2)^1/2 + DJ) / 2 + PE
    Total System Jitter     (TSJ):    0.050ns
    Total Input Jitter      (TIJ):    0.000ns
    Discrete Jitter          (DJ):    0.000ns
    Phase Error              (PE):    0.000ns

    Location             Delay type                Incr(ns)  Path(ns)    Netlist Resource(s)
  -------------------------------------------------------------------    -------------------
                         (clock aclk rise edge)       0.000     0.000 r  
                                                      0.000     0.000 r  aclk (IN)
                         net (fo=376, unset)          0.537     0.537    u_axi/aclk
    SLICE_X23Y76         FDRE                                         r  u_axi/s_axi_rdata_reg[1]/C
  -------------------------------------------------------------------    -------------------
    SLICE_X23Y76         FDRE (Prop_fdre_C_Q)         0.223     0.760 r  u_axi/s_axi_rdata_reg[1]/Q
                         net (fo=0)                   0.537     1.297    s_axi_rdata[1]
                                                                      r  s_axi_rdata[1] (OUT)
  -------------------------------------------------------------------    -------------------

Slack:                    inf
  Source:                 u_axi/s_axi_rdata_reg[20]/C
                            (rising edge-triggered cell FDRE clocked by aclk  {rise@0.000ns fall@5.000ns period=10.000ns})
  Destination:            s_axi_rdata[20]
                            (output port)
  Path Group:             (none)
  Path Type:              Max at Slow Process Corner
  Data Path Delay:        0.760ns  (logic 0.223ns (29.342%)  route 0.537ns (70.658%))
  Logic Levels:           0  
  Clock Uncertainty:      0.025ns  ((TSJ^2 + TIJ^2)^1/2 + DJ) / 2 + PE
    Total System Jitter     (TSJ):    0.050ns
    Total Input Jitter      (TIJ):    0.000ns
    Discrete Jitter          (DJ):    0.000ns
    Phase Error              (PE):    0.000ns

    Location             Delay type                Incr(ns)  Path(ns)    Netlist Resource(s)
  -------------------------------------------------------------------    -------------------
                         (clock aclk rise edge)       0.000     0.000 r  
                                                      0.000     0.000 r  aclk (IN)
                         net (fo=376, unset)          0.537     0.537    u_axi/aclk
    SLICE_X26Y86         FDRE                                         r  u_axi/s_axi_rdata_reg[20]/C
  -------------------------------------------------------------------    -------------------
    SLICE_X26Y86         FDRE (Prop_fdre_C_Q)         0.223     0.760 r  u_axi/s_axi_rdata_reg[20]/Q
                         net (fo=0)                   0.537     1.297    s_axi_rdata[20]
                                                                      r  s_axi_rdata[20] (OUT)
  -------------------------------------------------------------------    -------------------

Slack:                    inf
  Source:                 u_axi/s_axi_rdata_reg[21]/C
                            (rising edge-triggered cell FDRE clocked by aclk  {rise@0.000ns fall@5.000ns period=10.000ns})
  Destination:            s_axi_rdata[21]
                            (output port)
  Path Group:             (none)
  Path Type:              Max at Slow Process Corner
  Data Path Delay:        0.760ns  (logic 0.223ns (29.342%)  route 0.537ns (70.658%))
  Logic Levels:           0  
  Clock Uncertainty:      0.025ns  ((TSJ^2 + TIJ^2)^1/2 + DJ) / 2 + PE
    Total System Jitter     (TSJ):    0.050ns
    Total Input Jitter      (TIJ):    0.000ns
    Discrete Jitter          (DJ):    0.000ns
    Phase Error              (PE):    0.000ns

    Location             Delay type                Incr(ns)  Path(ns)    Netlist Resource(s)
  -------------------------------------------------------------------    -------------------
                         (clock aclk rise edge)       0.000     0.000 r  
                                                      0.000     0.000 r  aclk (IN)
                         net (fo=376, unset)          0.537     0.537    u_axi/aclk
    SLICE_X3Y93          FDRE                                         r  u_axi/s_axi_rdata_reg[21]/C
  -------------------------------------------------------------------    -------------------
    SLICE_X3Y93          FDRE (Prop_fdre_C_Q)         0.223     0.760 r  u_axi/s_axi_rdata_reg[21]/Q
                         net (fo=0)                   0.537     1.297    s_axi_rdata[21]
                                                                      r  s_axi_rdata[21] (OUT)
  -------------------------------------------------------------------    -------------------

Slack:                    inf
  Source:                 u_axi/s_axi_rdata_reg[22]/C
                            (rising edge-triggered cell FDRE clocked by aclk  {rise@0.000ns fall@5.000ns period=10.000ns})
  Destination:            s_axi_rdata[22]
                            (output port)
  Path Group:             (none)
  Path Type:              Max at Slow Process Corner
  Data Path Delay:        0.760ns  (logic 0.223ns (29.342%)  route 0.537ns (70.658%))
  Logic Levels:           0  
  Clock Uncertainty:      0.025ns  ((TSJ^2 + TIJ^2)^1/2 + DJ) / 2 + PE
    Total System Jitter     (TSJ):    0.050ns
    Total Input Jitter      (TIJ):    0.000ns
    Discrete Jitter          (DJ):    0.000ns
    Phase Error              (PE):    0.000ns

    Location             Delay type                Incr(ns)  Path(ns)    Netlist Resource(s)
  -------------------------------------------------------------------    -------------------
                         (clock aclk rise edge)       0.000     0.000 r  
                                                      0.000     0.000 r  aclk (IN)
                         net (fo=376, unset)          0.537     0.537    u_axi/aclk
    SLICE_X27Y87         FDRE                                         r  u_axi/s_axi_rdata_reg[22]/C
  -------------------------------------------------------------------    -------------------
    SLICE_X27Y87         FDRE (Prop_fdre_C_Q)         0.223     0.760 r  u_axi/s_axi_rdata_reg[22]/Q
                         net (fo=0)                   0.537     1.297    s_axi_rdata[22]
                                                                      r  s_axi_rdata[22] (OUT)
  -------------------------------------------------------------------    -------------------





Min Delay Paths
--------------------------------------------------------------------------------------
Slack:                    inf
  Source:                 u_axi/s_axi_awready_reg/C
                            (rising edge-triggered cell FDRE clocked by aclk  {rise@0.000ns fall@5.000ns period=10.000ns})
  Destination:            s_axi_awready
                            (output port)
  Path Group:             (none)
  Path Type:              Min at Fast Process Corner
  Data Path Delay:        0.357ns  (logic 0.091ns (25.469%)  route 0.266ns (74.531%))
  Logic Levels:           0  
  Clock Uncertainty:      0.025ns  ((TSJ^2 + TIJ^2)^1/2 + DJ) / 2 + PE
    Total System Jitter     (TSJ):    0.050ns
    Total Input Jitter      (TIJ):    0.000ns
    Discrete Jitter          (DJ):    0.000ns
    Phase Error              (PE):    0.000ns

    Location             Delay type                Incr(ns)  Path(ns)    Netlist Resource(s)
  -------------------------------------------------------------------    -------------------
                         (clock aclk rise edge)       0.000     0.000 r  
                                                      0.000     0.000 r  aclk (IN)
                         net (fo=376, unset)          0.266     0.266    u_axi/aclk
    SLICE_X21Y74         FDRE                                         r  u_axi/s_axi_awready_reg/C
  -------------------------------------------------------------------    -------------------
    SLICE_X21Y74         FDRE (Prop_fdre_C_Q)         0.091     0.357 r  u_axi/s_axi_awready_reg/Q
                         net (fo=0)                   0.266     0.624    s_axi_awready
                                                                      r  s_axi_awready (OUT)
  -------------------------------------------------------------------    -------------------

Slack:                    inf
  Source:                 u_axi/s_axi_awready_reg/C
                            (rising edge-triggered cell FDRE clocked by aclk  {rise@0.000ns fall@5.000ns period=10.000ns})
  Destination:            s_axi_wready
                            (output port)
  Path Group:             (none)
  Path Type:              Min at Fast Process Corner
  Data Path Delay:        0.357ns  (logic 0.091ns (25.469%)  route 0.266ns (74.531%))
  Logic Levels:           0  
  Clock Uncertainty:      0.025ns  ((TSJ^2 + TIJ^2)^1/2 + DJ) / 2 + PE
    Total System Jitter     (TSJ):    0.050ns
    Total Input Jitter      (TIJ):    0.000ns
    Discrete Jitter          (DJ):    0.000ns
    Phase Error              (PE):    0.000ns

    Location             Delay type                Incr(ns)  Path(ns)    Netlist Resource(s)
  -------------------------------------------------------------------    -------------------
                         (clock aclk rise edge)       0.000     0.000 r  
                                                      0.000     0.000 r  aclk (IN)
                         net (fo=376, unset)          0.266     0.266    u_axi/aclk
    SLICE_X21Y74         FDRE                                         r  u_axi/s_axi_awready_reg/C
  -------------------------------------------------------------------    -------------------
    SLICE_X21Y74         FDRE (Prop_fdre_C_Q)         0.091     0.357 r  u_axi/s_axi_awready_reg/Q
                         net (fo=0)                   0.266     0.624    s_axi_awready
                                                                      r  s_axi_wready (OUT)
  -------------------------------------------------------------------    -------------------

Slack:                    inf
  Source:                 u_axi/s_axi_arready_reg/C
                            (rising edge-triggered cell FDRE clocked by aclk  {rise@0.000ns fall@5.000ns period=10.000ns})
  Destination:            s_axi_arready
                            (output port)
  Path Group:             (none)
  Path Type:              Min at Fast Process Corner
  Data Path Delay:        0.366ns  (logic 0.100ns (27.300%)  route 0.266ns (72.700%))
  Logic Levels:           0  
  Clock Uncertainty:      0.025ns  ((TSJ^2 + TIJ^2)^1/2 + DJ) / 2 + PE
    Total System Jitter     (TSJ):    0.050ns
    Total Input Jitter      (TIJ):    0.000ns
    Discrete Jitter          (DJ):    0.000ns
    Phase Error              (PE):    0.000ns

    Location             Delay type                Incr(ns)  Path(ns)    Netlist Resource(s)
  -------------------------------------------------------------------    -------------------
                         (clock aclk rise edge)       0.000     0.000 r  
                                                      0.000     0.000 r  aclk (IN)
                         net (fo=376, unset)          0.266     0.266    u_axi/aclk
    SLICE_X19Y74         FDRE                                         r  u_axi/s_axi_arready_reg/C
  -------------------------------------------------------------------    -------------------
    SLICE_X19Y74         FDRE (Prop_fdre_C_Q)         0.100     0.366 r  u_axi/s_axi_arready_reg/Q
                         net (fo=0)                   0.266     0.633    s_axi_arready
                                                                      r  s_axi_arready (OUT)
  -------------------------------------------------------------------    -------------------

Slack:                    inf
  Source:                 u_axi/s_axi_rdata_reg[0]/C
                            (rising edge-triggered cell FDRE clocked by aclk  {rise@0.000ns fall@5.000ns period=10.000ns})
  Destination:            s_axi_rdata[0]
                            (output port)
  Path Group:             (none)
  Path Type:              Min at Fast Process Corner
  Data Path Delay:        0.366ns  (logic 0.100ns (27.300%)  route 0.266ns (72.700%))
  Logic Levels:           0  
  Clock Uncertainty:      0.025ns  ((TSJ^2 + TIJ^2)^1/2 + DJ) / 2 + PE
    Total System Jitter     (TSJ):    0.050ns
    Total Input Jitter      (TIJ):    0.000ns
    Discrete Jitter          (DJ):    0.000ns
    Phase Error              (PE):    0.000ns

    Location             Delay type                Incr(ns)  Path(ns)    Netlist Resource(s)
  -------------------------------------------------------------------    -------------------
                         (clock aclk rise edge)       0.000     0.000 r  
                                                      0.000     0.000 r  aclk (IN)
                         net (fo=376, unset)          0.266     0.266    u_axi/aclk
    SLICE_X26Y78         FDRE                                         r  u_axi/s_axi_rdata_reg[0]/C
  -------------------------------------------------------------------    -------------------
    SLICE_X26Y78         FDRE (Prop_fdre_C_Q)         0.100     0.366 r  u_axi/s_axi_rdata_reg[0]/Q
                         net (fo=0)                   0.266     0.633    s_axi_rdata[0]
                                                                      r  s_axi_rdata[0] (OUT)
  -------------------------------------------------------------------    -------------------

Slack:                    inf
  Source:                 u_axi/s_axi_rdata_reg[10]/C
                            (rising edge-triggered cell FDRE clocked by aclk  {rise@0.000ns fall@5.000ns period=10.000ns})
  Destination:            s_axi_rdata[10]
                            (output port)
  Path Group:             (none)
  Path Type:              Min at Fast Process Corner
  Data Path Delay:        0.366ns  (logic 0.100ns (27.300%)  route 0.266ns (72.700%))
  Logic Levels:           0  
  Clock Uncertainty:      0.025ns  ((TSJ^2 + TIJ^2)^1/2 + DJ) / 2 + PE
    Total System Jitter     (TSJ):    0.050ns
    Total Input Jitter      (TIJ):    0.000ns
    Discrete Jitter          (DJ):    0.000ns
    Phase Error              (PE):    0.000ns

    Location             Delay type                Incr(ns)  Path(ns)    Netlist Resource(s)
  -------------------------------------------------------------------    -------------------
                         (clock aclk rise edge)       0.000     0.000 r  
                                                      0.000     0.000 r  aclk (IN)
                         net (fo=376, unset)          0.266     0.266    u_axi/aclk
    SLICE_X23Y78         FDRE                                         r  u_axi/s_axi_rdata_reg[10]/C
  -------------------------------------------------------------------    -------------------
    SLICE_X23Y78         FDRE (Prop_fdre_C_Q)         0.100     0.366 r  u_axi/s_axi_rdata_reg[10]/Q
                         net (fo=0)                   0.266     0.633    s_axi_rdata[10]
                                                                      r  s_axi_rdata[10] (OUT)
  -------------------------------------------------------------------    -------------------

Slack:                    inf
  Source:                 u_axi/s_axi_rdata_reg[11]/C
                            (rising edge-triggered cell FDRE clocked by aclk  {rise@0.000ns fall@5.000ns period=10.000ns})
  Destination:            s_axi_rdata[11]
                            (output port)
  Path Group:             (none)
  Path Type:              Min at Fast Process Corner
  Data Path Delay:        0.366ns  (logic 0.100ns (27.300%)  route 0.266ns (72.700%))
  Logic Levels:           0  
  Clock Uncertainty:      0.025ns  ((TSJ^2 + TIJ^2)^1/2 + DJ) / 2 + PE
    Total System Jitter     (TSJ):    0.050ns
    Total Input Jitter      (TIJ):    0.000ns
    Discrete Jitter          (DJ):    0.000ns
    Phase Error              (PE):    0.000ns

    Location             Delay type                Incr(ns)  Path(ns)    Netlist Resource(s)
  -------------------------------------------------------------------    -------------------
                         (clock aclk rise edge)       0.000     0.000 r  
                                                      0.000     0.000 r  aclk (IN)
                         net (fo=376, unset)          0.266     0.266    u_axi/aclk
    SLICE_X23Y78         FDRE                                         r  u_axi/s_axi_rdata_reg[11]/C
  -------------------------------------------------------------------    -------------------
    SLICE_X23Y78         FDRE (Prop_fdre_C_Q)         0.100     0.366 r  u_axi/s_axi_rdata_reg[11]/Q
                         net (fo=0)                   0.266     0.633    s_axi_rdata[11]
                                                                      r  s_axi_rdata[11] (OUT)
  -------------------------------------------------------------------    -------------------

Slack:                    inf
  Source:                 u_axi/s_axi_rdata_reg[12]/C
                            (rising edge-triggered cell FDRE clocked by aclk  {rise@0.000ns fall@5.000ns period=10.000ns})
  Destination:            s_axi_rdata[12]
                            (output port)
  Path Group:             (none)
  Path Type:              Min at Fast Process Corner
  Data Path Delay:        0.366ns  (logic 0.100ns (27.300%)  route 0.266ns (72.700%))
  Logic Levels:           0  
  Clock Uncertainty:      0.025ns  ((TSJ^2 + TIJ^2)^1/2 + DJ) / 2 + PE
    Total System Jitter     (TSJ):    0.050ns
    Total Input Jitter      (TIJ):    0.000ns
    Discrete Jitter          (DJ):    0.000ns
    Phase Error              (PE):    0.000ns

    Location             Delay type                Incr(ns)  Path(ns)    Netlist Resource(s)
  -------------------------------------------------------------------    -------------------
                         (clock aclk rise edge)       0.000     0.000 r  
                                                      0.000     0.000 r  aclk (IN)
                         net (fo=376, unset)          0.266     0.266    u_axi/aclk
    SLICE_X26Y86         FDRE                                         r  u_axi/s_axi_rdata_reg[12]/C
  -------------------------------------------------------------------    -------------------
    SLICE_X26Y86         FDRE (Prop_fdre_C_Q)         0.100     0.366 r  u_axi/s_axi_rdata_reg[12]/Q
                         net (fo=0)                   0.266     0.633    s_axi_rdata[12]
                                                                      r  s_axi_rdata[12] (OUT)
  -------------------------------------------------------------------    -------------------

Slack:                    inf
  Source:                 u_axi/s_axi_rdata_reg[13]/C
                            (rising edge-triggered cell FDRE clocked by aclk  {rise@0.000ns fall@5.000ns period=10.000ns})
  Destination:            s_axi_rdata[13]
                            (output port)
  Path Group:             (none)
  Path Type:              Min at Fast Process Corner
  Data Path Delay:        0.366ns  (logic 0.100ns (27.300%)  route 0.266ns (72.700%))
  Logic Levels:           0  
  Clock Uncertainty:      0.025ns  ((TSJ^2 + TIJ^2)^1/2 + DJ) / 2 + PE
    Total System Jitter     (TSJ):    0.050ns
    Total Input Jitter      (TIJ):    0.000ns
    Discrete Jitter          (DJ):    0.000ns
    Phase Error              (PE):    0.000ns

    Location             Delay type                Incr(ns)  Path(ns)    Netlist Resource(s)
  -------------------------------------------------------------------    -------------------
                         (clock aclk rise edge)       0.000     0.000 r  
                                                      0.000     0.000 r  aclk (IN)
                         net (fo=376, unset)          0.266     0.266    u_axi/aclk
    SLICE_X21Y76         FDRE                                         r  u_axi/s_axi_rdata_reg[13]/C
  -------------------------------------------------------------------    -------------------
    SLICE_X21Y76         FDRE (Prop_fdre_C_Q)         0.100     0.366 r  u_axi/s_axi_rdata_reg[13]/Q
                         net (fo=0)                   0.266     0.633    s_axi_rdata[13]
                                                                      r  s_axi_rdata[13] (OUT)
  -------------------------------------------------------------------    -------------------

Slack:                    inf
  Source:                 u_axi/s_axi_rdata_reg[14]/C
                            (rising edge-triggered cell FDRE clocked by aclk  {rise@0.000ns fall@5.000ns period=10.000ns})
  Destination:            s_axi_rdata[14]
                            (output port)
  Path Group:             (none)
  Path Type:              Min at Fast Process Corner
  Data Path Delay:        0.366ns  (logic 0.100ns (27.300%)  route 0.266ns (72.700%))
  Logic Levels:           0  
  Clock Uncertainty:      0.025ns  ((TSJ^2 + TIJ^2)^1/2 + DJ) / 2 + PE
    Total System Jitter     (TSJ):    0.050ns
    Total Input Jitter      (TIJ):    0.000ns
    Discrete Jitter          (DJ):    0.000ns
    Phase Error              (PE):    0.000ns

    Location             Delay type                Incr(ns)  Path(ns)    Netlist Resource(s)
  -------------------------------------------------------------------    -------------------
                         (clock aclk rise edge)       0.000     0.000 r  
                                                      0.000     0.000 r  aclk (IN)
                         net (fo=376, unset)          0.266     0.266    u_axi/aclk
    SLICE_X26Y86         FDRE                                         r  u_axi/s_axi_rdata_reg[14]/C
  -------------------------------------------------------------------    -------------------
    SLICE_X26Y86         FDRE (Prop_fdre_C_Q)         0.100     0.366 r  u_axi/s_axi_rdata_reg[14]/Q
                         net (fo=0)                   0.266     0.633    s_axi_rdata[14]
                                                                      r  s_axi_rdata[14] (OUT)
  -------------------------------------------------------------------    -------------------

Slack:                    inf
  Source:                 u_axi/s_axi_rdata_reg[15]/C
                            (rising edge-triggered cell FDRE clocked by aclk  {rise@0.000ns fall@5.000ns period=10.000ns})
  Destination:            s_axi_rdata[15]
                            (output port)
  Path Group:             (none)
  Path Type:              Min at Fast Process Corner
  Data Path Delay:        0.366ns  (logic 0.100ns (27.300%)  route 0.266ns (72.700%))
  Logic Levels:           0  
  Clock Uncertainty:      0.025ns  ((TSJ^2 + TIJ^2)^1/2 + DJ) / 2 + PE
    Total System Jitter     (TSJ):    0.050ns
    Total Input Jitter      (TIJ):    0.000ns
    Discrete Jitter          (DJ):    0.000ns
    Phase Error              (PE):    0.000ns

    Location             Delay type                Incr(ns)  Path(ns)    Netlist Resource(s)
  -------------------------------------------------------------------    -------------------
                         (clock aclk rise edge)       0.000     0.000 r  
                                                      0.000     0.000 r  aclk (IN)
                         net (fo=376, unset)          0.266     0.266    u_axi/aclk
    SLICE_X21Y76         FDRE                                         r  u_axi/s_axi_rdata_reg[15]/C
  -------------------------------------------------------------------    -------------------
    SLICE_X21Y76         FDRE (Prop_fdre_C_Q)         0.100     0.366 r  u_axi/s_axi_rdata_reg[15]/Q
                         net (fo=0)                   0.266     0.633    s_axi_rdata[15]
                                                                      r  s_axi_rdata[15] (OUT)
  -------------------------------------------------------------------    -------------------

Slack:                    inf
  Source:                 u_axi/s_axi_rdata_reg[17]/C
                            (rising edge-triggered cell FDRE clocked by aclk  {rise@0.000ns fall@5.000ns period=10.000ns})
  Destination:            s_axi_rdata[17]
                            (output port)
  Path Group:             (none)
  Path Type:              Min at Fast Process Corner
  Data Path Delay:        0.366ns  (logic 0.100ns (27.300%)  route 0.266ns (72.700%))
  Logic Levels:           0  
  Clock Uncertainty:      0.025ns  ((TSJ^2 + TIJ^2)^1/2 + DJ) / 2 + PE
    Total System Jitter     (TSJ):    0.050ns
    Total Input Jitter      (TIJ):    0.000ns
    Discrete Jitter          (DJ):    0.000ns
    Phase Error              (PE):    0.000ns

    Location             Delay type                Incr(ns)  Path(ns)    Netlist Resource(s)
  -------------------------------------------------------------------    -------------------
                         (clock aclk rise edge)       0.000     0.000 r  
                                                      0.000     0.000 r  aclk (IN)
                         net (fo=376, unset)          0.266     0.266    u_axi/aclk
    SLICE_X3Y93          FDRE                                         r  u_axi/s_axi_rdata_reg[17]/C
  -------------------------------------------------------------------    -------------------
    SLICE_X3Y93          FDRE (Prop_fdre_C_Q)         0.100     0.366 r  u_axi/s_axi_rdata_reg[17]/Q
                         net (fo=0)                   0.266     0.633    s_axi_rdata[17]
                                                                      r  s_axi_rdata[17] (OUT)
  -------------------------------------------------------------------    -------------------

Slack:                    inf
  Source:                 u_axi/s_axi_rdata_reg[18]/C
                            (rising edge-triggered cell FDRE clocked by aclk  {rise@0.000ns fall@5.000ns period=10.000ns})
  Destination:            s_axi_rdata[18]
                            (output port)
  Path Group:             (none)
  Path Type:              Min at Fast Process Corner
  Data Path Delay:        0.366ns  (logic 0.100ns (27.300%)  route 0.266ns (72.700%))
  Logic Levels:           0  
  Clock Uncertainty:      0.025ns  ((TSJ^2 + TIJ^2)^1/2 + DJ) / 2 + PE
    Total System Jitter     (TSJ):    0.050ns
    Total Input Jitter      (TIJ):    0.000ns
    Discrete Jitter          (DJ):    0.000ns
    Phase Error              (PE):    0.000ns

    Location             Delay type                Incr(ns)  Path(ns)    Netlist Resource(s)
  -------------------------------------------------------------------    -------------------
                         (clock aclk rise edge)       0.000     0.000 r  
                                                      0.000     0.000 r  aclk (IN)
                         net (fo=376, unset)          0.266     0.266    u_axi/aclk
    SLICE_X28Y84         FDRE                                         r  u_axi/s_axi_rdata_reg[18]/C
  -------------------------------------------------------------------    -------------------
    SLICE_X28Y84         FDRE (Prop_fdre_C_Q)         0.100     0.366 r  u_axi/s_axi_rdata_reg[18]/Q
                         net (fo=0)                   0.266     0.633    s_axi_rdata[18]
                                                                      r  s_axi_rdata[18] (OUT)
  -------------------------------------------------------------------    -------------------

Slack:                    inf
  Source:                 u_axi/s_axi_rdata_reg[19]/C
                            (rising edge-triggered cell FDRE clocked by aclk  {rise@0.000ns fall@5.000ns period=10.000ns})
  Destination:            s_axi_rdata[19]
                            (output port)
  Path Group:             (none)
  Path Type:              Min at Fast Process Corner
  Data Path Delay:        0.366ns  (logic 0.100ns (27.300%)  route 0.266ns (72.700%))
  Logic Levels:           0  
  Clock Uncertainty:      0.025ns  ((TSJ^2 + TIJ^2)^1/2 + DJ) / 2 + PE
    Total System Jitter     (TSJ):    0.050ns
    Total Input Jitter      (TIJ):    0.000ns
    Discrete Jitter          (DJ):    0.000ns
    Phase Error              (PE):    0.000ns

    Location             Delay type                Incr(ns)  Path(ns)    Netlist Resource(s)
  -------------------------------------------------------------------    -------------------
                         (clock aclk rise edge)       0.000     0.000 r  
                                                      0.000     0.000 r  aclk (IN)
                         net (fo=376, unset)          0.266     0.266    u_axi/aclk
    SLICE_X5Y94          FDRE                                         r  u_axi/s_axi_rdata_reg[19]/C
  -------------------------------------------------------------------    -------------------
    SLICE_X5Y94          FDRE (Prop_fdre_C_Q)         0.100     0.366 r  u_axi/s_axi_rdata_reg[19]/Q
                         net (fo=0)                   0.266     0.633    s_axi_rdata[19]
                                                                      r  s_axi_rdata[19] (OUT)
  -------------------------------------------------------------------    -------------------

Slack:                    inf
  Source:                 u_axi/s_axi_rdata_reg[1]/C
                            (rising edge-triggered cell FDRE clocked by aclk  {rise@0.000ns fall@5.000ns period=10.000ns})
  Destination:            s_axi_rdata[1]
                            (output port)
  Path Group:             (none)
  Path Type:              Min at Fast Process Corner
  Data Path Delay:        0.366ns  (logic 0.100ns (27.300%)  route 0.266ns (72.700%))
  Logic Levels:           0  
  Clock Uncertainty:      0.025ns  ((TSJ^2 + TIJ^2)^1/2 + DJ) / 2 + PE
    Total System Jitter     (TSJ):    0.050ns
    Total Input Jitter      (TIJ):    0.000ns
    Discrete Jitter          (DJ):    0.000ns
    Phase Error              (PE):    0.000ns

    Location             Delay type                Incr(ns)  Path(ns)    Netlist Resource(s)
  -------------------------------------------------------------------    -------------------
                         (clock aclk rise edge)       0.000     0.000 r  
                                                      0.000     0.000 r  aclk (IN)
                         net (fo=376, unset)          0.266     0.266    u_axi/aclk
    SLICE_X23Y76         FDRE                                         r  u_axi/s_axi_rdata_reg[1]/C
  -------------------------------------------------------------------    -------------------
    SLICE_X23Y76         FDRE (Prop_fdre_C_Q)         0.100     0.366 r  u_axi/s_axi_rdata_reg[1]/Q
                         net (fo=0)                   0.266     0.633    s_axi_rdata[1]
                                                                      r  s_axi_rdata[1] (OUT)
  -------------------------------------------------------------------    -------------------

Slack:                    inf
  Source:                 u_axi/s_axi_rdata_reg[20]/C
                            (rising edge-triggered cell FDRE clocked by aclk  {rise@0.000ns fall@5.000ns period=10.000ns})
  Destination:            s_axi_rdata[20]
                            (output port)
  Path Group:             (none)
  Path Type:              Min at Fast Process Corner
  Data Path Delay:        0.366ns  (logic 0.100ns (27.300%)  route 0.266ns (72.700%))
  Logic Levels:           0  
  Clock Uncertainty:      0.025ns  ((TSJ^2 + TIJ^2)^1/2 + DJ) / 2 + PE
    Total System Jitter     (TSJ):    0.050ns
    Total Input Jitter      (TIJ):    0.000ns
    Discrete Jitter          (DJ):    0.000ns
    Phase Error              (PE):    0.000ns

    Location             Delay type                Incr(ns)  Path(ns)    Netlist Resource(s)
  -------------------------------------------------------------------    -------------------
                         (clock aclk rise edge)       0.000     0.000 r  
                                                      0.000     0.000 r  aclk (IN)
                         net (fo=376, unset)          0.266     0.266    u_axi/aclk
    SLICE_X26Y86         FDRE                                         r  u_axi/s_axi_rdata_reg[20]/C
  -------------------------------------------------------------------    -------------------
    SLICE_X26Y86         FDRE (Prop_fdre_C_Q)         0.100     0.366 r  u_axi/s_axi_rdata_reg[20]/Q
                         net (fo=0)                   0.266     0.633    s_axi_rdata[20]
                                                                      r  s_axi_rdata[20] (OUT)
  -------------------------------------------------------------------    -------------------

Slack:                    inf
  Source:                 u_axi/s_axi_rdata_reg[21]/C
                            (rising edge-triggered cell FDRE clocked by aclk  {rise@0.000ns fall@5.000ns period=10.000ns})
  Destination:            s_axi_rdata[21]
                            (output port)
  Path Group:             (none)
  Path Type:              Min at Fast Process Corner
  Data Path Delay:        0.366ns  (logic 0.100ns (27.300%)  route 0.266ns (72.700%))
  Logic Levels:           0  
  Clock Uncertainty:      0.025ns  ((TSJ^2 + TIJ^2)^1/2 + DJ) / 2 + PE
    Total System Jitter     (TSJ):    0.050ns
    Total Input Jitter      (TIJ):    0.000ns
    Discrete Jitter          (DJ):    0.000ns
    Phase Error              (PE):    0.000ns

    Location             Delay type                Incr(ns)  Path(ns)    Netlist Resource(s)
  -------------------------------------------------------------------    -------------------
                         (clock aclk rise edge)       0.000     0.000 r  
                                                      0.000     0.000 r  aclk (IN)
                         net (fo=376, unset)          0.266     0.266    u_axi/aclk
    SLICE_X3Y93          FDRE                                         r  u_axi/s_axi_rdata_reg[21]/C
  -------------------------------------------------------------------    -------------------
    SLICE_X3Y93          FDRE (Prop_fdre_C_Q)         0.100     0.366 r  u_axi/s_axi_rdata_reg[21]/Q
                         net (fo=0)                   0.266     0.633    s_axi_rdata[21]
                                                                      r  s_axi_rdata[21] (OUT)
  -------------------------------------------------------------------    -------------------

Slack:                    inf
  Source:                 u_axi/s_axi_rdata_reg[22]/C
                            (rising edge-triggered cell FDRE clocked by aclk  {rise@0.000ns fall@5.000ns period=10.000ns})
  Destination:            s_axi_rdata[22]
                            (output port)
  Path Group:             (none)
  Path Type:              Min at Fast Process Corner
  Data Path Delay:        0.366ns  (logic 0.100ns (27.300%)  route 0.266ns (72.700%))
  Logic Levels:           0  
  Clock Uncertainty:      0.025ns  ((TSJ^2 + TIJ^2)^1/2 + DJ) / 2 + PE
    Total System Jitter     (TSJ):    0.050ns
    Total Input Jitter      (TIJ):    0.000ns
    Discrete Jitter          (DJ):    0.000ns
    Phase Error              (PE):    0.000ns

    Location             Delay type                Incr(ns)  Path(ns)    Netlist Resource(s)
  -------------------------------------------------------------------    -------------------
                         (clock aclk rise edge)       0.000     0.000 r  
                                                      0.000     0.000 r  aclk (IN)
                         net (fo=376, unset)          0.266     0.266    u_axi/aclk
    SLICE_X27Y87         FDRE                                         r  u_axi/s_axi_rdata_reg[22]/C
  -------------------------------------------------------------------    -------------------
    SLICE_X27Y87         FDRE (Prop_fdre_C_Q)         0.100     0.366 r  u_axi/s_axi_rdata_reg[22]/Q
                         net (fo=0)                   0.266     0.633    s_axi_rdata[22]
                                                                      r  s_axi_rdata[22] (OUT)
  -------------------------------------------------------------------    -------------------

Slack:                    inf
  Source:                 u_axi/s_axi_rdata_reg[23]/C
                            (rising edge-triggered cell FDRE clocked by aclk  {rise@0.000ns fall@5.000ns period=10.000ns})
  Destination:            s_axi_rdata[23]
                            (output port)
  Path Group:             (none)
  Path Type:              Min at Fast Process Corner
  Data Path Delay:        0.366ns  (logic 0.100ns (27.300%)  route 0.266ns (72.700%))
  Logic Levels:           0  
  Clock Uncertainty:      0.025ns  ((TSJ^2 + TIJ^2)^1/2 + DJ) / 2 + PE
    Total System Jitter     (TSJ):    0.050ns
    Total Input Jitter      (TIJ):    0.000ns
    Discrete Jitter          (DJ):    0.000ns
    Phase Error              (PE):    0.000ns

    Location             Delay type                Incr(ns)  Path(ns)    Netlist Resource(s)
  -------------------------------------------------------------------    -------------------
                         (clock aclk rise edge)       0.000     0.000 r  
                                                      0.000     0.000 r  aclk (IN)
                         net (fo=376, unset)          0.266     0.266    u_axi/aclk
    SLICE_X11Y92         FDRE                                         r  u_axi/s_axi_rdata_reg[23]/C
  -------------------------------------------------------------------    -------------------
    SLICE_X11Y92         FDRE (Prop_fdre_C_Q)         0.100     0.366 r  u_axi/s_axi_rdata_reg[23]/Q
                         net (fo=0)                   0.266     0.633    s_axi_rdata[23]
                                                                      r  s_axi_rdata[23] (OUT)
  -------------------------------------------------------------------    -------------------

Slack:                    inf
  Source:                 u_axi/s_axi_rdata_reg[24]/C
                            (rising edge-triggered cell FDRE clocked by aclk  {rise@0.000ns fall@5.000ns period=10.000ns})
  Destination:            s_axi_rdata[24]
                            (output port)
  Path Group:             (none)
  Path Type:              Min at Fast Process Corner
  Data Path Delay:        0.366ns  (logic 0.100ns (27.300%)  route 0.266ns (72.700%))
  Logic Levels:           0  
  Clock Uncertainty:      0.025ns  ((TSJ^2 + TIJ^2)^1/2 + DJ) / 2 + PE
    Total System Jitter     (TSJ):    0.050ns
    Total Input Jitter      (TIJ):    0.000ns
    Discrete Jitter          (DJ):    0.000ns
    Phase Error              (PE):    0.000ns

    Location             Delay type                Incr(ns)  Path(ns)    Netlist Resource(s)
  -------------------------------------------------------------------    -------------------
                         (clock aclk rise edge)       0.000     0.000 r  
                                                      0.000     0.000 r  aclk (IN)
                         net (fo=376, unset)          0.266     0.266    u_axi/aclk
    SLICE_X11Y92         FDRE                                         r  u_axi/s_axi_rdata_reg[24]/C
  -------------------------------------------------------------------    -------------------
    SLICE_X11Y92         FDRE (Prop_fdre_C_Q)         0.100     0.366 r  u_axi/s_axi_rdata_reg[24]/Q
                         net (fo=0)                   0.266     0.633    s_axi_rdata[24]
                                                                      r  s_axi_rdata[24] (OUT)
  -------------------------------------------------------------------    -------------------

Slack:                    inf
  Source:                 u_axi/s_axi_rdata_reg[25]/C
                            (rising edge-triggered cell FDRE clocked by aclk  {rise@0.000ns fall@5.000ns period=10.000ns})
  Destination:            s_axi_rdata[25]
                            (output port)
  Path Group:             (none)
  Path Type:              Min at Fast Process Corner
  Data Path Delay:        0.366ns  (logic 0.100ns (27.300%)  route 0.266ns (72.700%))
  Logic Levels:           0  
  Clock Uncertainty:      0.025ns  ((TSJ^2 + TIJ^2)^1/2 + DJ) / 2 + PE
    Total System Jitter     (TSJ):    0.050ns
    Total Input Jitter      (TIJ):    0.000ns
    Discrete Jitter          (DJ):    0.000ns
    Phase Error              (PE):    0.000ns

    Location             Delay type                Incr(ns)  Path(ns)    Netlist Resource(s)
  -------------------------------------------------------------------    -------------------
                         (clock aclk rise edge)       0.000     0.000 r  
                                                      0.000     0.000 r  aclk (IN)
                         net (fo=376, unset)          0.266     0.266    u_axi/aclk
    SLICE_X5Y94          FDRE                                         r  u_axi/s_axi_rdata_reg[25]/C
  -------------------------------------------------------------------    -------------------
    SLICE_X5Y94          FDRE (Prop_fdre_C_Q)         0.100     0.366 r  u_axi/s_axi_rdata_reg[25]/Q
                         net (fo=0)                   0.266     0.633    s_axi_rdata[25]
                                                                      r  s_axi_rdata[25] (OUT)
  -------------------------------------------------------------------    -------------------





--------------------------------------------------------------------------------------
Path Group:  (none)
From Clock:  net_clk
  To Clock:  

Max Delay            81 Endpoints
Min Delay            81 Endpoints
--------------------------------------------------------------------------------------


Max Delay Paths
--------------------------------------------------------------------------------------
Slack:                    inf
  Source:                 u_clk/time_ns_reg[0]/C
                            (rising edge-triggered cell FDRE clocked by net_clk  {rise@0.000ns fall@3.200ns period=6.400ns})
  Destination:            time_ns[0]
                            (output port)
  Path Group:             (none)
  Path Type:              Max at Slow Process Corner
  Data Path Delay:        0.796ns  (logic 0.259ns (32.538%)  route 0.537ns (67.462%))
  Logic Levels:           0  
  Clock Uncertainty:      0.025ns  ((TSJ^2 + TIJ^2)^1/2 + DJ) / 2 + PE
    Total System Jitter     (TSJ):    0.050ns
    Total Input Jitter      (TIJ):    0.000ns
    Discrete Jitter          (DJ):    0.000ns
    Phase Error              (PE):    0.000ns

    Location             Delay type                Incr(ns)  Path(ns)    Netlist Resource(s)
  -------------------------------------------------------------------    -------------------
                         (clock net_clk rise edge)    0.000     0.000 r  
                                                      0.000     0.000 r  net_clk (IN)
                         net (fo=1291, unset)         0.537     0.537    u_clk/net_clk
    SLICE_X20Y79         FDRE                                         r  u_clk/time_ns_reg[0]/C
  -------------------------------------------------------------------    -------------------
    SLICE_X20Y79         FDRE (Prop_fdre_C_Q)         0.259     0.796 r  u_clk/time_ns_reg[0]/Q
                         net (fo=5, unset)            0.537     1.333    time_ns[0]
                                                                      r  time_ns[0] (OUT)
  -------------------------------------------------------------------    -------------------

Slack:                    inf
  Source:                 u_clk/time_ns_reg[10]/C
                            (rising edge-triggered cell FDRE clocked by net_clk  {rise@0.000ns fall@3.200ns period=6.400ns})
  Destination:            time_ns[10]
                            (output port)
  Path Group:             (none)
  Path Type:              Max at Slow Process Corner
  Data Path Delay:        0.796ns  (logic 0.259ns (32.538%)  route 0.537ns (67.462%))
  Logic Levels:           0  
  Clock Uncertainty:      0.025ns  ((TSJ^2 + TIJ^2)^1/2 + DJ) / 2 + PE
    Total System Jitter     (TSJ):    0.050ns
    Total Input Jitter      (TIJ):    0.000ns
    Discrete Jitter          (DJ):    0.000ns
    Phase Error              (PE):    0.000ns

    Location             Delay type                Incr(ns)  Path(ns)    Netlist Resource(s)
  -------------------------------------------------------------------    -------------------
                         (clock net_clk rise edge)    0.000     0.000 r  
                                                      0.000     0.000 r  net_clk (IN)
                         net (fo=1291, unset)         0.537     0.537    u_clk/net_clk
    SLICE_X20Y81         FDRE                                         r  u_clk/time_ns_reg[10]/C
  -------------------------------------------------------------------    -------------------
    SLICE_X20Y81         FDRE (Prop_fdre_C_Q)         0.259     0.796 r  u_clk/time_ns_reg[10]/Q
                         net (fo=6, unset)            0.537     1.333    time_ns[10]
                                                                      r  time_ns[10] (OUT)
  -------------------------------------------------------------------    -------------------

Slack:                    inf
  Source:                 u_clk/time_ns_reg[15]/C
                            (rising edge-triggered cell FDRE clocked by net_clk  {rise@0.000ns fall@3.200ns period=6.400ns})
  Destination:            time_ns[15]
                            (output port)
  Path Group:             (none)
  Path Type:              Max at Slow Process Corner
  Data Path Delay:        0.796ns  (logic 0.259ns (32.538%)  route 0.537ns (67.462%))
  Logic Levels:           0  
  Clock Uncertainty:      0.025ns  ((TSJ^2 + TIJ^2)^1/2 + DJ) / 2 + PE
    Total System Jitter     (TSJ):    0.050ns
    Total Input Jitter      (TIJ):    0.000ns
    Discrete Jitter          (DJ):    0.000ns
    Phase Error              (PE):    0.000ns

    Location             Delay type                Incr(ns)  Path(ns)    Netlist Resource(s)
  -------------------------------------------------------------------    -------------------
                         (clock net_clk rise edge)    0.000     0.000 r  
                                                      0.000     0.000 r  net_clk (IN)
                         net (fo=1291, unset)         0.537     0.537    u_clk/net_clk
    SLICE_X20Y81         FDRE                                         r  u_clk/time_ns_reg[15]/C
  -------------------------------------------------------------------    -------------------
    SLICE_X20Y81         FDRE (Prop_fdre_C_Q)         0.259     0.796 r  u_clk/time_ns_reg[15]/Q
                         net (fo=6, unset)            0.537     1.333    time_ns[15]
                                                                      r  time_ns[15] (OUT)
  -------------------------------------------------------------------    -------------------

Slack:                    inf
  Source:                 u_clk/time_ns_reg[1]/C
                            (rising edge-triggered cell FDRE clocked by net_clk  {rise@0.000ns fall@3.200ns period=6.400ns})
  Destination:            time_ns[1]
                            (output port)
  Path Group:             (none)
  Path Type:              Max at Slow Process Corner
  Data Path Delay:        0.796ns  (logic 0.259ns (32.538%)  route 0.537ns (67.462%))
  Logic Levels:           0  
  Clock Uncertainty:      0.025ns  ((TSJ^2 + TIJ^2)^1/2 + DJ) / 2 + PE
    Total System Jitter     (TSJ):    0.050ns
    Total Input Jitter      (TIJ):    0.000ns
    Discrete Jitter          (DJ):    0.000ns
    Phase Error              (PE):    0.000ns

    Location             Delay type                Incr(ns)  Path(ns)    Netlist Resource(s)
  -------------------------------------------------------------------    -------------------
                         (clock net_clk rise edge)    0.000     0.000 r  
                                                      0.000     0.000 r  net_clk (IN)
                         net (fo=1291, unset)         0.537     0.537    u_clk/net_clk
    SLICE_X20Y78         FDRE                                         r  u_clk/time_ns_reg[1]/C
  -------------------------------------------------------------------    -------------------
    SLICE_X20Y78         FDRE (Prop_fdre_C_Q)         0.259     0.796 r  u_clk/time_ns_reg[1]/Q
                         net (fo=5, unset)            0.537     1.333    time_ns[1]
                                                                      r  time_ns[1] (OUT)
  -------------------------------------------------------------------    -------------------

Slack:                    inf
  Source:                 u_clk/time_ns_reg[28]/C
                            (rising edge-triggered cell FDRE clocked by net_clk  {rise@0.000ns fall@3.200ns period=6.400ns})
  Destination:            time_ns[28]
                            (output port)
  Path Group:             (none)
  Path Type:              Max at Slow Process Corner
  Data Path Delay:        0.796ns  (logic 0.259ns (32.538%)  route 0.537ns (67.462%))
  Logic Levels:           0  
  Clock Uncertainty:      0.025ns  ((TSJ^2 + TIJ^2)^1/2 + DJ) / 2 + PE
    Total System Jitter     (TSJ):    0.050ns
    Total Input Jitter      (TIJ):    0.000ns
    Discrete Jitter          (DJ):    0.000ns
    Phase Error              (PE):    0.000ns

    Location             Delay type                Incr(ns)  Path(ns)    Netlist Resource(s)
  -------------------------------------------------------------------    -------------------
                         (clock net_clk rise edge)    0.000     0.000 r  
                                                      0.000     0.000 r  net_clk (IN)
                         net (fo=1291, unset)         0.537     0.537    u_clk/net_clk
    SLICE_X22Y90         FDRE                                         r  u_clk/time_ns_reg[28]/C
  -------------------------------------------------------------------    -------------------
    SLICE_X22Y90         FDRE (Prop_fdre_C_Q)         0.259     0.796 r  u_clk/time_ns_reg[28]/Q
                         net (fo=6, unset)            0.537     1.333    time_ns[28]
                                                                      r  time_ns[28] (OUT)
  -------------------------------------------------------------------    -------------------

Slack:                    inf
  Source:                 u_clk/time_ns_reg[29]/C
                            (rising edge-triggered cell FDRE clocked by net_clk  {rise@0.000ns fall@3.200ns period=6.400ns})
  Destination:            time_ns[29]
                            (output port)
  Path Group:             (none)
  Path Type:              Max at Slow Process Corner
  Data Path Delay:        0.796ns  (logic 0.259ns (32.538%)  route 0.537ns (67.462%))
  Logic Levels:           0  
  Clock Uncertainty:      0.025ns  ((TSJ^2 + TIJ^2)^1/2 + DJ) / 2 + PE
    Total System Jitter     (TSJ):    0.050ns
    Total Input Jitter      (TIJ):    0.000ns
    Discrete Jitter          (DJ):    0.000ns
    Phase Error              (PE):    0.000ns

    Location             Delay type                Incr(ns)  Path(ns)    Netlist Resource(s)
  -------------------------------------------------------------------    -------------------
                         (clock net_clk rise edge)    0.000     0.000 r  
                                                      0.000     0.000 r  net_clk (IN)
                         net (fo=1291, unset)         0.537     0.537    u_clk/net_clk
    SLICE_X20Y89         FDRE                                         r  u_clk/time_ns_reg[29]/C
  -------------------------------------------------------------------    -------------------
    SLICE_X20Y89         FDRE (Prop_fdre_C_Q)         0.259     0.796 r  u_clk/time_ns_reg[29]/Q
                         net (fo=6, unset)            0.537     1.333    time_ns[29]
                                                                      r  time_ns[29] (OUT)
  -------------------------------------------------------------------    -------------------

Slack:                    inf
  Source:                 u_clk/time_ns_reg[30]/C
                            (rising edge-triggered cell FDRE clocked by net_clk  {rise@0.000ns fall@3.200ns period=6.400ns})
  Destination:            time_ns[30]
                            (output port)
  Path Group:             (none)
  Path Type:              Max at Slow Process Corner
  Data Path Delay:        0.796ns  (logic 0.259ns (32.538%)  route 0.537ns (67.462%))
  Logic Levels:           0  
  Clock Uncertainty:      0.025ns  ((TSJ^2 + TIJ^2)^1/2 + DJ) / 2 + PE
    Total System Jitter     (TSJ):    0.050ns
    Total Input Jitter      (TIJ):    0.000ns
    Discrete Jitter          (DJ):    0.000ns
    Phase Error              (PE):    0.000ns

    Location             Delay type                Incr(ns)  Path(ns)    Netlist Resource(s)
  -------------------------------------------------------------------    -------------------
                         (clock net_clk rise edge)    0.000     0.000 r  
                                                      0.000     0.000 r  net_clk (IN)
                         net (fo=1291, unset)         0.537     0.537    u_clk/net_clk
    SLICE_X22Y90         FDRE                                         r  u_clk/time_ns_reg[30]/C
  -------------------------------------------------------------------    -------------------
    SLICE_X22Y90         FDRE (Prop_fdre_C_Q)         0.259     0.796 r  u_clk/time_ns_reg[30]/Q
                         net (fo=5, unset)            0.537     1.333    time_ns[30]
                                                                      r  time_ns[30] (OUT)
  -------------------------------------------------------------------    -------------------

Slack:                    inf
  Source:                 u_clk/time_ns_reg[31]/C
                            (rising edge-triggered cell FDRE clocked by net_clk  {rise@0.000ns fall@3.200ns period=6.400ns})
  Destination:            time_ns[31]
                            (output port)
  Path Group:             (none)
  Path Type:              Max at Slow Process Corner
  Data Path Delay:        0.796ns  (logic 0.259ns (32.538%)  route 0.537ns (67.462%))
  Logic Levels:           0  
  Clock Uncertainty:      0.025ns  ((TSJ^2 + TIJ^2)^1/2 + DJ) / 2 + PE
    Total System Jitter     (TSJ):    0.050ns
    Total Input Jitter      (TIJ):    0.000ns
    Discrete Jitter          (DJ):    0.000ns
    Phase Error              (PE):    0.000ns

    Location             Delay type                Incr(ns)  Path(ns)    Netlist Resource(s)
  -------------------------------------------------------------------    -------------------
                         (clock net_clk rise edge)    0.000     0.000 r  
                                                      0.000     0.000 r  net_clk (IN)
                         net (fo=1291, unset)         0.537     0.537    u_clk/net_clk
    SLICE_X22Y90         FDRE                                         r  u_clk/time_ns_reg[31]/C
  -------------------------------------------------------------------    -------------------
    SLICE_X22Y90         FDRE (Prop_fdre_C_Q)         0.259     0.796 r  u_clk/time_ns_reg[31]/Q
                         net (fo=7, unset)            0.537     1.333    time_ns[31]
                                                                      r  time_ns[31] (OUT)
  -------------------------------------------------------------------    -------------------

Slack:                    inf
  Source:                 u_clk/time_ns_reg[9]/C
                            (rising edge-triggered cell FDRE clocked by net_clk  {rise@0.000ns fall@3.200ns period=6.400ns})
  Destination:            time_ns[9]
                            (output port)
  Path Group:             (none)
  Path Type:              Max at Slow Process Corner
  Data Path Delay:        0.796ns  (logic 0.259ns (32.538%)  route 0.537ns (67.462%))
  Logic Levels:           0  
  Clock Uncertainty:      0.025ns  ((TSJ^2 + TIJ^2)^1/2 + DJ) / 2 + PE
    Total System Jitter     (TSJ):    0.050ns
    Total Input Jitter      (TIJ):    0.000ns
    Discrete Jitter          (DJ):    0.000ns
    Phase Error              (PE):    0.000ns

    Location             Delay type                Incr(ns)  Path(ns)    Netlist Resource(s)
  -------------------------------------------------------------------    -------------------
                         (clock net_clk rise edge)    0.000     0.000 r  
                                                      0.000     0.000 r  net_clk (IN)
                         net (fo=1291, unset)         0.537     0.537    u_clk/net_clk
    SLICE_X20Y81         FDRE                                         r  u_clk/time_ns_reg[9]/C
  -------------------------------------------------------------------    -------------------
    SLICE_X20Y81         FDRE (Prop_fdre_C_Q)         0.259     0.796 r  u_clk/time_ns_reg[9]/Q
                         net (fo=6, unset)            0.537     1.333    time_ns[9]
                                                                      r  time_ns[9] (OUT)
  -------------------------------------------------------------------    -------------------

Slack:                    inf
  Source:                 u_clk/time_sec_reg[0]/C
                            (rising edge-triggered cell FDRE clocked by net_clk  {rise@0.000ns fall@3.200ns period=6.400ns})
  Destination:            time_sec[0]
                            (output port)
  Path Group:             (none)
  Path Type:              Max at Slow Process Corner
  Data Path Delay:        0.796ns  (logic 0.259ns (32.538%)  route 0.537ns (67.462%))
  Logic Levels:           0  
  Clock Uncertainty:      0.025ns  ((TSJ^2 + TIJ^2)^1/2 + DJ) / 2 + PE
    Total System Jitter     (TSJ):    0.050ns
    Total Input Jitter      (TIJ):    0.000ns
    Discrete Jitter          (DJ):    0.000ns
    Phase Error              (PE):    0.000ns

    Location             Delay type                Incr(ns)  Path(ns)    Netlist Resource(s)
  -------------------------------------------------------------------    -------------------
                         (clock net_clk rise edge)    0.000     0.000 r  
                                                      0.000     0.000 r  net_clk (IN)
                         net (fo=1291, unset)         0.537     0.537    u_clk/net_clk
    SLICE_X18Y79         FDRE                                         r  u_clk/time_sec_reg[0]/C
  -------------------------------------------------------------------    -------------------
    SLICE_X18Y79         FDRE (Prop_fdre_C_Q)         0.259     0.796 r  u_clk/time_sec_reg[0]/Q
                         net (fo=5, unset)            0.537     1.333    time_sec[0]
                                                                      r  time_sec[0] (OUT)
  -------------------------------------------------------------------    -------------------

Slack:                    inf
  Source:                 u_clk/time_sec_reg[10]/C
                            (rising edge-triggered cell FDRE clocked by net_clk  {rise@0.000ns fall@3.200ns period=6.400ns})
  Destination:            time_sec[10]
                            (output port)
  Path Group:             (none)
  Path Type:              Max at Slow Process Corner
  Data Path Delay:        0.796ns  (logic 0.259ns (32.538%)  route 0.537ns (67.462%))
  Logic Levels:           0  
  Clock Uncertainty:      0.025ns  ((TSJ^2 + TIJ^2)^1/2 + DJ) / 2 + PE
    Total System Jitter     (TSJ):    0.050ns
    Total Input Jitter      (TIJ):    0.000ns
    Discrete Jitter          (DJ):    0.000ns
    Phase Error              (PE):    0.000ns

    Location             Delay type                Incr(ns)  Path(ns)    Netlist Resource(s)
  -------------------------------------------------------------------    -------------------
                         (clock net_clk rise edge)    0.000     0.000 r  
                                                      0.000     0.000 r  net_clk (IN)
                         net (fo=1291, unset)         0.537     0.537    u_clk/net_clk
    SLICE_X12Y84         FDRE                                         r  u_clk/time_sec_reg[10]/C
  -------------------------------------------------------------------    -------------------
    SLICE_X12Y84         FDRE (Prop_fdre_C_Q)         0.259     0.796 r  u_clk/time_sec_reg[10]/Q
                         net (fo=5, unset)            0.537     1.333    time_sec[10]
                                                                      r  time_sec[10] (OUT)
  -------------------------------------------------------------------    -------------------

Slack:                    inf
  Source:                 u_clk/time_sec_reg[12]/C
                            (rising edge-triggered cell FDRE clocked by net_clk  {rise@0.000ns fall@3.200ns period=6.400ns})
  Destination:            time_sec[12]
                            (output port)
  Path Group:             (none)
  Path Type:              Max at Slow Process Corner
  Data Path Delay:        0.796ns  (logic 0.259ns (32.538%)  route 0.537ns (67.462%))
  Logic Levels:           0  
  Clock Uncertainty:      0.025ns  ((TSJ^2 + TIJ^2)^1/2 + DJ) / 2 + PE
    Total System Jitter     (TSJ):    0.050ns
    Total Input Jitter      (TIJ):    0.000ns
    Discrete Jitter          (DJ):    0.000ns
    Phase Error              (PE):    0.000ns

    Location             Delay type                Incr(ns)  Path(ns)    Netlist Resource(s)
  -------------------------------------------------------------------    -------------------
                         (clock net_clk rise edge)    0.000     0.000 r  
                                                      0.000     0.000 r  net_clk (IN)
                         net (fo=1291, unset)         0.537     0.537    u_clk/net_clk
    SLICE_X12Y85         FDRE                                         r  u_clk/time_sec_reg[12]/C
  -------------------------------------------------------------------    -------------------
    SLICE_X12Y85         FDRE (Prop_fdre_C_Q)         0.259     0.796 r  u_clk/time_sec_reg[12]/Q
                         net (fo=5, unset)            0.537     1.333    time_sec[12]
                                                                      r  time_sec[12] (OUT)
  -------------------------------------------------------------------    -------------------

Slack:                    inf
  Source:                 u_clk/time_sec_reg[13]/C
                            (rising edge-triggered cell FDRE clocked by net_clk  {rise@0.000ns fall@3.200ns period=6.400ns})
  Destination:            time_sec[13]
                            (output port)
  Path Group:             (none)
  Path Type:              Max at Slow Process Corner
  Data Path Delay:        0.796ns  (logic 0.259ns (32.538%)  route 0.537ns (67.462%))
  Logic Levels:           0  
  Clock Uncertainty:      0.025ns  ((TSJ^2 + TIJ^2)^1/2 + DJ) / 2 + PE
    Total System Jitter     (TSJ):    0.050ns
    Total Input Jitter      (TIJ):    0.000ns
    Discrete Jitter          (DJ):    0.000ns
    Phase Error              (PE):    0.000ns

    Location             Delay type                Incr(ns)  Path(ns)    Netlist Resource(s)
  -------------------------------------------------------------------    -------------------
                         (clock net_clk rise edge)    0.000     0.000 r  
                                                      0.000     0.000 r  net_clk (IN)
                         net (fo=1291, unset)         0.537     0.537    u_clk/net_clk
    SLICE_X12Y86         FDRE                                         r  u_clk/time_sec_reg[13]/C
  -------------------------------------------------------------------    -------------------
    SLICE_X12Y86         FDRE (Prop_fdre_C_Q)         0.259     0.796 r  u_clk/time_sec_reg[13]/Q
                         net (fo=5, unset)            0.537     1.333    time_sec[13]
                                                                      r  time_sec[13] (OUT)
  -------------------------------------------------------------------    -------------------

Slack:                    inf
  Source:                 u_clk/time_sec_reg[15]/C
                            (rising edge-triggered cell FDRE clocked by net_clk  {rise@0.000ns fall@3.200ns period=6.400ns})
  Destination:            time_sec[15]
                            (output port)
  Path Group:             (none)
  Path Type:              Max at Slow Process Corner
  Data Path Delay:        0.796ns  (logic 0.259ns (32.538%)  route 0.537ns (67.462%))
  Logic Levels:           0  
  Clock Uncertainty:      0.025ns  ((TSJ^2 + TIJ^2)^1/2 + DJ) / 2 + PE
    Total System Jitter     (TSJ):    0.050ns
    Total Input Jitter      (TIJ):    0.000ns
    Discrete Jitter          (DJ):    0.000ns
    Phase Error              (PE):    0.000ns

    Location             Delay type                Incr(ns)  Path(ns)    Netlist Resource(s)
  -------------------------------------------------------------------    -------------------
                         (clock net_clk rise edge)    0.000     0.000 r  
                                                      0.000     0.000 r  net_clk (IN)
                         net (fo=1291, unset)         0.537     0.537    u_clk/net_clk
    SLICE_X12Y86         FDRE                                         r  u_clk/time_sec_reg[15]/C
  -------------------------------------------------------------------    -------------------
    SLICE_X12Y86         FDRE (Prop_fdre_C_Q)         0.259     0.796 r  u_clk/time_sec_reg[15]/Q
                         net (fo=5, unset)            0.537     1.333    time_sec[15]
                                                                      r  time_sec[15] (OUT)
  -------------------------------------------------------------------    -------------------

Slack:                    inf
  Source:                 u_clk/time_sec_reg[17]/C
                            (rising edge-triggered cell FDRE clocked by net_clk  {rise@0.000ns fall@3.200ns period=6.400ns})
  Destination:            time_sec[17]
                            (output port)
  Path Group:             (none)
  Path Type:              Max at Slow Process Corner
  Data Path Delay:        0.796ns  (logic 0.259ns (32.538%)  route 0.537ns (67.462%))
  Logic Levels:           0  
  Clock Uncertainty:      0.025ns  ((TSJ^2 + TIJ^2)^1/2 + DJ) / 2 + PE
    Total System Jitter     (TSJ):    0.050ns
    Total Input Jitter      (TIJ):    0.000ns
    Discrete Jitter          (DJ):    0.000ns
    Phase Error              (PE):    0.000ns

    Location             Delay type                Incr(ns)  Path(ns)    Netlist Resource(s)
  -------------------------------------------------------------------    -------------------
                         (clock net_clk rise edge)    0.000     0.000 r  
                                                      0.000     0.000 r  net_clk (IN)
                         net (fo=1291, unset)         0.537     0.537    u_clk/net_clk
    SLICE_X12Y88         FDRE                                         r  u_clk/time_sec_reg[17]/C
  -------------------------------------------------------------------    -------------------
    SLICE_X12Y88         FDRE (Prop_fdre_C_Q)         0.259     0.796 r  u_clk/time_sec_reg[17]/Q
                         net (fo=5, unset)            0.537     1.333    time_sec[17]
                                                                      r  time_sec[17] (OUT)
  -------------------------------------------------------------------    -------------------

Slack:                    inf
  Source:                 u_clk/time_sec_reg[19]/C
                            (rising edge-triggered cell FDRE clocked by net_clk  {rise@0.000ns fall@3.200ns period=6.400ns})
  Destination:            time_sec[19]
                            (output port)
  Path Group:             (none)
  Path Type:              Max at Slow Process Corner
  Data Path Delay:        0.796ns  (logic 0.259ns (32.538%)  route 0.537ns (67.462%))
  Logic Levels:           0  
  Clock Uncertainty:      0.025ns  ((TSJ^2 + TIJ^2)^1/2 + DJ) / 2 + PE
    Total System Jitter     (TSJ):    0.050ns
    Total Input Jitter      (TIJ):    0.000ns
    Discrete Jitter          (DJ):    0.000ns
    Phase Error              (PE):    0.000ns

    Location             Delay type                Incr(ns)  Path(ns)    Netlist Resource(s)
  -------------------------------------------------------------------    -------------------
                         (clock net_clk rise edge)    0.000     0.000 r  
                                                      0.000     0.000 r  net_clk (IN)
                         net (fo=1291, unset)         0.537     0.537    u_clk/net_clk
    SLICE_X12Y88         FDRE                                         r  u_clk/time_sec_reg[19]/C
  -------------------------------------------------------------------    -------------------
    SLICE_X12Y88         FDRE (Prop_fdre_C_Q)         0.259     0.796 r  u_clk/time_sec_reg[19]/Q
                         net (fo=5, unset)            0.537     1.333    time_sec[19]
                                                                      r  time_sec[19] (OUT)
  -------------------------------------------------------------------    -------------------

Slack:                    inf
  Source:                 u_clk/time_sec_reg[21]/C
                            (rising edge-triggered cell FDRE clocked by net_clk  {rise@0.000ns fall@3.200ns period=6.400ns})
  Destination:            time_sec[21]
                            (output port)
  Path Group:             (none)
  Path Type:              Max at Slow Process Corner
  Data Path Delay:        0.796ns  (logic 0.259ns (32.538%)  route 0.537ns (67.462%))
  Logic Levels:           0  
  Clock Uncertainty:      0.025ns  ((TSJ^2 + TIJ^2)^1/2 + DJ) / 2 + PE
    Total System Jitter     (TSJ):    0.050ns
    Total Input Jitter      (TIJ):    0.000ns
    Discrete Jitter          (DJ):    0.000ns
    Phase Error              (PE):    0.000ns

    Location             Delay type                Incr(ns)  Path(ns)    Netlist Resource(s)
  -------------------------------------------------------------------    -------------------
                         (clock net_clk rise edge)    0.000     0.000 r  
                                                      0.000     0.000 r  net_clk (IN)
                         net (fo=1291, unset)         0.537     0.537    u_clk/net_clk
    SLICE_X16Y90         FDRE                                         r  u_clk/time_sec_reg[21]/C
  -------------------------------------------------------------------    -------------------
    SLICE_X16Y90         FDRE (Prop_fdre_C_Q)         0.259     0.796 r  u_clk/time_sec_reg[21]/Q
                         net (fo=5, unset)            0.537     1.333    time_sec[21]
                                                                      r  time_sec[21] (OUT)
  -------------------------------------------------------------------    -------------------

Slack:                    inf
  Source:                 u_clk/time_sec_reg[23]/C
                            (rising edge-triggered cell FDRE clocked by net_clk  {rise@0.000ns fall@3.200ns period=6.400ns})
  Destination:            time_sec[23]
                            (output port)
  Path Group:             (none)
  Path Type:              Max at Slow Process Corner
  Data Path Delay:        0.796ns  (logic 0.259ns (32.538%)  route 0.537ns (67.462%))
  Logic Levels:           0  
  Clock Uncertainty:      0.025ns  ((TSJ^2 + TIJ^2)^1/2 + DJ) / 2 + PE
    Total System Jitter     (TSJ):    0.050ns
    Total Input Jitter      (TIJ):    0.000ns
    Discrete Jitter          (DJ):    0.000ns
    Phase Error              (PE):    0.000ns

    Location             Delay type                Incr(ns)  Path(ns)    Netlist Resource(s)
  -------------------------------------------------------------------    -------------------
                         (clock net_clk rise edge)    0.000     0.000 r  
                                                      0.000     0.000 r  net_clk (IN)
                         net (fo=1291, unset)         0.537     0.537    u_clk/net_clk
    SLICE_X12Y89         FDRE                                         r  u_clk/time_sec_reg[23]/C
  -------------------------------------------------------------------    -------------------
    SLICE_X12Y89         FDRE (Prop_fdre_C_Q)         0.259     0.796 r  u_clk/time_sec_reg[23]/Q
                         net (fo=5, unset)            0.537     1.333    time_sec[23]
                                                                      r  time_sec[23] (OUT)
  -------------------------------------------------------------------    -------------------

Slack:                    inf
  Source:                 u_clk/time_sec_reg[24]/C
                            (rising edge-triggered cell FDRE clocked by net_clk  {rise@0.000ns fall@3.200ns period=6.400ns})
  Destination:            time_sec[24]
                            (output port)
  Path Group:             (none)
  Path Type:              Max at Slow Process Corner
  Data Path Delay:        0.796ns  (logic 0.259ns (32.538%)  route 0.537ns (67.462%))
  Logic Levels:           0  
  Clock Uncertainty:      0.025ns  ((TSJ^2 + TIJ^2)^1/2 + DJ) / 2 + PE
    Total System Jitter     (TSJ):    0.050ns
    Total Input Jitter      (TIJ):    0.000ns
    Discrete Jitter          (DJ):    0.000ns
    Phase Error              (PE):    0.000ns

    Location             Delay type                Incr(ns)  Path(ns)    Netlist Resource(s)
  -------------------------------------------------------------------    -------------------
                         (clock net_clk rise edge)    0.000     0.000 r  
                                                      0.000     0.000 r  net_clk (IN)
                         net (fo=1291, unset)         0.537     0.537    u_clk/net_clk
    SLICE_X12Y90         FDRE                                         r  u_clk/time_sec_reg[24]/C
  -------------------------------------------------------------------    -------------------
    SLICE_X12Y90         FDRE (Prop_fdre_C_Q)         0.259     0.796 r  u_clk/time_sec_reg[24]/Q
                         net (fo=5, unset)            0.537     1.333    time_sec[24]
                                                                      r  time_sec[24] (OUT)
  -------------------------------------------------------------------    -------------------

Slack:                    inf
  Source:                 u_clk/time_sec_reg[25]/C
                            (rising edge-triggered cell FDRE clocked by net_clk  {rise@0.000ns fall@3.200ns period=6.400ns})
  Destination:            time_sec[25]
                            (output port)
  Path Group:             (none)
  Path Type:              Max at Slow Process Corner
  Data Path Delay:        0.796ns  (logic 0.259ns (32.538%)  route 0.537ns (67.462%))
  Logic Levels:           0  
  Clock Uncertainty:      0.025ns  ((TSJ^2 + TIJ^2)^1/2 + DJ) / 2 + PE
    Total System Jitter     (TSJ):    0.050ns
    Total Input Jitter      (TIJ):    0.000ns
    Discrete Jitter          (DJ):    0.000ns
    Phase Error              (PE):    0.000ns

    Location             Delay type                Incr(ns)  Path(ns)    Netlist Resource(s)
  -------------------------------------------------------------------    -------------------
                         (clock net_clk rise edge)    0.000     0.000 r  
                                                      0.000     0.000 r  net_clk (IN)
                         net (fo=1291, unset)         0.537     0.537    u_clk/net_clk
    SLICE_X16Y91         FDRE                                         r  u_clk/time_sec_reg[25]/C
  -------------------------------------------------------------------    -------------------
    SLICE_X16Y91         FDRE (Prop_fdre_C_Q)         0.259     0.796 r  u_clk/time_sec_reg[25]/Q
                         net (fo=5, unset)            0.537     1.333    time_sec[25]
                                                                      r  time_sec[25] (OUT)
  -------------------------------------------------------------------    -------------------





Min Delay Paths
--------------------------------------------------------------------------------------
Slack:                    inf
  Source:                 u_clk/pps_reg/C
                            (rising edge-triggered cell FDRE clocked by net_clk  {rise@0.000ns fall@3.200ns period=6.400ns})
  Destination:            pps
                            (output port)
  Path Group:             (none)
  Path Type:              Min at Fast Process Corner
  Data Path Delay:        0.366ns  (logic 0.100ns (27.300%)  route 0.266ns (72.700%))
  Logic Levels:           0  
  Clock Uncertainty:      0.025ns  ((TSJ^2 + TIJ^2)^1/2 + DJ) / 2 + PE
    Total System Jitter     (TSJ):    0.050ns
    Total Input Jitter      (TIJ):    0.000ns
    Discrete Jitter          (DJ):    0.000ns
    Phase Error              (PE):    0.000ns

    Location             Delay type                Incr(ns)  Path(ns)    Netlist Resource(s)
  -------------------------------------------------------------------    -------------------
                         (clock net_clk rise edge)    0.000     0.000 r  
                                                      0.000     0.000 r  net_clk (IN)
                         net (fo=1291, unset)         0.266     0.266    u_clk/net_clk
    SLICE_X26Y89         FDRE                                         r  u_clk/pps_reg/C
  -------------------------------------------------------------------    -------------------
    SLICE_X26Y89         FDRE (Prop_fdre_C_Q)         0.100     0.366 r  u_clk/pps_reg/Q
                         net (fo=0)                   0.266     0.633    pps
                                                                      r  pps (OUT)
  -------------------------------------------------------------------    -------------------

Slack:                    inf
  Source:                 u_clk/time_ns_reg[11]/C
                            (rising edge-triggered cell FDRE clocked by net_clk  {rise@0.000ns fall@3.200ns period=6.400ns})
  Destination:            time_ns[11]
                            (output port)
  Path Group:             (none)
  Path Type:              Min at Fast Process Corner
  Data Path Delay:        0.366ns  (logic 0.100ns (27.300%)  route 0.266ns (72.700%))
  Logic Levels:           0  
  Clock Uncertainty:      0.025ns  ((TSJ^2 + TIJ^2)^1/2 + DJ) / 2 + PE
    Total System Jitter     (TSJ):    0.050ns
    Total Input Jitter      (TIJ):    0.000ns
    Discrete Jitter          (DJ):    0.000ns
    Phase Error              (PE):    0.000ns

    Location             Delay type                Incr(ns)  Path(ns)    Netlist Resource(s)
  -------------------------------------------------------------------    -------------------
                         (clock net_clk rise edge)    0.000     0.000 r  
                                                      0.000     0.000 r  net_clk (IN)
                         net (fo=1291, unset)         0.266     0.266    u_clk/net_clk
    SLICE_X21Y81         FDRE                                         r  u_clk/time_ns_reg[11]/C
  -------------------------------------------------------------------    -------------------
    SLICE_X21Y81         FDRE (Prop_fdre_C_Q)         0.100     0.366 r  u_clk/time_ns_reg[11]/Q
                         net (fo=6, unset)            0.266     0.633    time_ns[11]
                                                                      r  time_ns[11] (OUT)
  -------------------------------------------------------------------    -------------------

Slack:                    inf
  Source:                 u_clk/time_ns_reg[12]/C
                            (rising edge-triggered cell FDRE clocked by net_clk  {rise@0.000ns fall@3.200ns period=6.400ns})
  Destination:            time_ns[12]
                            (output port)
  Path Group:             (none)
  Path Type:              Min at Fast Process Corner
  Data Path Delay:        0.366ns  (logic 0.100ns (27.300%)  route 0.266ns (72.700%))
  Logic Levels:           0  
  Clock Uncertainty:      0.025ns  ((TSJ^2 + TIJ^2)^1/2 + DJ) / 2 + PE
    Total System Jitter     (TSJ):    0.050ns
    Total Input Jitter      (TIJ):    0.000ns
    Discrete Jitter          (DJ):    0.000ns
    Phase Error              (PE):    0.000ns

    Location             Delay type                Incr(ns)  Path(ns)    Netlist Resource(s)
  -------------------------------------------------------------------    -------------------
                         (clock net_clk rise edge)    0.000     0.000 r  
                                                      0.000     0.000 r  net_clk (IN)
                         net (fo=1291, unset)         0.266     0.266    u_clk/net_clk
    SLICE_X21Y81         FDRE                                         r  u_clk/time_ns_reg[12]/C
  -------------------------------------------------------------------    -------------------
    SLICE_X21Y81         FDRE (Prop_fdre_C_Q)         0.100     0.366 r  u_clk/time_ns_reg[12]/Q
                         net (fo=6, unset)            0.266     0.633    time_ns[12]
                                                                      r  time_ns[12] (OUT)
  -------------------------------------------------------------------    -------------------

Slack:                    inf
  Source:                 u_clk/time_ns_reg[13]/C
                            (rising edge-triggered cell FDRE clocked by net_clk  {rise@0.000ns fall@3.200ns period=6.400ns})
  Destination:            time_ns[13]
                            (output port)
  Path Group:             (none)
  Path Type:              Min at Fast Process Corner
  Data Path Delay:        0.366ns  (logic 0.100ns (27.300%)  route 0.266ns (72.700%))
  Logic Levels:           0  
  Clock Uncertainty:      0.025ns  ((TSJ^2 + TIJ^2)^1/2 + DJ) / 2 + PE
    Total System Jitter     (TSJ):    0.050ns
    Total Input Jitter      (TIJ):    0.000ns
    Discrete Jitter          (DJ):    0.000ns
    Phase Error              (PE):    0.000ns

    Location             Delay type                Incr(ns)  Path(ns)    Netlist Resource(s)
  -------------------------------------------------------------------    -------------------
                         (clock net_clk rise edge)    0.000     0.000 r  
                                                      0.000     0.000 r  net_clk (IN)
                         net (fo=1291, unset)         0.266     0.266    u_clk/net_clk
    SLICE_X25Y83         FDRE                                         r  u_clk/time_ns_reg[13]/C
  -------------------------------------------------------------------    -------------------
    SLICE_X25Y83         FDRE (Prop_fdre_C_Q)         0.100     0.366 r  u_clk/time_ns_reg[13]/Q
                         net (fo=6, unset)            0.266     0.633    time_ns[13]
                                                                      r  time_ns[13] (OUT)
  -------------------------------------------------------------------    -------------------

Slack:                    inf
  Source:                 u_clk/time_ns_reg[14]/C
                            (rising edge-triggered cell FDRE clocked by net_clk  {rise@0.000ns fall@3.200ns period=6.400ns})
  Destination:            time_ns[14]
                            (output port)
  Path Group:             (none)
  Path Type:              Min at Fast Process Corner
  Data Path Delay:        0.366ns  (logic 0.100ns (27.300%)  route 0.266ns (72.700%))
  Logic Levels:           0  
  Clock Uncertainty:      0.025ns  ((TSJ^2 + TIJ^2)^1/2 + DJ) / 2 + PE
    Total System Jitter     (TSJ):    0.050ns
    Total Input Jitter      (TIJ):    0.000ns
    Discrete Jitter          (DJ):    0.000ns
    Phase Error              (PE):    0.000ns

    Location             Delay type                Incr(ns)  Path(ns)    Netlist Resource(s)
  -------------------------------------------------------------------    -------------------
                         (clock net_clk rise edge)    0.000     0.000 r  
                                                      0.000     0.000 r  net_clk (IN)
                         net (fo=1291, unset)         0.266     0.266    u_clk/net_clk
    SLICE_X25Y82         FDRE                                         r  u_clk/time_ns_reg[14]/C
  -------------------------------------------------------------------    -------------------
    SLICE_X25Y82         FDRE (Prop_fdre_C_Q)         0.100     0.366 r  u_clk/time_ns_reg[14]/Q
                         net (fo=6, unset)            0.266     0.633    time_ns[14]
                                                                      r  time_ns[14] (OUT)
  -------------------------------------------------------------------    -------------------

Slack:                    inf
  Source:                 u_clk/time_ns_reg[16]/C
                            (rising edge-triggered cell FDRE clocked by net_clk  {rise@0.000ns fall@3.200ns period=6.400ns})
  Destination:            time_ns[16]
                            (output port)
  Path Group:             (none)
  Path Type:              Min at Fast Process Corner
  Data Path Delay:        0.366ns  (logic 0.100ns (27.300%)  route 0.266ns (72.700%))
  Logic Levels:           0  
  Clock Uncertainty:      0.025ns  ((TSJ^2 + TIJ^2)^1/2 + DJ) / 2 + PE
    Total System Jitter     (TSJ):    0.050ns
    Total Input Jitter      (TIJ):    0.000ns
    Discrete Jitter          (DJ):    0.000ns
    Phase Error              (PE):    0.000ns

    Location             Delay type                Incr(ns)  Path(ns)    Netlist Resource(s)
  -------------------------------------------------------------------    -------------------
                         (clock net_clk rise edge)    0.000     0.000 r  
                                                      0.000     0.000 r  net_clk (IN)
                         net (fo=1291, unset)         0.266     0.266    u_clk/net_clk
    SLICE_X26Y84         FDRE                                         r  u_clk/time_ns_reg[16]/C
  -------------------------------------------------------------------    -------------------
    SLICE_X26Y84         FDRE (Prop_fdre_C_Q)         0.100     0.366 r  u_clk/time_ns_reg[16]/Q
                         net (fo=6, unset)            0.266     0.633    time_ns[16]
                                                                      r  time_ns[16] (OUT)
  -------------------------------------------------------------------    -------------------

Slack:                    inf
  Source:                 u_clk/time_ns_reg[17]/C
                            (rising edge-triggered cell FDRE clocked by net_clk  {rise@0.000ns fall@3.200ns period=6.400ns})
  Destination:            time_ns[17]
                            (output port)
  Path Group:             (none)
  Path Type:              Min at Fast Process Corner
  Data Path Delay:        0.366ns  (logic 0.100ns (27.300%)  route 0.266ns (72.700%))
  Logic Levels:           0  
  Clock Uncertainty:      0.025ns  ((TSJ^2 + TIJ^2)^1/2 + DJ) / 2 + PE
    Total System Jitter     (TSJ):    0.050ns
    Total Input Jitter      (TIJ):    0.000ns
    Discrete Jitter          (DJ):    0.000ns
    Phase Error              (PE):    0.000ns

    Location             Delay type                Incr(ns)  Path(ns)    Netlist Resource(s)
  -------------------------------------------------------------------    -------------------
                         (clock net_clk rise edge)    0.000     0.000 r  
                                                      0.000     0.000 r  net_clk (IN)
                         net (fo=1291, unset)         0.266     0.266    u_clk/net_clk
    SLICE_X26Y84         FDRE                                         r  u_clk/time_ns_reg[17]/C
  -------------------------------------------------------------------    -------------------
    SLICE_X26Y84         FDRE (Prop_fdre_C_Q)         0.100     0.366 r  u_clk/time_ns_reg[17]/Q
                         net (fo=6, unset)            0.266     0.633    time_ns[17]
                                                                      r  time_ns[17] (OUT)
  -------------------------------------------------------------------    -------------------

Slack:                    inf
  Source:                 u_clk/time_ns_reg[18]/C
                            (rising edge-triggered cell FDRE clocked by net_clk  {rise@0.000ns fall@3.200ns period=6.400ns})
  Destination:            time_ns[18]
                            (output port)
  Path Group:             (none)
  Path Type:              Min at Fast Process Corner
  Data Path Delay:        0.366ns  (logic 0.100ns (27.300%)  route 0.266ns (72.700%))
  Logic Levels:           0  
  Clock Uncertainty:      0.025ns  ((TSJ^2 + TIJ^2)^1/2 + DJ) / 2 + PE
    Total System Jitter     (TSJ):    0.050ns
    Total Input Jitter      (TIJ):    0.000ns
    Discrete Jitter          (DJ):    0.000ns
    Phase Error              (PE):    0.000ns

    Location             Delay type                Incr(ns)  Path(ns)    Netlist Resource(s)
  -------------------------------------------------------------------    -------------------
                         (clock net_clk rise edge)    0.000     0.000 r  
                                                      0.000     0.000 r  net_clk (IN)
                         net (fo=1291, unset)         0.266     0.266    u_clk/net_clk
    SLICE_X26Y84         FDRE                                         r  u_clk/time_ns_reg[18]/C
  -------------------------------------------------------------------    -------------------
    SLICE_X26Y84         FDRE (Prop_fdre_C_Q)         0.100     0.366 r  u_clk/time_ns_reg[18]/Q
                         net (fo=6, unset)            0.266     0.633    time_ns[18]
                                                                      r  time_ns[18] (OUT)
  -------------------------------------------------------------------    -------------------

Slack:                    inf
  Source:                 u_clk/time_ns_reg[19]/C
                            (rising edge-triggered cell FDRE clocked by net_clk  {rise@0.000ns fall@3.200ns period=6.400ns})
  Destination:            time_ns[19]
                            (output port)
  Path Group:             (none)
  Path Type:              Min at Fast Process Corner
  Data Path Delay:        0.366ns  (logic 0.100ns (27.300%)  route 0.266ns (72.700%))
  Logic Levels:           0  
  Clock Uncertainty:      0.025ns  ((TSJ^2 + TIJ^2)^1/2 + DJ) / 2 + PE
    Total System Jitter     (TSJ):    0.050ns
    Total Input Jitter      (TIJ):    0.000ns
    Discrete Jitter          (DJ):    0.000ns
    Phase Error              (PE):    0.000ns

    Location             Delay type                Incr(ns)  Path(ns)    Netlist Resource(s)
  -------------------------------------------------------------------    -------------------
                         (clock net_clk rise edge)    0.000     0.000 r  
                                                      0.000     0.000 r  net_clk (IN)
                         net (fo=1291, unset)         0.266     0.266    u_clk/net_clk
    SLICE_X25Y86         FDRE                                         r  u_clk/time_ns_reg[19]/C
  -------------------------------------------------------------------    -------------------
    SLICE_X25Y86         FDRE (Prop_fdre_C_Q)         0.100     0.366 r  u_clk/time_ns_reg[19]/Q
                         net (fo=6, unset)            0.266     0.633    time_ns[19]
                                                                      r  time_ns[19] (OUT)
  -------------------------------------------------------------------    -------------------

Slack:                    inf
  Source:                 u_clk/time_ns_reg[20]/C
                            (rising edge-triggered cell FDRE clocked by net_clk  {rise@0.000ns fall@3.200ns period=6.400ns})
  Destination:            time_ns[20]
                            (output port)
  Path Group:             (none)
  Path Type:              Min at Fast Process Corner
  Data Path Delay:        0.366ns  (logic 0.100ns (27.300%)  route 0.266ns (72.700%))
  Logic Levels:           0  
  Clock Uncertainty:      0.025ns  ((TSJ^2 + TIJ^2)^1/2 + DJ) / 2 + PE
    Total System Jitter     (TSJ):    0.050ns
    Total Input Jitter      (TIJ):    0.000ns
    Discrete Jitter          (DJ):    0.000ns
    Phase Error              (PE):    0.000ns

    Location             Delay type                Incr(ns)  Path(ns)    Netlist Resource(s)
  -------------------------------------------------------------------    -------------------
                         (clock net_clk rise edge)    0.000     0.000 r  
                                                      0.000     0.000 r  net_clk (IN)
                         net (fo=1291, unset)         0.266     0.266    u_clk/net_clk
    SLICE_X25Y86         FDRE                                         r  u_clk/time_ns_reg[20]/C
  -------------------------------------------------------------------    -------------------
    SLICE_X25Y86         FDRE (Prop_fdre_C_Q)         0.100     0.366 r  u_clk/time_ns_reg[20]/Q
                         net (fo=6, unset)            0.266     0.633    time_ns[20]
                                                                      r  time_ns[20] (OUT)
  -------------------------------------------------------------------    -------------------

Slack:                    inf
  Source:                 u_clk/time_ns_reg[21]/C
                            (rising edge-triggered cell FDRE clocked by net_clk  {rise@0.000ns fall@3.200ns period=6.400ns})
  Destination:            time_ns[21]
                            (output port)
  Path Group:             (none)
  Path Type:              Min at Fast Process Corner
  Data Path Delay:        0.366ns  (logic 0.100ns (27.300%)  route 0.266ns (72.700%))
  Logic Levels:           0  
  Clock Uncertainty:      0.025ns  ((TSJ^2 + TIJ^2)^1/2 + DJ) / 2 + PE
    Total System Jitter     (TSJ):    0.050ns
    Total Input Jitter      (TIJ):    0.000ns
    Discrete Jitter          (DJ):    0.000ns
    Phase Error              (PE):    0.000ns

    Location             Delay type                Incr(ns)  Path(ns)    Netlist Resource(s)
  -------------------------------------------------------------------    -------------------
                         (clock net_clk rise edge)    0.000     0.000 r  
                                                      0.000     0.000 r  net_clk (IN)
                         net (fo=1291, unset)         0.266     0.266    u_clk/net_clk
    SLICE_X25Y88         FDRE                                         r  u_clk/time_ns_reg[21]/C
  -------------------------------------------------------------------    -------------------
    SLICE_X25Y88         FDRE (Prop_fdre_C_Q)         0.100     0.366 r  u_clk/time_ns_reg[21]/Q
                         net (fo=6, unset)            0.266     0.633    time_ns[21]
                                                                      r  time_ns[21] (OUT)
  -------------------------------------------------------------------    -------------------

Slack:                    inf
  Source:                 u_clk/time_ns_reg[22]/C
                            (rising edge-triggered cell FDRE clocked by net_clk  {rise@0.000ns fall@3.200ns period=6.400ns})
  Destination:            time_ns[22]
                            (output port)
  Path Group:             (none)
  Path Type:              Min at Fast Process Corner
  Data Path Delay:        0.366ns  (logic 0.100ns (27.300%)  route 0.266ns (72.700%))
  Logic Levels:           0  
  Clock Uncertainty:      0.025ns  ((TSJ^2 + TIJ^2)^1/2 + DJ) / 2 + PE
    Total System Jitter     (TSJ):    0.050ns
    Total Input Jitter      (TIJ):    0.000ns
    Discrete Jitter          (DJ):    0.000ns
    Phase Error              (PE):    0.000ns

    Location             Delay type                Incr(ns)  Path(ns)    Netlist Resource(s)
  -------------------------------------------------------------------    -------------------
                         (clock net_clk rise edge)    0.000     0.000 r  
                                                      0.000     0.000 r  net_clk (IN)
                         net (fo=1291, unset)         0.266     0.266    u_clk/net_clk
    SLICE_X25Y86         FDRE                                         r  u_clk/time_ns_reg[22]/C
  -------------------------------------------------------------------    -------------------
    SLICE_X25Y86         FDRE (Prop_fdre_C_Q)         0.100     0.366 r  u_clk/time_ns_reg[22]/Q
                         net (fo=6, unset)            0.266     0.633    time_ns[22]
                                                                      r  time_ns[22] (OUT)
  -------------------------------------------------------------------    -------------------

Slack:                    inf
  Source:                 u_clk/time_ns_reg[23]/C
                            (rising edge-triggered cell FDRE clocked by net_clk  {rise@0.000ns fall@3.200ns period=6.400ns})
  Destination:            time_ns[23]
                            (output port)
  Path Group:             (none)
  Path Type:              Min at Fast Process Corner
  Data Path Delay:        0.366ns  (logic 0.100ns (27.300%)  route 0.266ns (72.700%))
  Logic Levels:           0  
  Clock Uncertainty:      0.025ns  ((TSJ^2 + TIJ^2)^1/2 + DJ) / 2 + PE
    Total System Jitter     (TSJ):    0.050ns
    Total Input Jitter      (TIJ):    0.000ns
    Discrete Jitter          (DJ):    0.000ns
    Phase Error              (PE):    0.000ns

    Location             Delay type                Incr(ns)  Path(ns)    Netlist Resource(s)
  -------------------------------------------------------------------    -------------------
                         (clock net_clk rise edge)    0.000     0.000 r  
                                                      0.000     0.000 r  net_clk (IN)
                         net (fo=1291, unset)         0.266     0.266    u_clk/net_clk
    SLICE_X25Y87         FDRE                                         r  u_clk/time_ns_reg[23]/C
  -------------------------------------------------------------------    -------------------
    SLICE_X25Y87         FDRE (Prop_fdre_C_Q)         0.100     0.366 r  u_clk/time_ns_reg[23]/Q
                         net (fo=6, unset)            0.266     0.633    time_ns[23]
                                                                      r  time_ns[23] (OUT)
  -------------------------------------------------------------------    -------------------

Slack:                    inf
  Source:                 u_clk/time_ns_reg[24]/C
                            (rising edge-triggered cell FDRE clocked by net_clk  {rise@0.000ns fall@3.200ns period=6.400ns})
  Destination:            time_ns[24]
                            (output port)
  Path Group:             (none)
  Path Type:              Min at Fast Process Corner
  Data Path Delay:        0.366ns  (logic 0.100ns (27.300%)  route 0.266ns (72.700%))
  Logic Levels:           0  
  Clock Uncertainty:      0.025ns  ((TSJ^2 + TIJ^2)^1/2 + DJ) / 2 + PE
    Total System Jitter     (TSJ):    0.050ns
    Total Input Jitter      (TIJ):    0.000ns
    Discrete Jitter          (DJ):    0.000ns
    Phase Error              (PE):    0.000ns

    Location             Delay type                Incr(ns)  Path(ns)    Netlist Resource(s)
  -------------------------------------------------------------------    -------------------
                         (clock net_clk rise edge)    0.000     0.000 r  
                                                      0.000     0.000 r  net_clk (IN)
                         net (fo=1291, unset)         0.266     0.266    u_clk/net_clk
    SLICE_X25Y88         FDRE                                         r  u_clk/time_ns_reg[24]/C
  -------------------------------------------------------------------    -------------------
    SLICE_X25Y88         FDRE (Prop_fdre_C_Q)         0.100     0.366 r  u_clk/time_ns_reg[24]/Q
                         net (fo=6, unset)            0.266     0.633    time_ns[24]
                                                                      r  time_ns[24] (OUT)
  -------------------------------------------------------------------    -------------------

Slack:                    inf
  Source:                 u_clk/time_ns_reg[25]/C
                            (rising edge-triggered cell FDRE clocked by net_clk  {rise@0.000ns fall@3.200ns period=6.400ns})
  Destination:            time_ns[25]
                            (output port)
  Path Group:             (none)
  Path Type:              Min at Fast Process Corner
  Data Path Delay:        0.366ns  (logic 0.100ns (27.300%)  route 0.266ns (72.700%))
  Logic Levels:           0  
  Clock Uncertainty:      0.025ns  ((TSJ^2 + TIJ^2)^1/2 + DJ) / 2 + PE
    Total System Jitter     (TSJ):    0.050ns
    Total Input Jitter      (TIJ):    0.000ns
    Discrete Jitter          (DJ):    0.000ns
    Phase Error              (PE):    0.000ns

    Location             Delay type                Incr(ns)  Path(ns)    Netlist Resource(s)
  -------------------------------------------------------------------    -------------------
                         (clock net_clk rise edge)    0.000     0.000 r  
                                                      0.000     0.000 r  net_clk (IN)
                         net (fo=1291, unset)         0.266     0.266    u_clk/net_clk
    SLICE_X25Y89         FDRE                                         r  u_clk/time_ns_reg[25]/C
  -------------------------------------------------------------------    -------------------
    SLICE_X25Y89         FDRE (Prop_fdre_C_Q)         0.100     0.366 r  u_clk/time_ns_reg[25]/Q
                         net (fo=6, unset)            0.266     0.633    time_ns[25]
                                                                      r  time_ns[25] (OUT)
  -------------------------------------------------------------------    -------------------

Slack:                    inf
  Source:                 u_clk/time_ns_reg[26]/C
                            (rising edge-triggered cell FDRE clocked by net_clk  {rise@0.000ns fall@3.200ns period=6.400ns})
  Destination:            time_ns[26]
                            (output port)
  Path Group:             (none)
  Path Type:              Min at Fast Process Corner
  Data Path Delay:        0.366ns  (logic 0.100ns (27.300%)  route 0.266ns (72.700%))
  Logic Levels:           0  
  Clock Uncertainty:      0.025ns  ((TSJ^2 + TIJ^2)^1/2 + DJ) / 2 + PE
    Total System Jitter     (TSJ):    0.050ns
    Total Input Jitter      (TIJ):    0.000ns
    Discrete Jitter          (DJ):    0.000ns
    Phase Error              (PE):    0.000ns

    Location             Delay type                Incr(ns)  Path(ns)    Netlist Resource(s)
  -------------------------------------------------------------------    -------------------
                         (clock net_clk rise edge)    0.000     0.000 r  
                                                      0.000     0.000 r  net_clk (IN)
                         net (fo=1291, unset)         0.266     0.266    u_clk/net_clk
    SLICE_X25Y89         FDRE                                         r  u_clk/time_ns_reg[26]/C
  -------------------------------------------------------------------    -------------------
    SLICE_X25Y89         FDRE (Prop_fdre_C_Q)         0.100     0.366 r  u_clk/time_ns_reg[26]/Q
                         net (fo=6, unset)            0.266     0.633    time_ns[26]
                                                                      r  time_ns[26] (OUT)
  -------------------------------------------------------------------    -------------------

Slack:                    inf
  Source:                 u_clk/time_ns_reg[27]/C
                            (rising edge-triggered cell FDRE clocked by net_clk  {rise@0.000ns fall@3.200ns period=6.400ns})
  Destination:            time_ns[27]
                            (output port)
  Path Group:             (none)
  Path Type:              Min at Fast Process Corner
  Data Path Delay:        0.366ns  (logic 0.100ns (27.300%)  route 0.266ns (72.700%))
  Logic Levels:           0  
  Clock Uncertainty:      0.025ns  ((TSJ^2 + TIJ^2)^1/2 + DJ) / 2 + PE
    Total System Jitter     (TSJ):    0.050ns
    Total Input Jitter      (TIJ):    0.000ns
    Discrete Jitter          (DJ):    0.000ns
    Phase Error              (PE):    0.000ns

    Location             Delay type                Incr(ns)  Path(ns)    Netlist Resource(s)
  -------------------------------------------------------------------    -------------------
                         (clock net_clk rise edge)    0.000     0.000 r  
                                                      0.000     0.000 r  net_clk (IN)
                         net (fo=1291, unset)         0.266     0.266    u_clk/net_clk
    SLICE_X25Y89         FDRE                                         r  u_clk/time_ns_reg[27]/C
  -------------------------------------------------------------------    -------------------
    SLICE_X25Y89         FDRE (Prop_fdre_C_Q)         0.100     0.366 r  u_clk/time_ns_reg[27]/Q
                         net (fo=6, unset)            0.266     0.633    time_ns[27]
                                                                      r  time_ns[27] (OUT)
  -------------------------------------------------------------------    -------------------

Slack:                    inf
  Source:                 u_clk/time_ns_reg[2]/C
                            (rising edge-triggered cell FDRE clocked by net_clk  {rise@0.000ns fall@3.200ns period=6.400ns})
  Destination:            time_ns[2]
                            (output port)
  Path Group:             (none)
  Path Type:              Min at Fast Process Corner
  Data Path Delay:        0.366ns  (logic 0.100ns (27.300%)  route 0.266ns (72.700%))
  Logic Levels:           0  
  Clock Uncertainty:      0.025ns  ((TSJ^2 + TIJ^2)^1/2 + DJ) / 2 + PE
    Total System Jitter     (TSJ):    0.050ns
    Total Input Jitter      (TIJ):    0.000ns
    Discrete Jitter          (DJ):    0.000ns
    Phase Error              (PE):    0.000ns

    Location             Delay type                Incr(ns)  Path(ns)    Netlist Resource(s)
  -------------------------------------------------------------------    -------------------
                         (clock net_clk rise edge)    0.000     0.000 r  
                                                      0.000     0.000 r  net_clk (IN)
                         net (fo=1291, unset)         0.266     0.266    u_clk/net_clk
    SLICE_X21Y80         FDRE                                         r  u_clk/time_ns_reg[2]/C
  -------------------------------------------------------------------    -------------------
    SLICE_X21Y80         FDRE (Prop_fdre_C_Q)         0.100     0.366 r  u_clk/time_ns_reg[2]/Q
                         net (fo=5, unset)            0.266     0.633    time_ns[2]
                                                                      r  time_ns[2] (OUT)
  -------------------------------------------------------------------    -------------------

Slack:                    inf
  Source:                 u_clk/time_ns_reg[3]/C
                            (rising edge-triggered cell FDRE clocked by net_clk  {rise@0.000ns fall@3.200ns period=6.400ns})
  Destination:            time_ns[3]
                            (output port)
  Path Group:             (none)
  Path Type:              Min at Fast Process Corner
  Data Path Delay:        0.366ns  (logic 0.100ns (27.300%)  route 0.266ns (72.700%))
  Logic Levels:           0  
  Clock Uncertainty:      0.025ns  ((TSJ^2 + TIJ^2)^1/2 + DJ) / 2 + PE
    Total System Jitter     (TSJ):    0.050ns
    Total Input Jitter      (TIJ):    0.000ns
    Discrete Jitter          (DJ):    0.000ns
    Phase Error              (PE):    0.000ns

    Location             Delay type                Incr(ns)  Path(ns)    Netlist Resource(s)
  -------------------------------------------------------------------    -------------------
                         (clock net_clk rise edge)    0.000     0.000 r  
                                                      0.000     0.000 r  net_clk (IN)
                         net (fo=1291, unset)         0.266     0.266    u_clk/net_clk
    SLICE_X21Y80         FDRE                                         r  u_clk/time_ns_reg[3]/C
  -------------------------------------------------------------------    -------------------
    SLICE_X21Y80         FDRE (Prop_fdre_C_Q)         0.100     0.366 r  u_clk/time_ns_reg[3]/Q
                         net (fo=5, unset)            0.266     0.633    time_ns[3]
                                                                      r  time_ns[3] (OUT)
  -------------------------------------------------------------------    -------------------

Slack:                    inf
  Source:                 u_clk/time_ns_reg[4]/C
                            (rising edge-triggered cell FDRE clocked by net_clk  {rise@0.000ns fall@3.200ns period=6.400ns})
  Destination:            time_ns[4]
                            (output port)
  Path Group:             (none)
  Path Type:              Min at Fast Process Corner
  Data Path Delay:        0.366ns  (logic 0.100ns (27.300%)  route 0.266ns (72.700%))
  Logic Levels:           0  
  Clock Uncertainty:      0.025ns  ((TSJ^2 + TIJ^2)^1/2 + DJ) / 2 + PE
    Total System Jitter     (TSJ):    0.050ns
    Total Input Jitter      (TIJ):    0.000ns
    Discrete Jitter          (DJ):    0.000ns
    Phase Error              (PE):    0.000ns

    Location             Delay type                Incr(ns)  Path(ns)    Netlist Resource(s)
  -------------------------------------------------------------------    -------------------
                         (clock net_clk rise edge)    0.000     0.000 r  
                                                      0.000     0.000 r  net_clk (IN)
                         net (fo=1291, unset)         0.266     0.266    u_clk/net_clk
    SLICE_X24Y80         FDRE                                         r  u_clk/time_ns_reg[4]/C
  -------------------------------------------------------------------    -------------------
    SLICE_X24Y80         FDRE (Prop_fdre_C_Q)         0.100     0.366 r  u_clk/time_ns_reg[4]/Q
                         net (fo=5, unset)            0.266     0.633    time_ns[4]
                                                                      r  time_ns[4] (OUT)
  -------------------------------------------------------------------    -------------------





--------------------------------------------------------------------------------------
Path Group:  (none)
From Clock:  
  To Clock:  aclk

Max Delay           428 Endpoints
Min Delay           428 Endpoints
--------------------------------------------------------------------------------------


Max Delay Paths
--------------------------------------------------------------------------------------
Slack:                    inf
  Source:                 aresetn
                            (input port)
  Destination:            u_axi/snap_sec_q_reg[22]/R
                            (rising edge-triggered cell FDRE clocked by aclk  {rise@0.000ns fall@5.000ns period=10.000ns})
  Path Group:             (none)
  Path Type:              Setup (Max at Slow Process Corner)
  Data Path Delay:        3.158ns  (logic 0.043ns (1.362%)  route 3.115ns (98.638%))
  Logic Levels:           1  (LUT1=1)
  Clock Path Skew:        0.510ns (DCD - SCD + CPR)
    Destination Clock Delay (DCD):    0.510ns
    Source Clock Delay      (SCD):    0.000ns
    Clock Pessimism Removal (CPR):    0.000ns
  Clock Uncertainty:      0.025ns  ((TSJ^2 + TIJ^2)^1/2 + DJ) / 2 + PE
    Total System Jitter     (TSJ):    0.050ns
    Total Input Jitter      (TIJ):    0.000ns
    Discrete Jitter          (DJ):    0.000ns
    Phase Error              (PE):    0.000ns

    Location             Delay type                Incr(ns)  Path(ns)    Netlist Resource(s)
  -------------------------------------------------------------------    -------------------
                                                      0.000     0.000 f  aresetn (IN)
                         net (fo=5, unset)            0.537     0.537    u_axi/aresetn
    SLICE_X20Y76         LUT1 (Prop_lut1_I0_O)        0.043     0.580 r  u_axi/s_axi_awready_i_1/O
                         net (fo=286, routed)         2.578     3.158    u_axi/SR[0]
    SLICE_X24Y84         FDRE                                         r  u_axi/snap_sec_q_reg[22]/R
  -------------------------------------------------------------------    -------------------

                         (clock aclk rise edge)       0.000     0.000 r  
                                                      0.000     0.000 r  aclk (IN)
                         net (fo=376, unset)          0.510     0.510    u_axi/aclk
    SLICE_X24Y84         FDRE                                         r  u_axi/snap_sec_q_reg[22]/C

Slack:                    inf
  Source:                 aresetn
                            (input port)
  Destination:            u_axi/snap_sec_q_reg[41]/R
                            (rising edge-triggered cell FDRE clocked by aclk  {rise@0.000ns fall@5.000ns period=10.000ns})
  Path Group:             (none)
  Path Type:              Setup (Max at Slow Process Corner)
  Data Path Delay:        3.158ns  (logic 0.043ns (1.362%)  route 3.115ns (98.638%))
  Logic Levels:           1  (LUT1=1)
  Clock Path Skew:        0.510ns (DCD - SCD + CPR)
    Destination Clock Delay (DCD):    0.510ns
    Source Clock Delay      (SCD):    0.000ns
    Clock Pessimism Removal (CPR):    0.000ns
  Clock Uncertainty:      0.025ns  ((TSJ^2 + TIJ^2)^1/2 + DJ) / 2 + PE
    Total System Jitter     (TSJ):    0.050ns
    Total Input Jitter      (TIJ):    0.000ns
    Discrete Jitter          (DJ):    0.000ns
    Phase Error              (PE):    0.000ns

    Location             Delay type                Incr(ns)  Path(ns)    Netlist Resource(s)
  -------------------------------------------------------------------    -------------------
                                                      0.000     0.000 f  aresetn (IN)
                         net (fo=5, unset)            0.537     0.537    u_axi/aresetn
    SLICE_X20Y76         LUT1 (Prop_lut1_I0_O)        0.043     0.580 r  u_axi/s_axi_awready_i_1/O
                         net (fo=286, routed)         2.578     3.158    u_axi/SR[0]
    SLICE_X24Y84         FDRE                                         r  u_axi/snap_sec_q_reg[41]/R
  -------------------------------------------------------------------    -------------------

                         (clock aclk rise edge)       0.000     0.000 r  
                                                      0.000     0.000 r  aclk (IN)
                         net (fo=376, unset)          0.510     0.510    u_axi/aclk
    SLICE_X24Y84         FDRE                                         r  u_axi/snap_sec_q_reg[41]/C

Slack:                    inf
  Source:                 aresetn
                            (input port)
  Destination:            u_axi/snap_sec_q_reg[42]/R
                            (rising edge-triggered cell FDRE clocked by aclk  {rise@0.000ns fall@5.000ns period=10.000ns})
  Path Group:             (none)
  Path Type:              Setup (Max at Slow Process Corner)
  Data Path Delay:        3.158ns  (logic 0.043ns (1.362%)  route 3.115ns (98.638%))
  Logic Levels:           1  (LUT1=1)
  Clock Path Skew:        0.510ns (DCD - SCD + CPR)
    Destination Clock Delay (DCD):    0.510ns
    Source Clock Delay      (SCD):    0.000ns
    Clock Pessimism Removal (CPR):    0.000ns
  Clock Uncertainty:      0.025ns  ((TSJ^2 + TIJ^2)^1/2 + DJ) / 2 + PE
    Total System Jitter     (TSJ):    0.050ns
    Total Input Jitter      (TIJ):    0.000ns
    Discrete Jitter          (DJ):    0.000ns
    Phase Error              (PE):    0.000ns

    Location             Delay type                Incr(ns)  Path(ns)    Netlist Resource(s)
  -------------------------------------------------------------------    -------------------
                                                      0.000     0.000 f  aresetn (IN)
                         net (fo=5, unset)            0.537     0.537    u_axi/aresetn
    SLICE_X20Y76         LUT1 (Prop_lut1_I0_O)        0.043     0.580 r  u_axi/s_axi_awready_i_1/O
                         net (fo=286, routed)         2.578     3.158    u_axi/SR[0]
    SLICE_X24Y84         FDRE                                         r  u_axi/snap_sec_q_reg[42]/R
  -------------------------------------------------------------------    -------------------

                         (clock aclk rise edge)       0.000     0.000 r  
                                                      0.000     0.000 r  aclk (IN)
                         net (fo=376, unset)          0.510     0.510    u_axi/aclk
    SLICE_X24Y84         FDRE                                         r  u_axi/snap_sec_q_reg[42]/C

Slack:                    inf
  Source:                 aresetn
                            (input port)
  Destination:            u_axi/snap_sec_q_reg[8]/R
                            (rising edge-triggered cell FDRE clocked by aclk  {rise@0.000ns fall@5.000ns period=10.000ns})
  Path Group:             (none)
  Path Type:              Setup (Max at Slow Process Corner)
  Data Path Delay:        3.158ns  (logic 0.043ns (1.362%)  route 3.115ns (98.638%))
  Logic Levels:           1  (LUT1=1)
  Clock Path Skew:        0.510ns (DCD - SCD + CPR)
    Destination Clock Delay (DCD):    0.510ns
    Source Clock Delay      (SCD):    0.000ns
    Clock Pessimism Removal (CPR):    0.000ns
  Clock Uncertainty:      0.025ns  ((TSJ^2 + TIJ^2)^1/2 + DJ) / 2 + PE
    Total System Jitter     (TSJ):    0.050ns
    Total Input Jitter      (TIJ):    0.000ns
    Discrete Jitter          (DJ):    0.000ns
    Phase Error              (PE):    0.000ns

    Location             Delay type                Incr(ns)  Path(ns)    Netlist Resource(s)
  -------------------------------------------------------------------    -------------------
                                                      0.000     0.000 f  aresetn (IN)
                         net (fo=5, unset)            0.537     0.537    u_axi/aresetn
    SLICE_X20Y76         LUT1 (Prop_lut1_I0_O)        0.043     0.580 r  u_axi/s_axi_awready_i_1/O
                         net (fo=286, routed)         2.578     3.158    u_axi/SR[0]
    SLICE_X24Y84         FDRE                                         r  u_axi/snap_sec_q_reg[8]/R
  -------------------------------------------------------------------    -------------------

                         (clock aclk rise edge)       0.000     0.000 r  
                                                      0.000     0.000 r  aclk (IN)
                         net (fo=376, unset)          0.510     0.510    u_axi/aclk
    SLICE_X24Y84         FDRE                                         r  u_axi/snap_sec_q_reg[8]/C

Slack:                    inf
  Source:                 aresetn
                            (input port)
  Destination:            u_axi/s_axi_rdata_reg[18]/R
                            (rising edge-triggered cell FDRE clocked by aclk  {rise@0.000ns fall@5.000ns period=10.000ns})
  Path Group:             (none)
  Path Type:              Setup (Max at Slow Process Corner)
  Data Path Delay:        3.157ns  (logic 0.043ns (1.362%)  route 3.114ns (98.638%))
  Logic Levels:           1  (LUT1=1)
  Clock Path Skew:        0.510ns (DCD - SCD + CPR)
    Destination Clock Delay (DCD):    0.510ns
    Source Clock Delay      (SCD):    0.000ns
    Clock Pessimism Removal (CPR):    0.000ns
  Clock Uncertainty:      0.025ns  ((TSJ^2 + TIJ^2)^1/2 + DJ) / 2 + PE
    Total System Jitter     (TSJ):    0.050ns
    Total Input Jitter      (TIJ):    0.000ns
    Discrete Jitter          (DJ):    0.000ns
    Phase Error              (PE):    0.000ns

    Location             Delay type                Incr(ns)  Path(ns)    Netlist Resource(s)
  -------------------------------------------------------------------    -------------------
                                                      0.000     0.000 f  aresetn (IN)
                         net (fo=5, unset)            0.537     0.537    u_axi/aresetn
    SLICE_X20Y76         LUT1 (Prop_lut1_I0_O)        0.043     0.580 r  u_axi/s_axi_awready_i_1/O
                         net (fo=286, routed)         2.577     3.157    u_axi/SR[0]
    SLICE_X28Y84         FDRE                                         r  u_axi/s_axi_rdata_reg[18]/R
  -------------------------------------------------------------------    -------------------

                         (clock aclk rise edge)       0.000     0.000 r  
                                                      0.000     0.000 r  aclk (IN)
                         net (fo=376, unset)          0.510     0.510    u_axi/aclk
    SLICE_X28Y84         FDRE                                         r  u_axi/s_axi_rdata_reg[18]/C

Slack:                    inf
  Source:                 aresetn
                            (input port)
  Destination:            u_axi/s_axi_rdata_reg[8]/R
                            (rising edge-triggered cell FDRE clocked by aclk  {rise@0.000ns fall@5.000ns period=10.000ns})
  Path Group:             (none)
  Path Type:              Setup (Max at Slow Process Corner)
  Data Path Delay:        3.157ns  (logic 0.043ns (1.362%)  route 3.114ns (98.638%))
  Logic Levels:           1  (LUT1=1)
  Clock Path Skew:        0.510ns (DCD - SCD + CPR)
    Destination Clock Delay (DCD):    0.510ns
    Source Clock Delay      (SCD):    0.000ns
    Clock Pessimism Removal (CPR):    0.000ns
  Clock Uncertainty:      0.025ns  ((TSJ^2 + TIJ^2)^1/2 + DJ) / 2 + PE
    Total System Jitter     (TSJ):    0.050ns
    Total Input Jitter      (TIJ):    0.000ns
    Discrete Jitter          (DJ):    0.000ns
    Phase Error              (PE):    0.000ns

    Location             Delay type                Incr(ns)  Path(ns)    Netlist Resource(s)
  -------------------------------------------------------------------    -------------------
                                                      0.000     0.000 f  aresetn (IN)
                         net (fo=5, unset)            0.537     0.537    u_axi/aresetn
    SLICE_X20Y76         LUT1 (Prop_lut1_I0_O)        0.043     0.580 r  u_axi/s_axi_awready_i_1/O
                         net (fo=286, routed)         2.577     3.157    u_axi/SR[0]
    SLICE_X28Y84         FDRE                                         r  u_axi/s_axi_rdata_reg[8]/R
  -------------------------------------------------------------------    -------------------

                         (clock aclk rise edge)       0.000     0.000 r  
                                                      0.000     0.000 r  aclk (IN)
                         net (fo=376, unset)          0.510     0.510    u_axi/aclk
    SLICE_X28Y84         FDRE                                         r  u_axi/s_axi_rdata_reg[8]/C

Slack:                    inf
  Source:                 aresetn
                            (input port)
  Destination:            u_axi/snap_sec_q_reg[18]/R
                            (rising edge-triggered cell FDRE clocked by aclk  {rise@0.000ns fall@5.000ns period=10.000ns})
  Path Group:             (none)
  Path Type:              Setup (Max at Slow Process Corner)
  Data Path Delay:        3.155ns  (logic 0.043ns (1.363%)  route 3.112ns (98.637%))
  Logic Levels:           1  (LUT1=1)
  Clock Path Skew:        0.510ns (DCD - SCD + CPR)
    Destination Clock Delay (DCD):    0.510ns
    Source Clock Delay      (SCD):    0.000ns
    Clock Pessimism Removal (CPR):    0.000ns
  Clock Uncertainty:      0.025ns  ((TSJ^2 + TIJ^2)^1/2 + DJ) / 2 + PE
    Total System Jitter     (TSJ):    0.050ns
    Total Input Jitter      (TIJ):    0.000ns
    Discrete Jitter          (DJ):    0.000ns
    Phase Error              (PE):    0.000ns

    Location             Delay type                Incr(ns)  Path(ns)    Netlist Resource(s)
  -------------------------------------------------------------------    -------------------
                                                      0.000     0.000 f  aresetn (IN)
                         net (fo=5, unset)            0.537     0.537    u_axi/aresetn
    SLICE_X20Y76         LUT1 (Prop_lut1_I0_O)        0.043     0.580 r  u_axi/s_axi_awready_i_1/O
                         net (fo=286, routed)         2.575     3.155    u_axi/SR[0]
    SLICE_X29Y84         FDRE                                         r  u_axi/snap_sec_q_reg[18]/R
  -------------------------------------------------------------------    -------------------

                         (clock aclk rise edge)       0.000     0.000 r  
                                                      0.000     0.000 r  aclk (IN)
                         net (fo=376, unset)          0.510     0.510    u_axi/aclk
    SLICE_X29Y84         FDRE                                         r  u_axi/snap_sec_q_reg[18]/C

Slack:                    inf
  Source:                 aresetn
                            (input port)
  Destination:            u_bridge/m_rdata_reg[14]/R
                            (rising edge-triggered cell FDRE clocked by aclk  {rise@0.000ns fall@5.000ns period=10.000ns})
  Path Group:             (none)
  Path Type:              Setup (Max at Slow Process Corner)
  Data Path Delay:        3.134ns  (logic 0.043ns (1.372%)  route 3.091ns (98.628%))
  Logic Levels:           1  (LUT1=1)
  Clock Path Skew:        0.510ns (DCD - SCD + CPR)
    Destination Clock Delay (DCD):    0.510ns
    Source Clock Delay      (SCD):    0.000ns
    Clock Pessimism Removal (CPR):    0.000ns
  Clock Uncertainty:      0.025ns  ((TSJ^2 + TIJ^2)^1/2 + DJ) / 2 + PE
    Total System Jitter     (TSJ):    0.050ns
    Total Input Jitter      (TIJ):    0.000ns
    Discrete Jitter          (DJ):    0.000ns
    Phase Error              (PE):    0.000ns

    Location             Delay type                Incr(ns)  Path(ns)    Netlist Resource(s)
  -------------------------------------------------------------------    -------------------
                                                      0.000     0.000 f  aresetn (IN)
                         net (fo=5, unset)            0.537     0.537    u_axi/aresetn
    SLICE_X20Y76         LUT1 (Prop_lut1_I0_O)        0.043     0.580 r  u_axi/s_axi_awready_i_1/O
                         net (fo=286, routed)         2.554     3.134    u_bridge/SR[0]
    SLICE_X24Y85         FDRE                                         r  u_bridge/m_rdata_reg[14]/R
  -------------------------------------------------------------------    -------------------

                         (clock aclk rise edge)       0.000     0.000 r  
                                                      0.000     0.000 r  aclk (IN)
                         net (fo=376, unset)          0.510     0.510    u_bridge/aclk
    SLICE_X24Y85         FDRE                                         r  u_bridge/m_rdata_reg[14]/C

Slack:                    inf
  Source:                 aresetn
                            (input port)
  Destination:            u_snap/dst_sec_reg[18]/R
                            (rising edge-triggered cell FDRE clocked by aclk  {rise@0.000ns fall@5.000ns period=10.000ns})
  Path Group:             (none)
  Path Type:              Setup (Max at Slow Process Corner)
  Data Path Delay:        3.129ns  (logic 0.043ns (1.374%)  route 3.086ns (98.626%))
  Logic Levels:           1  (LUT1=1)
  Clock Path Skew:        0.510ns (DCD - SCD + CPR)
    Destination Clock Delay (DCD):    0.510ns
    Source Clock Delay      (SCD):    0.000ns
    Clock Pessimism Removal (CPR):    0.000ns
  Clock Uncertainty:      0.025ns  ((TSJ^2 + TIJ^2)^1/2 + DJ) / 2 + PE
    Total System Jitter     (TSJ):    0.050ns
    Total Input Jitter      (TIJ):    0.000ns
    Discrete Jitter          (DJ):    0.000ns
    Phase Error              (PE):    0.000ns

    Location             Delay type                Incr(ns)  Path(ns)    Netlist Resource(s)
  -------------------------------------------------------------------    -------------------
                                                      0.000     0.000 f  aresetn (IN)
                         net (fo=5, unset)            0.537     0.537    u_axi/aresetn
    SLICE_X20Y76         LUT1 (Prop_lut1_I0_O)        0.043     0.580 r  u_axi/s_axi_awready_i_1/O
                         net (fo=286, routed)         2.549     3.129    u_snap/req_tgl_reg_0[0]
    SLICE_X27Y84         FDRE                                         r  u_snap/dst_sec_reg[18]/R
  -------------------------------------------------------------------    -------------------

                         (clock aclk rise edge)       0.000     0.000 r  
                                                      0.000     0.000 r  aclk (IN)
                         net (fo=376, unset)          0.510     0.510    u_snap/aclk
    SLICE_X27Y84         FDRE                                         r  u_snap/dst_sec_reg[18]/C

Slack:                    inf
  Source:                 aresetn
                            (input port)
  Destination:            u_axi/s_axi_rdata_reg[12]/R
                            (rising edge-triggered cell FDRE clocked by aclk  {rise@0.000ns fall@5.000ns period=10.000ns})
  Path Group:             (none)
  Path Type:              Setup (Max at Slow Process Corner)
  Data Path Delay:        3.082ns  (logic 0.043ns (1.395%)  route 3.039ns (98.605%))
  Logic Levels:           1  (LUT1=1)
  Clock Path Skew:        0.510ns (DCD - SCD + CPR)
    Destination Clock Delay (DCD):    0.510ns
    Source Clock Delay      (SCD):    0.000ns
    Clock Pessimism Removal (CPR):    0.000ns
  Clock Uncertainty:      0.025ns  ((TSJ^2 + TIJ^2)^1/2 + DJ) / 2 + PE
    Total System Jitter     (TSJ):    0.050ns
    Total Input Jitter      (TIJ):    0.000ns
    Discrete Jitter          (DJ):    0.000ns
    Phase Error              (PE):    0.000ns

    Location             Delay type                Incr(ns)  Path(ns)    Netlist Resource(s)
  -------------------------------------------------------------------    -------------------
                                                      0.000     0.000 f  aresetn (IN)
                         net (fo=5, unset)            0.537     0.537    u_axi/aresetn
    SLICE_X20Y76         LUT1 (Prop_lut1_I0_O)        0.043     0.580 r  u_axi/s_axi_awready_i_1/O
                         net (fo=286, routed)         2.502     3.082    u_axi/SR[0]
    SLICE_X26Y86         FDRE                                         r  u_axi/s_axi_rdata_reg[12]/R
  -------------------------------------------------------------------    -------------------

                         (clock aclk rise edge)       0.000     0.000 r  
                                                      0.000     0.000 r  aclk (IN)
                         net (fo=376, unset)          0.510     0.510    u_axi/aclk
    SLICE_X26Y86         FDRE                                         r  u_axi/s_axi_rdata_reg[12]/C

Slack:                    inf
  Source:                 aresetn
                            (input port)
  Destination:            u_axi/s_axi_rdata_reg[14]/R
                            (rising edge-triggered cell FDRE clocked by aclk  {rise@0.000ns fall@5.000ns period=10.000ns})
  Path Group:             (none)
  Path Type:              Setup (Max at Slow Process Corner)
  Data Path Delay:        3.082ns  (logic 0.043ns (1.395%)  route 3.039ns (98.605%))
  Logic Levels:           1  (LUT1=1)
  Clock Path Skew:        0.510ns (DCD - SCD + CPR)
    Destination Clock Delay (DCD):    0.510ns
    Source Clock Delay      (SCD):    0.000ns
    Clock Pessimism Removal (CPR):    0.000ns
  Clock Uncertainty:      0.025ns  ((TSJ^2 + TIJ^2)^1/2 + DJ) / 2 + PE
    Total System Jitter     (TSJ):    0.050ns
    Total Input Jitter      (TIJ):    0.000ns
    Discrete Jitter          (DJ):    0.000ns
    Phase Error              (PE):    0.000ns

    Location             Delay type                Incr(ns)  Path(ns)    Netlist Resource(s)
  -------------------------------------------------------------------    -------------------
                                                      0.000     0.000 f  aresetn (IN)
                         net (fo=5, unset)            0.537     0.537    u_axi/aresetn
    SLICE_X20Y76         LUT1 (Prop_lut1_I0_O)        0.043     0.580 r  u_axi/s_axi_awready_i_1/O
                         net (fo=286, routed)         2.502     3.082    u_axi/SR[0]
    SLICE_X26Y86         FDRE                                         r  u_axi/s_axi_rdata_reg[14]/R
  -------------------------------------------------------------------    -------------------

                         (clock aclk rise edge)       0.000     0.000 r  
                                                      0.000     0.000 r  aclk (IN)
                         net (fo=376, unset)          0.510     0.510    u_axi/aclk
    SLICE_X26Y86         FDRE                                         r  u_axi/s_axi_rdata_reg[14]/C

Slack:                    inf
  Source:                 aresetn
                            (input port)
  Destination:            u_axi/s_axi_rdata_reg[20]/R
                            (rising edge-triggered cell FDRE clocked by aclk  {rise@0.000ns fall@5.000ns period=10.000ns})
  Path Group:             (none)
  Path Type:              Setup (Max at Slow Process Corner)
  Data Path Delay:        3.082ns  (logic 0.043ns (1.395%)  route 3.039ns (98.605%))
  Logic Levels:           1  (LUT1=1)
  Clock Path Skew:        0.510ns (DCD - SCD + CPR)
    Destination Clock Delay (DCD):    0.510ns
    Source Clock Delay      (SCD):    0.000ns
    Clock Pessimism Removal (CPR):    0.000ns
  Clock Uncertainty:      0.025ns  ((TSJ^2 + TIJ^2)^1/2 + DJ) / 2 + PE
    Total System Jitter     (TSJ):    0.050ns
    Total Input Jitter      (TIJ):    0.000ns
    Discrete Jitter          (DJ):    0.000ns
    Phase Error              (PE):    0.000ns

    Location             Delay type                Incr(ns)  Path(ns)    Netlist Resource(s)
  -------------------------------------------------------------------    -------------------
                                                      0.000     0.000 f  aresetn (IN)
                         net (fo=5, unset)            0.537     0.537    u_axi/aresetn
    SLICE_X20Y76         LUT1 (Prop_lut1_I0_O)        0.043     0.580 r  u_axi/s_axi_awready_i_1/O
                         net (fo=286, routed)         2.502     3.082    u_axi/SR[0]
    SLICE_X26Y86         FDRE                                         r  u_axi/s_axi_rdata_reg[20]/R
  -------------------------------------------------------------------    -------------------

                         (clock aclk rise edge)       0.000     0.000 r  
                                                      0.000     0.000 r  aclk (IN)
                         net (fo=376, unset)          0.510     0.510    u_axi/aclk
    SLICE_X26Y86         FDRE                                         r  u_axi/s_axi_rdata_reg[20]/C

Slack:                    inf
  Source:                 aresetn
                            (input port)
  Destination:            u_axi/s_axi_rdata_reg[28]/R
                            (rising edge-triggered cell FDRE clocked by aclk  {rise@0.000ns fall@5.000ns period=10.000ns})
  Path Group:             (none)
  Path Type:              Setup (Max at Slow Process Corner)
  Data Path Delay:        3.082ns  (logic 0.043ns (1.395%)  route 3.039ns (98.605%))
  Logic Levels:           1  (LUT1=1)
  Clock Path Skew:        0.510ns (DCD - SCD + CPR)
    Destination Clock Delay (DCD):    0.510ns
    Source Clock Delay      (SCD):    0.000ns
    Clock Pessimism Removal (CPR):    0.000ns
  Clock Uncertainty:      0.025ns  ((TSJ^2 + TIJ^2)^1/2 + DJ) / 2 + PE
    Total System Jitter     (TSJ):    0.050ns
    Total Input Jitter      (TIJ):    0.000ns
    Discrete Jitter          (DJ):    0.000ns
    Phase Error              (PE):    0.000ns

    Location             Delay type                Incr(ns)  Path(ns)    Netlist Resource(s)
  -------------------------------------------------------------------    -------------------
                                                      0.000     0.000 f  aresetn (IN)
                         net (fo=5, unset)            0.537     0.537    u_axi/aresetn
    SLICE_X20Y76         LUT1 (Prop_lut1_I0_O)        0.043     0.580 r  u_axi/s_axi_awready_i_1/O
                         net (fo=286, routed)         2.502     3.082    u_axi/SR[0]
    SLICE_X26Y86         FDRE                                         r  u_axi/s_axi_rdata_reg[28]/R
  -------------------------------------------------------------------    -------------------

                         (clock aclk rise edge)       0.000     0.000 r  
                                                      0.000     0.000 r  aclk (IN)
                         net (fo=376, unset)          0.510     0.510    u_axi/aclk
    SLICE_X26Y86         FDRE                                         r  u_axi/s_axi_rdata_reg[28]/C

Slack:                    inf
  Source:                 aresetn
                            (input port)
  Destination:            u_axi/snap_ns_q_reg[11]/R
                            (rising edge-triggered cell FDRE clocked by aclk  {rise@0.000ns fall@5.000ns period=10.000ns})
  Path Group:             (none)
  Path Type:              Setup (Max at Slow Process Corner)
  Data Path Delay:        3.080ns  (logic 0.043ns (1.396%)  route 3.037ns (98.604%))
  Logic Levels:           1  (LUT1=1)
  Clock Path Skew:        0.510ns (DCD - SCD + CPR)
    Destination Clock Delay (DCD):    0.510ns
    Source Clock Delay      (SCD):    0.000ns
    Clock Pessimism Removal (CPR):    0.000ns
  Clock Uncertainty:      0.025ns  ((TSJ^2 + TIJ^2)^1/2 + DJ) / 2 + PE
    Total System Jitter     (TSJ):    0.050ns
    Total Input Jitter      (TIJ):    0.000ns
    Discrete Jitter          (DJ):    0.000ns
    Phase Error              (PE):    0.000ns

    Location             Delay type                Incr(ns)  Path(ns)    Netlist Resource(s)
  -------------------------------------------------------------------    -------------------
                                                      0.000     0.000 f  aresetn (IN)
                         net (fo=5, unset)            0.537     0.537    u_axi/aresetn
    SLICE_X20Y76         LUT1 (Prop_lut1_I0_O)        0.043     0.580 r  u_axi/s_axi_awready_i_1/O
                         net (fo=286, routed)         2.500     3.080    u_axi/SR[0]
    SLICE_X27Y86         FDRE                                         r  u_axi/snap_ns_q_reg[11]/R
  -------------------------------------------------------------------    -------------------

                         (clock aclk rise edge)       0.000     0.000 r  
                                                      0.000     0.000 r  aclk (IN)
                         net (fo=376, unset)          0.510     0.510    u_axi/aclk
    SLICE_X27Y86         FDRE                                         r  u_axi/snap_ns_q_reg[11]/C

Slack:                    inf
  Source:                 aresetn
                            (input port)
  Destination:            u_axi/snap_ns_q_reg[15]/R
                            (rising edge-triggered cell FDRE clocked by aclk  {rise@0.000ns fall@5.000ns period=10.000ns})
  Path Group:             (none)
  Path Type:              Setup (Max at Slow Process Corner)
  Data Path Delay:        3.080ns  (logic 0.043ns (1.396%)  route 3.037ns (98.604%))
  Logic Levels:           1  (LUT1=1)
  Clock Path Skew:        0.510ns (DCD - SCD + CPR)
    Destination Clock Delay (DCD):    0.510ns
    Source Clock Delay      (SCD):    0.000ns
    Clock Pessimism Removal (CPR):    0.000ns
  Clock Uncertainty:      0.025ns  ((TSJ^2 + TIJ^2)^1/2 + DJ) / 2 + PE
    Total System Jitter     (TSJ):    0.050ns
    Total Input Jitter      (TIJ):    0.000ns
    Discrete Jitter          (DJ):    0.000ns
    Phase Error              (PE):    0.000ns

    Location             Delay type                Incr(ns)  Path(ns)    Netlist Resource(s)
  -------------------------------------------------------------------    -------------------
                                                      0.000     0.000 f  aresetn (IN)
                         net (fo=5, unset)            0.537     0.537    u_axi/aresetn
    SLICE_X20Y76         LUT1 (Prop_lut1_I0_O)        0.043     0.580 r  u_axi/s_axi_awready_i_1/O
                         net (fo=286, routed)         2.500     3.080    u_axi/SR[0]
    SLICE_X27Y86         FDRE                                         r  u_axi/snap_ns_q_reg[15]/R
  -------------------------------------------------------------------    -------------------

                         (clock aclk rise edge)       0.000     0.000 r  
                                                      0.000     0.000 r  aclk (IN)
                         net (fo=376, unset)          0.510     0.510    u_axi/aclk
    SLICE_X27Y86         FDRE                                         r  u_axi/snap_ns_q_reg[15]/C

Slack:                    inf
  Source:                 aresetn
                            (input port)
  Destination:            u_axi/snap_sec_q_reg[11]/R
                            (rising edge-triggered cell FDRE clocked by aclk  {rise@0.000ns fall@5.000ns period=10.000ns})
  Path Group:             (none)
  Path Type:              Setup (Max at Slow Process Corner)
  Data Path Delay:        3.080ns  (logic 0.043ns (1.396%)  route 3.037ns (98.604%))
  Logic Levels:           1  (LUT1=1)
  Clock Path Skew:        0.510ns (DCD - SCD + CPR)
    Destination Clock Delay (DCD):    0.510ns
    Source Clock Delay      (SCD):    0.000ns
    Clock Pessimism Removal (CPR):    0.000ns
  Clock Uncertainty:      0.025ns  ((TSJ^2 + TIJ^2)^1/2 + DJ) / 2 + PE
    Total System Jitter     (TSJ):    0.050ns
    Total Input Jitter      (TIJ):    0.000ns
    Discrete Jitter          (DJ):    0.000ns
    Phase Error              (PE):    0.000ns

    Location             Delay type                Incr(ns)  Path(ns)    Netlist Resource(s)
  -------------------------------------------------------------------    -------------------
                                                      0.000     0.000 f  aresetn (IN)
                         net (fo=5, unset)            0.537     0.537    u_axi/aresetn
    SLICE_X20Y76         LUT1 (Prop_lut1_I0_O)        0.043     0.580 r  u_axi/s_axi_awready_i_1/O
                         net (fo=286, routed)         2.500     3.080    u_axi/SR[0]
    SLICE_X27Y86         FDRE                                         r  u_axi/snap_sec_q_reg[11]/R
  -------------------------------------------------------------------    -------------------

                         (clock aclk rise edge)       0.000     0.000 r  
                                                      0.000     0.000 r  aclk (IN)
                         net (fo=376, unset)          0.510     0.510    u_axi/aclk
    SLICE_X27Y86         FDRE                                         r  u_axi/snap_sec_q_reg[11]/C

Slack:                    inf
  Source:                 aresetn
                            (input port)
  Destination:            u_axi/snap_sec_q_reg[14]/R
                            (rising edge-triggered cell FDRE clocked by aclk  {rise@0.000ns fall@5.000ns period=10.000ns})
  Path Group:             (none)
  Path Type:              Setup (Max at Slow Process Corner)
  Data Path Delay:        3.080ns  (logic 0.043ns (1.396%)  route 3.037ns (98.604%))
  Logic Levels:           1  (LUT1=1)
  Clock Path Skew:        0.510ns (DCD - SCD + CPR)
    Destination Clock Delay (DCD):    0.510ns
    Source Clock Delay      (SCD):    0.000ns
    Clock Pessimism Removal (CPR):    0.000ns
  Clock Uncertainty:      0.025ns  ((TSJ^2 + TIJ^2)^1/2 + DJ) / 2 + PE
    Total System Jitter     (TSJ):    0.050ns
    Total Input Jitter      (TIJ):    0.000ns
    Discrete Jitter          (DJ):    0.000ns
    Phase Error              (PE):    0.000ns

    Location             Delay type                Incr(ns)  Path(ns)    Netlist Resource(s)
  -------------------------------------------------------------------    -------------------
                                                      0.000     0.000 f  aresetn (IN)
                         net (fo=5, unset)            0.537     0.537    u_axi/aresetn
    SLICE_X20Y76         LUT1 (Prop_lut1_I0_O)        0.043     0.580 r  u_axi/s_axi_awready_i_1/O
                         net (fo=286, routed)         2.500     3.080    u_axi/SR[0]
    SLICE_X27Y86         FDRE                                         r  u_axi/snap_sec_q_reg[14]/R
  -------------------------------------------------------------------    -------------------

                         (clock aclk rise edge)       0.000     0.000 r  
                                                      0.000     0.000 r  aclk (IN)
                         net (fo=376, unset)          0.510     0.510    u_axi/aclk
    SLICE_X27Y86         FDRE                                         r  u_axi/snap_sec_q_reg[14]/C

Slack:                    inf
  Source:                 aresetn
                            (input port)
  Destination:            u_axi/snap_sec_q_reg[38]/R
                            (rising edge-triggered cell FDRE clocked by aclk  {rise@0.000ns fall@5.000ns period=10.000ns})
  Path Group:             (none)
  Path Type:              Setup (Max at Slow Process Corner)
  Data Path Delay:        3.080ns  (logic 0.043ns (1.396%)  route 3.037ns (98.604%))
  Logic Levels:           1  (LUT1=1)
  Clock Path Skew:        0.510ns (DCD - SCD + CPR)
    Destination Clock Delay (DCD):    0.510ns
    Source Clock Delay      (SCD):    0.000ns
    Clock Pessimism Removal (CPR):    0.000ns
  Clock Uncertainty:      0.025ns  ((TSJ^2 + TIJ^2)^1/2 + DJ) / 2 + PE
    Total System Jitter     (TSJ):    0.050ns
    Total Input Jitter      (TIJ):    0.000ns
    Discrete Jitter          (DJ):    0.000ns
    Phase Error              (PE):    0.000ns

    Location             Delay type                Incr(ns)  Path(ns)    Netlist Resource(s)
  -------------------------------------------------------------------    -------------------
                                                      0.000     0.000 f  aresetn (IN)
                         net (fo=5, unset)            0.537     0.537    u_axi/aresetn
    SLICE_X20Y76         LUT1 (Prop_lut1_I0_O)        0.043     0.580 r  u_axi/s_axi_awready_i_1/O
                         net (fo=286, routed)         2.500     3.080    u_axi/SR[0]
    SLICE_X27Y86         FDRE                                         r  u_axi/snap_sec_q_reg[38]/R
  -------------------------------------------------------------------    -------------------

                         (clock aclk rise edge)       0.000     0.000 r  
                                                      0.000     0.000 r  aclk (IN)
                         net (fo=376, unset)          0.510     0.510    u_axi/aclk
    SLICE_X27Y86         FDRE                                         r  u_axi/snap_sec_q_reg[38]/C

Slack:                    inf
  Source:                 aresetn
                            (input port)
  Destination:            u_axi/snap_ns_q_reg[20]/R
                            (rising edge-triggered cell FDRE clocked by aclk  {rise@0.000ns fall@5.000ns period=10.000ns})
  Path Group:             (none)
  Path Type:              Setup (Max at Slow Process Corner)
  Data Path Delay:        3.064ns  (logic 0.043ns (1.403%)  route 3.021ns (98.597%))
  Logic Levels:           1  (LUT1=1)
  Clock Path Skew:        0.510ns (DCD - SCD + CPR)
    Destination Clock Delay (DCD):    0.510ns
    Source Clock Delay      (SCD):    0.000ns
    Clock Pessimism Removal (CPR):    0.000ns
  Clock Uncertainty:      0.025ns  ((TSJ^2 + TIJ^2)^1/2 + DJ) / 2 + PE
    Total System Jitter     (TSJ):    0.050ns
    Total Input Jitter      (TIJ):    0.000ns
    Discrete Jitter          (DJ):    0.000ns
    Phase Error              (PE):    0.000ns

    Location             Delay type                Incr(ns)  Path(ns)    Netlist Resource(s)
  -------------------------------------------------------------------    -------------------
                                                      0.000     0.000 f  aresetn (IN)
                         net (fo=5, unset)            0.537     0.537    u_axi/aresetn
    SLICE_X20Y76         LUT1 (Prop_lut1_I0_O)        0.043     0.580 r  u_axi/s_axi_awready_i_1/O
                         net (fo=286, routed)         2.484     3.064    u_axi/SR[0]
    SLICE_X28Y86         FDRE                                         r  u_axi/snap_ns_q_reg[20]/R
  -------------------------------------------------------------------    -------------------

                         (clock aclk rise edge)       0.000     0.000 r  
                                                      0.000     0.000 r  aclk (IN)
                         net (fo=376, unset)          0.510     0.510    u_axi/aclk
    SLICE_X28Y86         FDRE                                         r  u_axi/snap_ns_q_reg[20]/C

Slack:                    inf
  Source:                 aresetn
                            (input port)
  Destination:            u_axi/snap_ns_q_reg[22]/R
                            (rising edge-triggered cell FDRE clocked by aclk  {rise@0.000ns fall@5.000ns period=10.000ns})
  Path Group:             (none)
  Path Type:              Setup (Max at Slow Process Corner)
  Data Path Delay:        3.064ns  (logic 0.043ns (1.403%)  route 3.021ns (98.597%))
  Logic Levels:           1  (LUT1=1)
  Clock Path Skew:        0.510ns (DCD - SCD + CPR)
    Destination Clock Delay (DCD):    0.510ns
    Source Clock Delay      (SCD):    0.000ns
    Clock Pessimism Removal (CPR):    0.000ns
  Clock Uncertainty:      0.025ns  ((TSJ^2 + TIJ^2)^1/2 + DJ) / 2 + PE
    Total System Jitter     (TSJ):    0.050ns
    Total Input Jitter      (TIJ):    0.000ns
    Discrete Jitter          (DJ):    0.000ns
    Phase Error              (PE):    0.000ns

    Location             Delay type                Incr(ns)  Path(ns)    Netlist Resource(s)
  -------------------------------------------------------------------    -------------------
                                                      0.000     0.000 f  aresetn (IN)
                         net (fo=5, unset)            0.537     0.537    u_axi/aresetn
    SLICE_X20Y76         LUT1 (Prop_lut1_I0_O)        0.043     0.580 r  u_axi/s_axi_awready_i_1/O
                         net (fo=286, routed)         2.484     3.064    u_axi/SR[0]
    SLICE_X28Y86         FDRE                                         r  u_axi/snap_ns_q_reg[22]/R
  -------------------------------------------------------------------    -------------------

                         (clock aclk rise edge)       0.000     0.000 r  
                                                      0.000     0.000 r  aclk (IN)
                         net (fo=376, unset)          0.510     0.510    u_axi/aclk
    SLICE_X28Y86         FDRE                                         r  u_axi/snap_ns_q_reg[22]/C





Min Delay Paths
--------------------------------------------------------------------------------------
Slack:                    inf
  Source:                 s_axi_wdata[0]
                            (input port)
  Destination:            u_axi/wdata_q_reg[0]/D
                            (rising edge-triggered cell FDRE clocked by aclk  {rise@0.000ns fall@5.000ns period=10.000ns})
  Path Group:             (none)
  Path Type:              Hold (Min at Fast Process Corner)
  Data Path Delay:        0.266ns  (logic 0.000ns (0.000%)  route 0.266ns (100.000%))
  Logic Levels:           0  
  Clock Path Skew:        0.280ns (DCD - SCD - CPR)
    Destination Clock Delay (DCD):    0.280ns
    Source Clock Delay      (SCD):    0.000ns
    Clock Pessimism Removal (CPR):    -0.000ns

    Location             Delay type                Incr(ns)  Path(ns)    Netlist Resource(s)
  -------------------------------------------------------------------    -------------------
                                                      0.000     0.000 r  s_axi_wdata[0] (IN)
                         net (fo=0)                   0.266     0.266    u_axi/s_axi_wdata[0]
    SLICE_X24Y76         FDRE                                         r  u_axi/wdata_q_reg[0]/D
  -------------------------------------------------------------------    -------------------

                         (clock aclk rise edge)       0.000     0.000 r  
                                                      0.000     0.000 r  aclk (IN)
                         net (fo=376, unset)          0.280     0.280    u_axi/aclk
    SLICE_X24Y76         FDRE                                         r  u_axi/wdata_q_reg[0]/C

Slack:                    inf
  Source:                 s_axi_wdata[10]
                            (input port)
  Destination:            u_axi/wdata_q_reg[10]/D
                            (rising edge-triggered cell FDRE clocked by aclk  {rise@0.000ns fall@5.000ns period=10.000ns})
  Path Group:             (none)
  Path Type:              Hold (Min at Fast Process Corner)
  Data Path Delay:        0.266ns  (logic 0.000ns (0.000%)  route 0.266ns (100.000%))
  Logic Levels:           0  
  Clock Path Skew:        0.280ns (DCD - SCD - CPR)
    Destination Clock Delay (DCD):    0.280ns
    Source Clock Delay      (SCD):    0.000ns
    Clock Pessimism Removal (CPR):    -0.000ns

    Location             Delay type                Incr(ns)  Path(ns)    Netlist Resource(s)
  -------------------------------------------------------------------    -------------------
                                                      0.000     0.000 r  s_axi_wdata[10] (IN)
                         net (fo=0)                   0.266     0.266    u_axi/s_axi_wdata[10]
    SLICE_X27Y78         FDRE                                         r  u_axi/wdata_q_reg[10]/D
  -------------------------------------------------------------------    -------------------

                         (clock aclk rise edge)       0.000     0.000 r  
                                                      0.000     0.000 r  aclk (IN)
                         net (fo=376, unset)          0.280     0.280    u_axi/aclk
    SLICE_X27Y78         FDRE                                         r  u_axi/wdata_q_reg[10]/C

Slack:                    inf
  Source:                 s_axi_wdata[11]
                            (input port)
  Destination:            u_axi/wdata_q_reg[11]/D
                            (rising edge-triggered cell FDRE clocked by aclk  {rise@0.000ns fall@5.000ns period=10.000ns})
  Path Group:             (none)
  Path Type:              Hold (Min at Fast Process Corner)
  Data Path Delay:        0.266ns  (logic 0.000ns (0.000%)  route 0.266ns (100.000%))
  Logic Levels:           0  
  Clock Path Skew:        0.280ns (DCD - SCD - CPR)
    Destination Clock Delay (DCD):    0.280ns
    Source Clock Delay      (SCD):    0.000ns
    Clock Pessimism Removal (CPR):    -0.000ns

    Location             Delay type                Incr(ns)  Path(ns)    Netlist Resource(s)
  -------------------------------------------------------------------    -------------------
                                                      0.000     0.000 r  s_axi_wdata[11] (IN)
                         net (fo=0)                   0.266     0.266    u_axi/s_axi_wdata[11]
    SLICE_X25Y81         FDRE                                         r  u_axi/wdata_q_reg[11]/D
  -------------------------------------------------------------------    -------------------

                         (clock aclk rise edge)       0.000     0.000 r  
                                                      0.000     0.000 r  aclk (IN)
                         net (fo=376, unset)          0.280     0.280    u_axi/aclk
    SLICE_X25Y81         FDRE                                         r  u_axi/wdata_q_reg[11]/C

Slack:                    inf
  Source:                 s_axi_wdata[12]
                            (input port)
  Destination:            u_axi/wdata_q_reg[12]/D
                            (rising edge-triggered cell FDRE clocked by aclk  {rise@0.000ns fall@5.000ns period=10.000ns})
  Path Group:             (none)
  Path Type:              Hold (Min at Fast Process Corner)
  Data Path Delay:        0.266ns  (logic 0.000ns (0.000%)  route 0.266ns (100.000%))
  Logic Levels:           0  
  Clock Path Skew:        0.280ns (DCD - SCD - CPR)
    Destination Clock Delay (DCD):    0.280ns
    Source Clock Delay      (SCD):    0.000ns
    Clock Pessimism Removal (CPR):    -0.000ns

    Location             Delay type                Incr(ns)  Path(ns)    Netlist Resource(s)
  -------------------------------------------------------------------    -------------------
                                                      0.000     0.000 r  s_axi_wdata[12] (IN)
                         net (fo=0)                   0.266     0.266    u_axi/s_axi_wdata[12]
    SLICE_X25Y81         FDRE                                         r  u_axi/wdata_q_reg[12]/D
  -------------------------------------------------------------------    -------------------

                         (clock aclk rise edge)       0.000     0.000 r  
                                                      0.000     0.000 r  aclk (IN)
                         net (fo=376, unset)          0.280     0.280    u_axi/aclk
    SLICE_X25Y81         FDRE                                         r  u_axi/wdata_q_reg[12]/C

Slack:                    inf
  Source:                 s_axi_wdata[13]
                            (input port)
  Destination:            u_axi/wdata_q_reg[13]/D
                            (rising edge-triggered cell FDRE clocked by aclk  {rise@0.000ns fall@5.000ns period=10.000ns})
  Path Group:             (none)
  Path Type:              Hold (Min at Fast Process Corner)
  Data Path Delay:        0.266ns  (logic 0.000ns (0.000%)  route 0.266ns (100.000%))
  Logic Levels:           0  
  Clock Path Skew:        0.280ns (DCD - SCD - CPR)
    Destination Clock Delay (DCD):    0.280ns
    Source Clock Delay      (SCD):    0.000ns
    Clock Pessimism Removal (CPR):    -0.000ns

    Location             Delay type                Incr(ns)  Path(ns)    Netlist Resource(s)
  -------------------------------------------------------------------    -------------------
                                                      0.000     0.000 r  s_axi_wdata[13] (IN)
                         net (fo=0)                   0.266     0.266    u_axi/s_axi_wdata[13]
    SLICE_X25Y81         FDRE                                         r  u_axi/wdata_q_reg[13]/D
  -------------------------------------------------------------------    -------------------

                         (clock aclk rise edge)       0.000     0.000 r  
                                                      0.000     0.000 r  aclk (IN)
                         net (fo=376, unset)          0.280     0.280    u_axi/aclk
    SLICE_X25Y81         FDRE                                         r  u_axi/wdata_q_reg[13]/C

Slack:                    inf
  Source:                 s_axi_wdata[14]
                            (input port)
  Destination:            u_axi/wdata_q_reg[14]/D
                            (rising edge-triggered cell FDRE clocked by aclk  {rise@0.000ns fall@5.000ns period=10.000ns})
  Path Group:             (none)
  Path Type:              Hold (Min at Fast Process Corner)
  Data Path Delay:        0.266ns  (logic 0.000ns (0.000%)  route 0.266ns (100.000%))
  Logic Levels:           0  
  Clock Path Skew:        0.280ns (DCD - SCD - CPR)
    Destination Clock Delay (DCD):    0.280ns
    Source Clock Delay      (SCD):    0.000ns
    Clock Pessimism Removal (CPR):    -0.000ns

    Location             Delay type                Incr(ns)  Path(ns)    Netlist Resource(s)
  -------------------------------------------------------------------    -------------------
                                                      0.000     0.000 r  s_axi_wdata[14] (IN)
                         net (fo=0)                   0.266     0.266    u_axi/s_axi_wdata[14]
    SLICE_X28Y82         FDRE                                         r  u_axi/wdata_q_reg[14]/D
  -------------------------------------------------------------------    -------------------

                         (clock aclk rise edge)       0.000     0.000 r  
                                                      0.000     0.000 r  aclk (IN)
                         net (fo=376, unset)          0.280     0.280    u_axi/aclk
    SLICE_X28Y82         FDRE                                         r  u_axi/wdata_q_reg[14]/C

Slack:                    inf
  Source:                 s_axi_wdata[15]
                            (input port)
  Destination:            u_axi/wdata_q_reg[15]/D
                            (rising edge-triggered cell FDRE clocked by aclk  {rise@0.000ns fall@5.000ns period=10.000ns})
  Path Group:             (none)
  Path Type:              Hold (Min at Fast Process Corner)
  Data Path Delay:        0.266ns  (logic 0.000ns (0.000%)  route 0.266ns (100.000%))
  Logic Levels:           0  
  Clock Path Skew:        0.280ns (DCD - SCD - CPR)
    Destination Clock Delay (DCD):    0.280ns
    Source Clock Delay      (SCD):    0.000ns
    Clock Pessimism Removal (CPR):    -0.000ns

    Location             Delay type                Incr(ns)  Path(ns)    Netlist Resource(s)
  -------------------------------------------------------------------    -------------------
                                                      0.000     0.000 r  s_axi_wdata[15] (IN)
                         net (fo=0)                   0.266     0.266    u_axi/s_axi_wdata[15]
    SLICE_X28Y82         FDRE                                         r  u_axi/wdata_q_reg[15]/D
  -------------------------------------------------------------------    -------------------

                         (clock aclk rise edge)       0.000     0.000 r  
                                                      0.000     0.000 r  aclk (IN)
                         net (fo=376, unset)          0.280     0.280    u_axi/aclk
    SLICE_X28Y82         FDRE                                         r  u_axi/wdata_q_reg[15]/C

Slack:                    inf
  Source:                 s_axi_wdata[16]
                            (input port)
  Destination:            u_axi/wdata_q_reg[16]/D
                            (rising edge-triggered cell FDRE clocked by aclk  {rise@0.000ns fall@5.000ns period=10.000ns})
  Path Group:             (none)
  Path Type:              Hold (Min at Fast Process Corner)
  Data Path Delay:        0.266ns  (logic 0.000ns (0.000%)  route 0.266ns (100.000%))
  Logic Levels:           0  
  Clock Path Skew:        0.280ns (DCD - SCD - CPR)
    Destination Clock Delay (DCD):    0.280ns
    Source Clock Delay      (SCD):    0.000ns
    Clock Pessimism Removal (CPR):    -0.000ns

    Location             Delay type                Incr(ns)  Path(ns)    Netlist Resource(s)
  -------------------------------------------------------------------    -------------------
                                                      0.000     0.000 r  s_axi_wdata[16] (IN)
                         net (fo=0)                   0.266     0.266    u_axi/s_axi_wdata[16]
    SLICE_X29Y87         FDRE                                         r  u_axi/wdata_q_reg[16]/D
  -------------------------------------------------------------------    -------------------

                         (clock aclk rise edge)       0.000     0.000 r  
                                                      0.000     0.000 r  aclk (IN)
                         net (fo=376, unset)          0.280     0.280    u_axi/aclk
    SLICE_X29Y87         FDRE                                         r  u_axi/wdata_q_reg[16]/C

Slack:                    inf
  Source:                 s_axi_wdata[17]
                            (input port)
  Destination:            u_axi/wdata_q_reg[17]/D
                            (rising edge-triggered cell FDRE clocked by aclk  {rise@0.000ns fall@5.000ns period=10.000ns})
  Path Group:             (none)
  Path Type:              Hold (Min at Fast Process Corner)
  Data Path Delay:        0.266ns  (logic 0.000ns (0.000%)  route 0.266ns (100.000%))
  Logic Levels:           0  
  Clock Path Skew:        0.280ns (DCD - SCD - CPR)
    Destination Clock Delay (DCD):    0.280ns
    Source Clock Delay      (SCD):    0.000ns
    Clock Pessimism Removal (CPR):    -0.000ns

    Location             Delay type                Incr(ns)  Path(ns)    Netlist Resource(s)
  -------------------------------------------------------------------    -------------------
                                                      0.000     0.000 r  s_axi_wdata[17] (IN)
                         net (fo=0)                   0.266     0.266    u_axi/s_axi_wdata[17]
    SLICE_X29Y87         FDRE                                         r  u_axi/wdata_q_reg[17]/D
  -------------------------------------------------------------------    -------------------

                         (clock aclk rise edge)       0.000     0.000 r  
                                                      0.000     0.000 r  aclk (IN)
                         net (fo=376, unset)          0.280     0.280    u_axi/aclk
    SLICE_X29Y87         FDRE                                         r  u_axi/wdata_q_reg[17]/C

Slack:                    inf
  Source:                 s_axi_wdata[18]
                            (input port)
  Destination:            u_axi/wdata_q_reg[18]/D
                            (rising edge-triggered cell FDRE clocked by aclk  {rise@0.000ns fall@5.000ns period=10.000ns})
  Path Group:             (none)
  Path Type:              Hold (Min at Fast Process Corner)
  Data Path Delay:        0.266ns  (logic 0.000ns (0.000%)  route 0.266ns (100.000%))
  Logic Levels:           0  
  Clock Path Skew:        0.280ns (DCD - SCD - CPR)
    Destination Clock Delay (DCD):    0.280ns
    Source Clock Delay      (SCD):    0.000ns
    Clock Pessimism Removal (CPR):    -0.000ns

    Location             Delay type                Incr(ns)  Path(ns)    Netlist Resource(s)
  -------------------------------------------------------------------    -------------------
                                                      0.000     0.000 r  s_axi_wdata[18] (IN)
                         net (fo=0)                   0.266     0.266    u_axi/s_axi_wdata[18]
    SLICE_X29Y87         FDRE                                         r  u_axi/wdata_q_reg[18]/D
  -------------------------------------------------------------------    -------------------

                         (clock aclk rise edge)       0.000     0.000 r  
                                                      0.000     0.000 r  aclk (IN)
                         net (fo=376, unset)          0.280     0.280    u_axi/aclk
    SLICE_X29Y87         FDRE                                         r  u_axi/wdata_q_reg[18]/C

Slack:                    inf
  Source:                 s_axi_wdata[19]
                            (input port)
  Destination:            u_axi/wdata_q_reg[19]/D
                            (rising edge-triggered cell FDRE clocked by aclk  {rise@0.000ns fall@5.000ns period=10.000ns})
  Path Group:             (none)
  Path Type:              Hold (Min at Fast Process Corner)
  Data Path Delay:        0.266ns  (logic 0.000ns (0.000%)  route 0.266ns (100.000%))
  Logic Levels:           0  
  Clock Path Skew:        0.280ns (DCD - SCD - CPR)
    Destination Clock Delay (DCD):    0.280ns
    Source Clock Delay      (SCD):    0.000ns
    Clock Pessimism Removal (CPR):    -0.000ns

    Location             Delay type                Incr(ns)  Path(ns)    Netlist Resource(s)
  -------------------------------------------------------------------    -------------------
                                                      0.000     0.000 r  s_axi_wdata[19] (IN)
                         net (fo=0)                   0.266     0.266    u_axi/s_axi_wdata[19]
    SLICE_X29Y87         FDRE                                         r  u_axi/wdata_q_reg[19]/D
  -------------------------------------------------------------------    -------------------

                         (clock aclk rise edge)       0.000     0.000 r  
                                                      0.000     0.000 r  aclk (IN)
                         net (fo=376, unset)          0.280     0.280    u_axi/aclk
    SLICE_X29Y87         FDRE                                         r  u_axi/wdata_q_reg[19]/C

Slack:                    inf
  Source:                 s_axi_wdata[1]
                            (input port)
  Destination:            u_axi/wdata_q_reg[1]/D
                            (rising edge-triggered cell FDRE clocked by aclk  {rise@0.000ns fall@5.000ns period=10.000ns})
  Path Group:             (none)
  Path Type:              Hold (Min at Fast Process Corner)
  Data Path Delay:        0.266ns  (logic 0.000ns (0.000%)  route 0.266ns (100.000%))
  Logic Levels:           0  
  Clock Path Skew:        0.280ns (DCD - SCD - CPR)
    Destination Clock Delay (DCD):    0.280ns
    Source Clock Delay      (SCD):    0.000ns
    Clock Pessimism Removal (CPR):    -0.000ns

    Location             Delay type                Incr(ns)  Path(ns)    Netlist Resource(s)
  -------------------------------------------------------------------    -------------------
                                                      0.000     0.000 r  s_axi_wdata[1] (IN)
                         net (fo=0)                   0.266     0.266    u_axi/s_axi_wdata[1]
    SLICE_X24Y76         FDRE                                         r  u_axi/wdata_q_reg[1]/D
  -------------------------------------------------------------------    -------------------

                         (clock aclk rise edge)       0.000     0.000 r  
                                                      0.000     0.000 r  aclk (IN)
                         net (fo=376, unset)          0.280     0.280    u_axi/aclk
    SLICE_X24Y76         FDRE                                         r  u_axi/wdata_q_reg[1]/C

Slack:                    inf
  Source:                 s_axi_wdata[20]
                            (input port)
  Destination:            u_axi/wdata_q_reg[20]/D
                            (rising edge-triggered cell FDRE clocked by aclk  {rise@0.000ns fall@5.000ns period=10.000ns})
  Path Group:             (none)
  Path Type:              Hold (Min at Fast Process Corner)
  Data Path Delay:        0.266ns  (logic 0.000ns (0.000%)  route 0.266ns (100.000%))
  Logic Levels:           0  
  Clock Path Skew:        0.280ns (DCD - SCD - CPR)
    Destination Clock Delay (DCD):    0.280ns
    Source Clock Delay      (SCD):    0.000ns
    Clock Pessimism Removal (CPR):    -0.000ns

    Location             Delay type                Incr(ns)  Path(ns)    Netlist Resource(s)
  -------------------------------------------------------------------    -------------------
                                                      0.000     0.000 r  s_axi_wdata[20] (IN)
                         net (fo=0)                   0.266     0.266    u_axi/s_axi_wdata[20]
    SLICE_X29Y87         FDRE                                         r  u_axi/wdata_q_reg[20]/D
  -------------------------------------------------------------------    -------------------

                         (clock aclk rise edge)       0.000     0.000 r  
                                                      0.000     0.000 r  aclk (IN)
                         net (fo=376, unset)          0.280     0.280    u_axi/aclk
    SLICE_X29Y87         FDRE                                         r  u_axi/wdata_q_reg[20]/C

Slack:                    inf
  Source:                 s_axi_wdata[21]
                            (input port)
  Destination:            u_axi/wdata_q_reg[21]/D
                            (rising edge-triggered cell FDRE clocked by aclk  {rise@0.000ns fall@5.000ns period=10.000ns})
  Path Group:             (none)
  Path Type:              Hold (Min at Fast Process Corner)
  Data Path Delay:        0.266ns  (logic 0.000ns (0.000%)  route 0.266ns (100.000%))
  Logic Levels:           0  
  Clock Path Skew:        0.280ns (DCD - SCD - CPR)
    Destination Clock Delay (DCD):    0.280ns
    Source Clock Delay      (SCD):    0.000ns
    Clock Pessimism Removal (CPR):    -0.000ns

    Location             Delay type                Incr(ns)  Path(ns)    Netlist Resource(s)
  -------------------------------------------------------------------    -------------------
                                                      0.000     0.000 r  s_axi_wdata[21] (IN)
                         net (fo=0)                   0.266     0.266    u_axi/s_axi_wdata[21]
    SLICE_X26Y88         FDRE                                         r  u_axi/wdata_q_reg[21]/D
  -------------------------------------------------------------------    -------------------

                         (clock aclk rise edge)       0.000     0.000 r  
                                                      0.000     0.000 r  aclk (IN)
                         net (fo=376, unset)          0.280     0.280    u_axi/aclk
    SLICE_X26Y88         FDRE                                         r  u_axi/wdata_q_reg[21]/C

Slack:                    inf
  Source:                 s_axi_wdata[22]
                            (input port)
  Destination:            u_axi/wdata_q_reg[22]/D
                            (rising edge-triggered cell FDRE clocked by aclk  {rise@0.000ns fall@5.000ns period=10.000ns})
  Path Group:             (none)
  Path Type:              Hold (Min at Fast Process Corner)
  Data Path Delay:        0.266ns  (logic 0.000ns (0.000%)  route 0.266ns (100.000%))
  Logic Levels:           0  
  Clock Path Skew:        0.280ns (DCD - SCD - CPR)
    Destination Clock Delay (DCD):    0.280ns
    Source Clock Delay      (SCD):    0.000ns
    Clock Pessimism Removal (CPR):    -0.000ns

    Location             Delay type                Incr(ns)  Path(ns)    Netlist Resource(s)
  -------------------------------------------------------------------    -------------------
                                                      0.000     0.000 r  s_axi_wdata[22] (IN)
                         net (fo=0)                   0.266     0.266    u_axi/s_axi_wdata[22]
    SLICE_X26Y88         FDRE                                         r  u_axi/wdata_q_reg[22]/D
  -------------------------------------------------------------------    -------------------

                         (clock aclk rise edge)       0.000     0.000 r  
                                                      0.000     0.000 r  aclk (IN)
                         net (fo=376, unset)          0.280     0.280    u_axi/aclk
    SLICE_X26Y88         FDRE                                         r  u_axi/wdata_q_reg[22]/C

Slack:                    inf
  Source:                 s_axi_wdata[23]
                            (input port)
  Destination:            u_axi/wdata_q_reg[23]/D
                            (rising edge-triggered cell FDRE clocked by aclk  {rise@0.000ns fall@5.000ns period=10.000ns})
  Path Group:             (none)
  Path Type:              Hold (Min at Fast Process Corner)
  Data Path Delay:        0.266ns  (logic 0.000ns (0.000%)  route 0.266ns (100.000%))
  Logic Levels:           0  
  Clock Path Skew:        0.280ns (DCD - SCD - CPR)
    Destination Clock Delay (DCD):    0.280ns
    Source Clock Delay      (SCD):    0.000ns
    Clock Pessimism Removal (CPR):    -0.000ns

    Location             Delay type                Incr(ns)  Path(ns)    Netlist Resource(s)
  -------------------------------------------------------------------    -------------------
                                                      0.000     0.000 r  s_axi_wdata[23] (IN)
                         net (fo=0)                   0.266     0.266    u_axi/s_axi_wdata[23]
    SLICE_X25Y92         FDRE                                         r  u_axi/wdata_q_reg[23]/D
  -------------------------------------------------------------------    -------------------

                         (clock aclk rise edge)       0.000     0.000 r  
                                                      0.000     0.000 r  aclk (IN)
                         net (fo=376, unset)          0.280     0.280    u_axi/aclk
    SLICE_X25Y92         FDRE                                         r  u_axi/wdata_q_reg[23]/C

Slack:                    inf
  Source:                 s_axi_wdata[24]
                            (input port)
  Destination:            u_axi/wdata_q_reg[24]/D
                            (rising edge-triggered cell FDRE clocked by aclk  {rise@0.000ns fall@5.000ns period=10.000ns})
  Path Group:             (none)
  Path Type:              Hold (Min at Fast Process Corner)
  Data Path Delay:        0.266ns  (logic 0.000ns (0.000%)  route 0.266ns (100.000%))
  Logic Levels:           0  
  Clock Path Skew:        0.280ns (DCD - SCD - CPR)
    Destination Clock Delay (DCD):    0.280ns
    Source Clock Delay      (SCD):    0.000ns
    Clock Pessimism Removal (CPR):    -0.000ns

    Location             Delay type                Incr(ns)  Path(ns)    Netlist Resource(s)
  -------------------------------------------------------------------    -------------------
                                                      0.000     0.000 r  s_axi_wdata[24] (IN)
                         net (fo=0)                   0.266     0.266    u_axi/s_axi_wdata[24]
    SLICE_X25Y92         FDRE                                         r  u_axi/wdata_q_reg[24]/D
  -------------------------------------------------------------------    -------------------

                         (clock aclk rise edge)       0.000     0.000 r  
                                                      0.000     0.000 r  aclk (IN)
                         net (fo=376, unset)          0.280     0.280    u_axi/aclk
    SLICE_X25Y92         FDRE                                         r  u_axi/wdata_q_reg[24]/C

Slack:                    inf
  Source:                 s_axi_wdata[25]
                            (input port)
  Destination:            u_axi/wdata_q_reg[25]/D
                            (rising edge-triggered cell FDRE clocked by aclk  {rise@0.000ns fall@5.000ns period=10.000ns})
  Path Group:             (none)
  Path Type:              Hold (Min at Fast Process Corner)
  Data Path Delay:        0.266ns  (logic 0.000ns (0.000%)  route 0.266ns (100.000%))
  Logic Levels:           0  
  Clock Path Skew:        0.280ns (DCD - SCD - CPR)
    Destination Clock Delay (DCD):    0.280ns
    Source Clock Delay      (SCD):    0.000ns
    Clock Pessimism Removal (CPR):    -0.000ns

    Location             Delay type                Incr(ns)  Path(ns)    Netlist Resource(s)
  -------------------------------------------------------------------    -------------------
                                                      0.000     0.000 r  s_axi_wdata[25] (IN)
                         net (fo=0)                   0.266     0.266    u_axi/s_axi_wdata[25]
    SLICE_X25Y92         FDRE                                         r  u_axi/wdata_q_reg[25]/D
  -------------------------------------------------------------------    -------------------

                         (clock aclk rise edge)       0.000     0.000 r  
                                                      0.000     0.000 r  aclk (IN)
                         net (fo=376, unset)          0.280     0.280    u_axi/aclk
    SLICE_X25Y92         FDRE                                         r  u_axi/wdata_q_reg[25]/C

Slack:                    inf
  Source:                 s_axi_wdata[26]
                            (input port)
  Destination:            u_axi/wdata_q_reg[26]/D
                            (rising edge-triggered cell FDRE clocked by aclk  {rise@0.000ns fall@5.000ns period=10.000ns})
  Path Group:             (none)
  Path Type:              Hold (Min at Fast Process Corner)
  Data Path Delay:        0.266ns  (logic 0.000ns (0.000%)  route 0.266ns (100.000%))
  Logic Levels:           0  
  Clock Path Skew:        0.280ns (DCD - SCD - CPR)
    Destination Clock Delay (DCD):    0.280ns
    Source Clock Delay      (SCD):    0.000ns
    Clock Pessimism Removal (CPR):    -0.000ns

    Location             Delay type                Incr(ns)  Path(ns)    Netlist Resource(s)
  -------------------------------------------------------------------    -------------------
                                                      0.000     0.000 r  s_axi_wdata[26] (IN)
                         net (fo=0)                   0.266     0.266    u_axi/s_axi_wdata[26]
    SLICE_X25Y92         FDRE                                         r  u_axi/wdata_q_reg[26]/D
  -------------------------------------------------------------------    -------------------

                         (clock aclk rise edge)       0.000     0.000 r  
                                                      0.000     0.000 r  aclk (IN)
                         net (fo=376, unset)          0.280     0.280    u_axi/aclk
    SLICE_X25Y92         FDRE                                         r  u_axi/wdata_q_reg[26]/C

Slack:                    inf
  Source:                 s_axi_wdata[27]
                            (input port)
  Destination:            u_axi/wdata_q_reg[27]/D
                            (rising edge-triggered cell FDRE clocked by aclk  {rise@0.000ns fall@5.000ns period=10.000ns})
  Path Group:             (none)
  Path Type:              Hold (Min at Fast Process Corner)
  Data Path Delay:        0.266ns  (logic 0.000ns (0.000%)  route 0.266ns (100.000%))
  Logic Levels:           0  
  Clock Path Skew:        0.280ns (DCD - SCD - CPR)
    Destination Clock Delay (DCD):    0.280ns
    Source Clock Delay      (SCD):    0.000ns
    Clock Pessimism Removal (CPR):    -0.000ns

    Location             Delay type                Incr(ns)  Path(ns)    Netlist Resource(s)
  -------------------------------------------------------------------    -------------------
                                                      0.000     0.000 r  s_axi_wdata[27] (IN)
                         net (fo=0)                   0.266     0.266    u_axi/s_axi_wdata[27]
    SLICE_X27Y92         FDRE                                         r  u_axi/wdata_q_reg[27]/D
  -------------------------------------------------------------------    -------------------

                         (clock aclk rise edge)       0.000     0.000 r  
                                                      0.000     0.000 r  aclk (IN)
                         net (fo=376, unset)          0.280     0.280    u_axi/aclk
    SLICE_X27Y92         FDRE                                         r  u_axi/wdata_q_reg[27]/C





--------------------------------------------------------------------------------------
Path Group:  (none)
From Clock:  
  To Clock:  net_clk

Max Delay          1366 Endpoints
Min Delay          1366 Endpoints
--------------------------------------------------------------------------------------


Max Delay Paths
--------------------------------------------------------------------------------------
Slack:                    inf
  Source:                 net_rst_n
                            (input port)
  Destination:            u_clk/time_ns_reg[28]/R
                            (rising edge-triggered cell FDRE clocked by net_clk  {rise@0.000ns fall@3.200ns period=6.400ns})
  Path Group:             (none)
  Path Type:              Setup (Max at Slow Process Corner)
  Data Path Delay:        2.769ns  (logic 0.043ns (1.553%)  route 2.726ns (98.447%))
  Logic Levels:           1  (LUT1=1)
  Clock Path Skew:        0.510ns (DCD - SCD + CPR)
    Destination Clock Delay (DCD):    0.510ns
    Source Clock Delay      (SCD):    0.000ns
    Clock Pessimism Removal (CPR):    0.000ns
  Clock Uncertainty:      0.025ns  ((TSJ^2 + TIJ^2)^1/2 + DJ) / 2 + PE
    Total System Jitter     (TSJ):    0.050ns
    Total Input Jitter      (TIJ):    0.000ns
    Discrete Jitter          (DJ):    0.000ns
    Phase Error              (PE):    0.000ns

    Location             Delay type                Incr(ns)  Path(ns)    Netlist Resource(s)
  -------------------------------------------------------------------    -------------------
                                                      0.000     0.000 f  net_rst_n (IN)
                         net (fo=252, unset)          0.537     0.537    u_regs/net_rst_n
    SLICE_X12Y76         LUT1 (Prop_lut1_I0_O)        0.043     0.580 r  u_regs/time_sec[47]_i_1/O
                         net (fo=456, routed)         2.189     2.769    u_clk/SR[0]
    SLICE_X22Y90         FDRE                                         r  u_clk/time_ns_reg[28]/R
  -------------------------------------------------------------------    -------------------

                         (clock net_clk rise edge)    0.000     0.000 r  
                                                      0.000     0.000 r  net_clk (IN)
                         net (fo=1291, unset)         0.510     0.510    u_clk/net_clk
    SLICE_X22Y90         FDRE                                         r  u_clk/time_ns_reg[28]/C

Slack:                    inf
  Source:                 net_rst_n
                            (input port)
  Destination:            u_clk/time_ns_reg[30]/R
                            (rising edge-triggered cell FDRE clocked by net_clk  {rise@0.000ns fall@3.200ns period=6.400ns})
  Path Group:             (none)
  Path Type:              Setup (Max at Slow Process Corner)
  Data Path Delay:        2.769ns  (logic 0.043ns (1.553%)  route 2.726ns (98.447%))
  Logic Levels:           1  (LUT1=1)
  Clock Path Skew:        0.510ns (DCD - SCD + CPR)
    Destination Clock Delay (DCD):    0.510ns
    Source Clock Delay      (SCD):    0.000ns
    Clock Pessimism Removal (CPR):    0.000ns
  Clock Uncertainty:      0.025ns  ((TSJ^2 + TIJ^2)^1/2 + DJ) / 2 + PE
    Total System Jitter     (TSJ):    0.050ns
    Total Input Jitter      (TIJ):    0.000ns
    Discrete Jitter          (DJ):    0.000ns
    Phase Error              (PE):    0.000ns

    Location             Delay type                Incr(ns)  Path(ns)    Netlist Resource(s)
  -------------------------------------------------------------------    -------------------
                                                      0.000     0.000 f  net_rst_n (IN)
                         net (fo=252, unset)          0.537     0.537    u_regs/net_rst_n
    SLICE_X12Y76         LUT1 (Prop_lut1_I0_O)        0.043     0.580 r  u_regs/time_sec[47]_i_1/O
                         net (fo=456, routed)         2.189     2.769    u_clk/SR[0]
    SLICE_X22Y90         FDRE                                         r  u_clk/time_ns_reg[30]/R
  -------------------------------------------------------------------    -------------------

                         (clock net_clk rise edge)    0.000     0.000 r  
                                                      0.000     0.000 r  net_clk (IN)
                         net (fo=1291, unset)         0.510     0.510    u_clk/net_clk
    SLICE_X22Y90         FDRE                                         r  u_clk/time_ns_reg[30]/C

Slack:                    inf
  Source:                 net_rst_n
                            (input port)
  Destination:            u_clk/time_ns_reg[31]/R
                            (rising edge-triggered cell FDRE clocked by net_clk  {rise@0.000ns fall@3.200ns period=6.400ns})
  Path Group:             (none)
  Path Type:              Setup (Max at Slow Process Corner)
  Data Path Delay:        2.769ns  (logic 0.043ns (1.553%)  route 2.726ns (98.447%))
  Logic Levels:           1  (LUT1=1)
  Clock Path Skew:        0.510ns (DCD - SCD + CPR)
    Destination Clock Delay (DCD):    0.510ns
    Source Clock Delay      (SCD):    0.000ns
    Clock Pessimism Removal (CPR):    0.000ns
  Clock Uncertainty:      0.025ns  ((TSJ^2 + TIJ^2)^1/2 + DJ) / 2 + PE
    Total System Jitter     (TSJ):    0.050ns
    Total Input Jitter      (TIJ):    0.000ns
    Discrete Jitter          (DJ):    0.000ns
    Phase Error              (PE):    0.000ns

    Location             Delay type                Incr(ns)  Path(ns)    Netlist Resource(s)
  -------------------------------------------------------------------    -------------------
                                                      0.000     0.000 f  net_rst_n (IN)
                         net (fo=252, unset)          0.537     0.537    u_regs/net_rst_n
    SLICE_X12Y76         LUT1 (Prop_lut1_I0_O)        0.043     0.580 r  u_regs/time_sec[47]_i_1/O
                         net (fo=456, routed)         2.189     2.769    u_clk/SR[0]
    SLICE_X22Y90         FDRE                                         r  u_clk/time_ns_reg[31]/R
  -------------------------------------------------------------------    -------------------

                         (clock net_clk rise edge)    0.000     0.000 r  
                                                      0.000     0.000 r  net_clk (IN)
                         net (fo=1291, unset)         0.510     0.510    u_clk/net_clk
    SLICE_X22Y90         FDRE                                         r  u_clk/time_ns_reg[31]/C

Slack:                    inf
  Source:                 net_rst_n
                            (input port)
  Destination:            u_regs/set_ns_reg[27]/R
                            (rising edge-triggered cell FDRE clocked by net_clk  {rise@0.000ns fall@3.200ns period=6.400ns})
  Path Group:             (none)
  Path Type:              Setup (Max at Slow Process Corner)
  Data Path Delay:        2.769ns  (logic 0.043ns (1.553%)  route 2.726ns (98.447%))
  Logic Levels:           1  (LUT1=1)
  Clock Path Skew:        0.510ns (DCD - SCD + CPR)
    Destination Clock Delay (DCD):    0.510ns
    Source Clock Delay      (SCD):    0.000ns
    Clock Pessimism Removal (CPR):    0.000ns
  Clock Uncertainty:      0.025ns  ((TSJ^2 + TIJ^2)^1/2 + DJ) / 2 + PE
    Total System Jitter     (TSJ):    0.050ns
    Total Input Jitter      (TIJ):    0.000ns
    Discrete Jitter          (DJ):    0.000ns
    Phase Error              (PE):    0.000ns

    Location             Delay type                Incr(ns)  Path(ns)    Netlist Resource(s)
  -------------------------------------------------------------------    -------------------
                                                      0.000     0.000 f  net_rst_n (IN)
                         net (fo=252, unset)          0.537     0.537    u_regs/net_rst_n
    SLICE_X12Y76         LUT1 (Prop_lut1_I0_O)        0.043     0.580 r  u_regs/time_sec[47]_i_1/O
                         net (fo=456, routed)         2.189     2.769    u_regs/SR[0]
    SLICE_X23Y90         FDRE                                         r  u_regs/set_ns_reg[27]/R
  -------------------------------------------------------------------    -------------------

                         (clock net_clk rise edge)    0.000     0.000 r  
                                                      0.000     0.000 r  net_clk (IN)
                         net (fo=1291, unset)         0.510     0.510    u_regs/net_clk
    SLICE_X23Y90         FDRE                                         r  u_regs/set_ns_reg[27]/C

Slack:                    inf
  Source:                 net_rst_n
                            (input port)
  Destination:            u_regs/set_ns_reg[28]/R
                            (rising edge-triggered cell FDRE clocked by net_clk  {rise@0.000ns fall@3.200ns period=6.400ns})
  Path Group:             (none)
  Path Type:              Setup (Max at Slow Process Corner)
  Data Path Delay:        2.769ns  (logic 0.043ns (1.553%)  route 2.726ns (98.447%))
  Logic Levels:           1  (LUT1=1)
  Clock Path Skew:        0.510ns (DCD - SCD + CPR)
    Destination Clock Delay (DCD):    0.510ns
    Source Clock Delay      (SCD):    0.000ns
    Clock Pessimism Removal (CPR):    0.000ns
  Clock Uncertainty:      0.025ns  ((TSJ^2 + TIJ^2)^1/2 + DJ) / 2 + PE
    Total System Jitter     (TSJ):    0.050ns
    Total Input Jitter      (TIJ):    0.000ns
    Discrete Jitter          (DJ):    0.000ns
    Phase Error              (PE):    0.000ns

    Location             Delay type                Incr(ns)  Path(ns)    Netlist Resource(s)
  -------------------------------------------------------------------    -------------------
                                                      0.000     0.000 f  net_rst_n (IN)
                         net (fo=252, unset)          0.537     0.537    u_regs/net_rst_n
    SLICE_X12Y76         LUT1 (Prop_lut1_I0_O)        0.043     0.580 r  u_regs/time_sec[47]_i_1/O
                         net (fo=456, routed)         2.189     2.769    u_regs/SR[0]
    SLICE_X23Y90         FDRE                                         r  u_regs/set_ns_reg[28]/R
  -------------------------------------------------------------------    -------------------

                         (clock net_clk rise edge)    0.000     0.000 r  
                                                      0.000     0.000 r  net_clk (IN)
                         net (fo=1291, unset)         0.510     0.510    u_regs/net_clk
    SLICE_X23Y90         FDRE                                         r  u_regs/set_ns_reg[28]/C

Slack:                    inf
  Source:                 net_rst_n
                            (input port)
  Destination:            u_regs/set_ns_reg[30]/R
                            (rising edge-triggered cell FDRE clocked by net_clk  {rise@0.000ns fall@3.200ns period=6.400ns})
  Path Group:             (none)
  Path Type:              Setup (Max at Slow Process Corner)
  Data Path Delay:        2.769ns  (logic 0.043ns (1.553%)  route 2.726ns (98.447%))
  Logic Levels:           1  (LUT1=1)
  Clock Path Skew:        0.510ns (DCD - SCD + CPR)
    Destination Clock Delay (DCD):    0.510ns
    Source Clock Delay      (SCD):    0.000ns
    Clock Pessimism Removal (CPR):    0.000ns
  Clock Uncertainty:      0.025ns  ((TSJ^2 + TIJ^2)^1/2 + DJ) / 2 + PE
    Total System Jitter     (TSJ):    0.050ns
    Total Input Jitter      (TIJ):    0.000ns
    Discrete Jitter          (DJ):    0.000ns
    Phase Error              (PE):    0.000ns

    Location             Delay type                Incr(ns)  Path(ns)    Netlist Resource(s)
  -------------------------------------------------------------------    -------------------
                                                      0.000     0.000 f  net_rst_n (IN)
                         net (fo=252, unset)          0.537     0.537    u_regs/net_rst_n
    SLICE_X12Y76         LUT1 (Prop_lut1_I0_O)        0.043     0.580 r  u_regs/time_sec[47]_i_1/O
                         net (fo=456, routed)         2.189     2.769    u_regs/SR[0]
    SLICE_X23Y90         FDRE                                         r  u_regs/set_ns_reg[30]/R
  -------------------------------------------------------------------    -------------------

                         (clock net_clk rise edge)    0.000     0.000 r  
                                                      0.000     0.000 r  net_clk (IN)
                         net (fo=1291, unset)         0.510     0.510    u_regs/net_clk
    SLICE_X23Y90         FDRE                                         r  u_regs/set_ns_reg[30]/C

Slack:                    inf
  Source:                 net_rst_n
                            (input port)
  Destination:            u_regs/set_ns_reg[21]/R
                            (rising edge-triggered cell FDRE clocked by net_clk  {rise@0.000ns fall@3.200ns period=6.400ns})
  Path Group:             (none)
  Path Type:              Setup (Max at Slow Process Corner)
  Data Path Delay:        2.673ns  (logic 0.043ns (1.609%)  route 2.630ns (98.391%))
  Logic Levels:           1  (LUT1=1)
  Clock Path Skew:        0.510ns (DCD - SCD + CPR)
    Destination Clock Delay (DCD):    0.510ns
    Source Clock Delay      (SCD):    0.000ns
    Clock Pessimism Removal (CPR):    0.000ns
  Clock Uncertainty:      0.025ns  ((TSJ^2 + TIJ^2)^1/2 + DJ) / 2 + PE
    Total System Jitter     (TSJ):    0.050ns
    Total Input Jitter      (TIJ):    0.000ns
    Discrete Jitter          (DJ):    0.000ns
    Phase Error              (PE):    0.000ns

    Location             Delay type                Incr(ns)  Path(ns)    Netlist Resource(s)
  -------------------------------------------------------------------    -------------------
                                                      0.000     0.000 f  net_rst_n (IN)
                         net (fo=252, unset)          0.537     0.537    u_regs/net_rst_n
    SLICE_X12Y76         LUT1 (Prop_lut1_I0_O)        0.043     0.580 r  u_regs/time_sec[47]_i_1/O
                         net (fo=456, routed)         2.093     2.673    u_regs/SR[0]
    SLICE_X23Y88         FDRE                                         r  u_regs/set_ns_reg[21]/R
  -------------------------------------------------------------------    -------------------

                         (clock net_clk rise edge)    0.000     0.000 r  
                                                      0.000     0.000 r  net_clk (IN)
                         net (fo=1291, unset)         0.510     0.510    u_regs/net_clk
    SLICE_X23Y88         FDRE                                         r  u_regs/set_ns_reg[21]/C

Slack:                    inf
  Source:                 net_rst_n
                            (input port)
  Destination:            u_regs/set_ns_reg[22]/R
                            (rising edge-triggered cell FDRE clocked by net_clk  {rise@0.000ns fall@3.200ns period=6.400ns})
  Path Group:             (none)
  Path Type:              Setup (Max at Slow Process Corner)
  Data Path Delay:        2.673ns  (logic 0.043ns (1.609%)  route 2.630ns (98.391%))
  Logic Levels:           1  (LUT1=1)
  Clock Path Skew:        0.510ns (DCD - SCD + CPR)
    Destination Clock Delay (DCD):    0.510ns
    Source Clock Delay      (SCD):    0.000ns
    Clock Pessimism Removal (CPR):    0.000ns
  Clock Uncertainty:      0.025ns  ((TSJ^2 + TIJ^2)^1/2 + DJ) / 2 + PE
    Total System Jitter     (TSJ):    0.050ns
    Total Input Jitter      (TIJ):    0.000ns
    Discrete Jitter          (DJ):    0.000ns
    Phase Error              (PE):    0.000ns

    Location             Delay type                Incr(ns)  Path(ns)    Netlist Resource(s)
  -------------------------------------------------------------------    -------------------
                                                      0.000     0.000 f  net_rst_n (IN)
                         net (fo=252, unset)          0.537     0.537    u_regs/net_rst_n
    SLICE_X12Y76         LUT1 (Prop_lut1_I0_O)        0.043     0.580 r  u_regs/time_sec[47]_i_1/O
                         net (fo=456, routed)         2.093     2.673    u_regs/SR[0]
    SLICE_X23Y88         FDRE                                         r  u_regs/set_ns_reg[22]/R
  -------------------------------------------------------------------    -------------------

                         (clock net_clk rise edge)    0.000     0.000 r  
                                                      0.000     0.000 r  net_clk (IN)
                         net (fo=1291, unset)         0.510     0.510    u_regs/net_clk
    SLICE_X23Y88         FDRE                                         r  u_regs/set_ns_reg[22]/C

Slack:                    inf
  Source:                 net_rst_n
                            (input port)
  Destination:            u_regs/set_ns_reg[23]/R
                            (rising edge-triggered cell FDRE clocked by net_clk  {rise@0.000ns fall@3.200ns period=6.400ns})
  Path Group:             (none)
  Path Type:              Setup (Max at Slow Process Corner)
  Data Path Delay:        2.673ns  (logic 0.043ns (1.609%)  route 2.630ns (98.391%))
  Logic Levels:           1  (LUT1=1)
  Clock Path Skew:        0.510ns (DCD - SCD + CPR)
    Destination Clock Delay (DCD):    0.510ns
    Source Clock Delay      (SCD):    0.000ns
    Clock Pessimism Removal (CPR):    0.000ns
  Clock Uncertainty:      0.025ns  ((TSJ^2 + TIJ^2)^1/2 + DJ) / 2 + PE
    Total System Jitter     (TSJ):    0.050ns
    Total Input Jitter      (TIJ):    0.000ns
    Discrete Jitter          (DJ):    0.000ns
    Phase Error              (PE):    0.000ns

    Location             Delay type                Incr(ns)  Path(ns)    Netlist Resource(s)
  -------------------------------------------------------------------    -------------------
                                                      0.000     0.000 f  net_rst_n (IN)
                         net (fo=252, unset)          0.537     0.537    u_regs/net_rst_n
    SLICE_X12Y76         LUT1 (Prop_lut1_I0_O)        0.043     0.580 r  u_regs/time_sec[47]_i_1/O
                         net (fo=456, routed)         2.093     2.673    u_regs/SR[0]
    SLICE_X23Y88         FDRE                                         r  u_regs/set_ns_reg[23]/R
  -------------------------------------------------------------------    -------------------

                         (clock net_clk rise edge)    0.000     0.000 r  
                                                      0.000     0.000 r  net_clk (IN)
                         net (fo=1291, unset)         0.510     0.510    u_regs/net_clk
    SLICE_X23Y88         FDRE                                         r  u_regs/set_ns_reg[23]/C

Slack:                    inf
  Source:                 net_rst_n
                            (input port)
  Destination:            u_regs/set_ns_reg[24]/R
                            (rising edge-triggered cell FDRE clocked by net_clk  {rise@0.000ns fall@3.200ns period=6.400ns})
  Path Group:             (none)
  Path Type:              Setup (Max at Slow Process Corner)
  Data Path Delay:        2.673ns  (logic 0.043ns (1.609%)  route 2.630ns (98.391%))
  Logic Levels:           1  (LUT1=1)
  Clock Path Skew:        0.510ns (DCD - SCD + CPR)
    Destination Clock Delay (DCD):    0.510ns
    Source Clock Delay      (SCD):    0.000ns
    Clock Pessimism Removal (CPR):    0.000ns
  Clock Uncertainty:      0.025ns  ((TSJ^2 + TIJ^2)^1/2 + DJ) / 2 + PE
    Total System Jitter     (TSJ):    0.050ns
    Total Input Jitter      (TIJ):    0.000ns
    Discrete Jitter          (DJ):    0.000ns
    Phase Error              (PE):    0.000ns

    Location             Delay type                Incr(ns)  Path(ns)    Netlist Resource(s)
  -------------------------------------------------------------------    -------------------
                                                      0.000     0.000 f  net_rst_n (IN)
                         net (fo=252, unset)          0.537     0.537    u_regs/net_rst_n
    SLICE_X12Y76         LUT1 (Prop_lut1_I0_O)        0.043     0.580 r  u_regs/time_sec[47]_i_1/O
                         net (fo=456, routed)         2.093     2.673    u_regs/SR[0]
    SLICE_X23Y88         FDRE                                         r  u_regs/set_ns_reg[24]/R
  -------------------------------------------------------------------    -------------------

                         (clock net_clk rise edge)    0.000     0.000 r  
                                                      0.000     0.000 r  net_clk (IN)
                         net (fo=1291, unset)         0.510     0.510    u_regs/net_clk
    SLICE_X23Y88         FDRE                                         r  u_regs/set_ns_reg[24]/C

Slack:                    inf
  Source:                 net_rst_n
                            (input port)
  Destination:            u_snap/snap_reg[15]/R
                            (rising edge-triggered cell FDRE clocked by net_clk  {rise@0.000ns fall@3.200ns period=6.400ns})
  Path Group:             (none)
  Path Type:              Setup (Max at Slow Process Corner)
  Data Path Delay:        2.673ns  (logic 0.043ns (1.609%)  route 2.630ns (98.391%))
  Logic Levels:           1  (LUT1=1)
  Clock Path Skew:        0.510ns (DCD - SCD + CPR)
    Destination Clock Delay (DCD):    0.510ns
    Source Clock Delay      (SCD):    0.000ns
    Clock Pessimism Removal (CPR):    0.000ns
  Clock Uncertainty:      0.025ns  ((TSJ^2 + TIJ^2)^1/2 + DJ) / 2 + PE
    Total System Jitter     (TSJ):    0.050ns
    Total Input Jitter      (TIJ):    0.000ns
    Discrete Jitter          (DJ):    0.000ns
    Phase Error              (PE):    0.000ns

    Location             Delay type                Incr(ns)  Path(ns)    Netlist Resource(s)
  -------------------------------------------------------------------    -------------------
                                                      0.000     0.000 f  net_rst_n (IN)
                         net (fo=252, unset)          0.537     0.537    u_regs/net_rst_n
    SLICE_X12Y76         LUT1 (Prop_lut1_I0_O)        0.043     0.580 r  u_regs/time_sec[47]_i_1/O
                         net (fo=456, routed)         2.093     2.673    u_snap/SR[0]
    SLICE_X22Y88         FDRE                                         r  u_snap/snap_reg[15]/R
  -------------------------------------------------------------------    -------------------

                         (clock net_clk rise edge)    0.000     0.000 r  
                                                      0.000     0.000 r  net_clk (IN)
                         net (fo=1291, unset)         0.510     0.510    u_snap/net_clk
    SLICE_X22Y88         FDRE                                         r  u_snap/snap_reg[15]/C

Slack:                    inf
  Source:                 net_rst_n
                            (input port)
  Destination:            u_snap/snap_reg[28]/R
                            (rising edge-triggered cell FDRE clocked by net_clk  {rise@0.000ns fall@3.200ns period=6.400ns})
  Path Group:             (none)
  Path Type:              Setup (Max at Slow Process Corner)
  Data Path Delay:        2.673ns  (logic 0.043ns (1.609%)  route 2.630ns (98.391%))
  Logic Levels:           1  (LUT1=1)
  Clock Path Skew:        0.510ns (DCD - SCD + CPR)
    Destination Clock Delay (DCD):    0.510ns
    Source Clock Delay      (SCD):    0.000ns
    Clock Pessimism Removal (CPR):    0.000ns
  Clock Uncertainty:      0.025ns  ((TSJ^2 + TIJ^2)^1/2 + DJ) / 2 + PE
    Total System Jitter     (TSJ):    0.050ns
    Total Input Jitter      (TIJ):    0.000ns
    Discrete Jitter          (DJ):    0.000ns
    Phase Error              (PE):    0.000ns

    Location             Delay type                Incr(ns)  Path(ns)    Netlist Resource(s)
  -------------------------------------------------------------------    -------------------
                                                      0.000     0.000 f  net_rst_n (IN)
                         net (fo=252, unset)          0.537     0.537    u_regs/net_rst_n
    SLICE_X12Y76         LUT1 (Prop_lut1_I0_O)        0.043     0.580 r  u_regs/time_sec[47]_i_1/O
                         net (fo=456, routed)         2.093     2.673    u_snap/SR[0]
    SLICE_X22Y88         FDRE                                         r  u_snap/snap_reg[28]/R
  -------------------------------------------------------------------    -------------------

                         (clock net_clk rise edge)    0.000     0.000 r  
                                                      0.000     0.000 r  net_clk (IN)
                         net (fo=1291, unset)         0.510     0.510    u_snap/net_clk
    SLICE_X22Y88         FDRE                                         r  u_snap/snap_reg[28]/C

Slack:                    inf
  Source:                 net_rst_n
                            (input port)
  Destination:            u_snap/snap_reg[30]/R
                            (rising edge-triggered cell FDRE clocked by net_clk  {rise@0.000ns fall@3.200ns period=6.400ns})
  Path Group:             (none)
  Path Type:              Setup (Max at Slow Process Corner)
  Data Path Delay:        2.673ns  (logic 0.043ns (1.609%)  route 2.630ns (98.391%))
  Logic Levels:           1  (LUT1=1)
  Clock Path Skew:        0.510ns (DCD - SCD + CPR)
    Destination Clock Delay (DCD):    0.510ns
    Source Clock Delay      (SCD):    0.000ns
    Clock Pessimism Removal (CPR):    0.000ns
  Clock Uncertainty:      0.025ns  ((TSJ^2 + TIJ^2)^1/2 + DJ) / 2 + PE
    Total System Jitter     (TSJ):    0.050ns
    Total Input Jitter      (TIJ):    0.000ns
    Discrete Jitter          (DJ):    0.000ns
    Phase Error              (PE):    0.000ns

    Location             Delay type                Incr(ns)  Path(ns)    Netlist Resource(s)
  -------------------------------------------------------------------    -------------------
                                                      0.000     0.000 f  net_rst_n (IN)
                         net (fo=252, unset)          0.537     0.537    u_regs/net_rst_n
    SLICE_X12Y76         LUT1 (Prop_lut1_I0_O)        0.043     0.580 r  u_regs/time_sec[47]_i_1/O
                         net (fo=456, routed)         2.093     2.673    u_snap/SR[0]
    SLICE_X22Y88         FDRE                                         r  u_snap/snap_reg[30]/R
  -------------------------------------------------------------------    -------------------

                         (clock net_clk rise edge)    0.000     0.000 r  
                                                      0.000     0.000 r  net_clk (IN)
                         net (fo=1291, unset)         0.510     0.510    u_snap/net_clk
    SLICE_X22Y88         FDRE                                         r  u_snap/snap_reg[30]/C

Slack:                    inf
  Source:                 net_rst_n
                            (input port)
  Destination:            u_snap/snap_reg[60]/R
                            (rising edge-triggered cell FDRE clocked by net_clk  {rise@0.000ns fall@3.200ns period=6.400ns})
  Path Group:             (none)
  Path Type:              Setup (Max at Slow Process Corner)
  Data Path Delay:        2.673ns  (logic 0.043ns (1.609%)  route 2.630ns (98.391%))
  Logic Levels:           1  (LUT1=1)
  Clock Path Skew:        0.510ns (DCD - SCD + CPR)
    Destination Clock Delay (DCD):    0.510ns
    Source Clock Delay      (SCD):    0.000ns
    Clock Pessimism Removal (CPR):    0.000ns
  Clock Uncertainty:      0.025ns  ((TSJ^2 + TIJ^2)^1/2 + DJ) / 2 + PE
    Total System Jitter     (TSJ):    0.050ns
    Total Input Jitter      (TIJ):    0.000ns
    Discrete Jitter          (DJ):    0.000ns
    Phase Error              (PE):    0.000ns

    Location             Delay type                Incr(ns)  Path(ns)    Netlist Resource(s)
  -------------------------------------------------------------------    -------------------
                                                      0.000     0.000 f  net_rst_n (IN)
                         net (fo=252, unset)          0.537     0.537    u_regs/net_rst_n
    SLICE_X12Y76         LUT1 (Prop_lut1_I0_O)        0.043     0.580 r  u_regs/time_sec[47]_i_1/O
                         net (fo=456, routed)         2.093     2.673    u_snap/SR[0]
    SLICE_X22Y88         FDRE                                         r  u_snap/snap_reg[60]/R
  -------------------------------------------------------------------    -------------------

                         (clock net_clk rise edge)    0.000     0.000 r  
                                                      0.000     0.000 r  net_clk (IN)
                         net (fo=1291, unset)         0.510     0.510    u_snap/net_clk
    SLICE_X22Y88         FDRE                                         r  u_snap/snap_reg[60]/C

Slack:                    inf
  Source:                 net_rst_n
                            (input port)
  Destination:            u_snap/snap_reg[31]/R
                            (rising edge-triggered cell FDRE clocked by net_clk  {rise@0.000ns fall@3.200ns period=6.400ns})
  Path Group:             (none)
  Path Type:              Setup (Max at Slow Process Corner)
  Data Path Delay:        2.630ns  (logic 0.043ns (1.635%)  route 2.587ns (98.365%))
  Logic Levels:           1  (LUT1=1)
  Clock Path Skew:        0.510ns (DCD - SCD + CPR)
    Destination Clock Delay (DCD):    0.510ns
    Source Clock Delay      (SCD):    0.000ns
    Clock Pessimism Removal (CPR):    0.000ns
  Clock Uncertainty:      0.025ns  ((TSJ^2 + TIJ^2)^1/2 + DJ) / 2 + PE
    Total System Jitter     (TSJ):    0.050ns
    Total Input Jitter      (TIJ):    0.000ns
    Discrete Jitter          (DJ):    0.000ns
    Phase Error              (PE):    0.000ns

    Location             Delay type                Incr(ns)  Path(ns)    Netlist Resource(s)
  -------------------------------------------------------------------    -------------------
                                                      0.000     0.000 f  net_rst_n (IN)
                         net (fo=252, unset)          0.537     0.537    u_regs/net_rst_n
    SLICE_X12Y76         LUT1 (Prop_lut1_I0_O)        0.043     0.580 r  u_regs/time_sec[47]_i_1/O
                         net (fo=456, routed)         2.050     2.630    u_snap/SR[0]
    SLICE_X5Y91          FDRE                                         r  u_snap/snap_reg[31]/R
  -------------------------------------------------------------------    -------------------

                         (clock net_clk rise edge)    0.000     0.000 r  
                                                      0.000     0.000 r  net_clk (IN)
                         net (fo=1291, unset)         0.510     0.510    u_snap/net_clk
    SLICE_X5Y91          FDRE                                         r  u_snap/snap_reg[31]/C

Slack:                    inf
  Source:                 net_rst_n
                            (input port)
  Destination:            u_snap/snap_reg[57]/R
                            (rising edge-triggered cell FDRE clocked by net_clk  {rise@0.000ns fall@3.200ns period=6.400ns})
  Path Group:             (none)
  Path Type:              Setup (Max at Slow Process Corner)
  Data Path Delay:        2.630ns  (logic 0.043ns (1.635%)  route 2.587ns (98.365%))
  Logic Levels:           1  (LUT1=1)
  Clock Path Skew:        0.510ns (DCD - SCD + CPR)
    Destination Clock Delay (DCD):    0.510ns
    Source Clock Delay      (SCD):    0.000ns
    Clock Pessimism Removal (CPR):    0.000ns
  Clock Uncertainty:      0.025ns  ((TSJ^2 + TIJ^2)^1/2 + DJ) / 2 + PE
    Total System Jitter     (TSJ):    0.050ns
    Total Input Jitter      (TIJ):    0.000ns
    Discrete Jitter          (DJ):    0.000ns
    Phase Error              (PE):    0.000ns

    Location             Delay type                Incr(ns)  Path(ns)    Netlist Resource(s)
  -------------------------------------------------------------------    -------------------
                                                      0.000     0.000 f  net_rst_n (IN)
                         net (fo=252, unset)          0.537     0.537    u_regs/net_rst_n
    SLICE_X12Y76         LUT1 (Prop_lut1_I0_O)        0.043     0.580 r  u_regs/time_sec[47]_i_1/O
                         net (fo=456, routed)         2.050     2.630    u_snap/SR[0]
    SLICE_X5Y91          FDRE                                         r  u_snap/snap_reg[57]/R
  -------------------------------------------------------------------    -------------------

                         (clock net_clk rise edge)    0.000     0.000 r  
                                                      0.000     0.000 r  net_clk (IN)
                         net (fo=1291, unset)         0.510     0.510    u_snap/net_clk
    SLICE_X5Y91          FDRE                                         r  u_snap/snap_reg[57]/C

Slack:                    inf
  Source:                 net_rst_n
                            (input port)
  Destination:            u_clk/time_ns_reg[25]/R
                            (rising edge-triggered cell FDRE clocked by net_clk  {rise@0.000ns fall@3.200ns period=6.400ns})
  Path Group:             (none)
  Path Type:              Setup (Max at Slow Process Corner)
  Data Path Delay:        2.627ns  (logic 0.043ns (1.637%)  route 2.584ns (98.363%))
  Logic Levels:           1  (LUT1=1)
  Clock Path Skew:        0.510ns (DCD - SCD + CPR)
    Destination Clock Delay (DCD):    0.510ns
    Source Clock Delay      (SCD):    0.000ns
    Clock Pessimism Removal (CPR):    0.000ns
  Clock Uncertainty:      0.025ns  ((TSJ^2 + TIJ^2)^1/2 + DJ) / 2 + PE
    Total System Jitter     (TSJ):    0.050ns
    Total Input Jitter      (TIJ):    0.000ns
    Discrete Jitter          (DJ):    0.000ns
    Phase Error              (PE):    0.000ns

    Location             Delay type                Incr(ns)  Path(ns)    Netlist Resource(s)
  -------------------------------------------------------------------    -------------------
                                                      0.000     0.000 f  net_rst_n (IN)
                         net (fo=252, unset)          0.537     0.537    u_regs/net_rst_n
    SLICE_X12Y76         LUT1 (Prop_lut1_I0_O)        0.043     0.580 r  u_regs/time_sec[47]_i_1/O
                         net (fo=456, routed)         2.047     2.627    u_clk/SR[0]
    SLICE_X25Y89         FDRE                                         r  u_clk/time_ns_reg[25]/R
  -------------------------------------------------------------------    -------------------

                         (clock net_clk rise edge)    0.000     0.000 r  
                                                      0.000     0.000 r  net_clk (IN)
                         net (fo=1291, unset)         0.510     0.510    u_clk/net_clk
    SLICE_X25Y89         FDRE                                         r  u_clk/time_ns_reg[25]/C

Slack:                    inf
  Source:                 net_rst_n
                            (input port)
  Destination:            u_clk/time_ns_reg[26]/R
                            (rising edge-triggered cell FDRE clocked by net_clk  {rise@0.000ns fall@3.200ns period=6.400ns})
  Path Group:             (none)
  Path Type:              Setup (Max at Slow Process Corner)
  Data Path Delay:        2.627ns  (logic 0.043ns (1.637%)  route 2.584ns (98.363%))
  Logic Levels:           1  (LUT1=1)
  Clock Path Skew:        0.510ns (DCD - SCD + CPR)
    Destination Clock Delay (DCD):    0.510ns
    Source Clock Delay      (SCD):    0.000ns
    Clock Pessimism Removal (CPR):    0.000ns
  Clock Uncertainty:      0.025ns  ((TSJ^2 + TIJ^2)^1/2 + DJ) / 2 + PE
    Total System Jitter     (TSJ):    0.050ns
    Total Input Jitter      (TIJ):    0.000ns
    Discrete Jitter          (DJ):    0.000ns
    Phase Error              (PE):    0.000ns

    Location             Delay type                Incr(ns)  Path(ns)    Netlist Resource(s)
  -------------------------------------------------------------------    -------------------
                                                      0.000     0.000 f  net_rst_n (IN)
                         net (fo=252, unset)          0.537     0.537    u_regs/net_rst_n
    SLICE_X12Y76         LUT1 (Prop_lut1_I0_O)        0.043     0.580 r  u_regs/time_sec[47]_i_1/O
                         net (fo=456, routed)         2.047     2.627    u_clk/SR[0]
    SLICE_X25Y89         FDRE                                         r  u_clk/time_ns_reg[26]/R
  -------------------------------------------------------------------    -------------------

                         (clock net_clk rise edge)    0.000     0.000 r  
                                                      0.000     0.000 r  net_clk (IN)
                         net (fo=1291, unset)         0.510     0.510    u_clk/net_clk
    SLICE_X25Y89         FDRE                                         r  u_clk/time_ns_reg[26]/C

Slack:                    inf
  Source:                 net_rst_n
                            (input port)
  Destination:            u_clk/time_ns_reg[27]/R
                            (rising edge-triggered cell FDRE clocked by net_clk  {rise@0.000ns fall@3.200ns period=6.400ns})
  Path Group:             (none)
  Path Type:              Setup (Max at Slow Process Corner)
  Data Path Delay:        2.627ns  (logic 0.043ns (1.637%)  route 2.584ns (98.363%))
  Logic Levels:           1  (LUT1=1)
  Clock Path Skew:        0.510ns (DCD - SCD + CPR)
    Destination Clock Delay (DCD):    0.510ns
    Source Clock Delay      (SCD):    0.000ns
    Clock Pessimism Removal (CPR):    0.000ns
  Clock Uncertainty:      0.025ns  ((TSJ^2 + TIJ^2)^1/2 + DJ) / 2 + PE
    Total System Jitter     (TSJ):    0.050ns
    Total Input Jitter      (TIJ):    0.000ns
    Discrete Jitter          (DJ):    0.000ns
    Phase Error              (PE):    0.000ns

    Location             Delay type                Incr(ns)  Path(ns)    Netlist Resource(s)
  -------------------------------------------------------------------    -------------------
                                                      0.000     0.000 f  net_rst_n (IN)
                         net (fo=252, unset)          0.537     0.537    u_regs/net_rst_n
    SLICE_X12Y76         LUT1 (Prop_lut1_I0_O)        0.043     0.580 r  u_regs/time_sec[47]_i_1/O
                         net (fo=456, routed)         2.047     2.627    u_clk/SR[0]
    SLICE_X25Y89         FDRE                                         r  u_clk/time_ns_reg[27]/R
  -------------------------------------------------------------------    -------------------

                         (clock net_clk rise edge)    0.000     0.000 r  
                                                      0.000     0.000 r  net_clk (IN)
                         net (fo=1291, unset)         0.510     0.510    u_clk/net_clk
    SLICE_X25Y89         FDRE                                         r  u_clk/time_ns_reg[27]/C

Slack:                    inf
  Source:                 net_rst_n
                            (input port)
  Destination:            u_clk/time_ns_reg[21]/R
                            (rising edge-triggered cell FDRE clocked by net_clk  {rise@0.000ns fall@3.200ns period=6.400ns})
  Path Group:             (none)
  Path Type:              Setup (Max at Slow Process Corner)
  Data Path Delay:        2.449ns  (logic 0.043ns (1.756%)  route 2.406ns (98.244%))
  Logic Levels:           1  (LUT1=1)
  Clock Path Skew:        0.510ns (DCD - SCD + CPR)
    Destination Clock Delay (DCD):    0.510ns
    Source Clock Delay      (SCD):    0.000ns
    Clock Pessimism Removal (CPR):    0.000ns
  Clock Uncertainty:      0.025ns  ((TSJ^2 + TIJ^2)^1/2 + DJ) / 2 + PE
    Total System Jitter     (TSJ):    0.050ns
    Total Input Jitter      (TIJ):    0.000ns
    Discrete Jitter          (DJ):    0.000ns
    Phase Error              (PE):    0.000ns

    Location             Delay type                Incr(ns)  Path(ns)    Netlist Resource(s)
  -------------------------------------------------------------------    -------------------
                                                      0.000     0.000 f  net_rst_n (IN)
                         net (fo=252, unset)          0.537     0.537    u_regs/net_rst_n
    SLICE_X12Y76         LUT1 (Prop_lut1_I0_O)        0.043     0.580 r  u_regs/time_sec[47]_i_1/O
                         net (fo=456, routed)         1.869     2.449    u_clk/SR[0]
    SLICE_X25Y88         FDRE                                         r  u_clk/time_ns_reg[21]/R
  -------------------------------------------------------------------    -------------------

                         (clock net_clk rise edge)    0.000     0.000 r  
                                                      0.000     0.000 r  net_clk (IN)
                         net (fo=1291, unset)         0.510     0.510    u_clk/net_clk
    SLICE_X25Y88         FDRE                                         r  u_clk/time_ns_reg[21]/C





Min Delay Paths
--------------------------------------------------------------------------------------
Slack:                    inf
  Source:                 event_in
                            (input port)
  Destination:            u_cap_in/event_d_reg/D
                            (rising edge-triggered cell FDRE clocked by net_clk  {rise@0.000ns fall@3.200ns period=6.400ns})
  Path Group:             (none)
  Path Type:              Hold (Min at Fast Process Corner)
  Data Path Delay:        0.266ns  (logic 0.000ns (0.000%)  route 0.266ns (100.000%))
  Logic Levels:           0  
  Clock Path Skew:        0.280ns (DCD - SCD - CPR)
    Destination Clock Delay (DCD):    0.280ns
    Source Clock Delay      (SCD):    0.000ns
    Clock Pessimism Removal (CPR):    -0.000ns

    Location             Delay type                Incr(ns)  Path(ns)    Netlist Resource(s)
  -------------------------------------------------------------------    -------------------
                                                      0.000     0.000 r  event_in (IN)
                         net (fo=3, unset)            0.266     0.266    u_cap_in/event_in
    SLICE_X11Y78         FDRE                                         r  u_cap_in/event_d_reg/D
  -------------------------------------------------------------------    -------------------

                         (clock net_clk rise edge)    0.000     0.000 r  
                                                      0.000     0.000 r  net_clk (IN)
                         net (fo=1291, unset)         0.280     0.280    u_cap_in/net_clk
    SLICE_X11Y78         FDRE                                         r  u_cap_in/event_d_reg/C

Slack:                    inf
  Source:                 event_out
                            (input port)
  Destination:            u_cap_out/event_d_reg/D
                            (rising edge-triggered cell FDRE clocked by net_clk  {rise@0.000ns fall@3.200ns period=6.400ns})
  Path Group:             (none)
  Path Type:              Hold (Min at Fast Process Corner)
  Data Path Delay:        0.266ns  (logic 0.000ns (0.000%)  route 0.266ns (100.000%))
  Logic Levels:           0  
  Clock Path Skew:        0.280ns (DCD - SCD - CPR)
    Destination Clock Delay (DCD):    0.280ns
    Source Clock Delay      (SCD):    0.000ns
    Clock Pessimism Removal (CPR):    -0.000ns

    Location             Delay type                Incr(ns)  Path(ns)    Netlist Resource(s)
  -------------------------------------------------------------------    -------------------
                                                      0.000     0.000 r  event_out (IN)
                         net (fo=3, unset)            0.266     0.266    u_cap_out/event_out
    SLICE_X12Y80         FDRE                                         r  u_cap_out/event_d_reg/D
  -------------------------------------------------------------------    -------------------

                         (clock net_clk rise edge)    0.000     0.000 r  
                                                      0.000     0.000 r  net_clk (IN)
                         net (fo=1291, unset)         0.280     0.280    u_cap_out/net_clk
    SLICE_X12Y80         FDRE                                         r  u_cap_out/event_d_reg/C

Slack:                    inf
  Source:                 net_rst_n
                            (input port)
  Destination:            u_hist/last_addr_reg[0]/CE
                            (rising edge-triggered cell FDRE clocked by net_clk  {rise@0.000ns fall@3.200ns period=6.400ns})
  Path Group:             (none)
  Path Type:              Hold (Min at Fast Process Corner)
  Data Path Delay:        0.266ns  (logic 0.000ns (0.000%)  route 0.266ns (100.000%))
  Logic Levels:           0  
  Clock Path Skew:        0.280ns (DCD - SCD - CPR)
    Destination Clock Delay (DCD):    0.280ns
    Source Clock Delay      (SCD):    0.000ns
    Clock Pessimism Removal (CPR):    -0.000ns

    Location             Delay type                Incr(ns)  Path(ns)    Netlist Resource(s)
  -------------------------------------------------------------------    -------------------
                                                      0.000     0.000 r  net_rst_n (IN)
                         net (fo=252, unset)          0.266     0.266    u_hist/net_rst_n
    SLICE_X9Y74          FDRE                                         r  u_hist/last_addr_reg[0]/CE
  -------------------------------------------------------------------    -------------------

                         (clock net_clk rise edge)    0.000     0.000 r  
                                                      0.000     0.000 r  net_clk (IN)
                         net (fo=1291, unset)         0.280     0.280    u_hist/net_clk
    SLICE_X9Y74          FDRE                                         r  u_hist/last_addr_reg[0]/C

Slack:                    inf
  Source:                 net_rst_n
                            (input port)
  Destination:            u_hist/last_addr_reg[1]/CE
                            (rising edge-triggered cell FDRE clocked by net_clk  {rise@0.000ns fall@3.200ns period=6.400ns})
  Path Group:             (none)
  Path Type:              Hold (Min at Fast Process Corner)
  Data Path Delay:        0.266ns  (logic 0.000ns (0.000%)  route 0.266ns (100.000%))
  Logic Levels:           0  
  Clock Path Skew:        0.280ns (DCD - SCD - CPR)
    Destination Clock Delay (DCD):    0.280ns
    Source Clock Delay      (SCD):    0.000ns
    Clock Pessimism Removal (CPR):    -0.000ns

    Location             Delay type                Incr(ns)  Path(ns)    Netlist Resource(s)
  -------------------------------------------------------------------    -------------------
                                                      0.000     0.000 r  net_rst_n (IN)
                         net (fo=252, unset)          0.266     0.266    u_hist/net_rst_n
    SLICE_X9Y74          FDRE                                         r  u_hist/last_addr_reg[1]/CE
  -------------------------------------------------------------------    -------------------

                         (clock net_clk rise edge)    0.000     0.000 r  
                                                      0.000     0.000 r  net_clk (IN)
                         net (fo=1291, unset)         0.280     0.280    u_hist/net_clk
    SLICE_X9Y74          FDRE                                         r  u_hist/last_addr_reg[1]/C

Slack:                    inf
  Source:                 net_rst_n
                            (input port)
  Destination:            u_hist/last_addr_reg[2]/CE
                            (rising edge-triggered cell FDRE clocked by net_clk  {rise@0.000ns fall@3.200ns period=6.400ns})
  Path Group:             (none)
  Path Type:              Hold (Min at Fast Process Corner)
  Data Path Delay:        0.266ns  (logic 0.000ns (0.000%)  route 0.266ns (100.000%))
  Logic Levels:           0  
  Clock Path Skew:        0.280ns (DCD - SCD - CPR)
    Destination Clock Delay (DCD):    0.280ns
    Source Clock Delay      (SCD):    0.000ns
    Clock Pessimism Removal (CPR):    -0.000ns

    Location             Delay type                Incr(ns)  Path(ns)    Netlist Resource(s)
  -------------------------------------------------------------------    -------------------
                                                      0.000     0.000 r  net_rst_n (IN)
                         net (fo=252, unset)          0.266     0.266    u_hist/net_rst_n
    SLICE_X9Y74          FDRE                                         r  u_hist/last_addr_reg[2]/CE
  -------------------------------------------------------------------    -------------------

                         (clock net_clk rise edge)    0.000     0.000 r  
                                                      0.000     0.000 r  net_clk (IN)
                         net (fo=1291, unset)         0.280     0.280    u_hist/net_clk
    SLICE_X9Y74          FDRE                                         r  u_hist/last_addr_reg[2]/C

Slack:                    inf
  Source:                 net_rst_n
                            (input port)
  Destination:            u_hist/last_addr_reg[3]/CE
                            (rising edge-triggered cell FDRE clocked by net_clk  {rise@0.000ns fall@3.200ns period=6.400ns})
  Path Group:             (none)
  Path Type:              Hold (Min at Fast Process Corner)
  Data Path Delay:        0.266ns  (logic 0.000ns (0.000%)  route 0.266ns (100.000%))
  Logic Levels:           0  
  Clock Path Skew:        0.280ns (DCD - SCD - CPR)
    Destination Clock Delay (DCD):    0.280ns
    Source Clock Delay      (SCD):    0.000ns
    Clock Pessimism Removal (CPR):    -0.000ns

    Location             Delay type                Incr(ns)  Path(ns)    Netlist Resource(s)
  -------------------------------------------------------------------    -------------------
                                                      0.000     0.000 r  net_rst_n (IN)
                         net (fo=252, unset)          0.266     0.266    u_hist/net_rst_n
    SLICE_X8Y74          FDRE                                         r  u_hist/last_addr_reg[3]/CE
  -------------------------------------------------------------------    -------------------

                         (clock net_clk rise edge)    0.000     0.000 r  
                                                      0.000     0.000 r  net_clk (IN)
                         net (fo=1291, unset)         0.280     0.280    u_hist/net_clk
    SLICE_X8Y74          FDRE                                         r  u_hist/last_addr_reg[3]/C

Slack:                    inf
  Source:                 net_rst_n
                            (input port)
  Destination:            u_hist/last_addr_reg[4]/CE
                            (rising edge-triggered cell FDRE clocked by net_clk  {rise@0.000ns fall@3.200ns period=6.400ns})
  Path Group:             (none)
  Path Type:              Hold (Min at Fast Process Corner)
  Data Path Delay:        0.266ns  (logic 0.000ns (0.000%)  route 0.266ns (100.000%))
  Logic Levels:           0  
  Clock Path Skew:        0.280ns (DCD - SCD - CPR)
    Destination Clock Delay (DCD):    0.280ns
    Source Clock Delay      (SCD):    0.000ns
    Clock Pessimism Removal (CPR):    -0.000ns

    Location             Delay type                Incr(ns)  Path(ns)    Netlist Resource(s)
  -------------------------------------------------------------------    -------------------
                                                      0.000     0.000 r  net_rst_n (IN)
                         net (fo=252, unset)          0.266     0.266    u_hist/net_rst_n
    SLICE_X8Y74          FDRE                                         r  u_hist/last_addr_reg[4]/CE
  -------------------------------------------------------------------    -------------------

                         (clock net_clk rise edge)    0.000     0.000 r  
                                                      0.000     0.000 r  net_clk (IN)
                         net (fo=1291, unset)         0.280     0.280    u_hist/net_clk
    SLICE_X8Y74          FDRE                                         r  u_hist/last_addr_reg[4]/C

Slack:                    inf
  Source:                 net_rst_n
                            (input port)
  Destination:            u_hist/last_addr_reg[5]/CE
                            (rising edge-triggered cell FDRE clocked by net_clk  {rise@0.000ns fall@3.200ns period=6.400ns})
  Path Group:             (none)
  Path Type:              Hold (Min at Fast Process Corner)
  Data Path Delay:        0.266ns  (logic 0.000ns (0.000%)  route 0.266ns (100.000%))
  Logic Levels:           0  
  Clock Path Skew:        0.280ns (DCD - SCD - CPR)
    Destination Clock Delay (DCD):    0.280ns
    Source Clock Delay      (SCD):    0.000ns
    Clock Pessimism Removal (CPR):    -0.000ns

    Location             Delay type                Incr(ns)  Path(ns)    Netlist Resource(s)
  -------------------------------------------------------------------    -------------------
                                                      0.000     0.000 r  net_rst_n (IN)
                         net (fo=252, unset)          0.266     0.266    u_hist/net_rst_n
    SLICE_X8Y75          FDRE                                         r  u_hist/last_addr_reg[5]/CE
  -------------------------------------------------------------------    -------------------

                         (clock net_clk rise edge)    0.000     0.000 r  
                                                      0.000     0.000 r  net_clk (IN)
                         net (fo=1291, unset)         0.280     0.280    u_hist/net_clk
    SLICE_X8Y75          FDRE                                         r  u_hist/last_addr_reg[5]/C

Slack:                    inf
  Source:                 net_rst_n
                            (input port)
  Destination:            u_hist/last_addr_reg[6]/CE
                            (rising edge-triggered cell FDRE clocked by net_clk  {rise@0.000ns fall@3.200ns period=6.400ns})
  Path Group:             (none)
  Path Type:              Hold (Min at Fast Process Corner)
  Data Path Delay:        0.266ns  (logic 0.000ns (0.000%)  route 0.266ns (100.000%))
  Logic Levels:           0  
  Clock Path Skew:        0.280ns (DCD - SCD - CPR)
    Destination Clock Delay (DCD):    0.280ns
    Source Clock Delay      (SCD):    0.000ns
    Clock Pessimism Removal (CPR):    -0.000ns

    Location             Delay type                Incr(ns)  Path(ns)    Netlist Resource(s)
  -------------------------------------------------------------------    -------------------
                                                      0.000     0.000 r  net_rst_n (IN)
                         net (fo=252, unset)          0.266     0.266    u_hist/net_rst_n
    SLICE_X9Y74          FDRE                                         r  u_hist/last_addr_reg[6]/CE
  -------------------------------------------------------------------    -------------------

                         (clock net_clk rise edge)    0.000     0.000 r  
                                                      0.000     0.000 r  net_clk (IN)
                         net (fo=1291, unset)         0.280     0.280    u_hist/net_clk
    SLICE_X9Y74          FDRE                                         r  u_hist/last_addr_reg[6]/C

Slack:                    inf
  Source:                 net_rst_n
                            (input port)
  Destination:            u_hist/last_data_reg[0]/CE
                            (rising edge-triggered cell FDRE clocked by net_clk  {rise@0.000ns fall@3.200ns period=6.400ns})
  Path Group:             (none)
  Path Type:              Hold (Min at Fast Process Corner)
  Data Path Delay:        0.266ns  (logic 0.000ns (0.000%)  route 0.266ns (100.000%))
  Logic Levels:           0  
  Clock Path Skew:        0.280ns (DCD - SCD - CPR)
    Destination Clock Delay (DCD):    0.280ns
    Source Clock Delay      (SCD):    0.000ns
    Clock Pessimism Removal (CPR):    -0.000ns

    Location             Delay type                Incr(ns)  Path(ns)    Netlist Resource(s)
  -------------------------------------------------------------------    -------------------
                                                      0.000     0.000 r  net_rst_n (IN)
                         net (fo=252, unset)          0.266     0.266    u_hist/net_rst_n
    SLICE_X4Y71          FDRE                                         r  u_hist/last_data_reg[0]/CE
  -------------------------------------------------------------------    -------------------

                         (clock net_clk rise edge)    0.000     0.000 r  
                                                      0.000     0.000 r  net_clk (IN)
                         net (fo=1291, unset)         0.280     0.280    u_hist/net_clk
    SLICE_X4Y71          FDRE                                         r  u_hist/last_data_reg[0]/C

Slack:                    inf
  Source:                 net_rst_n
                            (input port)
  Destination:            u_hist/last_data_reg[10]/CE
                            (rising edge-triggered cell FDRE clocked by net_clk  {rise@0.000ns fall@3.200ns period=6.400ns})
  Path Group:             (none)
  Path Type:              Hold (Min at Fast Process Corner)
  Data Path Delay:        0.266ns  (logic 0.000ns (0.000%)  route 0.266ns (100.000%))
  Logic Levels:           0  
  Clock Path Skew:        0.280ns (DCD - SCD - CPR)
    Destination Clock Delay (DCD):    0.280ns
    Source Clock Delay      (SCD):    0.000ns
    Clock Pessimism Removal (CPR):    -0.000ns

    Location             Delay type                Incr(ns)  Path(ns)    Netlist Resource(s)
  -------------------------------------------------------------------    -------------------
                                                      0.000     0.000 r  net_rst_n (IN)
                         net (fo=252, unset)          0.266     0.266    u_hist/net_rst_n
    SLICE_X4Y73          FDRE                                         r  u_hist/last_data_reg[10]/CE
  -------------------------------------------------------------------    -------------------

                         (clock net_clk rise edge)    0.000     0.000 r  
                                                      0.000     0.000 r  net_clk (IN)
                         net (fo=1291, unset)         0.280     0.280    u_hist/net_clk
    SLICE_X4Y73          FDRE                                         r  u_hist/last_data_reg[10]/C

Slack:                    inf
  Source:                 net_rst_n
                            (input port)
  Destination:            u_hist/last_data_reg[11]/CE
                            (rising edge-triggered cell FDRE clocked by net_clk  {rise@0.000ns fall@3.200ns period=6.400ns})
  Path Group:             (none)
  Path Type:              Hold (Min at Fast Process Corner)
  Data Path Delay:        0.266ns  (logic 0.000ns (0.000%)  route 0.266ns (100.000%))
  Logic Levels:           0  
  Clock Path Skew:        0.280ns (DCD - SCD - CPR)
    Destination Clock Delay (DCD):    0.280ns
    Source Clock Delay      (SCD):    0.000ns
    Clock Pessimism Removal (CPR):    -0.000ns

    Location             Delay type                Incr(ns)  Path(ns)    Netlist Resource(s)
  -------------------------------------------------------------------    -------------------
                                                      0.000     0.000 r  net_rst_n (IN)
                         net (fo=252, unset)          0.266     0.266    u_hist/net_rst_n
    SLICE_X4Y73          FDRE                                         r  u_hist/last_data_reg[11]/CE
  -------------------------------------------------------------------    -------------------

                         (clock net_clk rise edge)    0.000     0.000 r  
                                                      0.000     0.000 r  net_clk (IN)
                         net (fo=1291, unset)         0.280     0.280    u_hist/net_clk
    SLICE_X4Y73          FDRE                                         r  u_hist/last_data_reg[11]/C

Slack:                    inf
  Source:                 net_rst_n
                            (input port)
  Destination:            u_hist/last_data_reg[12]/CE
                            (rising edge-triggered cell FDRE clocked by net_clk  {rise@0.000ns fall@3.200ns period=6.400ns})
  Path Group:             (none)
  Path Type:              Hold (Min at Fast Process Corner)
  Data Path Delay:        0.266ns  (logic 0.000ns (0.000%)  route 0.266ns (100.000%))
  Logic Levels:           0  
  Clock Path Skew:        0.280ns (DCD - SCD - CPR)
    Destination Clock Delay (DCD):    0.280ns
    Source Clock Delay      (SCD):    0.000ns
    Clock Pessimism Removal (CPR):    -0.000ns

    Location             Delay type                Incr(ns)  Path(ns)    Netlist Resource(s)
  -------------------------------------------------------------------    -------------------
                                                      0.000     0.000 r  net_rst_n (IN)
                         net (fo=252, unset)          0.266     0.266    u_hist/net_rst_n
    SLICE_X4Y74          FDRE                                         r  u_hist/last_data_reg[12]/CE
  -------------------------------------------------------------------    -------------------

                         (clock net_clk rise edge)    0.000     0.000 r  
                                                      0.000     0.000 r  net_clk (IN)
                         net (fo=1291, unset)         0.280     0.280    u_hist/net_clk
    SLICE_X4Y74          FDRE                                         r  u_hist/last_data_reg[12]/C

Slack:                    inf
  Source:                 net_rst_n
                            (input port)
  Destination:            u_hist/last_data_reg[13]/CE
                            (rising edge-triggered cell FDRE clocked by net_clk  {rise@0.000ns fall@3.200ns period=6.400ns})
  Path Group:             (none)
  Path Type:              Hold (Min at Fast Process Corner)
  Data Path Delay:        0.266ns  (logic 0.000ns (0.000%)  route 0.266ns (100.000%))
  Logic Levels:           0  
  Clock Path Skew:        0.280ns (DCD - SCD - CPR)
    Destination Clock Delay (DCD):    0.280ns
    Source Clock Delay      (SCD):    0.000ns
    Clock Pessimism Removal (CPR):    -0.000ns

    Location             Delay type                Incr(ns)  Path(ns)    Netlist Resource(s)
  -------------------------------------------------------------------    -------------------
                                                      0.000     0.000 r  net_rst_n (IN)
                         net (fo=252, unset)          0.266     0.266    u_hist/net_rst_n
    SLICE_X4Y74          FDRE                                         r  u_hist/last_data_reg[13]/CE
  -------------------------------------------------------------------    -------------------

                         (clock net_clk rise edge)    0.000     0.000 r  
                                                      0.000     0.000 r  net_clk (IN)
                         net (fo=1291, unset)         0.280     0.280    u_hist/net_clk
    SLICE_X4Y74          FDRE                                         r  u_hist/last_data_reg[13]/C

Slack:                    inf
  Source:                 net_rst_n
                            (input port)
  Destination:            u_hist/last_data_reg[14]/CE
                            (rising edge-triggered cell FDRE clocked by net_clk  {rise@0.000ns fall@3.200ns period=6.400ns})
  Path Group:             (none)
  Path Type:              Hold (Min at Fast Process Corner)
  Data Path Delay:        0.266ns  (logic 0.000ns (0.000%)  route 0.266ns (100.000%))
  Logic Levels:           0  
  Clock Path Skew:        0.280ns (DCD - SCD - CPR)
    Destination Clock Delay (DCD):    0.280ns
    Source Clock Delay      (SCD):    0.000ns
    Clock Pessimism Removal (CPR):    -0.000ns

    Location             Delay type                Incr(ns)  Path(ns)    Netlist Resource(s)
  -------------------------------------------------------------------    -------------------
                                                      0.000     0.000 r  net_rst_n (IN)
                         net (fo=252, unset)          0.266     0.266    u_hist/net_rst_n
    SLICE_X4Y74          FDRE                                         r  u_hist/last_data_reg[14]/CE
  -------------------------------------------------------------------    -------------------

                         (clock net_clk rise edge)    0.000     0.000 r  
                                                      0.000     0.000 r  net_clk (IN)
                         net (fo=1291, unset)         0.280     0.280    u_hist/net_clk
    SLICE_X4Y74          FDRE                                         r  u_hist/last_data_reg[14]/C

Slack:                    inf
  Source:                 net_rst_n
                            (input port)
  Destination:            u_hist/last_data_reg[15]/CE
                            (rising edge-triggered cell FDRE clocked by net_clk  {rise@0.000ns fall@3.200ns period=6.400ns})
  Path Group:             (none)
  Path Type:              Hold (Min at Fast Process Corner)
  Data Path Delay:        0.266ns  (logic 0.000ns (0.000%)  route 0.266ns (100.000%))
  Logic Levels:           0  
  Clock Path Skew:        0.280ns (DCD - SCD - CPR)
    Destination Clock Delay (DCD):    0.280ns
    Source Clock Delay      (SCD):    0.000ns
    Clock Pessimism Removal (CPR):    -0.000ns

    Location             Delay type                Incr(ns)  Path(ns)    Netlist Resource(s)
  -------------------------------------------------------------------    -------------------
                                                      0.000     0.000 r  net_rst_n (IN)
                         net (fo=252, unset)          0.266     0.266    u_hist/net_rst_n
    SLICE_X4Y74          FDRE                                         r  u_hist/last_data_reg[15]/CE
  -------------------------------------------------------------------    -------------------

                         (clock net_clk rise edge)    0.000     0.000 r  
                                                      0.000     0.000 r  net_clk (IN)
                         net (fo=1291, unset)         0.280     0.280    u_hist/net_clk
    SLICE_X4Y74          FDRE                                         r  u_hist/last_data_reg[15]/C

Slack:                    inf
  Source:                 net_rst_n
                            (input port)
  Destination:            u_hist/last_data_reg[16]/CE
                            (rising edge-triggered cell FDRE clocked by net_clk  {rise@0.000ns fall@3.200ns period=6.400ns})
  Path Group:             (none)
  Path Type:              Hold (Min at Fast Process Corner)
  Data Path Delay:        0.266ns  (logic 0.000ns (0.000%)  route 0.266ns (100.000%))
  Logic Levels:           0  
  Clock Path Skew:        0.280ns (DCD - SCD - CPR)
    Destination Clock Delay (DCD):    0.280ns
    Source Clock Delay      (SCD):    0.000ns
    Clock Pessimism Removal (CPR):    -0.000ns

    Location             Delay type                Incr(ns)  Path(ns)    Netlist Resource(s)
  -------------------------------------------------------------------    -------------------
                                                      0.000     0.000 r  net_rst_n (IN)
                         net (fo=252, unset)          0.266     0.266    u_hist/net_rst_n
    SLICE_X4Y75          FDRE                                         r  u_hist/last_data_reg[16]/CE
  -------------------------------------------------------------------    -------------------

                         (clock net_clk rise edge)    0.000     0.000 r  
                                                      0.000     0.000 r  net_clk (IN)
                         net (fo=1291, unset)         0.280     0.280    u_hist/net_clk
    SLICE_X4Y75          FDRE                                         r  u_hist/last_data_reg[16]/C

Slack:                    inf
  Source:                 net_rst_n
                            (input port)
  Destination:            u_hist/last_data_reg[17]/CE
                            (rising edge-triggered cell FDRE clocked by net_clk  {rise@0.000ns fall@3.200ns period=6.400ns})
  Path Group:             (none)
  Path Type:              Hold (Min at Fast Process Corner)
  Data Path Delay:        0.266ns  (logic 0.000ns (0.000%)  route 0.266ns (100.000%))
  Logic Levels:           0  
  Clock Path Skew:        0.280ns (DCD - SCD - CPR)
    Destination Clock Delay (DCD):    0.280ns
    Source Clock Delay      (SCD):    0.000ns
    Clock Pessimism Removal (CPR):    -0.000ns

    Location             Delay type                Incr(ns)  Path(ns)    Netlist Resource(s)
  -------------------------------------------------------------------    -------------------
                                                      0.000     0.000 r  net_rst_n (IN)
                         net (fo=252, unset)          0.266     0.266    u_hist/net_rst_n
    SLICE_X4Y75          FDRE                                         r  u_hist/last_data_reg[17]/CE
  -------------------------------------------------------------------    -------------------

                         (clock net_clk rise edge)    0.000     0.000 r  
                                                      0.000     0.000 r  net_clk (IN)
                         net (fo=1291, unset)         0.280     0.280    u_hist/net_clk
    SLICE_X4Y75          FDRE                                         r  u_hist/last_data_reg[17]/C

Slack:                    inf
  Source:                 net_rst_n
                            (input port)
  Destination:            u_hist/last_data_reg[18]/CE
                            (rising edge-triggered cell FDRE clocked by net_clk  {rise@0.000ns fall@3.200ns period=6.400ns})
  Path Group:             (none)
  Path Type:              Hold (Min at Fast Process Corner)
  Data Path Delay:        0.266ns  (logic 0.000ns (0.000%)  route 0.266ns (100.000%))
  Logic Levels:           0  
  Clock Path Skew:        0.280ns (DCD - SCD - CPR)
    Destination Clock Delay (DCD):    0.280ns
    Source Clock Delay      (SCD):    0.000ns
    Clock Pessimism Removal (CPR):    -0.000ns

    Location             Delay type                Incr(ns)  Path(ns)    Netlist Resource(s)
  -------------------------------------------------------------------    -------------------
                                                      0.000     0.000 r  net_rst_n (IN)
                         net (fo=252, unset)          0.266     0.266    u_hist/net_rst_n
    SLICE_X4Y75          FDRE                                         r  u_hist/last_data_reg[18]/CE
  -------------------------------------------------------------------    -------------------

                         (clock net_clk rise edge)    0.000     0.000 r  
                                                      0.000     0.000 r  net_clk (IN)
                         net (fo=1291, unset)         0.280     0.280    u_hist/net_clk
    SLICE_X4Y75          FDRE                                         r  u_hist/last_data_reg[18]/C

Slack:                    inf
  Source:                 net_rst_n
                            (input port)
  Destination:            u_hist/last_data_reg[19]/CE
                            (rising edge-triggered cell FDRE clocked by net_clk  {rise@0.000ns fall@3.200ns period=6.400ns})
  Path Group:             (none)
  Path Type:              Hold (Min at Fast Process Corner)
  Data Path Delay:        0.266ns  (logic 0.000ns (0.000%)  route 0.266ns (100.000%))
  Logic Levels:           0  
  Clock Path Skew:        0.280ns (DCD - SCD - CPR)
    Destination Clock Delay (DCD):    0.280ns
    Source Clock Delay      (SCD):    0.000ns
    Clock Pessimism Removal (CPR):    -0.000ns

    Location             Delay type                Incr(ns)  Path(ns)    Netlist Resource(s)
  -------------------------------------------------------------------    -------------------
                                                      0.000     0.000 r  net_rst_n (IN)
                         net (fo=252, unset)          0.266     0.266    u_hist/net_rst_n
    SLICE_X4Y75          FDRE                                         r  u_hist/last_data_reg[19]/CE
  -------------------------------------------------------------------    -------------------

                         (clock net_clk rise edge)    0.000     0.000 r  
                                                      0.000     0.000 r  net_clk (IN)
                         net (fo=1291, unset)         0.280     0.280    u_hist/net_clk
    SLICE_X4Y75          FDRE                                         r  u_hist/last_data_reg[19]/C





